"X","date","swe","snow_depth","precip","airtemp","airtemp_max","airtemp_avg","soilm_p2","soilm_p4","soilm_p8","soilm_p20","soilm_p40","site_code","state","year","doy","month","density_calc","d_soilm_p2","peak_swe","sm_pulse_flag"
1,2015-01-01,22.606,96.52,0,-14.7222222222222,-6.11111111111111,-12.5,10.3,NA,24.3,12,NA,335,"CO",2015,1,1,234.21052631579,0,144,0
2,2015-01-02,22.606,93.98,0,-16.7777777777778,-3.72222222222222,-12.7222222222222,10.4,NA,24.3,11.5,NA,335,"CO",2015,2,1,240.540540540541,0.0999999999999996,144,0
3,2015-01-03,22.606,93.98,0,-13.5,-9.11111111111111,-13.2777777777778,10.3,NA,24.1,10.6,NA,335,"CO",2015,3,1,240.540540540541,-0.0999999999999996,144,0
4,2015-01-04,23.368,106.68,0.508,-17.1111111111111,-7.61111111111111,-11.7222222222222,9.5,NA,24.3,11.4,NA,335,"CO",2015,4,1,219.047619047619,-0.800000000000001,144,0
5,2015-01-05,23.622,101.6,1.016,-12.2222222222222,1.61111111111111,-3.38888888888889,10.1,NA,24,10.6,NA,335,"CO",2015,5,1,232.5,0.6,144,0
6,2015-01-06,23.876,96.52,0.254,-3.72222222222222,3.22222222222222,-2.88888888888889,9.6,NA,24.4,11.4,NA,335,"CO",2015,6,1,247.368421052632,-0.5,144,0
7,2015-01-07,24.13,93.98,0,-4.38888888888889,4.88888888888889,-2.72222222222222,9.7,NA,24.2,11.4,NA,335,"CO",2015,7,1,256.756756756757,0.0999999999999996,144,0
8,2015-01-08,24.13,93.98,0,-0.722222222222223,4.38888888888889,-2.38888888888889,9.1,NA,24.4,11.5,NA,335,"CO",2015,8,1,256.756756756757,-0.6,144,0
9,2015-01-09,24.13,93.98,0,-8.11111111111111,1.11111111111111,-6.11111111111111,9.6,NA,24.4,11.4,NA,335,"CO",2015,9,1,256.756756756757,0.5,144,0
10,2015-01-10,24.13,91.44,0,-9,-0.222222222222221,-6.72222222222222,9.9,NA,24.2,11.1,NA,335,"CO",2015,10,1,263.888888888889,0.300000000000001,144,0
11,2015-01-11,24.13,91.44,0.508,-7.61111111111111,-1.22222222222222,-6.72222222222222,9.5,NA,23.9,10.8,NA,335,"CO",2015,11,1,263.888888888889,-0.4,144,0
12,2015-01-12,24.638,96.52,0,-9.5,-0.88888888888889,-7.77777777777778,9.5,NA,23.9,11.2,NA,335,"CO",2015,12,1,255.263157894737,0,144,0
13,2015-01-13,24.638,93.98,0,-8.72222222222222,-5.27777777777778,-8.5,10,NA,23.7,11,NA,335,"CO",2015,13,1,262.162162162162,0.5,144,0
14,2015-01-14,24.638,91.44,0,-12.3888888888889,0.111111111111113,-9.88888888888889,9.8,NA,24.3,11.9,NA,335,"CO",2015,14,1,269.444444444444,-0.199999999999999,144,0
15,2015-01-15,24.638,91.44,0.254,-12.5,3.77777777777778,-7.61111111111111,9.9,NA,23.8,10.5,NA,335,"CO",2015,15,1,269.444444444444,0.0999999999999996,144,0
16,2015-01-16,24.638,91.44,0,-9.27777777777778,3.22222222222222,-4.11111111111111,10.1,NA,24,11.1,NA,335,"CO",2015,16,1,269.444444444444,0.199999999999999,144,0
17,2015-01-17,24.638,91.44,0.762,-7.77777777777778,-2.38888888888889,-8.22222222222222,9.8,NA,24.2,11.3,NA,335,"CO",2015,17,1,269.444444444444,-0.299999999999999,144,0
18,2015-01-18,25.4,101.6,0,-5.61111111111111,2.88888888888889,-3.77777777777778,10.5,NA,24.1,11.5,NA,335,"CO",2015,18,1,250,0.699999999999999,144,0
19,2015-01-19,25.4,96.52,0.762,-6.38888888888889,2.72222222222222,-4.72222222222222,9.8,NA,24.2,10.4,NA,335,"CO",2015,19,1,263.157894736842,-0.699999999999999,144,0
20,2015-01-20,25.908,104.14,0.508,-9.27777777777778,-3,-11.2777777777778,9.8,NA,23.8,11.3,NA,335,"CO",2015,20,1,248.780487804878,0,144,0
21,2015-01-21,26.924,114.3,0.508,-13.2222222222222,-7.38888888888889,-15.2222222222222,10.2,NA,23.7,11.5,NA,335,"CO",2015,21,1,235.555555555556,0.399999999999999,144,0
22,2015-01-22,27.178,119.38,0,-21.6111111111111,-5.77777777777778,-16.2222222222222,9.8,NA,23.8,11,NA,335,"CO",2015,22,1,227.659574468085,-0.399999999999999,144,0
23,2015-01-23,27.178,109.22,0.254,-16.5,-2.77777777777778,-11.5,10.1,NA,23.7,10.5,NA,335,"CO",2015,23,1,248.837209302326,0.299999999999999,144,0
24,2015-01-24,27.178,109.22,0,-12.1111111111111,-3.61111111111111,-9,10.3,NA,23.9,10.8,NA,335,"CO",2015,24,1,248.837209302326,0.200000000000001,144,0
25,2015-01-25,27.432,109.22,0.762,-7.11111111111111,0.611111111111112,-5.61111111111111,10,NA,23.9,11.3,NA,335,"CO",2015,25,1,251.162790697674,-0.300000000000001,144,0
26,2015-01-26,27.94,109.22,0,-7.11111111111111,10.2222222222222,-0.722222222222223,9.7,NA,23.9,10.7,NA,335,"CO",2015,26,1,255.813953488372,-0.300000000000001,144,0
27,2015-01-27,27.94,104.14,0,-1.27777777777778,10.5,0.388888888888891,10,NA,23.7,11,NA,335,"CO",2015,27,1,268.292682926829,0.300000000000001,144,0
28,2015-01-28,27.94,104.14,0,-5.22222222222222,-1.11111111111111,-5.5,9.7,NA,23.6,10.6,NA,335,"CO",2015,28,1,268.292682926829,-0.300000000000001,144,0
29,2015-01-29,27.94,104.14,0,-7.77777777777778,1.27777777777778,-5.27777777777778,10.6,NA,23.5,10.7,NA,335,"CO",2015,29,1,268.292682926829,0.9,144,0
30,2015-01-30,27.94,104.14,0.254,-6.27777777777778,-2.22222222222222,-5.72222222222222,10.5,NA,23.6,11,NA,335,"CO",2015,30,1,268.292682926829,-0.0999999999999996,144,0
31,2015-01-31,27.94,104.14,0.254,-7.22222222222222,-3.22222222222222,-7.11111111111111,10.7,NA,23.7,10.9,NA,335,"CO",2015,31,1,268.292682926829,0.199999999999999,144,0
32,2015-02-01,28.448,106.68,0,-12.7777777777778,-6,-11.8888888888889,10.7,NA,23.8,10.7,NA,335,"CO",2015,32,2,266.666666666667,0,144,0
33,2015-02-02,28.448,104.14,0.508,-9.27777777777778,-4.22222222222222,-8.27777777777778,10.7,NA,23.7,10.3,NA,335,"CO",2015,33,2,273.170731707317,0,144,0
34,2015-02-03,28.702,109.22,0.508,-6,1.72222222222222,-4.61111111111111,11,NA,23.9,10.7,NA,335,"CO",2015,34,2,262.790697674419,0.300000000000001,144,0
35,2015-02-04,29.21,109.22,2.286,-4.77777777777778,-3.72222222222222,-5.22222222222222,10.9,NA,23.9,10.7,NA,335,"CO",2015,35,2,267.441860465116,-0.0999999999999996,144,0
36,2015-02-05,31.242,137.16,0,-5.72222222222222,4.61111111111111,-2.72222222222222,11.2,NA,23.7,11.1,NA,335,"CO",2015,36,2,227.777777777778,0.299999999999999,144,0
37,2015-02-06,31.242,129.54,0,-1.77777777777778,8,0.111111111111113,10.9,NA,23.8,11,NA,335,"CO",2015,37,2,241.176470588235,-0.299999999999999,144,0
38,2015-02-07,31.242,124.46,0,0,8.38888888888889,-0.222222222222221,10.7,NA,23.7,10.6,NA,335,"CO",2015,38,2,251.020408163265,-0.200000000000001,144,0
39,2015-02-08,31.242,119.38,0,-5.38888888888889,6.5,-1.27777777777778,10.7,NA,24,10.5,NA,335,"CO",2015,39,2,261.702127659575,0,144,0
40,2015-02-09,31.242,119.38,0,-3.88888888888889,8.5,-0.777777777777777,10.9,NA,23.8,11.1,NA,335,"CO",2015,40,2,261.702127659575,0.200000000000001,144,0
41,2015-02-10,31.242,119.38,1.016,-1.77777777777778,1.5,-5.38888888888889,11.4,NA,23.5,10.6,NA,335,"CO",2015,41,2,261.702127659575,0.5,144,0
42,2015-02-11,32.004,119.38,0,-8.27777777777778,2.88888888888889,-6.5,11.2,NA,23.8,10.3,NA,335,"CO",2015,42,2,268.085106382979,-0.200000000000001,144,0
43,2015-02-12,32.004,119.38,0,-10,2.22222222222222,-5.77777777777778,11.3,NA,23.7,11.2,NA,335,"CO",2015,43,2,268.085106382979,0.100000000000001,144,0
44,2015-02-13,32.004,116.84,0,-5.77777777777778,5.61111111111111,-3.38888888888889,11,NA,23.8,10.9,NA,335,"CO",2015,44,2,273.913043478261,-0.300000000000001,144,0
45,2015-02-14,32.004,116.84,0,-6.27777777777778,8.11111111111111,-0.722222222222223,11.8,NA,24,10.8,NA,335,"CO",2015,45,2,273.913043478261,0.800000000000001,144,0
46,2015-02-15,32.004,116.84,1.016,-1.5,1.5,-5.88888888888889,11.9,NA,23.5,10.6,NA,335,"CO",2015,46,2,273.913043478261,0.0999999999999996,144,0
47,2015-02-16,33.02,132.08,0.762,-13.2777777777778,-8.72222222222222,-14.1111111111111,12.1,NA,24,11.5,NA,335,"CO",2015,47,2,250,0.199999999999999,144,0
48,2015-02-17,33.782,139.7,0.254,-17.1111111111111,-9.72222222222222,-14.2777777777778,11.6,NA,23.8,10.5,NA,335,"CO",2015,48,2,241.818181818182,-0.5,144,0
49,2015-02-18,34.036,132.08,0,-11.8888888888889,1.11111111111111,-7.61111111111111,12.2,NA,23.6,11,NA,335,"CO",2015,49,2,257.692307692308,0.6,144,0
50,2015-02-19,34.036,127,0,-7.27777777777778,4.11111111111111,-3.5,12.2,NA,23.7,10.8,NA,335,"CO",2015,50,2,268,0,144,0
51,2015-02-20,34.036,127,1.27,-4.88888888888889,-2.5,-8.11111111111111,12.2,NA,23.7,10.9,NA,335,"CO",2015,51,2,268,0,144,0
52,2015-02-21,35.306,139.7,0.508,-12.2777777777778,-4.61111111111111,-13.1111111111111,12.2,NA,23.8,10.3,NA,335,"CO",2015,52,2,252.727272727273,0,144,0
53,2015-02-22,36.322,147.32,0.254,-20.6111111111111,-13.3888888888889,-18.6111111111111,12,NA,23.8,11.1,NA,335,"CO",2015,53,2,246.551724137931,-0.199999999999999,144,0
54,2015-02-23,36.576,142.24,0.508,-14,0.388888888888891,-8.77777777777778,12.2,NA,23.9,10.8,NA,335,"CO",2015,54,2,257.142857142857,0.199999999999999,144,0
55,2015-02-24,36.576,139.7,0,-15,2,-9,12,NA,23.5,10.4,NA,335,"CO",2015,55,2,261.818181818182,-0.199999999999999,144,0
56,2015-02-25,36.576,137.16,0.508,-9,-2.38888888888889,-10.2777777777778,12.4,NA,23.7,10.3,NA,335,"CO",2015,56,2,266.666666666667,0.4,144,0
57,2015-02-26,37.338,144.78,0.254,-17.1111111111111,-8.22222222222222,-15.6111111111111,12,NA,23.8,10.4,NA,335,"CO",2015,57,2,257.894736842105,-0.4,144,0
58,2015-02-27,37.846,144.78,0.762,-15.3888888888889,-6.61111111111111,-14.2777777777778,11.9,NA,23.6,10.3,NA,335,"CO",2015,58,2,261.40350877193,-0.0999999999999996,144,0
59,2015-02-28,38.1,147.32,0.254,-15.6111111111111,-4.61111111111111,-11.7222222222222,12.3,NA,23.6,11.1,NA,335,"CO",2015,59,2,258.620689655172,0.4,144,0
60,2015-03-01,38.608,149.86,0.762,-10.6111111111111,-1.77777777777778,-7.61111111111111,12,NA,23.9,10.8,NA,335,"CO",2015,60,3,257.627118644068,-0.300000000000001,144,0
61,2015-03-02,39.116,149.86,0.508,-5.88888888888889,4.11111111111111,-3,12,NA,23.7,11.2,NA,335,"CO",2015,61,3,261.016949152542,0,144,0
62,2015-03-03,39.37,152.4,0,-10.2222222222222,-6,-10.8888888888889,11.8,NA,23.5,10.7,NA,335,"CO",2015,62,3,258.333333333333,-0.199999999999999,144,0
63,2015-03-04,39.37,154.94,1.016,-16.2222222222222,-12.2777777777778,-18,12,NA,23.9,10.4,NA,335,"CO",2015,63,3,254.098360655738,0.199999999999999,144,0
64,2015-03-05,39.116,154.94,0,-21.7777777777778,-3.5,-13.3888888888889,11.2,NA,23.6,10.8,NA,335,"CO",2015,64,3,252.459016393443,-0.800000000000001,144,0
65,2015-03-06,39.116,149.86,0,-14.6111111111111,2.5,-8.22222222222222,11.5,NA,23.8,10.1,NA,335,"CO",2015,65,3,261.016949152542,0.300000000000001,144,0
66,2015-03-07,39.116,147.32,0,-10.6111111111111,6.61111111111111,-4.11111111111111,11.5,NA,23.7,10.1,NA,335,"CO",2015,66,3,265.51724137931,0,144,0
67,2015-03-08,39.116,144.78,0,-8.88888888888889,5.11111111111111,-4.61111111111111,11.6,NA,23.7,10.8,NA,335,"CO",2015,67,3,270.175438596491,0.0999999999999996,144,0
68,2015-03-09,39.116,142.24,0,-9.5,2.88888888888889,-5.72222222222222,11.6,NA,23.6,10.5,NA,335,"CO",2015,68,3,275,0,144,0
69,2015-03-10,39.116,142.24,0,-9.22222222222222,6.38888888888889,-3.61111111111111,11.4,NA,23.6,10.7,NA,335,"CO",2015,69,3,275,-0.199999999999999,144,0
70,2015-03-11,39.116,139.7,0,-6.11111111111111,8.72222222222222,-1.27777777777778,11.7,NA,23.6,11,NA,335,"CO",2015,70,3,280,0.299999999999999,144,0
71,2015-03-12,39.116,137.16,0.254,-3.72222222222222,6.61111111111111,-2,11.4,NA,23.8,11,NA,335,"CO",2015,71,3,285.185185185185,-0.299999999999999,144,0
72,2015-03-13,39.116,137.16,0.254,-5.27777777777778,4.72222222222222,-3.88888888888889,11.1,NA,24,10.7,NA,335,"CO",2015,72,3,285.185185185185,-0.300000000000001,144,0
73,2015-03-14,39.37,142.24,0,-8.38888888888889,7.77777777777778,-1.77777777777778,11.2,NA,23.7,10.7,NA,335,"CO",2015,73,3,276.785714285714,0.0999999999999996,144,0
74,2015-03-15,39.116,137.16,0,-3.11111111111111,15.6111111111111,3.77777777777778,11.1,NA,24,10.6,NA,335,"CO",2015,74,3,285.185185185185,-0.0999999999999996,144,0
75,2015-03-16,38.862,132.08,0,1.27777777777778,11.6111111111111,4.11111111111111,11.2,NA,23.7,10.1,NA,335,"CO",2015,75,3,294.230769230769,0.0999999999999996,144,0
76,2015-03-17,38.1,127,0,-2.38888888888889,12.6111111111111,2.72222222222222,11.8,NA,23.6,11.1,NA,335,"CO",2015,76,3,300,0.600000000000001,144,0
77,2015-03-18,37.084,124.46,0.254,2.11111111111111,6,0.277777777777778,11.9,NA,23.5,10.9,NA,335,"CO",2015,77,3,297.959183673469,0.0999999999999996,144,0
78,2015-03-19,37.338,124.46,0,-3.38888888888889,3.61111111111111,-4.27777777777778,12.2,NA,23.6,11.2,NA,335,"CO",2015,78,3,300,0.299999999999999,144,0
79,2015-03-20,37.338,121.92,0,-8.72222222222222,8.88888888888889,-2.11111111111111,12.1,NA,23.7,10.1,NA,335,"CO",2015,79,3,306.25,-0.0999999999999996,144,0
80,2015-03-21,37.338,121.92,0,-4.5,9.38888888888889,0.277777777777778,12.5,NA,23.8,10.9,NA,335,"CO",2015,80,3,306.25,0.4,144,0
81,2015-03-22,37.084,119.38,0,-1.22222222222222,9.5,0.722222222222221,12.8,NA,23.8,10.4,NA,335,"CO",2015,81,3,310.63829787234,0.300000000000001,144,0
82,2015-03-23,36.83,119.38,1.27,-2.72222222222222,6.11111111111111,-0.88888888888889,13.2,NA,23.4,11,NA,335,"CO",2015,82,3,308.510638297872,0.399999999999999,144,0
83,2015-03-24,37.084,132.08,0.762,-6.61111111111111,1.72222222222222,-5.38888888888889,13.1,NA,23.7,10.9,NA,335,"CO",2015,83,3,280.769230769231,-0.0999999999999996,144,0
84,2015-03-25,37.846,137.16,1.016,-6.22222222222222,-1.38888888888889,-8.5,13.7,NA,23.9,10.7,NA,335,"CO",2015,84,3,275.925925925926,0.6,144,0
85,2015-03-26,38.608,144.78,0,-11,3.88888888888889,-5.27777777777778,14.6,NA,23.9,10.2,NA,335,"CO",2015,85,3,266.666666666667,0.9,144,0
86,2015-03-27,38.608,134.62,0,-3.22222222222222,6.88888888888889,-0.88888888888889,15,NA,23.8,10.9,NA,335,"CO",2015,86,3,286.792452830189,0.4,144,0
87,2015-03-28,38.608,132.08,0,-0.88888888888889,10.5,3.27777777777778,15.2,NA,23.5,10.9,NA,335,"CO",2015,87,3,292.307692307692,0.199999999999999,144,0
88,2015-03-29,38.354,124.46,0,-0.222222222222221,9.38888888888889,1.11111111111111,15.3,NA,24,10.1,NA,335,"CO",2015,88,3,308.163265306122,0.100000000000001,144,0
89,2015-03-30,38.354,124.46,0,-2.11111111111111,9.11111111111111,1.77777777777778,15.8,NA,24,10.2,NA,335,"CO",2015,89,3,308.163265306122,0.5,144,0
90,2015-03-31,38.354,119.38,0,-1.5,11,3.77777777777778,16.7,NA,24,10.3,NA,335,"CO",2015,90,3,321.276595744681,0.899999999999999,144,1
91,2015-04-01,38.354,116.84,0.254,2.61111111111111,6.72222222222222,0.111111111111113,19.2,NA,23.9,10.1,NA,335,"CO",2015,91,4,328.260869565217,2.5,144,0
92,2015-04-02,38.1,121.92,0.762,-5.61111111111111,2.72222222222222,-5.38888888888889,19.2,NA,23.8,11.1,NA,335,"CO",2015,92,4,312.5,0,144,0
93,2015-04-03,38.354,124.46,0.254,-11.2777777777778,-1.77777777777778,-9.11111111111111,19.1,NA,23.9,10.2,NA,335,"CO",2015,93,4,308.163265306122,-0.0999999999999979,144,0
94,2015-04-04,39.116,127,0,-11.2777777777778,6.38888888888889,-2.5,19,NA,24.1,10.5,NA,335,"CO",2015,94,4,308,-0.100000000000001,144,0
95,2015-04-05,39.37,121.92,0,-1.61111111111111,8.11111111111111,2,18.9,NA,24.1,10.7,NA,335,"CO",2015,95,4,322.916666666667,-0.100000000000001,144,0
96,2015-04-06,39.37,119.38,0,-0.277777777777778,10.5,2.61111111111111,18.8,NA,24.5,10.4,NA,335,"CO",2015,96,4,329.787234042553,-0.0999999999999979,144,0
97,2015-04-07,39.37,116.84,0,-0.722222222222223,7.61111111111111,0.777777777777777,19.6,NA,24.2,10.6,NA,335,"CO",2015,97,4,336.95652173913,0.800000000000001,144,0
98,2015-04-08,39.37,114.3,0,-1.61111111111111,7.11111111111111,-2.22222222222222,19.7,NA,24.3,10.8,NA,335,"CO",2015,98,4,344.444444444444,0.0999999999999979,144,0
99,2015-04-09,38.608,111.76,0.254,-10.1111111111111,3.61111111111111,-5.27777777777778,19.5,NA,24.3,11,NA,335,"CO",2015,99,4,345.454545454545,-0.199999999999999,144,0
100,2015-04-10,39.116,111.76,0,-6.88888888888889,7.61111111111111,-2.11111111111111,19.5,NA,24.2,11.1,NA,335,"CO",2015,100,4,350,0,144,0
101,2015-04-11,39.116,111.76,0,-4.72222222222222,7.77777777777778,0.999999999999998,19.4,NA,24.2,11.2,NA,335,"CO",2015,101,4,350,-0.100000000000001,144,0
102,2015-04-12,38.608,111.76,0,-1.38888888888889,4.88888888888889,-1.5,19.3,NA,24.1,11.2,NA,335,"CO",2015,102,4,345.454545454545,-0.0999999999999979,144,0
103,2015-04-13,38.608,111.76,0,-5.5,9.88888888888889,1.11111111111111,19.3,NA,24.4,11.5,NA,335,"CO",2015,103,4,345.454545454545,0,144,0
104,2015-04-14,38.1,109.22,0,0.611111111111112,11.7222222222222,3.72222222222222,19.6,NA,24.7,10.8,NA,335,"CO",2015,104,4,348.837209302326,0.300000000000001,144,0
105,2015-04-15,37.592,104.14,0,-1.38888888888889,5.72222222222222,-2.88888888888889,22.8,NA,24.7,10.5,NA,335,"CO",2015,105,4,360.975609756098,3.2,144,0
106,2015-04-16,37.084,104.14,2.54,-8.11111111111111,-2.61111111111111,-6.38888888888889,22.4,NA,24.9,10.9,NA,335,"CO",2015,106,4,356.09756097561,-0.400000000000002,144,0
107,2015-04-17,38.354,134.62,2.794,-6,-1.38888888888889,-5.77777777777778,22.2,NA,24.8,10.5,NA,335,"CO",2015,107,4,284.905660377358,-0.199999999999999,144,0
108,2015-04-18,41.402,149.86,0.508,-9.11111111111111,2.88888888888889,-5.77777777777778,21.9,NA,24.9,11.2,NA,335,"CO",2015,108,4,276.271186440678,-0.300000000000001,144,0
109,2015-04-19,41.656,147.32,0.254,-8,1.11111111111111,-6.22222222222222,21.7,NA,25,11,NA,335,"CO",2015,109,4,282.758620689655,-0.199999999999999,144,0
110,2015-04-20,41.91,144.78,0.762,-8.22222222222222,2.22222222222222,-4.72222222222222,21.9,NA,25.2,10.9,NA,335,"CO",2015,110,4,289.473684210526,0.199999999999999,144,0
111,2015-04-21,42.164,147.32,0,-6.27777777777778,7.61111111111111,-0.722222222222223,21.4,NA,25.1,11.3,NA,335,"CO",2015,111,4,286.206896551724,-0.5,144,0
112,2015-04-22,41.91,139.7,0.254,-4.61111111111111,8.38888888888889,1.22222222222222,22,NA,25.1,11.1,NA,335,"CO",2015,112,4,300,0.600000000000001,144,0
113,2015-04-23,41.656,134.62,0,-2.77777777777778,8.11111111111111,0.277777777777778,23.9,NA,25.3,10.7,NA,335,"CO",2015,113,4,309.433962264151,1.9,144,0
114,2015-04-24,41.148,132.08,0,-3.77777777777778,7.61111111111111,-1.38888888888889,24.6,NA,25.5,10.8,NA,335,"CO",2015,114,4,311.538461538461,0.700000000000003,144,0
115,2015-04-25,41.148,132.08,1.27,-3.11111111111111,7.61111111111111,-0.88888888888889,24.2,NA,25.8,11.1,NA,335,"CO",2015,115,4,311.538461538461,-0.400000000000002,144,0
116,2015-04-26,40.894,142.24,0.508,-2.88888888888889,1.22222222222222,-2.77777777777778,23.8,NA,26.2,11.1,NA,335,"CO",2015,116,4,287.5,-0.399999999999999,144,0
117,2015-04-27,41.91,144.78,0.254,-5,2.11111111111111,-3.11111111111111,23.7,NA,26.5,11.4,NA,335,"CO",2015,117,4,289.473684210526,-0.100000000000001,144,0
118,2015-04-28,42.418,134.62,0,-6.27777777777778,11.1111111111111,0.499999999999999,23.8,NA,26.8,11.3,NA,335,"CO",2015,118,4,315.094339622641,0.100000000000001,144,0
119,2015-04-29,42.672,129.54,0,-1.61111111111111,13,3.72222222222222,26.5,NA,27,11.9,NA,335,"CO",2015,119,4,329.411764705882,2.7,144,0
120,2015-04-30,41.91,124.46,0,0,13.7222222222222,5.22222222222222,29.6,NA,32.2,11.6,NA,335,"CO",2015,120,4,336.734693877551,3.1,144,0
121,2015-05-01,40.894,121.92,0,-0.611111111111112,12.7777777777778,3.61111111111111,30.9,NA,36.7,12.5,NA,335,"CO",2015,121,5,335.416666666667,1.3,144,0
122,2015-05-02,40.64,119.38,0,2.77777777777778,12.2222222222222,4.22222222222222,30.9,NA,36.6,14.9,NA,335,"CO",2015,122,5,340.425531914894,0,144,0
123,2015-05-03,40.132,114.3,0.254,1.27777777777778,12.1111111111111,3.38888888888889,31.6,NA,36.7,14.9,NA,335,"CO",2015,123,5,351.111111111111,0.700000000000003,144,0
124,2015-05-04,39.878,111.76,0.254,-0.111111111111111,9,1.61111111111111,31,NA,35.7,14.5,NA,335,"CO",2015,124,5,356.818181818182,-0.600000000000001,144,0
125,2015-05-05,39.878,111.76,0.254,-1.11111111111111,5.5,0.611111111111112,31.7,NA,36.7,15.4,NA,335,"CO",2015,125,5,356.818181818182,0.699999999999999,144,0
126,2015-05-06,39.878,106.68,0.762,-0.777777777777777,7.38888888888889,0.777777777777777,31.7,NA,36.5,15.5,NA,335,"CO",2015,126,5,373.809523809524,0,144,0
127,2015-05-07,40.386,109.22,1.016,-1.77777777777778,8,0.222222222222221,30.8,NA,35.5,15,NA,335,"CO",2015,127,5,369.767441860465,-0.899999999999999,144,0
128,2015-05-08,40.64,119.38,1.778,-2.72222222222222,7.77777777777778,-0.611111111111112,30.7,NA,35.2,15,NA,335,"CO",2015,128,5,340.425531914894,-0.100000000000001,144,0
129,2015-05-09,42.418,121.92,1.524,-2.38888888888889,6.88888888888889,-3.11111111111111,29,NA,33.9,14.7,NA,335,"CO",2015,129,5,347.916666666667,-1.7,144,0
130,2015-05-10,44.45,129.54,0.762,-8.5,-0.277777777777778,-6.72222222222222,28.8,NA,33.3,14.5,NA,335,"CO",2015,130,5,343.137254901961,-0.199999999999999,144,0
131,2015-05-11,45.212,139.7,0.762,-7.22222222222222,5.5,-2.72222222222222,28,NA,32.9,14.7,NA,335,"CO",2015,131,5,323.636363636364,-0.800000000000001,144,0
132,2015-05-12,46.228,127,0,-3.88888888888889,11.7777777777778,4.61111111111111,28.1,NA,32.4,14.3,NA,335,"CO",2015,132,5,364,0.100000000000001,144,0
133,2015-05-13,45.466,121.92,0.508,2,7.38888888888889,0.499999999999999,30.8,NA,35.4,14.8,NA,335,"CO",2015,133,5,372.916666666667,2.7,144,0
134,2015-05-14,45.974,121.92,0.508,-1.77777777777778,9.22222222222222,2.88888888888889,28.8,NA,33.8,14.6,NA,335,"CO",2015,134,5,377.083333333333,-2,144,0
135,2015-05-15,45.72,121.92,0.508,-0.277777777777778,8.22222222222222,-1.22222222222222,30.1,NA,33.8,14.1,NA,335,"CO",2015,135,5,375,1.3,144,0
136,2015-05-16,45.974,124.46,0.762,-5.5,6.77777777777778,-2.38888888888889,28.5,NA,33.4,14,NA,335,"CO",2015,136,5,369.387755102041,-1.6,144,0
137,2015-05-17,46.482,129.54,1.27,-4.11111111111111,5.61111111111111,-1.22222222222222,29.6,NA,33.8,14.6,NA,335,"CO",2015,137,5,358.823529411765,1.1,144,0
138,2015-05-18,47.498,127,0.508,-2.27777777777778,7.38888888888889,0.222222222222221,28.4,NA,33.2,14.5,NA,335,"CO",2015,138,5,374,-1.2,144,0
139,2015-05-19,47.752,132.08,1.016,-1.61111111111111,5.22222222222222,-1.38888888888889,31,NA,35.7,14.8,NA,335,"CO",2015,139,5,361.538461538462,2.6,144,0
140,2015-05-20,49.022,134.62,0,-3.38888888888889,8,0.277777777777778,28.8,NA,33.8,14.1,NA,335,"CO",2015,140,5,364.150943396226,-2.2,144,0
141,2015-05-21,48.768,127,0.254,-1.77777777777778,9.38888888888889,2.22222222222222,30.1,NA,34.1,14.2,NA,335,"CO",2015,141,5,384,1.3,144,0
142,2015-05-22,48.514,124.46,0.762,-1.11111111111111,8.61111111111111,0.222222222222221,31.5,NA,35.5,15.2,NA,335,"CO",2015,142,5,389.795918367347,1.4,144,0
143,2015-05-23,48.768,121.92,0.254,-1.77777777777778,7.72222222222222,-1,29.3,NA,34,14.6,NA,335,"CO",2015,143,5,400,-2.2,144,0
144,2015-05-24,49.276,127,0.762,-6.38888888888889,9.11111111111111,-1.22222222222222,29.2,NA,33.2,14.5,NA,335,"CO",2015,144,5,388,-0.100000000000001,144,0
145,2015-05-25,49.022,129.54,0.254,-3.5,8.5,0,30.2,NA,33.7,14.5,NA,335,"CO",2015,145,5,378.43137254902,1,144,0
146,2015-05-26,48.768,124.46,0.508,-1.38888888888889,10,1.38888888888889,29.9,NA,34.1,14.5,NA,335,"CO",2015,146,5,391.836734693878,-0.300000000000001,144,0
147,2015-05-27,48.006,121.92,0,-1,10.6111111111111,3.5,31.6,NA,35.5,14.9,NA,335,"CO",2015,147,5,393.75,1.7,144,0
148,2015-05-28,46.736,119.38,0.508,-0.222222222222221,10.3888888888889,2.38888888888889,31.8,NA,35.7,14.9,NA,335,"CO",2015,148,5,391.489361702128,0.199999999999999,144,0
149,2015-05-29,45.974,119.38,0.762,-1.77777777777778,9.5,0.222222222222221,32.1,NA,36.3,15.1,NA,335,"CO",2015,149,5,385.106382978723,0.300000000000001,144,0
150,2015-05-30,46.99,116.84,0,-2.72222222222222,13.1111111111111,5.22222222222222,30.8,NA,34.6,14.6,NA,335,"CO",2015,150,5,402.173913043478,-1.3,144,0
151,2015-05-31,44.958,111.76,0,4.5,15.1111111111111,7.61111111111111,32.5,NA,37.3,15.7,NA,335,"CO",2015,151,5,402.272727272727,1.7,144,0
152,2015-06-01,42.926,106.68,0,5.22222222222222,16.6111111111111,9.38888888888889,32.8,NA,37.2,15.7,NA,335,"CO",2015,152,6,402.380952380952,0.299999999999997,144,0
153,2015-06-02,40.386,101.6,0,8.72222222222222,16.6111111111111,10.2222222222222,32.6,NA,37.1,15.4,NA,335,"CO",2015,153,6,397.5,-0.199999999999996,144,0
154,2015-06-03,37.592,96.52,0,5.77777777777778,15.6111111111111,8.38888888888889,32.4,NA,36.9,15.6,NA,335,"CO",2015,154,6,389.473684210526,-0.200000000000003,144,0
155,2015-06-04,34.798,86.36,0.254,4.61111111111111,17.2777777777778,9.5,33.5,NA,37.5,16.1,NA,335,"CO",2015,155,6,402.941176470588,1.1,144,0
156,2015-06-05,31.496,78.74,0.508,3.38888888888889,11.7222222222222,5.38888888888889,33.9,NA,37.6,15.8,NA,335,"CO",2015,156,6,400,0.399999999999999,144,0
157,2015-06-06,29.21,73.66,0,1.27777777777778,13.1111111111111,5.88888888888889,32.7,NA,37.4,15.7,NA,335,"CO",2015,157,6,396.551724137931,-1.2,144,0
158,2015-06-07,27.178,68.58,0,0.111111111111113,14.6111111111111,5.77777777777778,32.3,NA,37,15.7,NA,335,"CO",2015,158,6,396.296296296296,-0.400000000000006,144,0
159,2015-06-08,24.13,60.96,0,1.27777777777778,16.1111111111111,8.5,31.7,NA,36.8,15.5,NA,335,"CO",2015,159,6,395.833333333333,-0.599999999999998,144,0
160,2015-06-09,20.066,50.8,0.254,6,18.6111111111111,10,32.3,NA,37.1,15.8,NA,335,"CO",2015,160,6,395,0.599999999999998,144,0
161,2015-06-10,17.018,43.18,0,8,11.7777777777778,7,32.9,NA,37.6,15.7,NA,335,"CO",2015,161,6,394.117647058824,0.600000000000001,144,0
162,2015-06-11,14.986,40.64,1.016,3.38888888888889,12.6111111111111,4.88888888888889,32,NA,37.1,15.3,NA,335,"CO",2015,162,6,368.75,-0.899999999999999,144,0
163,2015-06-12,12.446,35.56,0,2.22222222222222,14.2777777777778,6.61111111111111,32,NA,37,15.5,NA,335,"CO",2015,163,6,350,0,144,0
164,2015-06-13,9.398,25.4,0.762,3.77777777777778,16.2777777777778,6.38888888888889,30.9,NA,36.4,15.5,NA,335,"CO",2015,164,6,370,-1.1,144,0
165,2015-06-14,6.858,17.78,0,3.38888888888889,14.8888888888889,7.61111111111111,30.8,NA,36.5,15.5,NA,335,"CO",2015,165,6,385.714285714286,-0.0999999999999979,144,0
166,2015-06-15,3.556,10.16,0,4.5,17.2777777777778,8.61111111111111,30,NA,36.1,15.5,NA,335,"CO",2015,166,6,350,-0.800000000000001,144,0
167,2015-06-16,0.762,5.08,0,5.88888888888889,14.8888888888889,8.5,29.3,NA,35.3,15.6,NA,335,"CO",2015,167,6,150,-0.699999999999999,144,0
168,2015-06-17,0,0,0,7.11111111111111,18,11.3888888888889,29.7,NA,34.3,14.9,NA,335,"CO",2015,168,6,NA,0.399999999999999,144,0
169,2015-06-18,0,0,0,9.38888888888889,19.7222222222222,12.8888888888889,26.2,NA,32.2,14.7,NA,335,"CO",2015,169,6,NA,-3.5,144,0
170,2015-06-19,0,0,0,9.22222222222222,19.7777777777778,14.2222222222222,23.7,NA,30.3,14.6,NA,335,"CO",2015,170,6,NA,-2.5,144,0
171,2015-06-20,0,0,0,9.88888888888889,20.6111111111111,14.2222222222222,21.2,NA,27.8,13.4,NA,335,"CO",2015,171,6,NA,-2.5,144,0
172,2015-06-21,0,0,0,12.3888888888889,21.7777777777778,16,19.2,NA,25.6,13.5,NA,335,"CO",2015,172,6,NA,-2,144,0
173,2015-06-22,0,0,0,14.2222222222222,21.7777777777778,15.2222222222222,18.1,NA,23.9,13.4,NA,335,"CO",2015,173,6,NA,-1.1,144,0
174,2015-06-23,0,0,0,10.7222222222222,21,15,17.1,NA,22,13,NA,335,"CO",2015,174,6,NA,-1,144,0
175,2015-06-24,0,0,0,11.7222222222222,19.6111111111111,12.2777777777778,15.4,NA,20.6,13,NA,335,"CO",2015,175,6,NA,-1.7,144,0
176,2015-06-25,0,0,0,8.38888888888889,19.5,12,14.6,NA,19.6,12.6,NA,335,"CO",2015,176,6,NA,-0.800000000000001,144,0
177,2015-06-26,0,0,0,8.38888888888889,18.8888888888889,11.1111111111111,14.1,NA,19,12.4,NA,335,"CO",2015,177,6,NA,-0.5,144,0
178,2015-06-27,0,0,0,7,21.6111111111111,12.7222222222222,13.1,NA,18,12.3,NA,335,"CO",2015,178,6,NA,-1,144,0
179,2015-06-28,0,0,0.254,9.22222222222222,20.1111111111111,12.7222222222222,11.5,NA,17.4,11.3,NA,335,"CO",2015,179,6,NA,-1.6,144,0
180,2015-06-29,0,0,0,9,19.6111111111111,12.6111111111111,11,NA,16.9,11.2,NA,335,"CO",2015,180,6,NA,-0.5,144,0
181,2015-06-30,0,0,0.508,9.11111111111111,21.3888888888889,13.2222222222222,10.2,NA,16.6,11,NA,335,"CO",2015,181,6,NA,-0.800000000000001,144,0
182,2015-07-01,0,0,0.508,8.11111111111111,18.3888888888889,11.5,10.1,NA,16.7,10.6,NA,335,"CO",2015,182,7,NA,-0.0999999999999996,144,0
183,2015-07-02,0,0,0,9,17.8888888888889,10.6111111111111,12.1,NA,16.5,10.6,NA,335,"CO",2015,183,7,NA,2,144,0
184,2015-07-03,0,0,0,7.61111111111111,20.1111111111111,12.2222222222222,13,NA,16.1,10.4,NA,335,"CO",2015,184,7,NA,0.9,144,0
185,2015-07-04,0,0,0,9.11111111111111,21.1111111111111,12.8888888888889,12.7,NA,16,9.7,NA,335,"CO",2015,185,7,NA,-0.300000000000001,144,0
186,2015-07-05,0,0,1.016,8.61111111111111,16.3888888888889,10.1111111111111,12.2,NA,15.6,9.6,NA,335,"CO",2015,186,7,NA,-0.5,144,0
187,2015-07-06,0,0,1.524,6.77777777777778,13,7.22222222222222,14.7,NA,30.9,9,NA,335,"CO",2015,187,7,NA,2.5,144,0
188,2015-07-07,0,0,1.016,5.5,10.7222222222222,6.22222222222222,23.7,NA,35.5,9.8,NA,335,"CO",2015,188,7,NA,9,144,0
189,2015-07-08,0,0,0.762,4.77777777777778,7.88888888888889,5.22222222222222,26.3,NA,37.2,9.8,NA,335,"CO",2015,189,7,NA,2.6,144,0
190,2015-07-09,0,0,0.508,3.61111111111111,15.1111111111111,6.88888888888889,26.3,NA,37.1,13.6,NA,335,"CO",2015,190,7,NA,0,144,0
191,2015-07-10,0,0,0,3.61111111111111,14.2777777777778,7.11111111111111,27.2,NA,36.8,14,NA,335,"CO",2015,191,7,NA,0.899999999999999,144,0
192,2015-07-11,0,0,0,4.5,16.7777777777778,9.5,25,NA,34.3,14.9,NA,335,"CO",2015,192,7,NA,-2.2,144,0
193,2015-07-12,0,0,0,9.22222222222222,18.2222222222222,12.2777777777778,23.2,NA,31.7,14.3,NA,335,"CO",2015,193,7,NA,-1.8,144,0
194,2015-07-13,0,0,1.778,10.8888888888889,16.7222222222222,9.22222222222222,21.2,NA,40.4,13.6,NA,335,"CO",2015,194,7,NA,-2,144,0
195,2015-07-14,0,0,0.762,4.88888888888889,16.2222222222222,7.88888888888889,27.5,NA,42.3,14.8,NA,335,"CO",2015,195,7,NA,6.3,144,0
196,2015-07-15,0,0,0,5,15.2222222222222,8,27.2,NA,41.8,15.1,NA,335,"CO",2015,196,7,NA,-0.300000000000001,144,0
197,2015-07-16,0,0,0,4.38888888888889,16.2222222222222,9.72222222222222,25.3,NA,40.8,14.9,NA,335,"CO",2015,197,7,NA,-1.9,144,0
198,2015-07-17,0,0,0,9.72222222222222,16.7222222222222,11.7222222222222,23.5,NA,40.3,14,NA,335,"CO",2015,198,7,NA,-1.8,144,0
199,2015-07-18,0,0,0,8.11111111111111,17.1111111111111,9.72222222222222,21.2,NA,39.4,14.2,NA,335,"CO",2015,199,7,NA,-2.3,144,0
200,2015-07-19,0,0,0,4.88888888888889,12,7.22222222222222,20.4,NA,38.5,13.6,NA,335,"CO",2015,200,7,NA,-0.800000000000001,144,0
201,2015-07-20,0,0,0.254,4.72222222222222,16,8,20,NA,37.5,13.6,NA,335,"CO",2015,201,7,NA,-0.399999999999999,144,0
202,2015-07-21,0,0,0.508,7.11111111111111,14.2777777777778,8.11111111111111,20,NA,37,13.4,NA,335,"CO",2015,202,7,NA,0,144,0
203,2015-07-22,0,0,0,4.77777777777778,15.8888888888889,9.22222222222222,21.3,NA,34.5,13,NA,335,"CO",2015,203,7,NA,1.3,144,0
204,2015-07-23,0,0,0,9.72222222222222,18.8888888888889,12.7777777777778,20.4,NA,37.6,12.8,NA,335,"CO",2015,204,7,NA,-0.900000000000002,144,0
205,2015-07-24,0,0,0,9.72222222222222,15.6111111111111,10.3888888888889,18.5,NA,33.9,12.4,NA,335,"CO",2015,205,7,NA,-1.9,144,0
206,2015-07-25,0,0,0,6.38888888888889,19.6111111111111,11.8888888888889,17.4,NA,20,12.3,NA,335,"CO",2015,206,7,NA,-1.1,144,0
207,2015-07-26,0,0,0,7.88888888888889,18.6111111111111,12.7777777777778,16.6,NA,32.6,12.1,NA,335,"CO",2015,207,7,NA,-0.799999999999997,144,0
208,2015-07-27,0,0,0,9.22222222222222,21,13.2777777777778,15.3,NA,28.8,11.6,NA,335,"CO",2015,208,7,NA,-1.3,144,0
209,2015-07-28,0,0,0,6.22222222222222,18.5,10.7777777777778,14,NA,28.2,11,NA,335,"CO",2015,209,7,NA,-1.3,144,0
210,2015-07-29,0,0,0,6.61111111111111,19.7222222222222,11.8888888888889,12.7,NA,29.7,10.9,NA,335,"CO",2015,210,7,NA,-1.3,144,0
211,2015-07-30,0,0,0,7.88888888888889,19.6111111111111,12.3888888888889,11.1,NA,28.8,10.2,NA,335,"CO",2015,211,7,NA,-1.6,144,0
212,2015-07-31,0,0,0,8.22222222222222,17.3888888888889,11.7777777777778,10.4,NA,27.5,9.3,NA,335,"CO",2015,212,7,NA,-0.699999999999999,144,0
213,2015-08-01,0,0,0,8.61111111111111,21.6111111111111,13.6111111111111,9.7,NA,16.3,9.1,NA,335,"CO",2015,213,8,NA,-0.700000000000001,144,0
214,2015-08-02,0,0,0,10.2222222222222,18.8888888888889,11,8.3,NA,16,9.5,NA,335,"CO",2015,214,8,NA,-1.4,144,0
366,2016-01-01,23.114,99.06,0,-21.7777777777778,-4.22222222222222,-15,17,NA,14.2,3.4,NA,335,"CO",2016,1,1,233.333333333333,0,123,0
367,2016-01-02,23.114,96.52,0,-14.7222222222222,1.27777777777778,-8.88888888888889,17,NA,14.5,3.4,NA,335,"CO",2016,2,1,239.473684210526,0,123,0
368,2016-01-03,23.368,93.98,0,-8.38888888888889,3.27777777777778,-5.88888888888889,17.1,NA,14.3,3.6,NA,335,"CO",2016,3,1,248.648648648649,0.100000000000001,123,0
369,2016-01-04,23.368,93.98,0,-6.11111111111111,4.22222222222222,-4,16.5,NA,14.6,3,NA,335,"CO",2016,4,1,248.648648648649,-0.600000000000001,123,0
370,2016-01-05,23.368,93.98,0,-5.61111111111111,1.72222222222222,-6.5,16.4,NA,19.7,2.7,NA,335,"CO",2016,5,1,248.648648648649,-0.100000000000001,123,0
371,2016-01-06,23.368,93.98,0,-11.5,1.22222222222222,-8,16.3,NA,15.1,3.3,NA,335,"CO",2016,6,1,248.648648648649,-0.0999999999999979,123,0
372,2016-01-07,23.368,93.98,0.762,-9.77777777777778,-7,-9.61111111111111,16,NA,20.1,2.8,NA,335,"CO",2016,7,1,248.648648648649,-0.300000000000001,123,0
373,2016-01-08,24.13,101.6,0,-11.3888888888889,-7.61111111111111,-12.2222222222222,16,NA,15.1,3.6,NA,335,"CO",2016,8,1,237.5,0,123,0
374,2016-01-09,24.13,101.6,0.508,-13.3888888888889,-9.22222222222222,-14.8888888888889,15.5,NA,15.4,2.2,NA,335,"CO",2016,9,1,237.5,-0.5,123,0
375,2016-01-10,24.638,106.68,0,-18.3888888888889,-10.8888888888889,-16.7777777777778,15.8,NA,15.2,3,NA,335,"CO",2016,10,1,230.952380952381,0.300000000000001,123,0
376,2016-01-11,24.638,106.68,0,-20.6111111111111,-6.38888888888889,-16.2222222222222,15.2,NA,15.6,2.3,NA,335,"CO",2016,11,1,230.952380952381,-0.600000000000001,123,0
377,2016-01-12,24.638,104.14,0,-16.1111111111111,-0.277777777777778,-10.2222222222222,15.2,NA,15.6,2.2,NA,335,"CO",2016,12,1,236.585365853659,0,123,0
378,2016-01-13,24.638,101.6,0,-13.8888888888889,2,-7,14.8,NA,15.4,3,NA,335,"CO",2016,13,1,242.5,-0.399999999999999,123,0
379,2016-01-14,24.638,101.6,0.762,-5.77777777777778,-5.77777777777778,-11.3888888888889,14.5,NA,18.8,3.3,NA,335,"CO",2016,14,1,242.5,-0.300000000000001,123,0
380,2016-01-15,25.146,109.22,0.762,-14.6111111111111,-8.72222222222222,-13.7777777777778,14.1,NA,20.7,2.4,NA,335,"CO",2016,15,1,230.232558139535,-0.4,123,0
381,2016-01-16,26.162,114.3,0.508,-16.7222222222222,-10.5,-15,14.1,NA,15,2.7,NA,335,"CO",2016,16,1,228.888888888889,0,123,0
382,2016-01-17,26.416,111.76,0.762,-11.7777777777778,-6.72222222222222,-10.7777777777778,14.2,NA,15.1,3.3,NA,335,"CO",2016,17,1,236.363636363636,0.0999999999999996,123,0
383,2016-01-18,27.178,121.92,0,-11.1111111111111,1.5,-6.88888888888889,14,NA,15.1,3.7,NA,335,"CO",2016,18,1,222.916666666667,-0.199999999999999,123,0
384,2016-01-19,27.432,116.84,0.508,-9.5,-2.88888888888889,-9.38888888888889,13.3,NA,15,2.9,NA,335,"CO",2016,19,1,234.782608695652,-0.699999999999999,123,0
385,2016-01-20,27.94,121.92,1.016,-13.1111111111111,-4.72222222222222,-11.8888888888889,13.3,NA,15,3.2,NA,335,"CO",2016,20,1,229.166666666667,0,123,0
386,2016-01-21,28.956,129.54,0.254,-14.7222222222222,-7.11111111111111,-13.7777777777778,12.9,NA,15.6,3,NA,335,"CO",2016,21,1,223.529411764706,-0.4,123,0
387,2016-01-22,28.956,127,0,-13.3888888888889,2.38888888888889,-6.72222222222222,12.7,NA,15.6,2.7,NA,335,"CO",2016,22,1,228,-0.200000000000001,123,0
388,2016-01-23,28.956,121.92,0,-8.27777777777778,5.61111111111111,-4.11111111111111,12.4,NA,15.2,2.6,NA,335,"CO",2016,23,1,237.5,-0.299999999999999,123,0
389,2016-01-24,29.21,119.38,0,-4.5,1.22222222222222,-7.61111111111111,12.5,NA,15.6,3.2,NA,335,"CO",2016,24,1,244.68085106383,0.0999999999999996,123,0
390,2016-01-25,29.21,119.38,0.508,-13.7222222222222,-7.11111111111111,-14.2222222222222,12.2,NA,15.4,3.1,NA,335,"CO",2016,25,1,244.68085106383,-0.300000000000001,123,0
391,2016-01-26,29.464,124.46,0,-17.3888888888889,-7.27777777777778,-15.2222222222222,11.9,NA,22.2,3.4,NA,335,"CO",2016,26,1,236.734693877551,-0.299999999999999,123,0
392,2016-01-27,29.464,121.92,0,-15.7777777777778,1.11111111111111,-9.11111111111111,11.5,NA,15.2,3.1,NA,335,"CO",2016,27,1,241.666666666667,-0.4,123,0
393,2016-01-28,29.464,119.38,0,-10.7222222222222,2,-6.72222222222222,11.8,NA,15.8,2.8,NA,335,"CO",2016,28,1,246.808510638298,0.300000000000001,123,0
394,2016-01-29,29.718,116.84,0.254,-8.77777777777778,-0.388888888888889,-6.77777777777778,11.5,NA,15.9,3.1,NA,335,"CO",2016,29,1,254.347826086957,-0.300000000000001,123,0
395,2016-01-30,29.972,119.38,1.524,-5.27777777777778,3.38888888888889,-4.72222222222222,11.4,NA,15.8,3.1,NA,335,"CO",2016,30,1,251.063829787234,-0.0999999999999996,123,0
396,2016-01-31,31.242,132.08,1.016,-12.2222222222222,-6.77777777777778,-12.7222222222222,11.2,NA,15.7,3.4,NA,335,"CO",2016,31,1,236.538461538462,-0.200000000000001,123,0
397,2016-02-01,32.512,139.7,0.762,-10.7777777777778,-8.77777777777778,-12.7777777777778,10.8,NA,20.4,2.5,NA,335,"CO",2016,32,2,232.727272727273,-0.399999999999999,123,0
398,2016-02-02,33.02,139.7,0,-18.3888888888889,-13.5,-18.1111111111111,10.4,NA,15.7,3.5,NA,335,"CO",2016,33,2,236.363636363636,-0.4,123,0
399,2016-02-03,33.274,139.7,0.254,-21.7222222222222,-17.1111111111111,-21.7777777777778,10.3,NA,21.1,3.1,NA,335,"CO",2016,34,2,238.181818181818,-0.0999999999999996,123,0
400,2016-02-04,33.528,137.16,0.254,-22.1111111111111,-8.88888888888889,-17.7222222222222,10.4,NA,20,3.1,NA,335,"CO",2016,35,2,244.444444444444,0.0999999999999996,123,0
401,2016-02-05,33.528,137.16,0.254,-16.7777777777778,-9.38888888888889,-16.2777777777778,10.1,NA,15.5,2.6,NA,335,"CO",2016,36,2,244.444444444444,-0.300000000000001,123,0
402,2016-02-06,33.782,137.16,0,-17.6111111111111,-2.22222222222222,-10.1111111111111,10.4,NA,15.8,3.8,NA,335,"CO",2016,37,2,246.296296296296,0.300000000000001,123,0
403,2016-02-07,33.782,134.62,0,-9.5,-5,-9.61111111111111,10.4,NA,19.1,2.9,NA,335,"CO",2016,38,2,250.943396226415,0,123,0
404,2016-02-08,33.782,132.08,0,-9.88888888888889,0.999999999999998,-7.11111111111111,10.2,NA,15.7,2.4,NA,335,"CO",2016,39,2,255.769230769231,-0.200000000000001,123,0
405,2016-02-09,33.782,132.08,0,-11.2222222222222,2.38888888888889,-6.88888888888889,10,NA,15.9,3.7,NA,335,"CO",2016,40,2,255.769230769231,-0.199999999999999,123,0
406,2016-02-10,33.782,129.54,0,-7.61111111111111,7,-2.72222222222222,9.7,NA,15.8,3.7,NA,335,"CO",2016,41,2,260.78431372549,-0.300000000000001,123,0
407,2016-02-11,33.782,129.54,0,-7.11111111111111,5.61111111111111,-2.27777777777778,9.2,NA,15.9,3.1,NA,335,"CO",2016,42,2,260.78431372549,-0.5,123,0
408,2016-02-12,33.782,127,0,-3.38888888888889,6.5,0,9.2,NA,15.8,3.3,NA,335,"CO",2016,43,2,266,0,123,0
409,2016-02-13,33.782,124.46,0,-2.22222222222222,6.11111111111111,-2.22222222222222,9,NA,15.9,3.6,NA,335,"CO",2016,44,2,271.428571428571,-0.199999999999999,123,0
410,2016-02-14,33.782,124.46,0.508,-10.2777777777778,-4,-8.27777777777778,8.6,NA,24.5,3.3,NA,335,"CO",2016,45,2,271.428571428571,-0.4,123,0
411,2016-02-15,34.29,134.62,1.016,-9.38888888888889,-3.22222222222222,-6.11111111111111,8.9,NA,16,3.6,NA,335,"CO",2016,46,2,254.716981132075,0.300000000000001,123,0
412,2016-02-16,34.544,134.62,0.254,-5.77777777777778,2.38888888888889,-3.61111111111111,8.9,NA,15.7,3.4,NA,335,"CO",2016,47,2,256.603773584906,0,123,0
413,2016-02-17,34.544,132.08,0,-3.77777777777778,10.2222222222222,2.22222222222222,8.2,NA,15.9,3.1,NA,335,"CO",2016,48,2,261.538461538461,-0.700000000000001,123,0
414,2016-02-18,34.544,129.54,1.016,1.5,6.5,-0.777777777777777,8.7,NA,20.3,3.6,NA,335,"CO",2016,49,2,266.666666666667,0.5,123,0
415,2016-02-19,35.052,134.62,0,-9.88888888888889,3.38888888888889,-4.5,8.7,NA,22.2,3.5,NA,335,"CO",2016,50,2,260.377358490566,0,123,0
416,2016-02-20,35.052,132.08,0,-2.5,3.38888888888889,-3.11111111111111,8.9,NA,15.9,3.8,NA,335,"CO",2016,51,2,265.384615384615,0.200000000000001,123,0
417,2016-02-21,35.052,129.54,0,-10.1111111111111,4.22222222222222,-5.77777777777778,9,NA,16,3.6,NA,335,"CO",2016,52,2,270.588235294118,0.0999999999999996,123,0
418,2016-02-22,35.052,127,0.508,-10.1111111111111,-3,-10,8.7,NA,15.9,3.2,NA,335,"CO",2016,53,2,276,-0.300000000000001,123,0
419,2016-02-23,35.56,139.7,0.254,-13.2222222222222,-2.72222222222222,-12.3888888888889,9.5,NA,15.9,3.6,NA,335,"CO",2016,54,2,254.545454545455,0.800000000000001,123,0
420,2016-02-24,35.56,137.16,0,-17.2777777777778,-2.61111111111111,-11.7777777777778,9.4,NA,15.8,3.4,NA,335,"CO",2016,55,2,259.259259259259,-0.0999999999999996,123,0
421,2016-02-25,35.56,134.62,0,-13.5,2.77777777777778,-6.77777777777778,9.2,NA,23.6,3.2,NA,335,"CO",2016,56,2,264.150943396226,-0.200000000000001,123,0
422,2016-02-26,35.56,132.08,0,-6,6.77777777777778,-4.11111111111111,9.9,NA,16.2,3.5,NA,335,"CO",2016,57,2,269.230769230769,0.700000000000001,123,0
423,2016-02-27,35.56,129.54,0,-7.61111111111111,6,-3.11111111111111,9.6,NA,16.2,3.1,NA,335,"CO",2016,58,2,274.509803921569,-0.300000000000001,123,0
424,2016-02-28,35.56,129.54,0,-7.38888888888889,4.38888888888889,-4.77777777777778,9.8,NA,15.9,3.7,NA,335,"CO",2016,59,2,274.509803921569,0.200000000000001,123,0
425,2016-02-29,35.56,129.54,1.016,-6,1.11111111111111,-6.27777777777778,9.5,NA,16.1,3,NA,335,"CO",2016,60,2,274.509803921569,-0.300000000000001,123,0
426,2016-03-01,36.068,139.7,0,-12.3888888888889,0.277777777777778,-6.27777777777778,9.5,NA,16,3.3,NA,335,"CO",2016,61,3,258.181818181818,0,123,0
427,2016-03-02,36.068,137.16,1.016,-5.77777777777778,-0.88888888888889,-5.5,9.4,NA,16.1,3.6,NA,335,"CO",2016,62,3,262.962962962963,-0.0999999999999996,123,0
428,2016-03-03,36.83,139.7,0,-9.22222222222222,7.11111111111111,-2.72222222222222,9.7,NA,15.8,3,NA,335,"CO",2016,63,3,263.636363636364,0.299999999999999,123,0
429,2016-03-04,36.83,139.7,0,-3.11111111111111,4.38888888888889,-1.77777777777778,9.6,NA,19.7,3.2,NA,335,"CO",2016,64,3,263.636363636364,-0.0999999999999996,123,0
430,2016-03-05,36.83,137.16,0,-3,8.88888888888889,0.611111111111112,9.7,NA,16,4,NA,335,"CO",2016,65,3,268.518518518518,0.0999999999999996,123,0
431,2016-03-06,36.83,134.62,0,-2.61111111111111,5.5,-2.27777777777778,9.6,NA,15.8,3,NA,335,"CO",2016,66,3,273.584905660377,-0.0999999999999996,123,0
432,2016-03-07,36.83,134.62,0.762,-5.88888888888889,-3.61111111111111,-7.61111111111111,9.6,NA,16.1,3.4,NA,335,"CO",2016,67,3,273.584905660377,0,123,0
433,2016-03-08,37.338,144.78,0.508,-10.8888888888889,1.11111111111111,-9.22222222222222,9.4,NA,15.7,3.1,NA,335,"CO",2016,68,3,257.894736842105,-0.199999999999999,123,0
434,2016-03-09,37.338,144.78,0,-11.2222222222222,0.277777777777778,-7.77777777777778,9.6,NA,16,4,NA,335,"CO",2016,69,3,257.894736842105,0.199999999999999,123,0
435,2016-03-10,37.338,144.78,0,-9.88888888888889,5.22222222222222,-4.61111111111111,9.4,NA,15.9,3.6,NA,335,"CO",2016,70,3,257.894736842105,-0.199999999999999,123,0
436,2016-03-11,37.338,139.7,0,-5.27777777777778,12.3888888888889,2.38888888888889,9.6,NA,16.2,3.7,NA,335,"CO",2016,71,3,267.272727272727,0.199999999999999,123,0
437,2016-03-12,37.338,134.62,0.508,2.38888888888889,5.77777777777778,-0.777777777777777,9.8,NA,16.3,3.7,NA,335,"CO",2016,72,3,277.358490566038,0.200000000000001,123,0
438,2016-03-13,37.338,139.7,0,-5,4.77777777777778,-2.5,10,NA,16.2,3.7,NA,335,"CO",2016,73,3,267.272727272727,0.199999999999999,123,0
439,2016-03-14,37.592,137.16,2.54,-4.72222222222222,0.111111111111113,-6.22222222222222,10.6,NA,15.8,3.7,NA,335,"CO",2016,74,3,274.074074074074,0.6,123,0
440,2016-03-15,39.878,172.72,1.778,-13,-9.61111111111111,-13.2222222222222,10.9,NA,16.4,3.3,NA,335,"CO",2016,75,3,230.882352941176,0.300000000000001,123,0
441,2016-03-16,41.656,177.8,0.762,-14.2222222222222,-7.61111111111111,-12.2777777777778,10.6,NA,15.8,4,NA,335,"CO",2016,76,3,234.285714285714,-0.300000000000001,123,0
442,2016-03-17,42.672,177.8,1.524,-10.8888888888889,-3.5,-9.27777777777778,11,NA,18.6,3,NA,335,"CO",2016,77,3,240,0.4,123,0
443,2016-03-18,43.688,187.96,1.016,-12.7777777777778,-7,-12.6111111111111,11.3,NA,15.7,3.1,NA,335,"CO",2016,78,3,232.432432432432,0.300000000000001,123,0
444,2016-03-19,44.704,190.5,0.254,-14.7777777777778,-3.38888888888889,-12.7222222222222,11,NA,16.2,4.3,NA,335,"CO",2016,79,3,234.666666666667,-0.300000000000001,123,0
445,2016-03-20,44.704,180.34,0,-16.7222222222222,4.5,-6,11.2,NA,16.2,4,NA,335,"CO",2016,80,3,247.887323943662,0.199999999999999,123,0
446,2016-03-21,44.704,172.72,0,-3,7.11111111111111,1.11111111111111,11.5,NA,16.3,3.7,NA,335,"CO",2016,81,3,258.823529411765,0.300000000000001,123,0
447,2016-03-22,44.958,167.64,0.508,0.722222222222221,5.38888888888889,-0.722222222222223,11.5,NA,16.1,3.9,NA,335,"CO",2016,82,3,268.181818181818,0,123,0
448,2016-03-23,45.212,165.1,3.048,-8.22222222222222,-8,-10.2222222222222,11.7,NA,16.2,3.4,NA,335,"CO",2016,83,3,273.846153846154,0.199999999999999,123,0
449,2016-03-24,48.514,195.58,0,-11.2777777777778,-0.111111111111111,-8.61111111111111,11.5,NA,16.2,4.3,NA,335,"CO",2016,84,3,248.051948051948,-0.199999999999999,123,0
450,2016-03-25,49.276,193.04,2.54,-8.72222222222222,-4.72222222222222,-10.7777777777778,11.7,NA,15.7,3.6,NA,335,"CO",2016,85,3,255.263157894737,0.199999999999999,123,0
451,2016-03-26,51.054,215.9,0,-16.6111111111111,-3.72222222222222,-12.5,11.5,NA,19.7,3.7,NA,335,"CO",2016,86,3,236.470588235294,-0.199999999999999,123,0
452,2016-03-27,51.308,205.74,0.254,-17.2222222222222,0.999999999999998,-8.88888888888889,11.7,NA,15.9,3.4,NA,335,"CO",2016,87,3,249.382716049383,0.199999999999999,123,0
453,2016-03-28,51.308,198.12,0,-9.27777777777778,7.61111111111111,-1,11.6,NA,16.4,3.9,NA,335,"CO",2016,88,3,258.974358974359,-0.0999999999999996,123,0
454,2016-03-29,51.308,190.5,0.508,-2.61111111111111,5.5,-2.88888888888889,11.8,NA,16.2,3.8,NA,335,"CO",2016,89,3,269.333333333333,0.200000000000001,123,0
455,2016-03-30,51.816,190.5,0.762,-11,-5,-10.5,11.8,NA,16,3.4,NA,335,"CO",2016,90,3,272,0,123,0
456,2016-03-31,52.578,203.2,0.254,-12.8888888888889,-2.77777777777778,-11.7777777777778,12.2,NA,16.1,3.8,NA,335,"CO",2016,91,3,258.75,0.399999999999999,123,0
457,2016-04-01,52.832,200.66,0.254,-17.6111111111111,-0.388888888888889,-9.72222222222222,12.5,NA,16.3,4,NA,335,"CO",2016,92,4,263.291139240506,0.300000000000001,123,0
458,2016-04-02,53.086,195.58,0,-10,5.77777777777778,-3.72222222222222,12.1,NA,16.2,4,NA,335,"CO",2016,93,4,271.428571428571,-0.4,123,0
459,2016-04-03,53.086,185.42,0,-6.27777777777778,7.5,-1.11111111111111,12.2,NA,16.2,3.7,NA,335,"CO",2016,94,4,286.301369863014,0.0999999999999996,123,0
460,2016-04-04,52.832,177.8,0,-3.5,9.72222222222222,2,12.1,NA,16.4,4.1,NA,335,"CO",2016,95,4,297.142857142857,-0.0999999999999996,123,0
461,2016-04-05,52.578,175.26,0.762,0.277777777777778,2.11111111111111,-5.27777777777778,12.5,NA,16,3.2,NA,335,"CO",2016,96,4,300,0.4,123,0
462,2016-04-06,53.34,182.88,0,-9.77777777777778,6.77777777777778,-2.38888888888889,12.6,NA,16.3,3.4,NA,335,"CO",2016,97,4,291.666666666667,0.0999999999999996,123,0
463,2016-04-07,53.34,175.26,0,-2.27777777777778,8.77777777777778,0.277777777777778,12.7,NA,16.5,3.6,NA,335,"CO",2016,98,4,304.347826086957,0.0999999999999996,123,0
464,2016-04-08,53.34,172.72,0.254,-4.38888888888889,9.5,0.999999999999998,12.7,NA,16.3,3.7,NA,335,"CO",2016,99,4,308.823529411765,0,123,0
465,2016-04-09,52.832,167.64,0,1.11111111111111,8.61111111111111,0.277777777777778,12.5,NA,16.4,3.7,NA,335,"CO",2016,100,4,315.151515151515,-0.199999999999999,123,0
466,2016-04-10,52.832,162.56,0,-2.72222222222222,6.77777777777778,-0.722222222222223,12.7,NA,16.2,3.7,NA,335,"CO",2016,101,4,325,0.199999999999999,123,0
467,2016-04-11,53.086,167.64,0.254,-5.61111111111111,9.22222222222222,-1.11111111111111,12.6,NA,16.1,4,NA,335,"CO",2016,102,4,316.666666666667,-0.0999999999999996,123,0
468,2016-04-12,53.34,162.56,0.254,-3.88888888888889,9.72222222222222,0.277777777777778,13.1,NA,16,3.6,NA,335,"CO",2016,103,4,328.125,0.5,123,0
469,2016-04-13,52.578,162.56,0,-2.77777777777778,10.2222222222222,2.27777777777778,13,NA,16.2,4.2,NA,335,"CO",2016,104,4,323.4375,-0.0999999999999996,123,0
470,2016-04-14,52.07,162.56,0.254,1.5,9.72222222222222,3,13.8,NA,16.3,4,NA,335,"CO",2016,105,4,320.3125,0.800000000000001,123,0
471,2016-04-15,51.816,157.48,2.794,-4.27777777777778,-0.388888888888889,-4.77777777777778,14,NA,16.4,3.3,NA,335,"CO",2016,106,4,329.032258064516,0.199999999999999,123,1
472,2016-04-16,53.594,198.12,2.54,-8,-0.611111111111112,-7.61111111111111,17.1,NA,20.6,3.6,NA,335,"CO",2016,107,4,270.51282051282,3.1,123,0
473,2016-04-17,55.88,218.44,0.762,-9.88888888888889,1.72222222222222,-7.77777777777778,18,NA,20.3,3.7,NA,335,"CO",2016,108,4,255.813953488372,0.899999999999999,123,0
474,2016-04-18,56.896,208.28,0.254,-10.5,0.722222222222221,-6.72222222222222,18.3,NA,16.6,4.5,NA,335,"CO",2016,109,4,273.170731707317,0.300000000000001,123,0
475,2016-04-19,57.15,200.66,0.254,-8.22222222222222,2.61111111111111,-5.77777777777778,18.2,NA,16.5,4.2,NA,335,"CO",2016,110,4,284.810126582278,-0.100000000000001,123,0
476,2016-04-20,57.404,198.12,0.508,-6.77777777777778,4,-2.61111111111111,18.3,NA,16.4,3.7,NA,335,"CO",2016,111,4,289.74358974359,0.100000000000001,123,0
477,2016-04-21,57.15,195.58,0,-3.77777777777778,10.3888888888889,1.27777777777778,18.6,NA,16.6,3.9,NA,335,"CO",2016,112,4,292.207792207792,0.300000000000001,123,0
478,2016-04-22,57.15,182.88,0,-2.88888888888889,13.7222222222222,5.11111111111111,19.2,NA,16.2,3.4,NA,335,"CO",2016,113,4,312.5,0.599999999999998,123,0
479,2016-04-23,56.642,175.26,0,0.722222222222221,11.2222222222222,2.38888888888889,20.7,NA,16.3,3.3,NA,335,"CO",2016,114,4,323.188405797101,1.5,123,0
480,2016-04-24,56.388,172.72,0.254,-4.88888888888889,4.38888888888889,-2.11111111111111,20.7,NA,15.9,3.4,NA,335,"CO",2016,115,4,326.470588235294,0,123,0
481,2016-04-25,56.388,170.18,0.508,-1.5,8.61111111111111,1.22222222222222,21,NA,16.4,3.2,NA,335,"CO",2016,116,4,331.34328358209,0.300000000000001,123,0
482,2016-04-26,56.134,167.64,1.016,-5.38888888888889,3,-4.88888888888889,21.3,NA,16.8,4.1,NA,335,"CO",2016,117,4,334.848484848485,0.300000000000001,123,0
483,2016-04-27,56.642,175.26,0.508,-8.11111111111111,3.38888888888889,-5,21.3,NA,18.3,3.3,NA,335,"CO",2016,118,4,323.188405797101,0,123,0
484,2016-04-28,57.404,175.26,0,-6.38888888888889,1.27777777777778,-5,21,NA,16.6,3.4,NA,335,"CO",2016,119,4,327.536231884058,-0.300000000000001,123,0
485,2016-04-29,57.404,172.72,0.762,-7.38888888888889,-2.61111111111111,-6.72222222222222,21.1,NA,17.4,3.9,NA,335,"CO",2016,120,4,332.352941176471,0.100000000000001,123,0
486,2016-04-30,58.42,180.34,1.524,-8.77777777777778,-1.77777777777778,-7.77777777777778,21.1,NA,17.4,3.5,NA,335,"CO",2016,121,4,323.943661971831,0,123,0
487,2016-05-01,59.436,193.04,0,-10.7777777777778,-3,-8.72222222222222,21.1,NA,17.7,4.6,NA,335,"CO",2016,122,5,307.894736842105,0,123,0
488,2016-05-02,59.944,193.04,0,-10.8888888888889,7.11111111111111,-2.22222222222222,21.1,NA,17.8,4,NA,335,"CO",2016,123,5,310.526315789474,0,123,0
489,2016-05-03,59.944,180.34,0,-4.61111111111111,9.77777777777778,0.999999999999998,21.7,NA,18,3.4,NA,335,"CO",2016,124,5,332.394366197183,0.599999999999998,123,0
490,2016-05-04,59.944,175.26,0,-2.38888888888889,13.3888888888889,5.11111111111111,22,NA,18.4,4.6,NA,335,"CO",2016,125,5,342.028985507246,0.300000000000001,123,0
491,2016-05-05,58.928,167.64,0.254,2.61111111111111,15.1111111111111,7.61111111111111,22.9,NA,18.4,4.3,NA,335,"CO",2016,126,5,351.515151515151,0.899999999999999,123,0
492,2016-05-06,58.166,162.56,0.254,4.61111111111111,12.2777777777778,6.11111111111111,23.6,NA,19.2,3.7,NA,335,"CO",2016,127,5,357.8125,0.700000000000003,123,0
493,2016-05-07,57.404,160.02,0.508,2.5,3.77777777777778,-1.38888888888889,23.6,NA,19.3,4.3,NA,335,"CO",2016,128,5,358.730158730159,0,123,0
494,2016-05-08,57.912,165.1,0.508,-4.77777777777778,5.5,-2,23.4,NA,20.9,3.4,NA,335,"CO",2016,129,5,350.769230769231,-0.200000000000003,123,0
495,2016-05-09,57.658,162.56,1.27,-4.22222222222222,4.88888888888889,-0.88888888888889,22.9,NA,22.4,3.4,NA,335,"CO",2016,130,5,354.6875,-0.5,123,0
496,2016-05-10,58.674,170.18,1.016,-2.11111111111111,5.11111111111111,-1.11111111111111,23.1,NA,23.2,4.2,NA,335,"CO",2016,131,5,344.776119402985,0.200000000000003,123,0
497,2016-05-11,59.182,170.18,0,-7.22222222222222,4.72222222222222,-2.5,23.1,NA,24.2,4.5,NA,335,"CO",2016,132,5,347.761194029851,0,123,0
498,2016-05-12,59.436,167.64,0,-5,10.2222222222222,2.22222222222222,23.3,NA,25.2,5.4,NA,335,"CO",2016,133,5,354.545454545455,0.199999999999999,123,0
499,2016-05-13,59.182,162.56,0,1.27777777777778,13,6.11111111111111,23.6,NA,25.5,7.6,NA,335,"CO",2016,134,5,364.0625,0.300000000000001,123,0
500,2016-05-14,57.912,157.48,0,4,14.1111111111111,6.5,24,NA,25.9,9.2,NA,335,"CO",2016,135,5,367.741935483871,0.399999999999999,123,0
501,2016-05-15,56.642,154.94,0.508,1.22222222222222,9.11111111111111,2.77777777777778,24.2,NA,27.2,9.5,NA,335,"CO",2016,136,5,365.573770491803,0.199999999999999,123,0
502,2016-05-16,56.388,154.94,1.778,-1.61111111111111,6.5,-1.61111111111111,24.5,NA,28.4,10.2,NA,335,"CO",2016,137,5,363.934426229508,0.300000000000001,123,0
503,2016-05-17,57.658,170.18,0,-5.5,2.38888888888889,-2.72222222222222,24,NA,28.2,10.7,NA,335,"CO",2016,138,5,338.805970149254,-0.5,123,0
504,2016-05-18,57.658,160.02,0,-5.27777777777778,10.6111111111111,1.27777777777778,23.8,NA,28.2,11.1,NA,335,"CO",2016,139,5,360.31746031746,-0.199999999999999,123,0
505,2016-05-19,56.642,154.94,0,-1.11111111111111,13,3.38888888888889,24.2,NA,28.2,11.9,NA,335,"CO",2016,140,5,365.573770491803,0.399999999999999,123,0
506,2016-05-20,55.626,152.4,0,2.27777777777778,12.2222222222222,6.61111111111111,24.5,NA,28.5,11.4,NA,335,"CO",2016,141,5,365,0.300000000000001,123,0
507,2016-05-21,53.594,144.78,0,4.61111111111111,13.3888888888889,8.11111111111111,24.7,NA,29.2,12.2,NA,335,"CO",2016,142,5,370.175438596491,0.199999999999999,123,0
508,2016-05-22,51.562,139.7,0,2.61111111111111,14.1111111111111,4.72222222222222,25,NA,29.9,13.1,NA,335,"CO",2016,143,5,369.090909090909,0.300000000000001,123,0
509,2016-05-23,49.276,134.62,0,-2.22222222222222,8,2.27777777777778,25.1,NA,29.8,13.5,NA,335,"CO",2016,144,5,366.037735849057,0.100000000000001,123,0
510,2016-05-24,48.514,132.08,0,0.222222222222221,11.1111111111111,4.88888888888889,24.8,NA,30,13.2,NA,335,"CO",2016,145,5,367.307692307692,-0.300000000000001,123,0
511,2016-05-25,47.498,124.46,0,1.61111111111111,9.72222222222222,3.72222222222222,25.1,NA,30,13.3,NA,335,"CO",2016,146,5,381.632653061224,0.300000000000001,123,0
512,2016-05-26,45.212,121.92,1.016,-0.777777777777777,7.11111111111111,0.277777777777778,24.9,NA,30,13.4,NA,335,"CO",2016,147,5,370.833333333333,-0.200000000000003,123,0
513,2016-05-27,44.704,121.92,0.254,-2.38888888888889,7.77777777777778,-0.611111111111112,24.9,NA,30,13.2,NA,335,"CO",2016,148,5,366.666666666667,0,123,0
514,2016-05-28,44.45,119.38,0,-2.77777777777778,9.5,1.61111111111111,24.2,NA,29.5,13.3,NA,335,"CO",2016,149,5,372.340425531915,-0.699999999999999,123,0
515,2016-05-29,44.196,119.38,0,0,13.2222222222222,5.11111111111111,24.7,NA,29.6,13.1,NA,335,"CO",2016,150,5,370.212765957447,0.5,123,0
516,2016-05-30,43.434,114.3,0,1.27777777777778,12.2777777777778,4.88888888888889,24.9,NA,30.2,13.6,NA,335,"CO",2016,151,5,380,0.199999999999999,123,0
517,2016-05-31,41.402,111.76,0.254,0.277777777777778,12.7222222222222,3.72222222222222,25.2,NA,30.3,13.3,NA,335,"CO",2016,152,5,370.454545454545,0.300000000000001,123,0
518,2016-06-01,38.862,106.68,0,0.277777777777778,13.7777777777778,5.77777777777778,25.4,NA,30.3,13.4,NA,335,"CO",2016,153,6,364.285714285714,0.199999999999999,123,0
519,2016-06-02,36.83,101.6,0,1.38888888888889,14.2777777777778,7.88888888888889,25.7,NA,30.8,13.4,NA,335,"CO",2016,154,6,362.5,0.300000000000001,123,0
520,2016-06-03,32.766,93.98,0,6.61111111111111,14.7777777777778,8.38888888888889,25.8,NA,39.6,13.9,NA,335,"CO",2016,155,6,348.648648648649,0.100000000000001,123,0
521,2016-06-04,29.464,86.36,0,5.5,17.7777777777778,9.22222222222222,26.5,NA,33.5,13.4,NA,335,"CO",2016,156,6,341.176470588235,0.699999999999999,123,0
522,2016-06-05,26.67,78.74,0,4.72222222222222,18.6111111111111,10.2222222222222,27,NA,35.7,14.3,NA,335,"CO",2016,157,6,338.709677419355,0.5,123,0
523,2016-06-06,23.114,66.04,0,5,18.5,9.5,27.1,NA,35.9,14.4,NA,335,"CO",2016,158,6,350,0.100000000000001,123,0
524,2016-06-07,20.32,60.96,0,5.88888888888889,20,10.2222222222222,27.4,NA,38.4,14,NA,335,"CO",2016,159,6,333.333333333333,0.299999999999997,123,0
525,2016-06-08,17.018,50.8,0,6.11111111111111,16.7222222222222,9.72222222222222,27.1,NA,38.4,14.1,NA,335,"CO",2016,160,6,335,-0.299999999999997,123,0
526,2016-06-09,13.716,40.64,0,4.5,19.2222222222222,11,27.6,NA,38.8,14.4,NA,335,"CO",2016,161,6,337.5,0.5,123,0
527,2016-06-10,9.652,27.94,0,10.8888888888889,20.8888888888889,13.8888888888889,27.9,NA,36,14.9,NA,335,"CO",2016,162,6,345.454545454545,0.299999999999997,123,0
528,2016-06-11,5.334,17.78,0,9.38888888888889,20.3888888888889,12.2777777777778,28.6,NA,36,14.7,NA,335,"CO",2016,163,6,300,0.700000000000003,123,0
529,2016-06-12,0.254,2.54,0,6.5,16.6111111111111,9,27.9,NA,38,15.3,NA,335,"CO",2016,164,6,100,-0.700000000000003,123,0
530,2016-06-13,0,0,0.254,5.77777777777778,13.7777777777778,6,26.9,NA,37.3,15.1,NA,335,"CO",2016,165,6,NA,-1,123,0
531,2016-06-14,0,0,0,-0.222222222222221,12.2777777777778,6.11111111111111,26.9,NA,34.5,14.7,NA,335,"CO",2016,166,6,NA,0,123,0
532,2016-06-15,0,0,0,6.5,19.8888888888889,11.7777777777778,25.1,NA,31.9,13.6,NA,335,"CO",2016,167,6,NA,-1.8,123,0
533,2016-06-16,0,0,0,10.7222222222222,18.6111111111111,11.3888888888889,23.6,NA,30.1,13.3,NA,335,"CO",2016,168,6,NA,-1.5,123,0
534,2016-06-17,0,0,0,6.11111111111111,18.7222222222222,11.2222222222222,22.1,NA,28.5,13.1,NA,335,"CO",2016,169,6,NA,-1.5,123,0
535,2016-06-18,0,0,0,8.22222222222222,22.1111111111111,14.1111111111111,21,NA,27.1,13.1,NA,335,"CO",2016,170,6,NA,-1.1,123,0
536,2016-06-19,0,0,0,11.7777777777778,22.1111111111111,15.2222222222222,19.9,NA,26.1,12.6,NA,335,"CO",2016,171,6,NA,-1.1,123,0
537,2016-06-20,0,0,0,10.5,20.8888888888889,14.2777777777778,19.2,NA,24.3,12.5,NA,335,"CO",2016,172,6,NA,-0.699999999999999,123,0
538,2016-06-21,0,0,0,12,22.7777777777778,16.1111111111111,18,NA,23.2,12.6,NA,335,"CO",2016,173,6,NA,-1.2,123,0
539,2016-06-22,0,0,1.27,12.2222222222222,20.7777777777778,12,16.7,NA,21.8,12.1,NA,335,"CO",2016,174,6,NA,-1.3,123,0
540,2016-06-23,0,0,0,4.5,17.3888888888889,11.2222222222222,23,NA,30.8,11.7,NA,335,"CO",2016,175,6,NA,6.3,123,0
541,2016-06-24,0,0,0,9.22222222222222,19.3888888888889,13.1111111111111,22.6,NA,27.1,12.6,NA,335,"CO",2016,176,6,NA,-0.399999999999999,123,0
542,2016-06-25,0,0,0,8.11111111111111,18.6111111111111,11.7777777777778,21,NA,40.3,12,NA,335,"CO",2016,177,6,NA,-1.6,123,0
543,2016-06-26,0,0,0,6,20,12.7777777777778,19.5,NA,39.6,11.6,NA,335,"CO",2016,178,6,NA,-1.5,123,0
544,2016-06-27,0,0,0,8.22222222222222,19.7222222222222,13.2777777777778,17.9,NA,39,11.7,NA,335,"CO",2016,179,6,NA,-1.6,123,0
545,2016-06-28,0,0,0,8.22222222222222,21.3888888888889,14.2222222222222,17.1,NA,38.2,11.2,NA,335,"CO",2016,180,6,NA,-0.799999999999997,123,0
546,2016-06-29,0,0,0,9.38888888888889,20,12.1111111111111,15.2,NA,38,10.6,NA,335,"CO",2016,181,6,NA,-1.9,123,0
547,2016-06-30,0,0,1.27,7.61111111111111,13.7222222222222,8.11111111111111,13.5,NA,34.8,10.1,NA,335,"CO",2016,182,6,NA,-1.7,123,0
548,2016-07-01,0,0,0.508,6.11111111111111,12.2777777777778,7.5,14.5,NA,34.8,10.9,NA,335,"CO",2016,183,7,NA,1,123,0
549,2016-07-02,0,0,0.508,5.5,11.7222222222222,6.5,22.1,NA,35.1,9.9,NA,335,"CO",2016,184,7,NA,7.6,123,0
550,2016-07-03,0,0,0,4.88888888888889,15.8888888888889,8.38888888888889,25.1,NA,40.7,11.2,NA,335,"CO",2016,185,7,NA,3,123,0
551,2016-07-04,0,0,0,4.38888888888889,18.2777777777778,10.7222222222222,24,NA,40.2,10.5,NA,335,"CO",2016,186,7,NA,-1.1,123,0
552,2016-07-05,0,0,0,9,17.5,11.7222222222222,22.6,NA,39.3,10.4,NA,335,"CO",2016,187,7,NA,-1.4,123,0
553,2016-07-06,0,0,0,10,18.2777777777778,13.7222222222222,21.3,NA,37.7,10,NA,335,"CO",2016,188,7,NA,-1.3,123,0
554,2016-07-07,0,0,0,11.6111111111111,18.3888888888889,12.7777777777778,19.3,NA,36.1,9.5,NA,335,"CO",2016,189,7,NA,-2,123,0
555,2016-07-08,0,0,0,9.11111111111111,21,14.1111111111111,17.9,NA,NA,9.9,NA,335,"CO",2016,190,7,NA,-1.4,123,0
556,2016-07-09,0,0,0,9.38888888888889,20.7777777777778,14.8888888888889,16.2,NA,NA,9.6,NA,335,"CO",2016,191,7,NA,-1.7,123,0
557,2016-07-10,0,0,0,13.3888888888889,21.7777777777778,15.6111111111111,14.5,NA,NA,9.5,NA,335,"CO",2016,192,7,NA,-1.7,123,0
558,2016-07-11,0,0,0,12.7777777777778,15.8888888888889,10.8888888888889,12.2,NA,NA,9,NA,335,"CO",2016,193,7,NA,-2.3,123,0
559,2016-07-12,0,0,0,7.11111111111111,17.7777777777778,11.8888888888889,10.2,NA,NA,8.6,NA,335,"CO",2016,194,7,NA,-2,123,0
560,2016-07-13,0,0,0,10,18.8888888888889,12.2222222222222,8.4,NA,NA,7.5,NA,335,"CO",2016,195,7,NA,-1.8,123,0
561,2016-07-14,0,0,0,8,18.7777777777778,11.7777777777778,6.9,NA,NA,8,NA,335,"CO",2016,196,7,NA,-1.5,123,0
562,2016-07-15,0,0,0,9.11111111111111,19.3888888888889,12.6111111111111,6.4,NA,NA,6.9,NA,335,"CO",2016,197,7,NA,-0.5,123,0
563,2016-07-16,0,0,0,8.77777777777778,20.5,14.2777777777778,6.3,NA,NA,6.2,NA,335,"CO",2016,198,7,NA,-0.100000000000001,123,0
564,2016-07-17,0,0,0,11,20.5,14.2222222222222,5.5,NA,NA,6.3,NA,335,"CO",2016,199,7,NA,-0.8,123,0
565,2016-07-18,0,0,0,10.1111111111111,18.6111111111111,12.3888888888889,5.3,NA,NA,5.2,NA,335,"CO",2016,200,7,NA,-0.2,123,0
566,2016-07-19,0,0,0.508,10.6111111111111,19.6111111111111,11.6111111111111,5.2,NA,NA,6,NA,335,"CO",2016,201,7,NA,-0.0999999999999996,123,0
567,2016-07-20,0,0,2.032,6.38888888888889,18.7222222222222,9.77777777777778,4.9,NA,NA,5.8,NA,335,"CO",2016,202,7,NA,-0.3,123,0
568,2016-07-21,0,0,0.508,6.61111111111111,18,10.3888888888889,8.3,NA,NA,5.9,NA,335,"CO",2016,203,7,NA,3.4,123,0
569,2016-07-22,0,0,0,10.8888888888889,20.2222222222222,13.2777777777778,22,NA,NA,5.8,NA,335,"CO",2016,204,7,NA,13.7,123,0
570,2016-07-23,0,0,0,8.22222222222222,21.2777777777778,13.2777777777778,20.2,NA,NA,5.4,NA,335,"CO",2016,205,7,NA,-1.8,123,0
571,2016-07-24,0,0,0,11.2222222222222,19.7222222222222,12.7222222222222,17.6,NA,NA,5.5,NA,335,"CO",2016,206,7,NA,-2.6,123,0
572,2016-07-25,0,0,0,10.7222222222222,22.5,14.7777777777778,15,NA,NA,5,NA,335,"CO",2016,207,7,NA,-2.6,123,0
573,2016-07-26,0,0,0,9.72222222222222,20.7777777777778,11.8888888888889,12.2,NA,NA,4.9,NA,335,"CO",2016,208,7,NA,-2.8,123,0
574,2016-07-27,0,0,0,7.22222222222222,20.5,13.8888888888889,10.2,NA,NA,4.5,NA,335,"CO",2016,209,7,NA,-2,123,0
575,2016-07-28,0,0,0,9.11111111111111,20.3888888888889,14.2222222222222,8.4,NA,NA,4.5,NA,335,"CO",2016,210,7,NA,-1.8,123,0
576,2016-07-29,0,0,0,8.72222222222222,19.3888888888889,13.6111111111111,6.7,NA,NA,4.9,NA,335,"CO",2016,211,7,NA,-1.7,123,0
577,2016-07-30,0,0,0,11.8888888888889,21.3888888888889,14.2777777777778,6.4,NA,NA,4.6,NA,335,"CO",2016,212,7,NA,-0.3,123,0
578,2016-07-31,0,0,0.762,10.2222222222222,18.7222222222222,10.7222222222222,5.4,NA,NA,4.4,NA,335,"CO",2016,213,7,NA,-1,123,0
579,2016-08-01,0,0,0,5.5,19.5,11.7777777777778,5.1,NA,NA,4.2,NA,335,"CO",2016,214,8,NA,-0.300000000000001,123,0
580,2016-08-02,0,0,0,10.1111111111111,20.2222222222222,12.8888888888889,5.7,NA,NA,4.4,NA,335,"CO",2016,215,8,NA,0.600000000000001,123,0
732,2017-01-01,18.034,73.66,0,-12.7222222222222,-2.72222222222222,-9.77777777777778,5.7,NA,NA,NA,NA,335,"CO",2017,1,1,244.827586206897,0,97,0
733,2017-01-02,18.034,73.66,0,-8.11111111111111,-6.27777777777778,-8.5,5.7,NA,NA,NA,NA,335,"CO",2017,2,1,244.827586206897,0,97,0
734,2017-01-03,18.034,71.12,1.524,-10,-9.88888888888889,-11.7222222222222,5.7,NA,NA,NA,NA,335,"CO",2017,3,1,253.571428571429,0,97,0
735,2017-01-04,19.05,83.82,2.286,-11.5,-6.77777777777778,-8.38888888888889,5.7,NA,NA,NA,NA,335,"CO",2017,4,1,227.272727272727,0,97,0
736,2017-01-05,21.336,101.6,2.54,-7.61111111111111,-7.61111111111111,-17.6111111111111,5.7,NA,NA,NA,NA,335,"CO",2017,5,1,210,0,97,0
737,2017-01-06,23.114,116.84,0,-22.3888888888889,-11.5,-21.1111111111111,5.7,NA,NA,NA,NA,335,"CO",2017,6,1,197.826086956522,0,97,0
738,2017-01-07,23.114,106.68,0.254,-20.7222222222222,-3.72222222222222,-11.6111111111111,5.7,NA,NA,NA,NA,335,"CO",2017,7,1,216.666666666667,0,97,0
739,2017-01-08,23.622,106.68,1.778,-6.72222222222222,-1.27777777777778,-4.22222222222222,5.7,NA,NA,NA,NA,335,"CO",2017,8,1,221.428571428571,0,97,0
740,2017-01-09,25.146,119.38,2.794,-1.38888888888889,-0.88888888888889,-3.77777777777778,5.7,NA,NA,NA,NA,335,"CO",2017,9,1,210.63829787234,0,97,0
741,2017-01-10,27.178,127,1.016,-11.5,-7,-9.61111111111111,5.7,NA,NA,NA,NA,335,"CO",2017,10,1,214,0,97,0
742,2017-01-11,28.194,124.46,1.778,-7.77777777777778,-4.38888888888889,-7.77777777777778,5.7,NA,NA,NA,NA,335,"CO",2017,11,1,226.530612244898,0,97,0
743,2017-01-12,29.21,134.62,0.508,-10.7222222222222,-2.72222222222222,-8.11111111111111,5.7,NA,NA,NA,NA,335,"CO",2017,12,1,216.981132075472,0,97,0
744,2017-01-13,29.464,134.62,0,-9.11111111111111,0.722222222222221,-6.61111111111111,5.7,NA,NA,NA,NA,335,"CO",2017,13,1,218.867924528302,0,97,0
745,2017-01-14,29.718,129.54,0.254,-9.77777777777778,-1.11111111111111,-6.72222222222222,5.7,NA,NA,NA,NA,335,"CO",2017,14,1,229.411764705882,0,97,0
746,2017-01-15,29.718,121.92,0,-6.27777777777778,-1.61111111111111,-4.77777777777778,5.7,NA,NA,NA,NA,335,"CO",2017,15,1,243.75,0,97,0
747,2017-01-16,29.972,124.46,0.254,-5.5,-4.22222222222222,-7,5.7,NA,NA,NA,NA,335,"CO",2017,16,1,240.816326530612,0,97,0
748,2017-01-17,30.226,124.46,0.254,-9.88888888888889,2.61111111111111,-8.72222222222222,5.7,NA,NA,NA,NA,335,"CO",2017,17,1,242.857142857143,0,97,0
749,2017-01-18,30.226,121.92,0,-11.6111111111111,3.22222222222222,-8.38888888888889,5.7,NA,NA,NA,NA,335,"CO",2017,18,1,247.916666666667,0,97,0
750,2017-01-19,30.226,119.38,0,-12.3888888888889,3.38888888888889,-7.88888888888889,5.7,NA,NA,NA,NA,335,"CO",2017,19,1,253.191489361702,0,97,0
751,2017-01-20,30.226,116.84,0.508,-10.2777777777778,-4.72222222222222,-10.5,5.7,NA,NA,NA,NA,335,"CO",2017,20,1,258.695652173913,0,97,0
752,2017-01-21,30.734,124.46,0.254,-14.7222222222222,0.722222222222221,-10.2222222222222,5.7,NA,NA,NA,NA,335,"CO",2017,21,1,246.938775510204,0,97,0
753,2017-01-22,30.988,127,0.508,-12.8888888888889,-4.11111111111111,-11,5.7,NA,NA,NA,NA,335,"CO",2017,22,1,244,0,97,0
754,2017-01-23,31.496,129.54,1.016,-7.61111111111111,-4.22222222222222,-8,5.7,NA,NA,NA,NA,335,"CO",2017,23,1,243.137254901961,0,97,0
755,2017-01-24,32.258,132.08,0.508,-12.2777777777778,-5.61111111111111,-14.8888888888889,5.7,NA,NA,NA,NA,335,"CO",2017,24,1,244.230769230769,0,97,0
756,2017-01-25,32.258,134.62,0.508,-19,-13.3888888888889,-18.6111111111111,5.7,NA,NA,NA,NA,335,"CO",2017,25,1,239.622641509434,0,97,0
757,2017-01-26,32.512,132.08,0.254,-20.8888888888889,-14.5,-21.1111111111111,5.7,NA,NA,NA,NA,335,"CO",2017,26,1,246.153846153846,0,97,0
758,2017-01-27,32.512,132.08,0,-24.7222222222222,-8.22222222222222,-19.3888888888889,5.7,NA,NA,NA,NA,335,"CO",2017,27,1,246.153846153846,0,97,0
759,2017-01-28,32.766,124.46,0,-20.3888888888889,-7.61111111111111,-15.2222222222222,5.7,NA,NA,NA,NA,335,"CO",2017,28,1,263.265306122449,0,97,0
760,2017-01-29,32.766,127,0,-14.6111111111111,-0.722222222222223,-8.77777777777778,5.7,NA,NA,NA,NA,335,"CO",2017,29,1,258,0,97,0
761,2017-01-30,33.274,124.46,0,-10,1.22222222222222,-5.27777777777778,5.7,NA,NA,NA,NA,335,"CO",2017,30,1,267.34693877551,0,97,0
762,2017-01-31,33.274,121.92,0,-7.11111111111111,3.38888888888889,-3,5.7,NA,NA,NA,NA,335,"CO",2017,31,1,272.916666666667,0,97,0
763,2017-02-01,33.274,119.38,0,-5.38888888888889,2.5,-2.72222222222222,5.7,NA,NA,NA,NA,335,"CO",2017,32,2,278.723404255319,0,97,0
764,2017-02-02,33.274,116.84,0.508,-3.11111111111111,-2.11111111111111,-5.72222222222222,5.7,NA,NA,NA,NA,335,"CO",2017,33,2,284.782608695652,0,97,0
765,2017-02-03,33.528,119.38,0.254,-8.5,3.22222222222222,-5.77777777777778,5.7,NA,NA,NA,NA,335,"CO",2017,34,2,280.851063829787,0,97,0
766,2017-02-04,33.782,121.92,1.016,-6.27777777777778,-1.38888888888889,-6.22222222222222,5.7,NA,NA,NA,NA,335,"CO",2017,35,2,277.083333333333,0,97,0
767,2017-02-05,34.036,127,0,-10.2777777777778,3,-5.38888888888889,5.7,NA,NA,NA,NA,335,"CO",2017,36,2,268,0,97,0
768,2017-02-06,34.036,124.46,0,-3.11111111111111,2.72222222222222,-4.61111111111111,5.7,NA,NA,NA,NA,335,"CO",2017,37,2,273.469387755102,0,97,0
769,2017-02-07,34.036,121.92,1.27,-6.72222222222222,-1,-4.38888888888889,5.7,NA,NA,NA,NA,335,"CO",2017,38,2,279.166666666667,0,97,0
770,2017-02-08,34.544,121.92,1.27,-4.72222222222222,-2.22222222222222,-5.22222222222222,5.7,NA,NA,NA,NA,335,"CO",2017,39,2,283.333333333333,0,97,0
771,2017-02-09,35.306,124.46,0,-2.27777777777778,7.38888888888889,1.27777777777778,5.7,NA,NA,NA,NA,335,"CO",2017,40,2,283.673469387755,0,97,0
772,2017-02-10,35.56,119.38,0,3.61111111111111,8.22222222222222,2.88888888888889,5.7,NA,NA,NA,NA,335,"CO",2017,41,2,297.872340425532,0,97,0
773,2017-02-11,35.56,119.38,0.762,-0.777777777777777,2.5,-3.5,5.7,NA,NA,NA,NA,335,"CO",2017,42,2,297.872340425532,0,97,0
774,2017-02-12,35.814,119.38,0,-7.77777777777778,4.77777777777778,-3.72222222222222,5.7,NA,NA,NA,NA,335,"CO",2017,43,2,300,0,97,0
775,2017-02-13,35.814,119.38,0,-5.5,0.777777777777777,-5.61111111111111,5.7,NA,NA,NA,NA,335,"CO",2017,44,2,300,0,97,0
776,2017-02-14,35.814,119.38,0,-12.2222222222222,0.388888888888891,-8.61111111111111,5.7,NA,NA,NA,NA,335,"CO",2017,45,2,300,0,97,0
777,2017-02-15,35.814,119.38,0,-12.3888888888889,5.72222222222222,-4.88888888888889,5.7,NA,NA,NA,NA,335,"CO",2017,46,2,300,0,97,0
778,2017-02-16,35.814,116.84,0,-7,9.61111111111111,-1.38888888888889,5.7,NA,NA,NA,NA,335,"CO",2017,47,2,306.521739130435,0,97,0
779,2017-02-17,35.814,116.84,0.254,-6.38888888888889,7.61111111111111,-2.22222222222222,5.7,NA,NA,NA,NA,335,"CO",2017,48,2,306.521739130435,0,97,0
780,2017-02-18,35.814,116.84,0,-4.72222222222222,5.77777777777778,-1.38888888888889,5.7,NA,NA,NA,NA,335,"CO",2017,49,2,306.521739130435,0,97,0
781,2017-02-19,36.068,114.3,1.524,-3.5,4.5,-3.22222222222222,5.7,NA,NA,NA,NA,335,"CO",2017,50,2,315.555555555556,0,97,0
782,2017-02-20,37.338,137.16,0,-9.11111111111111,2.11111111111111,-4.61111111111111,5.7,NA,NA,NA,NA,335,"CO",2017,51,2,272.222222222222,0,97,0
783,2017-02-21,37.592,132.08,0,-1.22222222222222,7,-0.277777777777778,5.7,NA,NA,NA,NA,335,"CO",2017,52,2,284.615384615385,0,97,0
784,2017-02-22,37.592,127,0,-2.22222222222222,5.5,-2.72222222222222,5.7,NA,NA,NA,NA,335,"CO",2017,53,2,296,0,97,0
785,2017-02-23,37.592,127,1.27,-8.77777777777778,-7.88888888888889,-12.7222222222222,5.7,NA,NA,NA,NA,335,"CO",2017,54,2,296,0,97,0
786,2017-02-24,38.1,139.7,0.508,-16.7222222222222,-10.7222222222222,-17,5.7,NA,NA,NA,NA,335,"CO",2017,55,2,272.727272727273,0,97,0
787,2017-02-25,38.608,142.24,0.508,-20,-10.8888888888889,-17.8888888888889,5.7,NA,NA,NA,NA,335,"CO",2017,56,2,271.428571428571,0,97,0
788,2017-02-26,38.608,142.24,0,-19.2222222222222,-8.11111111111111,-16.2222222222222,5.7,NA,NA,NA,NA,335,"CO",2017,57,2,271.428571428571,0,97,0
789,2017-02-27,38.608,139.7,0.508,-14.2777777777778,-3.61111111111111,-9.22222222222222,5.7,NA,NA,NA,NA,335,"CO",2017,58,2,276.363636363636,0,97,0
790,2017-02-28,38.608,134.62,1.27,-10.1111111111111,-7.61111111111111,-13.5,5.7,NA,NA,NA,NA,335,"CO",2017,59,2,286.792452830189,0,97,0
791,2017-03-01,39.116,147.32,0,-18,-6.88888888888889,-14.7222222222222,5.7,NA,NA,NA,NA,335,"CO",2017,60,3,265.51724137931,0,97,0
792,2017-03-02,39.37,144.78,0,-16,-2.77777777777778,-11.2222222222222,5.7,NA,NA,NA,NA,335,"CO",2017,61,3,271.929824561403,0,97,0
793,2017-03-03,39.37,139.7,0,-9.38888888888889,4,-4,5.7,NA,NA,NA,NA,335,"CO",2017,62,3,281.818181818182,0,97,0
794,2017-03-04,39.624,137.16,0,-3.22222222222222,5.38888888888889,-0.88888888888889,5.7,NA,NA,NA,NA,335,"CO",2017,63,3,288.888888888889,0,97,0
795,2017-03-05,39.624,134.62,0,-4.5,3.88888888888889,-2.11111111111111,5.7,NA,NA,NA,NA,335,"CO",2017,64,3,294.339622641509,0,97,0
796,2017-03-06,39.878,132.08,1.524,-5.5,-5.61111111111111,-15.6111111111111,5.7,NA,NA,NA,NA,335,"CO",2017,65,3,301.923076923077,0,97,0
797,2017-03-07,40.132,144.78,0.508,-18.5,-3.77777777777778,-11.7222222222222,5.7,NA,NA,NA,NA,335,"CO",2017,66,3,277.19298245614,0,97,0
798,2017-03-08,40.64,144.78,0,-10.8888888888889,4.88888888888889,-3.22222222222222,5.7,NA,NA,NA,NA,335,"CO",2017,67,3,280.701754385965,0,97,0
799,2017-03-09,40.894,139.7,0,-3.5,7.77777777777778,-0.277777777777778,5.7,NA,NA,NA,NA,335,"CO",2017,68,3,292.727272727273,0,97,0
800,2017-03-10,41.148,137.16,0,-1.38888888888889,8.38888888888889,0.222222222222221,5.7,NA,NA,NA,NA,335,"CO",2017,69,3,300,0,97,0
801,2017-03-11,41.148,134.62,0.254,-3.77777777777778,6.72222222222222,-1.38888888888889,5.7,NA,NA,NA,NA,335,"CO",2017,70,3,305.660377358491,0,97,0
802,2017-03-12,41.402,132.08,0.254,-2.27777777777778,1.38888888888889,-4.88888888888889,5.7,NA,NA,NA,NA,335,"CO",2017,71,3,313.461538461538,0,97,0
803,2017-03-13,41.402,137.16,0,-10.1111111111111,3,-3.72222222222222,5.7,NA,NA,NA,NA,335,"CO",2017,72,3,301.851851851852,0,97,0
804,2017-03-14,41.402,134.62,0,-1.77777777777778,8.77777777777778,0.999999999999998,5.7,NA,NA,NA,NA,335,"CO",2017,73,3,307.547169811321,0,97,0
805,2017-03-15,41.402,129.54,0,-0.277777777777778,9.61111111111111,3.27777777777778,5.7,NA,NA,NA,NA,335,"CO",2017,74,3,319.607843137255,0,97,0
806,2017-03-16,41.402,127,0,2.11111111111111,8.72222222222222,2.61111111111111,5.7,NA,NA,NA,NA,335,"CO",2017,75,3,326,0,97,0
807,2017-03-17,39.878,124.46,0,-0.777777777777777,10.7222222222222,2.77777777777778,5.7,NA,NA,NA,NA,335,"CO",2017,76,3,320.408163265306,0,97,0
808,2017-03-18,38.862,121.92,0,-0.777777777777777,12.7222222222222,5.72222222222222,5.7,NA,NA,NA,NA,335,"CO",2017,77,3,318.75,0,97,0
809,2017-03-19,38.608,119.38,0,3.88888888888889,9.5,4.61111111111111,5.7,NA,NA,NA,NA,335,"CO",2017,78,3,323.404255319149,0,97,0
810,2017-03-20,38.354,116.84,0,3,9.77777777777778,3.27777777777778,5.7,NA,NA,NA,NA,335,"CO",2017,79,3,328.260869565217,0,97,0
811,2017-03-21,37.846,114.3,0,-2.11111111111111,9.72222222222222,3.38888888888889,5.7,NA,NA,NA,NA,335,"CO",2017,80,3,331.111111111111,0,97,0
812,2017-03-22,36.83,114.3,0,2.61111111111111,11,4.5,5.7,NA,NA,NA,NA,335,"CO",2017,81,3,322.222222222222,0,97,0
813,2017-03-23,37.338,111.76,1.016,2.88888888888889,7.72222222222222,-0.277777777777778,5.7,NA,NA,NA,NA,335,"CO",2017,82,3,334.090909090909,0,97,0
814,2017-03-24,37.338,121.92,0.762,-5,1.77777777777778,-4.88888888888889,5.7,NA,NA,NA,NA,335,"CO",2017,83,3,306.25,0,97,0
815,2017-03-25,38.354,121.92,1.016,-7.61111111111111,10.3888888888889,-0.777777777777777,5.7,NA,NA,NA,NA,335,"CO",2017,84,3,314.583333333333,0,97,0
816,2017-03-26,39.37,127,0.254,-4.11111111111111,4.77777777777778,-3.38888888888889,5.7,NA,NA,NA,NA,335,"CO",2017,85,3,310,0,97,0
817,2017-03-27,40.386,116.84,0.508,-7.27777777777778,6.77777777777778,-3.11111111111111,5.7,NA,NA,NA,NA,335,"CO",2017,86,3,345.652173913043,0,97,0
818,2017-03-28,40.64,121.92,1.016,-4.11111111111111,2.77777777777778,-3.5,5.7,NA,NA,NA,NA,335,"CO",2017,87,3,333.333333333333,0,97,0
819,2017-03-29,41.402,132.08,0,-6.61111111111111,2.88888888888889,-4.61111111111111,5.7,NA,NA,NA,NA,335,"CO",2017,88,3,313.461538461538,0,97,0
820,2017-03-30,41.91,134.62,0.508,-6.27777777777778,7.5,-1,5.7,NA,NA,NA,NA,335,"CO",2017,89,3,311.320754716981,0,97,0
821,2017-03-31,42.418,132.08,0.508,-2.72222222222222,0.722222222222221,-5,5.7,NA,NA,NA,NA,335,"CO",2017,90,3,321.153846153846,0,97,0
822,2017-04-01,42.418,124.46,0,-9.72222222222222,1.61111111111111,-4.77777777777778,5.7,NA,NA,NA,NA,335,"CO",2017,91,4,340.816326530612,0,97,0
823,2017-04-02,42.672,127,0.508,-5.27777777777778,5.38888888888889,-3.5,5.7,NA,NA,NA,NA,335,"CO",2017,92,4,336,0,97,0
824,2017-04-03,43.18,129.54,0.762,-8.11111111111111,0.722222222222221,-6.77777777777778,5.7,NA,NA,NA,NA,335,"CO",2017,93,4,333.333333333333,0,97,0
825,2017-04-04,44.196,134.62,2.794,-9.72222222222222,-1.22222222222222,-9.5,5.7,NA,NA,NA,NA,335,"CO",2017,94,4,328.301886792453,0,97,0
826,2017-04-05,46.482,165.1,0,-11.7222222222222,0.111111111111113,-8.11111111111111,5.7,NA,NA,NA,NA,335,"CO",2017,95,4,281.538461538462,0,97,0
827,2017-04-06,46.99,154.94,0.254,-6.72222222222222,8.61111111111111,-0.111111111111111,5.7,NA,NA,NA,NA,335,"CO",2017,96,4,303.27868852459,0,97,0
828,2017-04-07,47.244,142.24,0,0.111111111111113,11.5,4,5.7,NA,NA,NA,NA,335,"CO",2017,97,4,332.142857142857,0,97,0
829,2017-04-08,46.99,134.62,0,2.72222222222222,9.38888888888889,3.22222222222222,5.7,NA,NA,NA,NA,335,"CO",2017,98,4,349.056603773585,0,97,0
830,2017-04-09,46.736,129.54,0.508,-4.27777777777778,-3.5,-7.61111111111111,5.7,NA,NA,NA,NA,335,"CO",2017,99,4,360.78431372549,0,97,0
831,2017-04-10,46.228,132.08,0,-13.5,3.72222222222222,-5.38888888888889,5.7,NA,NA,NA,NA,335,"CO",2017,100,4,350,0,97,0
832,2017-04-11,46.736,129.54,0,-4.11111111111111,7.61111111111111,0.277777777777778,5.7,NA,NA,NA,NA,335,"CO",2017,101,4,360.78431372549,0,97,0
833,2017-04-12,46.482,129.54,0,1.27777777777778,12,3.72222222222222,5.7,NA,NA,NA,NA,335,"CO",2017,102,4,358.823529411765,0,97,0
834,2017-04-13,45.974,124.46,0,0,12.6111111111111,5.5,5.7,NA,NA,NA,NA,335,"CO",2017,103,4,369.387755102041,0,97,0
835,2017-04-14,44.196,121.92,0,4.11111111111111,12.3888888888889,5.38888888888889,5.7,NA,NA,NA,NA,335,"CO",2017,104,4,362.5,0,97,0
836,2017-04-15,43.434,119.38,0,0.499999999999999,9,1.27777777777778,5.7,NA,NA,NA,NA,335,"CO",2017,105,4,363.829787234043,0,97,0
837,2017-04-16,43.18,114.3,0,-0.777777777777777,10.5,2.61111111111111,5.7,NA,NA,NA,NA,335,"CO",2017,106,4,377.777777777778,0,97,0
838,2017-04-17,42.926,111.76,0,-1.5,11.1111111111111,3.77777777777778,5.7,NA,NA,NA,NA,335,"CO",2017,107,4,384.090909090909,0,97,0
839,2017-04-18,42.926,109.22,0,0,13.6111111111111,5.77777777777778,5.7,NA,NA,NA,NA,335,"CO",2017,108,4,393.023255813953,0,97,0
840,2017-04-19,41.148,104.14,0.762,2.61111111111111,4.88888888888889,-0.388888888888889,5.7,NA,NA,NA,NA,335,"CO",2017,109,4,395.121951219512,0,97,0
841,2017-04-20,41.656,111.76,0.762,-4.38888888888889,6.72222222222222,-1.77777777777778,5.7,NA,NA,NA,NA,335,"CO",2017,110,4,372.727272727273,0,97,0
842,2017-04-21,42.418,111.76,0.508,-3.72222222222222,2.38888888888889,-5.22222222222222,5.7,NA,NA,NA,NA,335,"CO",2017,111,4,379.545454545455,0,97,0
843,2017-04-22,42.672,114.3,0,-8.22222222222222,6.38888888888889,-3.77777777777778,5.7,NA,NA,NA,NA,335,"CO",2017,112,4,373.333333333333,0,97,0
844,2017-04-23,42.672,111.76,0.254,-5.5,12.3888888888889,4,5.7,NA,NA,NA,NA,335,"CO",2017,113,4,381.818181818182,0,97,0
845,2017-04-24,42.418,106.68,0.762,-1.77777777777778,7.38888888888889,0.611111111111112,5.7,NA,NA,NA,NA,335,"CO",2017,114,4,397.619047619048,0,97,0
846,2017-04-25,42.418,116.84,0.762,-6.38888888888889,1.27777777777778,-6,5.7,NA,NA,NA,NA,335,"CO",2017,115,4,363.04347826087,0,97,0
847,2017-04-26,42.926,119.38,0.508,-8.38888888888889,2.11111111111111,-5.61111111111111,5.7,NA,NA,NA,NA,335,"CO",2017,116,4,359.574468085106,0,97,0
848,2017-04-27,43.18,116.84,1.27,-7,0.222222222222221,-6.22222222222222,5.7,NA,NA,NA,NA,335,"CO",2017,117,4,369.565217391304,0,97,0
849,2017-04-28,44.196,127,0.762,-10.6111111111111,-0.111111111111111,-8.88888888888889,5.7,NA,NA,NA,NA,335,"CO",2017,118,4,348,0,97,0
850,2017-04-29,44.958,127,0.762,-13.3888888888889,-5,-10.2777777777778,5.7,NA,NA,NA,NA,335,"CO",2017,119,4,354,0,97,0
851,2017-04-30,45.212,139.7,0.254,-11.7777777777778,0.499999999999999,-6.5,5.7,NA,NA,NA,NA,335,"CO",2017,120,4,323.636363636364,0,97,0
852,2017-05-01,45.466,127,0.254,-5.22222222222222,5.88888888888889,-2.11111111111111,5.7,NA,NA,NA,NA,335,"CO",2017,121,5,358,0,97,0
853,2017-05-02,45.72,129.54,0.508,-2.22222222222222,5.77777777777778,-2,5.7,NA,NA,NA,NA,335,"CO",2017,122,5,352.941176470588,0,97,0
854,2017-05-03,46.228,129.54,0.254,-4.61111111111111,5.38888888888889,-1.77777777777778,5.7,NA,NA,NA,NA,335,"CO",2017,123,5,356.862745098039,0,97,0
855,2017-05-04,46.482,127,0,-3.11111111111111,12.8888888888889,4.5,5.7,NA,NA,NA,NA,335,"CO",2017,124,5,366,0,97,0
856,2017-05-05,45.466,116.84,0,2.61111111111111,15.3888888888889,7.5,5.7,NA,NA,NA,NA,335,"CO",2017,125,5,389.130434782609,0,97,0
857,2017-05-06,44.45,111.76,0,3.38888888888889,17.7777777777778,9.38888888888889,5.7,NA,NA,NA,NA,335,"CO",2017,126,5,397.727272727273,0,97,0
858,2017-05-07,42.672,106.68,0.254,4,13.8888888888889,4,5.7,NA,NA,NA,NA,335,"CO",2017,127,5,400,0,97,0
859,2017-05-08,42.672,104.14,0.508,1.27777777777778,11.5,3.38888888888889,5.7,NA,NA,NA,NA,335,"CO",2017,128,5,409.756097560976,0,97,0
860,2017-05-09,42.926,104.14,0,0.111111111111113,11.7777777777778,3.27777777777778,5.7,NA,NA,NA,NA,335,"CO",2017,129,5,412.195121951219,0,97,0
861,2017-05-10,41.148,101.6,0.508,-0.111111111111111,5.77777777777778,0.388888888888891,5.7,NA,NA,NA,NA,335,"CO",2017,130,5,405,0,97,0
862,2017-05-11,41.402,99.06,0,-1.27777777777778,11.2222222222222,3.27777777777778,5.7,NA,NA,NA,NA,335,"CO",2017,131,5,417.948717948718,0,97,0
863,2017-05-12,39.624,99.06,0,-0.222222222222221,15.1111111111111,7.11111111111111,5.7,NA,NA,NA,NA,335,"CO",2017,132,5,400,0,97,0
864,2017-05-13,37.084,91.44,0,2.38888888888889,14.7222222222222,8.11111111111111,5.7,NA,NA,NA,NA,335,"CO",2017,133,5,405.555555555555,0,97,0
865,2017-05-14,34.544,83.82,0,5.11111111111111,11.1111111111111,5.5,5.7,NA,NA,NA,NA,335,"CO",2017,134,5,412.121212121212,0,97,0
866,2017-05-15,33.02,78.74,0,4.38888888888889,12.8888888888889,6.11111111111111,5.7,NA,NA,NA,NA,335,"CO",2017,135,5,419.354838709677,0,97,0
867,2017-05-16,31.496,73.66,0.254,1.5,8.61111111111111,1.77777777777778,5.7,NA,NA,NA,NA,335,"CO",2017,136,5,427.586206896552,0,97,0
868,2017-05-17,30.226,71.12,1.016,-3.5,7.5,-0.222222222222221,5.7,NA,NA,NA,NA,335,"CO",2017,137,5,425,0,97,0
869,2017-05-18,30.48,81.28,3.556,-4.72222222222222,-0.111111111111111,-5.77777777777778,5.7,NA,NA,NA,NA,335,"CO",2017,138,5,375,0,97,0
870,2017-05-19,33.782,116.84,0.508,-9.5,3.38888888888889,-5.61111111111111,5.7,NA,NA,NA,NA,335,"CO",2017,139,5,289.130434782609,0,97,0
871,2017-05-20,34.036,101.6,0,-7.38888888888889,3.38888888888889,-4.22222222222222,5.7,NA,NA,NA,NA,335,"CO",2017,140,5,335,0,97,0
872,2017-05-21,34.29,99.06,0.762,-5.77777777777778,7.61111111111111,0,5.7,NA,NA,NA,NA,335,"CO",2017,141,5,346.153846153846,0,97,0
873,2017-05-22,34.798,96.52,1.016,-2.72222222222222,6,-1.77777777777778,5.7,NA,NA,NA,NA,335,"CO",2017,142,5,360.526315789474,0,97,0
874,2017-05-23,35.56,96.52,0.254,-5.77777777777778,4.22222222222222,-2.11111111111111,5.7,NA,NA,NA,NA,335,"CO",2017,143,5,368.421052631579,0,97,0
875,2017-05-24,35.814,91.44,0,-1.61111111111111,13.1111111111111,6.11111111111111,5.7,NA,NA,NA,NA,335,"CO",2017,144,5,391.666666666667,0,97,0
876,2017-05-25,34.798,81.28,0.508,4.61111111111111,11.7777777777778,4.38888888888889,5.7,NA,NA,NA,NA,335,"CO",2017,145,5,428.125,0,97,0
877,2017-05-26,33.782,81.28,0,-0.277777777777778,12.2777777777778,4.88888888888889,5.7,NA,NA,NA,NA,335,"CO",2017,146,5,415.625,0,97,0
878,2017-05-27,32.004,73.66,1.27,-1.77777777777778,5.11111111111111,-1.77777777777778,5.7,NA,NA,NA,NA,335,"CO",2017,147,5,434.48275862069,0,97,0
879,2017-05-28,32.766,78.74,0,-5.38888888888889,11,2.22222222222222,5.7,NA,NA,NA,NA,335,"CO",2017,148,5,416.129032258065,0,97,0
880,2017-05-29,32.766,73.66,0,-1.27777777777778,11.7777777777778,3.27777777777778,5.7,NA,NA,NA,NA,335,"CO",2017,149,5,444.827586206897,0,97,0
881,2017-05-30,31.496,71.12,0,-0.777777777777777,13.7777777777778,5.77777777777778,5.7,NA,NA,NA,NA,335,"CO",2017,150,5,442.857142857143,0,97,0
882,2017-05-31,29.21,66.04,0,2.38888888888889,14.6111111111111,7.77777777777778,5.7,NA,NA,NA,NA,335,"CO",2017,151,5,442.307692307692,0,97,0
883,2017-06-01,27.178,60.96,0,3.5,13.1111111111111,7,5.7,NA,NA,NA,NA,335,"CO",2017,152,6,445.833333333333,0,97,0
884,2017-06-02,25.146,55.88,0,1.72222222222222,12.8888888888889,4.88888888888889,5.7,NA,NA,NA,NA,335,"CO",2017,153,6,450,0,97,0
885,2017-06-03,23.368,53.34,0,1.27777777777778,13.7777777777778,6.5,5.7,NA,NA,NA,NA,335,"CO",2017,154,6,438.095238095238,0,97,0
886,2017-06-04,21.082,48.26,0,3.27777777777778,18,9.61111111111111,5.7,NA,NA,NA,NA,335,"CO",2017,155,6,436.842105263158,0,97,0
887,2017-06-05,17.526,40.64,0,6.72222222222222,17.7222222222222,9.22222222222222,5.7,NA,NA,NA,NA,335,"CO",2017,156,6,431.25,0,97,0
888,2017-06-06,15.24,35.56,0.508,4.11111111111111,15.5,5.77777777777778,5.7,NA,NA,NA,NA,335,"CO",2017,157,6,428.571428571429,0,97,0
889,2017-06-07,13.462,30.48,0,3.5,16.6111111111111,8.77777777777778,5.7,NA,NA,NA,NA,335,"CO",2017,158,6,441.666666666667,0,97,0
890,2017-06-08,10.414,22.86,0,6.61111111111111,18,11.5,5.7,NA,NA,NA,NA,335,"CO",2017,159,6,455.555555555556,0,97,0
891,2017-06-09,6.35,15.24,0,9.38888888888889,17.5,12.3888888888889,5.7,NA,NA,NA,NA,335,"CO",2017,160,6,416.666666666667,0,97,0
892,2017-06-10,3.048,5.08,0,12.1111111111111,19.7222222222222,13.8888888888889,5.7,NA,NA,NA,NA,335,"CO",2017,161,6,600,0,97,0
893,2017-06-11,1.524,2.54,0,11.1111111111111,16,10.7222222222222,5.7,NA,NA,NA,NA,335,"CO",2017,162,6,600,0,97,0
894,2017-06-12,1.27,2.54,0,7,17.2222222222222,10.3888888888889,5.7,NA,NA,NA,NA,335,"CO",2017,163,6,500,0,97,0
895,2017-06-13,0,0,0,-0.277777777777778,9.22222222222222,4.77777777777778,5.7,NA,NA,NA,NA,335,"CO",2017,164,6,NA,0,97,0
896,2017-06-14,0,0,0,0.222222222222221,13.7222222222222,6.72222222222222,5.7,NA,NA,NA,NA,335,"CO",2017,165,6,NA,0,97,0
897,2017-06-15,0,0,0,3.88888888888889,16.1111111111111,9.88888888888889,5.7,NA,NA,NA,NA,335,"CO",2017,166,6,NA,0,97,0
898,2017-06-16,0,0,0,6.77777777777778,17.5,11.5,5.7,NA,NA,NA,NA,335,"CO",2017,167,6,NA,0,97,0
899,2017-06-17,0,0,0,8.61111111111111,16.5,11,5.7,NA,NA,NA,NA,335,"CO",2017,168,6,NA,0,97,0
900,2017-06-18,0,0,0,4.38888888888889,16.2777777777778,9.22222222222222,5.7,NA,NA,NA,NA,335,"CO",2017,169,6,NA,0,97,0
901,2017-06-19,0,0,0,5.11111111111111,19.1111111111111,10.7222222222222,5.7,NA,NA,NA,NA,335,"CO",2017,170,6,NA,0,97,0
902,2017-06-20,0,0,0,7.22222222222222,21.2222222222222,12.3888888888889,5.7,NA,NA,NA,NA,335,"CO",2017,171,6,NA,0,97,0
903,2017-06-21,0,0,0,10.1111111111111,20.2777777777778,13.8888888888889,5.7,NA,NA,NA,NA,335,"CO",2017,172,6,NA,0,97,0
904,2017-06-22,0,0,0,11.2222222222222,20,11.7222222222222,5.7,NA,NA,NA,NA,335,"CO",2017,173,6,NA,0,97,0
905,2017-06-23,0,2.54,0,7,16.2777777777778,9.11111111111111,5.7,NA,NA,NA,NA,335,"CO",2017,174,6,0,0,97,0
906,2017-06-24,0,2.54,0,5.38888888888889,16.1111111111111,9.11111111111111,5.7,NA,NA,NA,NA,335,"CO",2017,175,6,0,0,97,0
907,2017-06-25,0,2.54,0,3.72222222222222,17.6111111111111,10,5.7,NA,NA,NA,NA,335,"CO",2017,176,6,0,0,97,0
908,2017-06-26,0,2.54,0,4,19.7222222222222,11.7222222222222,5.7,NA,NA,NA,NA,335,"CO",2017,177,6,0,0,97,0
909,2017-06-27,0,0,0,7.72222222222222,19.5,13.1111111111111,5.7,NA,NA,NA,NA,335,"CO",2017,178,6,NA,0,97,0
910,2017-06-28,0,0,0,7.5,17.2222222222222,11.2222222222222,5.7,NA,NA,NA,NA,335,"CO",2017,179,6,NA,0,97,0
911,2017-06-29,0,0,0,5.5,16.2777777777778,9.72222222222222,5.7,NA,NA,NA,NA,335,"CO",2017,180,6,NA,0,97,0
912,2017-06-30,0,0,0,4.22222222222222,15,7.72222222222222,5.6,NA,NA,6,NA,335,"CO",2017,181,6,NA,-0.100000000000001,97,0
913,2017-07-01,0,0,0,4.5,19.2222222222222,10.8888888888889,4.9,NA,NA,6.2,NA,335,"CO",2017,182,7,NA,-0.699999999999999,97,0
914,2017-07-02,0,0,0,7.88888888888889,18.8888888888889,11.7777777777778,4.1,NA,NA,6.5,NA,335,"CO",2017,183,7,NA,-0.800000000000001,97,0
915,2017-07-03,0,0,0,8.5,17.8888888888889,10.2222222222222,4.1,NA,NA,5,NA,335,"CO",2017,184,7,NA,0,97,0
916,2017-07-04,0,0,0,7.77777777777778,19.5,12.2777777777778,3.7,NA,NA,5.3,NA,335,"CO",2017,185,7,NA,-0.399999999999999,97,0
917,2017-07-05,0,0,0,10.6111111111111,22.8888888888889,14.7222222222222,3.9,NA,NA,5.1,NA,335,"CO",2017,186,7,NA,0.2,97,0
918,2017-07-06,0,0,0,10.1111111111111,22,14.7777777777778,3.4,NA,NA,4.4,NA,335,"CO",2017,187,7,NA,-0.5,97,0
919,2017-07-07,0,0,0.254,11.2222222222222,21.6111111111111,12,3.2,NA,NA,4.3,NA,335,"CO",2017,188,7,NA,-0.2,97,0
920,2017-07-08,0,0,0.254,7.77777777777778,18.7777777777778,11.5,3.3,NA,NA,3.9,NA,335,"CO",2017,189,7,NA,0.0999999999999996,97,0
921,2017-07-09,0,0,0,7.88888888888889,21.7222222222222,13.6111111111111,3.3,NA,NA,3.6,NA,335,"CO",2017,190,7,NA,0,97,0
922,2017-07-10,0,0,1.524,12.1111111111111,20.3888888888889,12.1111111111111,3,NA,NA,3,NA,335,"CO",2017,191,7,NA,-0.3,97,0
923,2017-07-11,0,0,0.254,6.61111111111111,19.1111111111111,10.5,3,NA,NA,0,NA,335,"CO",2017,192,7,NA,0,97,0
924,2017-07-12,0,0,1.778,6.61111111111111,10.7222222222222,7.38888888888889,3,NA,NA,0,NA,335,"CO",2017,193,7,NA,0,97,0
925,2017-07-13,0,0,0,5.77777777777778,17.1111111111111,10.6111111111111,8.2,NA,NA,0,NA,335,"CO",2017,194,7,NA,5.2,97,0
926,2017-07-14,0,0,0.254,7.61111111111111,17.7222222222222,9.88888888888889,13.7,NA,NA,0,NA,335,"CO",2017,195,7,NA,5.5,97,0
927,2017-07-15,0,0,0,8.5,18.2777777777778,10.7222222222222,14.3,NA,NA,3.6,NA,335,"CO",2017,196,7,NA,0.600000000000001,97,0
928,2017-07-16,0,0,0.762,7.77777777777778,21.7222222222222,11.1111111111111,13.8,NA,NA,2.7,NA,335,"CO",2017,197,7,NA,-0.5,97,0
929,2017-07-17,0,0,0,5.88888888888889,20.2777777777778,12.2777777777778,15.8,NA,NA,3.5,NA,335,"CO",2017,198,7,NA,2,97,0
930,2017-07-18,0,0,0,9.5,18.6111111111111,12.7777777777778,15.7,NA,NA,3.4,NA,335,"CO",2017,199,7,NA,-0.100000000000001,97,0
931,2017-07-19,0,0,0.508,10.6111111111111,23.2222222222222,12.7777777777778,14.2,NA,NA,2.7,NA,335,"CO",2017,200,7,NA,-1.5,97,0
932,2017-07-20,0,0,1.27,7,19.7777777777778,11.6111111111111,13.7,NA,NA,2.9,NA,335,"CO",2017,201,7,NA,-0.5,97,0
933,2017-07-21,0,0,0.762,8.22222222222222,19.7777777777778,10.2222222222222,16.9,NA,NA,3.5,NA,335,"CO",2017,202,7,NA,3.2,97,0
934,2017-07-22,0,0,0.762,6.11111111111111,17,10.3888888888889,20.5,NA,NA,3.2,NA,335,"CO",2017,203,7,NA,3.6,97,0
935,2017-07-23,0,0,0,9.5,18.3888888888889,12.7777777777778,21.3,NA,NA,3.2,NA,335,"CO",2017,204,7,NA,0.800000000000001,97,0
936,2017-07-24,0,0,0,9.72222222222222,21.1111111111111,13.7777777777778,19.2,NA,NA,3.5,NA,335,"CO",2017,205,7,NA,-2.1,97,0
937,2017-07-25,0,0,0.254,11.2222222222222,18,11.3888888888889,17.3,NA,NA,3.1,NA,335,"CO",2017,206,7,NA,-1.9,97,0
938,2017-07-26,0,0,0,7.61111111111111,17.2777777777778,10.3888888888889,17,NA,NA,3.3,NA,335,"CO",2017,207,7,NA,-0.300000000000001,97,0
939,2017-07-27,0,0,0,8.11111111111111,20,12.3888888888889,17.3,NA,NA,4,NA,335,"CO",2017,208,7,NA,0.300000000000001,97,0
940,2017-07-28,0,0,0,10,19.6111111111111,11.7777777777778,16.2,NA,NA,3.7,NA,335,"CO",2017,209,7,NA,-1.1,97,0
941,2017-07-29,0,0,0.762,8.5,11.7777777777778,8.38888888888889,15.4,NA,NA,3.3,NA,335,"CO",2017,210,7,NA,-0.799999999999999,97,0
942,2017-07-30,0,0,0.254,7.61111111111111,16.7222222222222,9.72222222222222,20.9,NA,NA,3.8,NA,335,"CO",2017,211,7,NA,5.5,97,0
943,2017-07-31,0,0,0,5.22222222222222,16.5,9.77777777777778,22,NA,NA,4,NA,335,"CO",2017,212,7,NA,1.1,97,0
944,2017-08-01,0,0,0.254,6.61111111111111,17.3888888888889,10.2222222222222,20.2,NA,NA,4.2,NA,335,"CO",2017,213,8,NA,-1.8,97,0
945,2017-08-02,0,0,1.016,8.22222222222222,18.6111111111111,11.2222222222222,18.8,NA,NA,3.4,NA,335,"CO",2017,214,8,NA,-1.4,97,0
1097,2018-01-01,14.224,63.5,0,-15.2222222222222,-0.777777777777777,-8.22222222222222,6.3,NA,48120.7,7,NA,335,"CO",2018,1,1,224,0,109,0
1098,2018-01-02,14.224,63.5,0,-11.5,-5.22222222222222,-12.7222222222222,5.7,NA,48083,7.7,NA,335,"CO",2018,2,1,224,-0.6,109,0
1099,2018-01-03,14.224,63.5,0,-13,2.27777777777778,-7,6.1,NA,47761.7,7.6,NA,335,"CO",2018,3,1,224,0.399999999999999,109,0
1100,2018-01-04,14.478,60.96,0.254,-9.5,3.77777777777778,-5.77777777777778,6.2,NA,47959.9,6.8,NA,335,"CO",2018,4,1,237.5,0.100000000000001,109,0
1101,2018-01-05,14.478,60.96,0,-8.11111111111111,3.88888888888889,-4.5,6.1,NA,47799,0,NA,335,"CO",2018,5,1,237.5,-0.100000000000001,109,0
1102,2018-01-06,14.478,60.96,0.762,-8.38888888888889,1.61111111111111,-4.5,5.7,NA,48079.8,7.9,NA,335,"CO",2018,6,1,237.5,-0.399999999999999,109,0
1103,2018-01-07,15.494,68.58,0.508,-6,-1.77777777777778,-8.5,5.7,NA,47393,7.8,NA,335,"CO",2018,7,1,225.925925925926,0,109,0
1104,2018-01-08,15.748,68.58,0,-10.5,8.72222222222222,-4,6,NA,48292.6,7.9,NA,335,"CO",2018,8,1,229.62962962963,0.3,109,0
1105,2018-01-09,15.748,71.12,0,-7.22222222222222,4.11111111111111,-2,6.1,NA,47472.5,7.4,NA,335,"CO",2018,9,1,221.428571428571,0.0999999999999996,109,0
1106,2018-01-10,16.002,71.12,1.016,-1.61111111111111,-1.22222222222222,-6.38888888888889,6.4,NA,47976.1,6.8,NA,335,"CO",2018,10,1,225,0.300000000000001,109,0
1107,2018-01-11,17.018,73.66,0.254,-13.2777777777778,-9.72222222222222,-13.6111111111111,5.8,NA,48687.8,8.2,NA,335,"CO",2018,11,1,231.034482758621,-0.600000000000001,109,0
1108,2018-01-12,17.272,81.28,1.27,-9.77777777777778,-6.27777777777778,-9.27777777777778,5.7,NA,48977.8,7.9,NA,335,"CO",2018,12,1,212.5,-0.0999999999999996,109,0
1109,2018-01-13,18.542,88.9,0.254,-10.7777777777778,-2.5,-8.77777777777778,6,NA,48696.3,3.7,NA,335,"CO",2018,13,1,208.571428571429,0.3,109,0
1110,2018-01-14,18.796,91.44,0,-9.72222222222222,-1.22222222222222,-7.77777777777778,6.1,NA,48730.1,5.5,NA,335,"CO",2018,14,1,205.555555555556,0.0999999999999996,109,0
1111,2018-01-15,18.796,86.36,0.254,-9.77777777777778,-7,-12.3888888888889,6,NA,48488.1,3.5,NA,335,"CO",2018,15,1,217.647058823529,-0.0999999999999996,109,0
1112,2018-01-16,18.796,86.36,0,-18.2222222222222,-2,-12.2222222222222,6.2,NA,49018.8,4.5,NA,335,"CO",2018,16,1,217.647058823529,0.2,109,0
1113,2018-01-17,18.796,81.28,0,-11.3888888888889,0.777777777777777,-8.22222222222222,5.8,NA,48876.3,2.5,NA,335,"CO",2018,17,1,231.25,-0.4,109,0
1114,2018-01-18,18.796,81.28,0,-10.5,5.38888888888889,-3.88888888888889,6.5,NA,48928.3,3,NA,335,"CO",2018,18,1,231.25,0.7,109,0
1115,2018-01-19,18.796,78.74,0,1.27777777777778,6.72222222222222,1.27777777777778,6.1,NA,48264.4,4.4,NA,335,"CO",2018,19,1,238.709677419355,-0.4,109,0
1116,2018-01-20,18.796,76.2,0,-1.27777777777778,4.61111111111111,-1.61111111111111,6.5,NA,48220.6,6.7,NA,335,"CO",2018,20,1,246.666666666667,0.4,109,0
1117,2018-01-21,18.796,76.2,2.286,-7.22222222222222,-7.22222222222222,-14.1111111111111,6,NA,48443,7.9,NA,335,"CO",2018,21,1,246.666666666667,-0.5,109,0
1118,2018-01-22,21.082,96.52,0.254,-18,-7.88888888888889,-16.5,6.1,NA,48739.8,7.8,NA,335,"CO",2018,22,1,218.421052631579,0.0999999999999996,109,0
1119,2018-01-23,21.082,93.98,0.254,-14.3888888888889,-6.61111111111111,-13.3888888888889,6.1,NA,48928.3,7.6,NA,335,"CO",2018,23,1,224.324324324324,0,109,0
1120,2018-01-24,21.336,93.98,0,-15.5,0.388888888888891,-8.72222222222222,6,NA,48941.6,0,NA,335,"CO",2018,24,1,227.027027027027,-0.0999999999999996,109,0
1121,2018-01-25,21.336,88.9,0,-4.11111111111111,3.38888888888889,-2.61111111111111,6.2,NA,48036.8,0,NA,335,"CO",2018,25,1,240,0.2,109,0
1122,2018-01-26,21.336,86.36,0.762,-9.77777777777778,-9.77777777777778,-14.2777777777778,6.1,NA,48326.8,2.5,NA,335,"CO",2018,26,1,247.058823529412,-0.100000000000001,109,0
1123,2018-01-27,21.844,96.52,0,-17.7222222222222,-4.72222222222222,-12.7222222222222,5.8,NA,49424.4,3.8,NA,335,"CO",2018,27,1,226.315789473684,-0.3,109,0
1124,2018-01-28,21.844,91.44,0.254,-11.5,-4,-9.22222222222222,5.9,NA,49043.5,5.9,NA,335,"CO",2018,28,1,238.888888888889,0.100000000000001,109,0
1125,2018-01-29,22.098,93.98,0,-8.38888888888889,0.777777777777777,-6.22222222222222,6,NA,48541.9,7.4,NA,335,"CO",2018,29,1,235.135135135135,0.0999999999999996,109,0
1126,2018-01-30,22.098,91.44,0,-7.22222222222222,5.22222222222222,-1.77777777777778,5.7,NA,48403.8,6.5,NA,335,"CO",2018,30,1,241.666666666667,-0.3,109,0
1127,2018-01-31,21.082,81.28,0,-3.77777777777778,0.777777777777777,-3,6.1,NA,48396.6,6.2,NA,335,"CO",2018,31,1,259.375,0.399999999999999,109,0
1128,2018-02-01,21.082,81.28,1.016,-5.5,-4.61111111111111,-6.61111111111111,6.1,NA,48463.4,7.5,NA,335,"CO",2018,32,2,259.375,0,109,0
1129,2018-02-02,21.844,88.9,0.254,-5.38888888888889,3.27777777777778,-3.88888888888889,6.4,NA,48880.3,7.3,NA,335,"CO",2018,33,2,245.714285714286,0.300000000000001,109,0
1130,2018-02-03,22.098,88.9,0.762,-6.88888888888889,-0.611111111111112,-5.72222222222222,5.9,NA,48805.9,6.3,NA,335,"CO",2018,34,2,248.571428571429,-0.5,109,0
1131,2018-02-04,22.86,91.44,0.254,-6.61111111111111,-0.388888888888889,-4.27777777777778,5.8,NA,49262,6.3,NA,335,"CO",2018,35,2,250,-0.100000000000001,109,0
1132,2018-02-05,22.86,88.9,2.54,-5.22222222222222,-2.38888888888889,-7,5.8,NA,49148.7,6,NA,335,"CO",2018,36,2,257.142857142857,0,109,0
1133,2018-02-06,25.146,109.22,0,-10.6111111111111,-4,-10.2222222222222,6.6,NA,49028.8,7.5,NA,335,"CO",2018,37,2,230.232558139535,0.8,109,0
1134,2018-02-07,25.4,111.76,0.508,-11.6111111111111,-1.5,-8.27777777777778,6.4,NA,49171.1,0.1,NA,335,"CO",2018,38,2,227.272727272727,-0.199999999999999,109,0
1135,2018-02-08,25.654,109.22,0,-7.61111111111111,0.499999999999999,-4.88888888888889,6.9,NA,48892.7,0,NA,335,"CO",2018,39,2,234.883720930233,0.5,109,0
1136,2018-02-09,25.654,106.68,0.762,-4.61111111111111,1.61111111111111,-4.72222222222222,6.6,NA,48779.9,0,NA,335,"CO",2018,40,2,240.47619047619,-0.300000000000001,109,0
1137,2018-02-10,26.416,114.3,1.27,-7.11111111111111,-6.38888888888889,-11.7222222222222,6.6,NA,48603,0,NA,335,"CO",2018,41,2,231.111111111111,0,109,0
1138,2018-02-11,27.432,114.3,0,-18.7777777777778,-3.77777777777778,-13.2777777777778,6.4,NA,48892.7,0,NA,335,"CO",2018,42,2,240,-0.199999999999999,109,0
1139,2018-02-12,27.432,116.84,0.508,-9.77777777777778,-0.722222222222223,-6.77777777777778,6.7,NA,49210.1,1.1,NA,335,"CO",2018,43,2,234.782608695652,0.3,109,0
1140,2018-02-13,27.94,116.84,0,-7,0.388888888888891,-5.5,7,NA,48771.2,0,NA,335,"CO",2018,44,2,239.130434782609,0.3,109,0
1141,2018-02-14,27.686,106.68,0.508,-6.61111111111111,1.72222222222222,-4.27777777777778,6.4,NA,48707.3,0,NA,335,"CO",2018,45,2,259.52380952381,-0.6,109,0
1142,2018-02-15,26.924,101.6,1.016,-6.77777777777778,-4.22222222222222,-10.2777777777778,6.2,NA,49919.9,0,NA,335,"CO",2018,46,2,265,-0.2,109,0
1143,2018-02-16,28.194,116.84,0.254,-16.5,-3.11111111111111,-11.5,6.3,NA,48556.4,0,NA,335,"CO",2018,47,2,241.304347826087,0.0999999999999996,109,0
1144,2018-02-17,27.686,109.22,0,-11.2777777777778,-0.777777777777777,-7,6.6,NA,48512.9,0,NA,335,"CO",2018,48,2,253.488372093023,0.3,109,0
1145,2018-02-18,27.432,101.6,0,-2.72222222222222,2.5,-2.22222222222222,6.6,NA,49100.2,0,NA,335,"CO",2018,49,2,270,0,109,0
1146,2018-02-19,25.908,91.44,1.016,-5.77777777777778,-1.27777777777778,-7.61111111111111,6.5,NA,49493,0,NA,335,"CO",2018,50,2,283.333333333333,-0.0999999999999996,109,0
1147,2018-02-20,26.416,104.14,0,-14.7777777777778,-13.8888888888889,-18.6111111111111,6.6,NA,50067.4,0,NA,335,"CO",2018,51,2,253.658536585366,0.0999999999999996,109,0
1148,2018-02-21,26.416,99.06,0.254,-20.7777777777778,-6.88888888888889,-15.2222222222222,6.5,NA,51980.1,0,NA,335,"CO",2018,52,2,266.666666666667,-0.0999999999999996,109,0
1149,2018-02-22,26.67,99.06,0.508,-12.7777777777778,-8,-13.5,6.5,NA,51751.8,0,NA,335,"CO",2018,53,2,269.230769230769,0,109,0
1150,2018-02-23,27.178,104.14,0.508,-17.2777777777778,-4.27777777777778,-13.3888888888889,6.5,NA,51718.7,0,NA,335,"CO",2018,54,2,260.975609756098,0,109,0
1151,2018-02-24,27.686,111.76,0.254,-16.1111111111111,-13.8888888888889,-17.7777777777778,7,NA,51817.7,0,NA,335,"CO",2018,55,2,247.727272727273,0.5,109,0
1152,2018-02-25,27.686,106.68,0.254,-17.8888888888889,-11.2222222222222,-15.7777777777778,6.6,NA,52069.4,0,NA,335,"CO",2018,56,2,259.52380952381,-0.4,109,0
1153,2018-02-26,27.94,106.68,0,-11.5,0,-6.88888888888889,6.1,NA,52555.2,0,NA,335,"CO",2018,57,2,261.904761904762,-0.5,109,0
1154,2018-02-27,27.94,104.14,0,-7.22222222222222,0.277777777777778,-5.88888888888889,6.2,NA,51412.3,0,NA,335,"CO",2018,58,2,268.292682926829,0.100000000000001,109,0
1155,2018-02-28,27.94,104.14,0,-10.7222222222222,-1,-9.5,6,NA,51600.9,0,NA,335,"CO",2018,59,2,268.292682926829,-0.2,109,0
1156,2018-03-01,27.94,104.14,0,-10.8888888888889,3.61111111111111,-6.27777777777778,6.6,NA,51788.3,0,NA,335,"CO",2018,60,3,268.292682926829,0.6,109,0
1157,2018-03-02,27.94,101.6,0,-7,5,-1.77777777777778,6.2,NA,51525.5,0,NA,335,"CO",2018,61,3,275,-0.399999999999999,109,0
1158,2018-03-03,27.94,101.6,0,-2,7.77777777777778,0.277777777777778,6.4,NA,51755.5,0,NA,335,"CO",2018,62,3,275,0.2,109,0
1159,2018-03-04,27.94,99.06,0.762,-2,4,-6.61111111111111,6.8,NA,51453.6,0,NA,335,"CO",2018,63,3,282.051282051282,0.399999999999999,109,0
1160,2018-03-05,28.448,104.14,0.254,-18,-13.2222222222222,-17,6.7,NA,52533.6,0,NA,335,"CO",2018,64,3,273.170731707317,-0.0999999999999996,109,0
1161,2018-03-06,28.448,106.68,0.254,-18.2222222222222,-5.61111111111111,-14.6111111111111,6.5,NA,52458.3,0,NA,335,"CO",2018,65,3,266.666666666667,-0.2,109,0
1162,2018-03-07,28.448,104.14,0,-15.6111111111111,0.499999999999999,-9.11111111111111,6.4,NA,52176.9,0,NA,335,"CO",2018,66,3,273.170731707317,-0.0999999999999996,109,0
1163,2018-03-08,28.448,106.68,0.254,-9,3.38888888888889,-3.88888888888889,6.5,NA,52609.4,0,NA,335,"CO",2018,67,3,266.666666666667,0.0999999999999996,109,0
1164,2018-03-09,28.702,101.6,0,-4.77777777777778,2.72222222222222,-4,6.2,NA,52511.9,0,NA,335,"CO",2018,68,3,282.5,-0.3,109,0
1165,2018-03-10,28.702,104.14,0.762,-7.22222222222222,-1.11111111111111,-9.11111111111111,6,NA,52306.5,0,NA,335,"CO",2018,69,3,275.609756097561,-0.2,109,0
1166,2018-03-11,29.464,114.3,0.254,-14.6111111111111,4.61111111111111,-6.38888888888889,6.6,NA,52251.5,0,NA,335,"CO",2018,70,3,257.777777777778,0.6,109,0
1167,2018-03-12,29.718,111.76,0,-8.5,3.5,-5,6.6,NA,52630.5,0,NA,335,"CO",2018,71,3,265.909090909091,0,109,0
1168,2018-03-13,29.718,109.22,0,-8.72222222222222,5.61111111111111,-4.5,6.4,NA,53049.4,0,NA,335,"CO",2018,72,3,272.093023255814,-0.199999999999999,109,0
1169,2018-03-14,29.718,106.68,0,-5.61111111111111,6.5,-0.388888888888889,6.5,NA,52694.5,0,NA,335,"CO",2018,73,3,278.571428571429,0.0999999999999996,109,0
1170,2018-03-15,29.718,104.14,2.032,0.277777777777778,6.77777777777778,-2.88888888888889,6.7,NA,52129.3,0,NA,335,"CO",2018,74,3,285.365853658537,0.2,109,0
1171,2018-03-16,31.496,127,0.508,-9.27777777777778,-4.22222222222222,-8.72222222222222,6.8,NA,53006.9,0,NA,335,"CO",2018,75,3,248,0.0999999999999996,109,0
1172,2018-03-17,32.258,129.54,0,-10.1111111111111,4.77777777777778,-4.88888888888889,6.2,NA,53060.8,0,NA,335,"CO",2018,76,3,249.019607843137,-0.6,109,0
1173,2018-03-18,32.258,124.46,1.27,-8.22222222222222,4.5,-7.61111111111111,6.2,NA,53457.4,0,NA,335,"CO",2018,77,3,259.183673469388,0,109,0
1174,2018-03-19,33.274,134.62,0.254,-12.8888888888889,-2.27777777777778,-10.8888888888889,6,NA,53780.4,0,NA,335,"CO",2018,78,3,247.169811320755,-0.2,109,0
1175,2018-03-20,33.782,134.62,0.762,-14.2777777777778,-6,-10,6.5,NA,54146.9,0,NA,335,"CO",2018,79,3,250.943396226415,0.5,109,0
1176,2018-03-21,34.29,137.16,0,-8.61111111111111,2.72222222222222,-4.77777777777778,6.6,NA,53314.9,0,NA,335,"CO",2018,80,3,250,0.0999999999999996,109,0
1177,2018-03-22,34.29,132.08,0,-5.61111111111111,9,1.11111111111111,6.5,NA,53552,0,NA,335,"CO",2018,81,3,259.615384615385,-0.0999999999999996,109,0
1178,2018-03-23,34.29,127,1.016,2.38888888888889,3.61111111111111,-2.11111111111111,6.4,NA,53092,0,NA,335,"CO",2018,82,3,270,-0.0999999999999996,109,0
1179,2018-03-24,35.56,132.08,0,-6.11111111111111,7.11111111111111,-1.77777777777778,6.4,NA,53123.5,0,NA,335,"CO",2018,83,3,269.230769230769,0,109,0
1180,2018-03-25,35.56,129.54,0,-2.72222222222222,6.11111111111111,-1.11111111111111,6.8,NA,53530.8,0,NA,335,"CO",2018,84,3,274.509803921569,0.399999999999999,109,0
1181,2018-03-26,35.56,124.46,0.762,-5,4.38888888888889,-5.27777777777778,7,NA,53627,0,NA,335,"CO",2018,85,3,285.714285714286,0.2,109,0
1182,2018-03-27,36.068,132.08,0.508,-10.5,1.5,-7.22222222222222,7,NA,53818.7,0.5,NA,335,"CO",2018,86,3,273.076923076923,0,109,0
1183,2018-03-28,36.322,127,1.016,-11.5,0.388888888888891,-8.38888888888889,7.3,NA,52510.8,0,NA,335,"CO",2018,87,3,286,0.3,109,0
1184,2018-03-29,37.084,139.7,0.254,-11.2222222222222,-2.22222222222222,-8.61111111111111,6.9,NA,54333.8,0.3,NA,335,"CO",2018,88,3,265.454545454545,-0.399999999999999,109,0
1185,2018-03-30,37.592,142.24,0,-10.6111111111111,4.77777777777778,-3.11111111111111,6.6,NA,53751.1,0,NA,335,"CO",2018,89,3,264.285714285714,-0.300000000000001,109,0
1186,2018-03-31,37.592,132.08,0,-4.61111111111111,5.38888888888889,-0.777777777777777,7,NA,54164.7,1,NA,335,"CO",2018,90,3,284.615384615385,0.4,109,0
1187,2018-04-01,37.592,129.54,1.016,-1,6.38888888888889,0,7.1,NA,53890.3,0,NA,335,"CO",2018,91,4,290.196078431373,0.0999999999999996,109,0
1188,2018-04-02,38.354,129.54,0.254,0.777777777777777,7.11111111111111,0.611111111111112,7.3,NA,53237.9,0,NA,335,"CO",2018,92,4,296.078431372549,0.2,109,0
1189,2018-04-03,38.608,132.08,0,-9.22222222222222,-3.5,-10.1111111111111,7.1,NA,54061.9,2.1,NA,335,"CO",2018,93,4,292.307692307692,-0.2,109,0
1190,2018-04-04,38.608,132.08,0,-11.2222222222222,3.22222222222222,-3.77777777777778,7.3,NA,54035.3,0,NA,335,"CO",2018,94,4,292.307692307692,0.2,109,0
1191,2018-04-05,38.608,129.54,0.254,-4.88888888888889,7.88888888888889,-2.5,7.3,NA,53653.6,1.1,NA,335,"CO",2018,95,4,298.039215686275,0,109,0
1192,2018-04-06,38.862,129.54,2.54,-4.5,0.999999999999998,-2.27777777777778,7.3,NA,53863.2,1.1,NA,335,"CO",2018,96,4,300,0,109,0
1193,2018-04-07,41.148,160.02,1.778,-3.61111111111111,5.11111111111111,-0.722222222222223,7.2,NA,53872.8,3,NA,335,"CO",2018,97,4,257.142857142857,-0.0999999999999996,109,0
1194,2018-04-08,43.18,162.56,2.54,0.222222222222221,0.777777777777777,-4.77777777777778,7.6,NA,53810.2,1.6,NA,335,"CO",2018,98,4,265.625,0.399999999999999,109,0
1195,2018-04-09,45.72,165.1,0.508,-8.38888888888889,3,-5.88888888888889,6.8,NA,54043.5,3,NA,335,"CO",2018,99,4,276.923076923077,-0.8,109,0
1196,2018-04-10,46.482,167.64,0.254,-8.77777777777778,7.77777777777778,-0.777777777777777,7.5,NA,54040.8,1,NA,335,"CO",2018,100,4,277.272727272727,0.7,109,0
1197,2018-04-11,46.482,160.02,0,0.222222222222221,9.5,4,7.7,NA,53891.9,3,NA,335,"CO",2018,101,4,290.47619047619,0.2,109,0
1198,2018-04-12,45.72,152.4,0.508,5,10.2222222222222,1.22222222222222,7.6,NA,53523.8,0.7,NA,335,"CO",2018,102,4,300,-0.100000000000001,109,0
1199,2018-04-13,45.466,152.4,0.762,-11.5,-8.5,-11.7222222222222,8.3,NA,53764.5,2.1,NA,335,"CO",2018,103,4,298.333333333333,0.700000000000001,109,0
1200,2018-04-14,45.974,157.48,0.254,-12.7777777777778,-1.77777777777778,-8.27777777777778,7.6,NA,53608.2,3.1,NA,335,"CO",2018,104,4,291.935483870968,-0.700000000000001,109,0
1201,2018-04-15,46.228,157.48,0.254,-7.11111111111111,5.38888888888889,-1.77777777777778,8.3,NA,54433.3,2.7,NA,335,"CO",2018,105,4,293.548387096774,0.700000000000001,109,0
1202,2018-04-16,46.482,149.86,0,-0.388888888888889,9.88888888888889,3.5,7.6,NA,53386.4,1,NA,335,"CO",2018,106,4,310.169491525424,-0.700000000000001,109,0
1203,2018-04-17,46.482,147.32,1.27,0.722222222222221,3.77777777777778,-5.88888888888889,8.1,NA,53562.4,3.4,NA,335,"CO",2018,107,4,315.51724137931,0.5,109,0
1204,2018-04-18,46.736,157.48,1.016,-13.7222222222222,5,-6.61111111111111,7.7,NA,53673.1,2.8,NA,335,"CO",2018,108,4,296.774193548387,-0.399999999999999,109,0
1205,2018-04-19,46.99,152.4,0,-6.77777777777778,7.5,0.611111111111112,8.6,NA,54165.5,4.3,NA,335,"CO",2018,109,4,308.333333333333,0.899999999999999,109,0
1206,2018-04-20,46.736,147.32,0,0.722222222222221,3.38888888888889,-1.77777777777778,8.7,NA,53535.6,2.2,NA,335,"CO",2018,110,4,317.241379310345,0.0999999999999996,109,0
1207,2018-04-21,46.736,157.48,0.254,-6.88888888888889,-2.5,-4.77777777777778,8.4,NA,54113.5,2.9,NA,335,"CO",2018,111,4,296.774193548387,-0.299999999999999,109,0
1208,2018-04-22,46.99,154.94,0,-3.38888888888889,10,1.38888888888889,8.5,NA,53472.5,4.7,NA,335,"CO",2018,112,4,303.27868852459,0.0999999999999996,109,0
1209,2018-04-23,46.482,144.78,0,-0.277777777777778,9.88888888888889,2.77777777777778,8.6,NA,53658.5,4.8,NA,335,"CO",2018,113,4,321.052631578947,0.0999999999999996,109,0
1210,2018-04-24,45.974,142.24,1.27,-2.38888888888889,1.11111111111111,-4.5,8.3,NA,53132.5,3.3,NA,335,"CO",2018,114,4,323.214285714286,-0.299999999999999,109,0
1211,2018-04-25,46.99,147.32,0,-8.61111111111111,10,0.111111111111113,8.8,NA,52078.3,4.9,NA,335,"CO",2018,115,4,318.965517241379,0.5,109,0
1212,2018-04-26,46.99,139.7,0,-1,7.22222222222222,0.111111111111113,8.6,NA,51857.3,4.7,NA,335,"CO",2018,116,4,336.363636363636,-0.200000000000001,109,0
1213,2018-04-27,46.482,137.16,0,-2.72222222222222,12.7222222222222,4.11111111111111,8.7,NA,52639.6,5.7,NA,335,"CO",2018,117,4,338.888888888889,0.0999999999999996,109,0
1214,2018-04-28,44.958,132.08,0,0.611111111111112,13.7777777777778,5.11111111111111,8.6,NA,50467.4,4.9,NA,335,"CO",2018,118,4,340.384615384615,-0.0999999999999996,109,0
1215,2018-04-29,43.434,127,0,-0.88888888888889,12.2222222222222,5.22222222222222,9.3,NA,51923.2,7.1,NA,335,"CO",2018,119,4,342,0.700000000000001,109,0
1216,2018-04-30,41.91,124.46,0,0.499999999999999,9,2.22222222222222,9.3,NA,52458.6,5.3,NA,335,"CO",2018,120,4,336.734693877551,0,109,0
1217,2018-05-01,40.64,121.92,0,-2.27777777777778,6.72222222222222,-0.111111111111111,9.6,NA,51794.6,6.5,NA,335,"CO",2018,121,5,333.333333333333,0.299999999999999,109,0
1218,2018-05-02,39.624,119.38,1.778,-2.72222222222222,4.5,-1.5,10.1,NA,50500,7.7,NA,335,"CO",2018,122,5,331.914893617021,0.5,109,0
1219,2018-05-03,40.894,132.08,3.048,-4.22222222222222,0.722222222222221,-3.11111111111111,10,NA,50166.3,7,NA,335,"CO",2018,123,5,309.615384615385,-0.0999999999999996,109,0
1220,2018-05-04,44.45,157.48,0,-4.22222222222222,8,-0.222222222222221,10.2,NA,100939.9,7.2,NA,335,"CO",2018,124,5,282.258064516129,0.199999999999999,109,0
1221,2018-05-05,44.196,142.24,0,-2.77777777777778,12.7222222222222,3.22222222222222,10.5,NA,50461.1,7.4,NA,335,"CO",2018,125,5,310.714285714286,0.300000000000001,109,0
1222,2018-05-06,43.434,134.62,0,2.72222222222222,14.8888888888889,7.11111111111111,11.3,NA,73870.6,8.3,NA,335,"CO",2018,126,5,322.641509433962,0.800000000000001,109,0
1223,2018-05-07,42.418,127,0,3.88888888888889,15.1111111111111,8.11111111111111,12.2,NA,49380.5,8.7,NA,335,"CO",2018,127,5,334,0.899999999999999,109,1
1224,2018-05-08,41.402,121.92,0,4.11111111111111,13.2222222222222,6.11111111111111,13.8,NA,47575.4,8,NA,335,"CO",2018,128,5,339.583333333333,1.6,109,0
1225,2018-05-09,39.878,116.84,0,3.88888888888889,14.8888888888889,7.72222222222222,17,NA,41635.4,7.7,NA,335,"CO",2018,129,5,341.304347826087,3.2,109,0
1226,2018-05-10,37.846,111.76,0,5.88888888888889,16.2777777777778,9.72222222222222,19.9,NA,33684.1,7.5,NA,335,"CO",2018,130,5,338.636363636364,2.9,109,0
1227,2018-05-11,34.798,106.68,0,6.5,13.7222222222222,7.11111111111111,22.1,NA,29114.1,8.5,NA,335,"CO",2018,131,5,326.190476190476,2.2,109,0
1228,2018-05-12,32.512,99.06,0,2.77777777777778,12.1111111111111,5.38888888888889,23.3,NA,26543.4,8.3,NA,335,"CO",2018,132,5,328.205128205128,1.2,109,0
1229,2018-05-13,29.464,91.44,0,2.38888888888889,10.3888888888889,4,24.5,NA,23508.5,9.1,NA,335,"CO",2018,133,5,322.222222222222,1.2,109,0
1230,2018-05-14,28.956,86.36,0,0.722222222222221,11.7777777777778,3.61111111111111,24.5,NA,23840.5,7.9,NA,335,"CO",2018,134,5,335.294117647059,0,109,0
1231,2018-05-15,27.94,81.28,0,0.111111111111113,12.7777777777778,5.22222222222222,25.2,NA,24379,8.9,NA,335,"CO",2018,135,5,343.75,0.699999999999999,109,0
1232,2018-05-16,26.416,78.74,0,4.61111111111111,14.8888888888889,7.88888888888889,25.6,NA,21644.3,9.4,NA,335,"CO",2018,136,5,335.483870967742,0.400000000000002,109,0
1233,2018-05-17,24.384,71.12,0,5,16,8.61111111111111,25.5,NA,21769,8.4,NA,335,"CO",2018,137,5,342.857142857143,-0.100000000000001,109,0
1234,2018-05-18,21.59,66.04,0.508,2.77777777777778,12.7777777777778,2.38888888888889,26,NA,45251.7,8.5,NA,335,"CO",2018,138,5,326.923076923077,0.5,109,0
1235,2018-05-19,20.32,58.42,0.762,-0.111111111111111,6,0.111111111111113,26.4,NA,20828.6,9,NA,335,"CO",2018,139,5,347.826086956522,0.399999999999999,109,0
1236,2018-05-20,20.32,58.42,0,-2.27777777777778,12.6111111111111,2.77777777777778,26.4,NA,23261.9,9.5,NA,335,"CO",2018,140,5,347.826086956522,0,109,0
1237,2018-05-21,19.304,60.96,0,0.277777777777778,14.8888888888889,6.61111111111111,26.7,NA,308865.7,9.1,NA,335,"CO",2018,141,5,316.666666666667,0.300000000000001,109,0
1238,2018-05-22,17.272,50.8,0,4.22222222222222,14.3888888888889,5.77777777777778,27,NA,29038.1,9.2,NA,335,"CO",2018,142,5,340,0.300000000000001,109,0
1239,2018-05-23,14.986,48.26,0,0.222222222222221,13.8888888888889,6.5,27.1,NA,362195.6,8.9,NA,335,"CO",2018,143,5,310.526315789474,0.100000000000001,109,0
1240,2018-05-24,12.954,40.64,0,2.11111111111111,14.7222222222222,7.5,27.1,NA,17944.9,9,NA,335,"CO",2018,144,5,318.75,0,109,0
1241,2018-05-25,9.906,38.1,0,4.22222222222222,17.3888888888889,10.7222222222222,27.2,NA,350985.5,9.4,NA,335,"CO",2018,145,5,260,0.0999999999999979,109,0
1242,2018-05-26,5.588,25.4,0,8.38888888888889,17.7777777777778,11.7222222222222,27.1,NA,345312.3,9.5,NA,335,"CO",2018,146,5,220,-0.0999999999999979,109,0
1243,2018-05-27,2.286,12.7,0,5.72222222222222,15.1111111111111,9,27.1,NA,334485.3,10.3,NA,335,"CO",2018,147,5,180,0,109,0
1244,2018-05-28,0,0,0.254,2.72222222222222,12.2777777777778,3.61111111111111,26.9,NA,339591.5,9.4,NA,335,"CO",2018,148,5,NA,-0.200000000000003,109,0
1245,2018-05-29,0,0,0,0.222222222222221,9,4,26.5,NA,18712,10.6,NA,335,"CO",2018,149,5,NA,-0.399999999999999,109,0
1246,2018-05-30,0,0,0,3.22222222222222,14.6111111111111,7.77777777777778,26.1,NA,324892.1,9.3,NA,335,"CO",2018,150,5,NA,-0.399999999999999,109,0
1247,2018-05-31,0,0,0,6.72222222222222,17.7777777777778,10.6111111111111,26.1,NA,329442,9.8,NA,335,"CO",2018,151,5,NA,0,109,0
1248,2018-06-01,0,0,0,8.88888888888889,14.2777777777778,8.38888888888889,25.9,NA,319688.6,10.7,NA,335,"CO",2018,152,6,NA,-0.200000000000003,109,0
1249,2018-06-02,0,0,0,0.222222222222221,16.2777777777778,7.11111111111111,25.4,NA,323558.7,10.3,NA,335,"CO",2018,153,6,NA,-0.5,109,0
1250,2018-06-03,0,0,0,4.5,15.5,6.88888888888889,25,NA,330064.5,10.7,NA,335,"CO",2018,154,6,NA,-0.399999999999999,109,0
1251,2018-06-04,0,0,0,2.22222222222222,16,10,24.9,NA,314946.3,10.8,NA,335,"CO",2018,155,6,NA,-0.100000000000001,109,0
1252,2018-06-05,0,0,0,8.38888888888889,19.3888888888889,12.2777777777778,22.7,NA,267849.7,12.2,NA,335,"CO",2018,156,6,NA,-2.2,109,0
1253,2018-06-06,0,0,0,8.11111111111111,20,12.7222222222222,20.4,NA,303032.7,12,NA,335,"CO",2018,157,6,NA,-2.3,109,0
1254,2018-06-07,0,0,0,8.61111111111111,20.8888888888889,12.7222222222222,18.2,NA,41721.4,12.2,NA,335,"CO",2018,158,6,NA,-2.2,109,0
1255,2018-06-08,0,0,0,8.88888888888889,19.6111111111111,12.7222222222222,16.6,NA,46902.7,11.9,NA,335,"CO",2018,159,6,NA,-1.6,109,0
1256,2018-06-09,0,0,0,7.72222222222222,20,13.3888888888889,15.2,NA,349728.9,13.5,NA,335,"CO",2018,160,6,NA,-1.4,109,0
1257,2018-06-10,0,0,0,10.3888888888889,18.6111111111111,12.7222222222222,14.4,NA,340985.1,12.9,NA,335,"CO",2018,161,6,NA,-0.799999999999999,109,0
1258,2018-06-11,0,0,0,4.11111111111111,18.5,9.11111111111111,12.7,NA,342535,12.9,NA,335,"CO",2018,162,6,NA,-1.7,109,0
1259,2018-06-12,0,0,0,5.38888888888889,18.8888888888889,12,11.4,NA,354904.8,14,NA,335,"CO",2018,163,6,NA,-1.3,109,0
1260,2018-06-13,0,0,0,8.61111111111111,20.8888888888889,14.7222222222222,10.3,NA,349248.8,14.4,NA,335,"CO",2018,164,6,NA,-1.1,109,0
1261,2018-06-14,0,0,0,12.2222222222222,18.6111111111111,13.6111111111111,8.5,NA,347407.5,14.3,NA,335,"CO",2018,165,6,NA,-1.8,109,0
1262,2018-06-15,0,0,0,8,19.8888888888889,12.8888888888889,7.3,NA,337749,0,NA,335,"CO",2018,166,6,NA,-1.2,109,0
1263,2018-06-16,0,0,0,9.72222222222222,16,10.6111111111111,6.5,NA,345580.2,0,NA,335,"CO",2018,167,6,NA,-0.8,109,0
1264,2018-06-17,0,0,1.524,6.61111111111111,13.8888888888889,7.22222222222222,6.3,NA,341270.8,0,NA,335,"CO",2018,168,6,NA,-0.2,109,0
1265,2018-06-18,0,0,0,5.5,18.7777777777778,10.2222222222222,7.3,NA,325244.1,0,NA,335,"CO",2018,169,6,NA,1,109,0
1266,2018-06-19,0,0,0,5.77777777777778,17.5,9.77777777777778,11.2,NA,351128.7,0,NA,335,"CO",2018,170,6,NA,3.9,109,0
1267,2018-06-20,0,0,0,2.11111111111111,14.8888888888889,8,9.5,NA,2.8,4.9,NA,335,"CO",2018,171,6,NA,-1.7,109,0
1268,2018-06-21,0,0,0,6.5,18.3888888888889,11.7222222222222,8.6,NA,2.6,4.8,NA,335,"CO",2018,172,6,NA,-0.9,109,0
1269,2018-06-22,0,0,0,8,14.8888888888889,8,7.2,NA,2.8,5.4,NA,335,"CO",2018,173,6,NA,-1.4,109,0
1270,2018-06-23,0,0,0,3,16.3888888888889,9.77777777777778,6.4,NA,2.4,4.6,NA,335,"CO",2018,174,6,NA,-0.8,109,0
1271,2018-06-24,0,0,0,5.11111111111111,11.5,4.72222222222222,5.9,NA,2.9,5.4,NA,335,"CO",2018,175,6,NA,-0.5,109,0
1272,2018-06-25,0,0,0,2.11111111111111,16.7777777777778,9,5.1,NA,1.8,4.3,NA,335,"CO",2018,176,6,NA,-0.800000000000001,109,0
1273,2018-06-26,0,0,0,8,21.5,14.2777777777778,4.8,NA,2.5,4.4,NA,335,"CO",2018,177,6,NA,-0.3,109,0
1274,2018-06-27,0,0,0,9.5,23.5,15.3888888888889,4.4,NA,3.5,4,NA,335,"CO",2018,178,6,NA,-0.399999999999999,109,0
1275,2018-06-28,0,0,0,13.7777777777778,23.6111111111111,16.7222222222222,4.2,NA,2.3,4.3,NA,335,"CO",2018,179,6,NA,-0.2,109,0
1276,2018-06-29,0,0,0,13.2222222222222,20,13.7222222222222,3.8,NA,2.4,3.6,NA,335,"CO",2018,180,6,NA,-0.4,109,0
1277,2018-06-30,0,0,0,7.5,17.5,9.22222222222222,3.6,NA,1.6,4.4,NA,335,"CO",2018,181,6,NA,-0.2,109,0
1278,2018-07-01,0,0,0,2.22222222222222,18.2777777777778,10.1111111111111,2.9,NA,2.5,2.7,NA,335,"CO",2018,182,7,NA,-0.7,109,0
1279,2018-07-02,0,0,0,7,20.6111111111111,13.6111111111111,2.8,NA,3,2.6,NA,335,"CO",2018,183,7,NA,-0.1,109,0
1280,2018-07-03,0,0,0,9.72222222222222,20.2777777777778,13.3888888888889,2.8,NA,1.2,2.2,NA,335,"CO",2018,184,7,NA,0,109,0
1281,2018-07-04,0,0,0,11.8888888888889,20.3888888888889,13.1111111111111,2.9,NA,2.2,3.6,NA,335,"CO",2018,185,7,NA,0.1,109,0
1282,2018-07-05,0,0,0,7.5,19,11.1111111111111,2.7,NA,2.7,3.2,NA,335,"CO",2018,186,7,NA,-0.2,109,0
1283,2018-07-06,0,0,0,8.22222222222222,22,13.8888888888889,2.2,NA,2.4,3.1,NA,335,"CO",2018,187,7,NA,-0.5,109,0
1284,2018-07-07,0,0,0,10.7222222222222,23.5,14.1111111111111,2.3,NA,2.2,2.4,NA,335,"CO",2018,188,7,NA,0.0999999999999996,109,0
1285,2018-07-08,0,0,0.508,8.72222222222222,23.2222222222222,13.8888888888889,2.2,NA,2.1,2.4,NA,335,"CO",2018,189,7,NA,-0.0999999999999996,109,0
1286,2018-07-09,0,0,0,7.72222222222222,21.3888888888889,14.7777777777778,15.9,NA,1.4,2.8,NA,335,"CO",2018,190,7,NA,13.7,109,0
1287,2018-07-10,0,0,0,10.6111111111111,23.1111111111111,15.2222222222222,9.6,NA,1.4,3.8,NA,335,"CO",2018,191,7,NA,-6.3,109,0
1288,2018-07-11,0,0,0,8.77777777777778,22.5,14.7777777777778,5.4,NA,2.3,2.7,NA,335,"CO",2018,192,7,NA,-4.2,109,0
1289,2018-07-12,0,0,0.508,8.72222222222222,21.1111111111111,9.61111111111111,3.8,NA,1.6,3.1,NA,335,"CO",2018,193,7,NA,-1.6,109,0
1290,2018-07-13,0,0,0,5.77777777777778,18.6111111111111,11.7222222222222,6.6,NA,2.1,1.2,NA,335,"CO",2018,194,7,NA,2.8,109,0
1291,2018-07-14,0,0,0,8.77777777777778,21.7222222222222,14.7222222222222,6.8,NA,1.8,1.3,NA,335,"CO",2018,195,7,NA,0.2,109,0
1292,2018-07-15,0,0,0,11,14.6111111111111,9.61111111111111,4.6,NA,2.4,2.7,NA,335,"CO",2018,196,7,NA,-2.2,109,0
1293,2018-07-16,0,0,0,6.61111111111111,20.6111111111111,12.6111111111111,4.3,NA,1,1.7,NA,335,"CO",2018,197,7,NA,-0.3,109,0
1294,2018-07-17,0,0,0,9.77777777777778,20.2777777777778,13.2777777777778,3.8,NA,1.1,2.6,NA,335,"CO",2018,198,7,NA,-0.5,109,0
1295,2018-07-18,0,0,0,10.1111111111111,20,13.8888888888889,3.7,NA,1.7,2.4,NA,335,"CO",2018,199,7,NA,-0.0999999999999996,109,0
1296,2018-07-19,0,0,0,10.5,22.5,15.1111111111111,2.9,NA,1.3,1.5,NA,335,"CO",2018,200,7,NA,-0.8,109,0
1297,2018-07-20,0,0,0,13.6111111111111,23.6111111111111,14.7777777777778,3,NA,0.7,2.3,NA,335,"CO",2018,201,7,NA,0.1,109,0
1298,2018-07-21,0,0,0,11.7777777777778,22.2222222222222,14.2777777777778,2.6,NA,0.9,3,NA,335,"CO",2018,202,7,NA,-0.4,109,0
1299,2018-07-22,0,0,1.524,13,20.7777777777778,12.6111111111111,2.6,NA,0.9,2.6,NA,335,"CO",2018,203,7,NA,0,109,0
1300,2018-07-23,0,0,0.508,8.5,18.3888888888889,10.7222222222222,2.5,NA,1.2,2.2,NA,335,"CO",2018,204,7,NA,-0.1,109,0
1301,2018-07-24,0,0,0,7.77777777777778,21.5,13.2222222222222,4.9,NA,2.1,1.3,NA,335,"CO",2018,205,7,NA,2.4,109,0
1302,2018-07-25,0,0,0,9.88888888888889,19.7222222222222,12.7777777777778,6.3,NA,2.2,1.6,NA,335,"CO",2018,206,7,NA,1.4,109,0
1303,2018-07-26,0,0,0,7.61111111111111,19.6111111111111,11.7777777777778,5.3,NA,1.2,1.6,NA,335,"CO",2018,207,7,NA,-1,109,0
1304,2018-07-27,0,0,0,10.5,18.6111111111111,11.7222222222222,4.3,NA,2,1.1,NA,335,"CO",2018,208,7,NA,-1,109,0
1305,2018-07-28,0,0,0,7.77777777777778,17.2777777777778,10.5,3.2,NA,1.4,1.4,NA,335,"CO",2018,209,7,NA,-1.1,109,0
1306,2018-07-29,0,0,0,8.38888888888889,18.2777777777778,12.2222222222222,2.9,NA,1.1,1.6,NA,335,"CO",2018,210,7,NA,-0.3,109,0
1307,2018-07-30,0,0,0,4.77777777777778,17.2222222222222,8.88888888888889,2.8,NA,2,2.7,NA,335,"CO",2018,211,7,NA,-0.1,109,0
1308,2018-07-31,0,0,0,5.38888888888889,19.7222222222222,11.1111111111111,2.3,NA,1.7,1.8,NA,335,"CO",2018,212,7,NA,-0.5,109,0
1309,2018-08-01,0,0,0,8.61111111111111,17,10.7222222222222,2.2,NA,1.5,0.9,NA,335,"CO",2018,213,8,NA,-0.0999999999999996,109,0
1310,2018-08-02,0,0,0,6.5,21.1111111111111,13.3888888888889,2.2,NA,1.9,1.4,NA,335,"CO",2018,214,8,NA,0,109,0
1462,2019-01-01,19.304,83.82,0.254,-23,-4.72222222222222,-15.3888888888889,15.8,13.9,10.5,4.3,NA,335,"CO",2019,1,1,230.30303030303,0,122,0
1463,2019-01-02,19.304,83.82,0.254,-19.7777777777778,0.722222222222221,-12,15.5,13.6,10.3,3.3,NA,335,"CO",2019,2,1,230.30303030303,-0.300000000000001,122,0
1464,2019-01-03,19.304,81.28,0,-14.1111111111111,0.777777777777777,-9,15.5,14,9.7,5,NA,335,"CO",2019,3,1,237.5,0,122,0
1465,2019-01-04,19.304,81.28,0,-9.72222222222222,4.38888888888889,-4.38888888888889,15.3,13.5,10.3,3.4,NA,335,"CO",2019,4,1,237.5,-0.199999999999999,122,0
1466,2019-01-05,19.558,81.28,0,-2.61111111111111,6.38888888888889,-2.5,15,12.9,10.4,3,NA,335,"CO",2019,5,1,240.625,-0.300000000000001,122,0
1467,2019-01-06,19.558,81.28,0,-4.11111111111111,-1.61111111111111,-6.27777777777778,14.7,13.4,9.9,3.6,NA,335,"CO",2019,6,1,240.625,-0.300000000000001,122,0
1468,2019-01-07,19.558,81.28,0.254,-11.5,-8.22222222222222,-9.72222222222222,14.3,13.2,9.9,4.6,NA,335,"CO",2019,7,1,240.625,-0.399999999999999,122,0
1469,2019-01-08,19.558,81.28,0.508,-10.2222222222222,0.388888888888891,-7.88888888888889,14.3,13,10.6,4.9,NA,335,"CO",2019,8,1,240.625,0,122,0
1470,2019-01-09,19.558,81.28,0,-2.88888888888889,7,-1.77777777777778,14.1,12.7,9.8,3.9,NA,335,"CO",2019,9,1,240.625,-0.200000000000001,122,0
1471,2019-01-10,19.558,78.74,0,-6.27777777777778,4.22222222222222,-3.61111111111111,14,12.5,9.7,3.6,NA,335,"CO",2019,10,1,248.387096774194,-0.0999999999999996,122,0
1472,2019-01-11,19.812,81.28,0.508,-7.22222222222222,-5,-8.22222222222222,13.9,13.4,9.6,4.6,NA,335,"CO",2019,11,1,243.75,-0.0999999999999996,122,0
1473,2019-01-12,20.828,93.98,0.508,-12.1111111111111,-5.22222222222222,-11,13.8,12.9,9.3,4.7,NA,335,"CO",2019,12,1,221.621621621622,-0.0999999999999996,122,0
1474,2019-01-13,20.828,91.44,0.254,-14.8888888888889,-2.77777777777778,-11.7777777777778,13.9,13.3,10,4.6,NA,335,"CO",2019,13,1,227.777777777778,0.0999999999999996,122,0
1475,2019-01-14,20.828,91.44,0,-14.5,1.27777777777778,-10.7222222222222,13.8,12.3,10.5,3.5,NA,335,"CO",2019,14,1,227.777777777778,-0.0999999999999996,122,0
1476,2019-01-15,20.828,88.9,0.254,-12.6111111111111,1.27777777777778,-7.61111111111111,13.6,12.3,9.7,4.3,NA,335,"CO",2019,15,1,234.285714285714,-0.200000000000001,122,0
1477,2019-01-16,21.082,88.9,0.254,-6.38888888888889,-4.38888888888889,-7.22222222222222,13.5,13,9.9,4.6,NA,335,"CO",2019,16,1,237.142857142857,-0.0999999999999996,122,0
1478,2019-01-17,22.098,106.68,0.762,-9.5,3.38888888888889,-4.88888888888889,13.5,11.8,9.4,4.2,NA,335,"CO",2019,17,1,207.142857142857,0,122,0
1479,2019-01-18,22.098,99.06,1.778,-6.27777777777778,-6.27777777777778,-9.72222222222222,13.4,11.9,10.1,3.7,NA,335,"CO",2019,18,1,223.076923076923,-0.0999999999999996,122,0
1480,2019-01-19,24.13,119.38,0.508,-13.3888888888889,-4,-10.6111111111111,13.3,11.8,10,4.2,NA,335,"CO",2019,19,1,202.127659574468,-0.0999999999999996,122,0
1481,2019-01-20,24.384,119.38,0,-6.77777777777778,3.61111111111111,-3.72222222222222,13.1,11.6,9.3,3.4,NA,335,"CO",2019,20,1,204.255319148936,-0.200000000000001,122,0
1482,2019-01-21,24.384,111.76,0.508,-5.88888888888889,1.72222222222222,-6.77777777777778,13.1,11.8,10,4.5,NA,335,"CO",2019,21,1,218.181818181818,0,122,0
1483,2019-01-22,25.4,124.46,0.254,-15.2777777777778,-10.7222222222222,-17.1111111111111,13.1,11.5,10,4.3,NA,335,"CO",2019,22,1,204.081632653061,0,122,0
1484,2019-01-23,25.4,121.92,0.508,-19.6111111111111,-9.22222222222222,-15.2222222222222,13.1,11.6,10,3.6,NA,335,"CO",2019,23,1,208.333333333333,0,122,0
1485,2019-01-24,26.162,124.46,1.016,-14,-11.5,-13.7222222222222,13,11.6,9.9,3.5,NA,335,"CO",2019,24,1,210.204081632653,-0.0999999999999996,122,0
1486,2019-01-25,27.178,127,0.762,-15.6111111111111,-7.61111111111111,-13.6111111111111,13,11.7,9.1,3.4,NA,335,"CO",2019,25,1,214,0,122,0
1487,2019-01-26,27.686,124.46,0.254,-14.7222222222222,-9.38888888888889,-12.5,12.8,11.2,10,3.4,NA,335,"CO",2019,26,1,222.448979591837,-0.199999999999999,122,0
1488,2019-01-27,27.94,124.46,0,-12.5,-4.11111111111111,-8.88888888888889,12.7,11.2,9.9,3.5,NA,335,"CO",2019,27,1,224.489795918367,-0.100000000000001,122,0
1489,2019-01-28,28.194,121.92,1.27,-9.72222222222222,-9.72222222222222,-14.5,12.5,12.4,9,4.3,NA,335,"CO",2019,28,1,231.25,-0.199999999999999,122,0
1490,2019-01-29,29.21,137.16,0.254,-19.7777777777778,-4.61111111111111,-14.8888888888889,12.3,12.5,9.5,4.5,NA,335,"CO",2019,29,1,212.962962962963,-0.199999999999999,122,0
1491,2019-01-30,29.21,132.08,0.254,-14.8888888888889,-2.77777777777778,-10.7222222222222,12.3,11.7,9,4.3,NA,335,"CO",2019,30,1,221.153846153846,0,122,0
1492,2019-01-31,29.21,127,0,-14.2222222222222,-0.388888888888889,-9.77777777777778,12,12.3,9.2,5.5,NA,335,"CO",2019,31,1,230,-0.300000000000001,122,0
1493,2019-02-01,29.21,124.46,0,-10.7222222222222,3.77777777777778,-6.27777777777778,11.8,11.5,10,4.9,NA,335,"CO",2019,32,2,234.69387755102,-0.199999999999999,122,0
1494,2019-02-02,29.21,124.46,0,-10.3888888888889,0.777777777777777,-7.11111111111111,11.4,11.8,8.9,4.9,NA,335,"CO",2019,33,2,234.69387755102,-0.4,122,0
1495,2019-02-03,29.21,119.38,0,-7.77777777777778,4.61111111111111,-3.88888888888889,11.2,12.1,9.9,4.9,NA,335,"CO",2019,34,2,244.68085106383,-0.200000000000001,122,0
1496,2019-02-04,29.21,116.84,0,-7.77777777777778,3.38888888888889,-4.61111111111111,10.9,11.8,9.4,4.1,NA,335,"CO",2019,35,2,250,-0.299999999999999,122,0
1497,2019-02-05,29.21,114.3,0.254,-5.77777777777778,-0.88888888888889,-6.22222222222222,10.7,10.8,9.4,3.8,NA,335,"CO",2019,36,2,255.555555555556,-0.200000000000001,122,0
1498,2019-02-06,29.21,116.84,0.762,-9.11111111111111,-6.11111111111111,-12.7777777777778,10.5,11.7,8.9,5.2,NA,335,"CO",2019,37,2,250,-0.199999999999999,122,0
1499,2019-02-07,30.48,134.62,0.508,-20.1111111111111,-18.5,-21.7222222222222,10.5,11.8,9.6,4.9,NA,335,"CO",2019,38,2,226.415094339623,0,122,0
1500,2019-02-08,30.734,132.08,0.762,-24.7777777777778,-3.22222222222222,-12.8888888888889,10.6,11.2,9.5,4.2,NA,335,"CO",2019,39,2,232.692307692308,0.0999999999999996,122,0
1501,2019-02-09,30.988,129.54,0,-10.5,-2.38888888888889,-8,10.6,11.1,8.9,3.5,NA,335,"CO",2019,40,2,239.21568627451,0,122,0
1502,2019-02-10,30.988,127,0,-11.7777777777778,-0.88888888888889,-8.88888888888889,10.5,11,9.5,4.1,NA,335,"CO",2019,41,2,244,-0.0999999999999996,122,0
1503,2019-02-11,30.988,124.46,0,-10.7777777777778,-7.61111111111111,-13.6111111111111,10.5,10.2,9.6,3.8,NA,335,"CO",2019,42,2,248.979591836735,0,122,0
1504,2019-02-12,30.988,124.46,0,-15.2777777777778,-3.77777777777778,-10.2777777777778,10.4,10.9,8.6,4.5,NA,335,"CO",2019,43,2,248.979591836735,-0.0999999999999996,122,0
1505,2019-02-13,30.988,121.92,0.508,-8.38888888888889,4.22222222222222,-4.38888888888889,10.3,11.1,9,5.3,NA,335,"CO",2019,44,2,254.166666666667,-0.0999999999999996,122,0
1506,2019-02-14,30.988,121.92,1.27,-4.88888888888889,-1.22222222222222,-4.11111111111111,10.2,10.3,9.2,3.9,NA,335,"CO",2019,45,2,254.166666666667,-0.100000000000001,122,0
1507,2019-02-15,31.75,127,0.508,-2.61111111111111,0.499999999999999,-5.22222222222222,10.1,10.4,8.9,3.5,NA,335,"CO",2019,46,2,250,-0.0999999999999996,122,0
1508,2019-02-16,31.75,124.46,0.254,-8.22222222222222,-7.22222222222222,-13.7777777777778,9.8,11.3,9.2,5,NA,335,"CO",2019,47,2,255.102040816327,-0.299999999999999,122,0
1509,2019-02-17,32.258,132.08,0.508,-19.2222222222222,-8.61111111111111,-17,9.9,11,9.1,5.4,NA,335,"CO",2019,48,2,244.230769230769,0.0999999999999996,122,0
1510,2019-02-18,32.512,132.08,0.254,-18.5,-4.11111111111111,-14.8888888888889,10,10.6,8.7,4.4,NA,335,"CO",2019,49,2,246.153846153846,0.0999999999999996,122,0
1511,2019-02-19,32.512,129.54,0,-15.7222222222222,-6,-17.3888888888889,9.9,10.5,8.8,5,NA,335,"CO",2019,50,2,250.980392156863,-0.0999999999999996,122,0
1512,2019-02-20,33.02,132.08,0.254,-24.2222222222222,-11.3888888888889,-19.2222222222222,9.9,10.4,8.7,3.4,NA,335,"CO",2019,51,2,250,0,122,0
1513,2019-02-21,33.02,132.08,0.254,-16.2222222222222,-6.61111111111111,-13.7222222222222,9.8,10.8,8.6,3.6,NA,335,"CO",2019,52,2,250,-0.0999999999999996,122,0
1514,2019-02-22,33.02,129.54,0.254,-12.8888888888889,-3,-10.2777777777778,9.6,10.2,9,4.2,NA,335,"CO",2019,53,2,254.901960784314,-0.200000000000001,122,0
1515,2019-02-23,33.528,134.62,0.508,-13.2777777777778,-8.77777777777778,-15.2222222222222,9.4,10.1,8.6,3.1,NA,335,"CO",2019,54,2,249.056603773585,-0.199999999999999,122,0
1516,2019-02-24,33.782,137.16,0.254,-16.2222222222222,-4.38888888888889,-13.7777777777778,9.3,10.2,9.5,4.3,NA,335,"CO",2019,55,2,246.296296296296,-0.0999999999999996,122,0
1517,2019-02-25,34.036,134.62,0.254,-16.2222222222222,0,-9.72222222222222,8.9,9.8,8.7,4.1,NA,335,"CO",2019,56,2,252.830188679245,-0.4,122,0
1518,2019-02-26,34.036,134.62,0,-8.22222222222222,2.88888888888889,-6.38888888888889,8.5,10,8.6,3.2,NA,335,"CO",2019,57,2,252.830188679245,-0.4,122,0
1519,2019-02-27,34.036,132.08,0,-10.2777777777778,6.38888888888889,-4.72222222222222,8.4,10.1,9.2,3.9,NA,335,"CO",2019,58,2,257.692307692308,-0.0999999999999996,122,0
1520,2019-02-28,34.544,129.54,0.254,-6.77777777777778,1.77777777777778,-5,8.1,10.5,8.4,4.7,NA,335,"CO",2019,59,2,266.666666666667,-0.300000000000001,122,0
1521,2019-03-01,34.798,137.16,1.016,-6.88888888888889,-3.5,-6.38888888888889,8,10.2,8.3,4.5,NA,335,"CO",2019,60,3,253.703703703704,-0.0999999999999996,122,0
1522,2019-03-02,36.068,147.32,1.778,-6,0.277777777777778,-5,7.4,9.6,9.5,4,NA,335,"CO",2019,61,3,244.827586206897,-0.6,122,0
1523,2019-03-03,37.846,162.56,2.54,-9.22222222222222,-6.72222222222222,-11,7.5,9.8,9.4,5.3,NA,335,"CO",2019,62,3,232.8125,0.0999999999999996,122,0
1524,2019-03-04,40.386,198.12,0.508,-14,-2.5,-12.1111111111111,7.5,10.2,8.6,5,NA,335,"CO",2019,63,3,203.846153846154,0,122,0
1525,2019-03-05,40.386,182.88,0,-15.6111111111111,-0.388888888888889,-8.22222222222222,7.5,9.4,8.6,3.4,NA,335,"CO",2019,64,3,220.833333333333,0,122,0
1526,2019-03-06,40.64,172.72,2.286,-3.5,2.77777777777778,-1.77777777777778,7.2,9.4,8.6,3.6,NA,335,"CO",2019,65,3,235.294117647059,-0.3,122,0
1527,2019-03-07,42.926,190.5,1.524,-4.77777777777778,0.999999999999998,-6.11111111111111,7.4,9.1,8.3,3.9,NA,335,"CO",2019,66,3,225.333333333333,0.2,122,0
1528,2019-03-08,44.196,193.04,1.27,-8.22222222222222,-0.388888888888889,-6,7.5,9.8,8.3,3,NA,335,"CO",2019,67,3,228.947368421053,0.0999999999999996,122,0
1529,2019-03-09,45.466,200.66,0.508,-11.5,-4,-10.3888888888889,7.5,9.6,8.3,4.7,NA,335,"CO",2019,68,3,226.582278481013,0,122,0
1530,2019-03-10,45.72,195.58,0.254,-10.7222222222222,3.27777777777778,-7.27777777777778,7.7,9.9,9.1,4.2,NA,335,"CO",2019,69,3,233.766233766234,0.2,122,0
1531,2019-03-11,45.72,187.96,0.254,-9,1.27777777777778,-5.77777777777778,7.8,9.8,8.4,3.4,NA,335,"CO",2019,70,3,243.243243243243,0.0999999999999996,122,0
1532,2019-03-12,45.974,187.96,0,-4.27777777777778,7.61111111111111,-0.777777777777777,7.7,9.8,8.7,4.8,NA,335,"CO",2019,71,3,244.594594594595,-0.0999999999999996,122,0
1533,2019-03-13,46.482,182.88,3.302,-2.27777777777778,-2.11111111111111,-9.88888888888889,7.9,10,9.1,4.9,NA,335,"CO",2019,72,3,254.166666666667,0.2,122,0
1534,2019-03-14,49.53,215.9,0.508,-15.7777777777778,-8.77777777777778,-14.7777777777778,7.9,9.4,8.3,3.5,NA,335,"CO",2019,73,3,229.411764705882,0,122,0
1535,2019-03-15,49.784,208.28,0.254,-18.8888888888889,-2.22222222222222,-12.5,8.2,9.1,9.2,5.7,NA,335,"CO",2019,74,3,239.024390243902,0.299999999999999,122,0
1536,2019-03-16,49.784,200.66,0.254,-14.3888888888889,1.5,-7.77777777777778,8.2,9,8.3,4.6,NA,335,"CO",2019,75,3,248.101265822785,0,122,0
1537,2019-03-17,49.784,195.58,0,-11.6111111111111,4.38888888888889,-6.11111111111111,8.3,9.5,8.1,3.6,NA,335,"CO",2019,76,3,254.545454545455,0.100000000000001,122,0
1538,2019-03-18,50.038,190.5,0,-8.72222222222222,4.22222222222222,-4.72222222222222,8.4,9.6,8.4,4.8,NA,335,"CO",2019,77,3,262.666666666667,0.0999999999999996,122,0
1539,2019-03-19,50.038,182.88,0,-10.7222222222222,-1.27777777777778,-10.2777777777778,8.7,9.8,8.8,4.2,NA,335,"CO",2019,78,3,273.611111111111,0.299999999999999,122,0
1540,2019-03-20,50.038,187.96,0,-14.1111111111111,7.38888888888889,-4.72222222222222,8.8,9.9,8.6,3.7,NA,335,"CO",2019,79,3,266.216216216216,0.100000000000001,122,0
1541,2019-03-21,50.038,182.88,0,-6.38888888888889,3.88888888888889,-3.11111111111111,8.8,9.8,9.1,5,NA,335,"CO",2019,80,3,273.611111111111,0,122,0
1542,2019-03-22,50.038,180.34,0,-6.88888888888889,4.11111111111111,-5.27777777777778,8.8,9.9,8.5,3.5,NA,335,"CO",2019,81,3,277.464788732394,0,122,0
1543,2019-03-23,50.292,185.42,0.508,-9.27777777777778,0.111111111111113,-7.11111111111111,9.1,9.9,8.6,4.5,NA,335,"CO",2019,82,3,271.232876712329,0.299999999999999,122,0
1544,2019-03-24,50.546,185.42,0.254,-11,2,-6.11111111111111,9.2,9,8.2,5,NA,335,"CO",2019,83,3,272.602739726027,0.0999999999999996,122,0
1545,2019-03-25,51.308,187.96,0.254,-7.77777777777778,1.72222222222222,-5.72222222222222,9.2,9.9,8.4,3.8,NA,335,"CO",2019,84,3,272.972972972973,0,122,0
1546,2019-03-26,51.308,180.34,0,-8.72222222222222,10.1111111111111,0.777777777777777,9.4,8.9,7.9,4,NA,335,"CO",2019,85,3,284.507042253521,0.200000000000001,122,0
1547,2019-03-27,51.308,175.26,0,1.22222222222222,11,2.72222222222222,9.3,9.6,8.9,4.3,NA,335,"CO",2019,86,3,292.753623188406,-0.0999999999999996,122,0
1548,2019-03-28,51.562,170.18,0.254,-0.111111111111111,9.72222222222222,2.5,9.6,9.6,8.1,3.4,NA,335,"CO",2019,87,3,302.985074626866,0.299999999999999,122,0
1549,2019-03-29,51.562,167.64,0,-0.722222222222223,2.88888888888889,-5.38888888888889,10.2,8.9,8.8,5,NA,335,"CO",2019,88,3,307.575757575758,0.6,122,1
1550,2019-03-30,51.562,175.26,0.508,-10.8888888888889,2.38888888888889,-9.22222222222222,11.2,9.6,8.3,3.5,NA,335,"CO",2019,89,3,294.202898550725,1,122,0
1551,2019-03-31,52.07,172.72,0,-12.7222222222222,1.61111111111111,-8.5,11.8,9.9,8.9,3.8,NA,335,"CO",2019,90,3,301.470588235294,0.600000000000001,122,0
1552,2019-04-01,52.324,175.26,0.254,-11.5,0.999999999999998,-6.72222222222222,12.1,8.5,8.9,5.2,NA,335,"CO",2019,91,4,298.550724637681,0.299999999999999,122,0
1553,2019-04-02,52.324,172.72,0.254,-7.27777777777778,3,-3.61111111111111,12.2,8.9,8.8,5.4,NA,335,"CO",2019,92,4,302.941176470588,0.0999999999999996,122,0
1554,2019-04-03,52.578,175.26,0.254,-4.11111111111111,3.72222222222222,-3.22222222222222,12.6,10.1,7.9,3.2,NA,335,"CO",2019,93,4,300,0.4,122,0
1555,2019-04-04,52.578,175.26,0.508,-5.27777777777778,6.38888888888889,-1.77777777777778,12.6,10.2,8.7,3.9,NA,335,"CO",2019,94,4,300,0,122,0
1556,2019-04-05,53.086,170.18,0,-2.61111111111111,8.88888888888889,0.277777777777778,12.8,10.4,9.1,4.2,NA,335,"CO",2019,95,4,311.940298507463,0.200000000000001,122,0
1557,2019-04-06,53.086,167.64,0,-5,8.61111111111111,-1.5,12.8,9.8,8.1,4.1,NA,335,"CO",2019,96,4,316.666666666667,0,122,0
1558,2019-04-07,53.086,170.18,0.254,-7.77777777777778,7.38888888888889,-1.27777777777778,13.1,9.5,8.9,5.1,NA,335,"CO",2019,97,4,311.940298507463,0.299999999999999,122,0
1559,2019-04-08,53.34,165.1,0,-2.5,9.38888888888889,2.38888888888889,13.2,10.5,8.6,4.3,NA,335,"CO",2019,98,4,323.076923076923,0.0999999999999996,122,0
1560,2019-04-09,53.34,162.56,0.254,1.11111111111111,11.2222222222222,4.5,13.6,10.6,8.9,4.3,NA,335,"CO",2019,99,4,328.125,0.4,122,0
1561,2019-04-10,53.34,160.02,1.524,-2.22222222222222,2.61111111111111,-6.11111111111111,14.3,10.5,8.3,3.4,NA,335,"CO",2019,100,4,333.333333333333,0.700000000000001,122,0
1562,2019-04-11,55.88,193.04,1.524,-14.2222222222222,-7.38888888888889,-12.7222222222222,16,10.6,7.9,3.5,NA,335,"CO",2019,101,4,289.473684210526,1.7,122,0
1563,2019-04-12,56.388,190.5,0.508,-13.2222222222222,-1,-9.77777777777778,16.3,10.7,8.7,4.2,NA,335,"CO",2019,102,4,296,0.300000000000001,122,0
1564,2019-04-13,56.134,187.96,0.508,-11.6111111111111,0.222222222222221,-8.38888888888889,16.5,10.1,7.9,4.4,NA,335,"CO",2019,103,4,298.648648648649,0.199999999999999,122,0
1565,2019-04-14,55.88,193.04,0,-10.7222222222222,3.88888888888889,-2.61111111111111,16.6,10.7,9.2,4.7,NA,335,"CO",2019,104,4,289.473684210526,0.100000000000001,122,0
1566,2019-04-15,55.626,180.34,0.254,-1.27777777777778,9.22222222222222,2.11111111111111,16.5,11,8.7,4.2,NA,335,"CO",2019,105,4,308.450704225352,-0.100000000000001,122,0
1567,2019-04-16,55.118,172.72,0.254,-0.277777777777778,9.22222222222222,0.999999999999998,16.9,11.7,8.5,3.9,NA,335,"CO",2019,106,4,319.117647058824,0.399999999999999,122,0
1568,2019-04-17,55.118,170.18,0,-4.11111111111111,7.61111111111111,-1.38888888888889,18,11.2,8.2,4.4,NA,335,"CO",2019,107,4,323.880597014925,1.1,122,0
1569,2019-04-18,55.118,170.18,0,-5.88888888888889,2,-2.5,18,12.3,8.5,5,NA,335,"CO",2019,108,4,323.880597014925,0,122,0
1570,2019-04-19,55.626,170.18,0.508,-1.22222222222222,11,3.5,18.2,13.9,8.1,3.9,NA,335,"CO",2019,109,4,326.865671641791,0.199999999999999,122,0
1571,2019-04-20,55.88,165.1,0,2.5,14.7777777777778,4.5,18.7,14.2,9.3,5,NA,335,"CO",2019,110,4,338.461538461538,0.5,122,0
1572,2019-04-21,55.88,160.02,0.254,-2,10.3888888888889,0.277777777777778,19.5,16.4,9.6,4.1,NA,335,"CO",2019,111,4,349.206349206349,0.800000000000001,122,0
1573,2019-04-22,55.372,160.02,0,-4.27777777777778,7.38888888888889,-1.5,19.6,16.7,9.6,4.8,NA,335,"CO",2019,112,4,346.031746031746,0.100000000000001,122,0
1574,2019-04-23,55.626,160.02,0.254,-4.72222222222222,12.1111111111111,2,19.9,16.9,8.7,4.9,NA,335,"CO",2019,113,4,347.619047619048,0.299999999999997,122,0
1575,2019-04-24,55.118,154.94,0,-0.777777777777777,9.77777777777778,1.77777777777778,20.2,18.1,9.7,4.1,NA,335,"CO",2019,114,4,355.737704918033,0.300000000000001,122,0
1576,2019-04-25,54.61,152.4,0,0.611111111111112,10.1111111111111,2.77777777777778,20.1,18.3,9.5,3.6,NA,335,"CO",2019,115,4,358.333333333333,-0.0999999999999979,122,0
1577,2019-04-26,54.356,147.32,0.508,-0.722222222222223,10.3888888888889,2.38888888888889,20.3,18.2,10.3,4.6,NA,335,"CO",2019,116,4,368.965517241379,0.199999999999999,122,0
1578,2019-04-27,54.102,147.32,1.016,-2,8.72222222222222,2.22222222222222,20.5,18.4,11.3,4.7,NA,335,"CO",2019,117,4,367.241379310345,0.199999999999999,122,0
1579,2019-04-28,53.594,147.32,1.27,1.27777777777778,7.61111111111111,0.611111111111112,20.6,18.1,11.9,5.8,NA,335,"CO",2019,118,4,363.793103448276,0.100000000000001,122,0
1580,2019-04-29,54.864,162.56,1.524,-4.11111111111111,3.88888888888889,-2.22222222222222,20.5,19,11.3,3.7,NA,335,"CO",2019,119,4,337.5,-0.100000000000001,122,0
1581,2019-04-30,56.642,172.72,1.016,-4,8.22222222222222,-1.27777777777778,20.4,18.9,12.5,4.7,NA,335,"CO",2019,120,4,327.941176470588,-0.100000000000001,122,0
1582,2019-05-01,56.896,165.1,0.762,-3,3.61111111111111,-4.72222222222222,20.3,18.5,12.8,5.8,NA,335,"CO",2019,121,5,344.615384615385,-0.0999999999999979,122,0
1583,2019-05-02,57.658,162.56,0.254,-9.5,3.72222222222222,-3.77777777777778,20.2,18.2,12.3,4.4,NA,335,"CO",2019,122,5,354.6875,-0.100000000000001,122,0
1584,2019-05-03,57.404,162.56,0.254,-6,7.61111111111111,-0.722222222222223,20.2,17.9,12.4,5.1,NA,335,"CO",2019,123,5,353.125,0,122,0
1585,2019-05-04,57.404,157.48,0,-2,8.38888888888889,1.38888888888889,20,17.8,12.9,5.3,NA,335,"CO",2019,124,5,364.516129032258,-0.199999999999999,122,0
1586,2019-05-05,56.896,147.32,0,-1.77777777777778,10.5,2.38888888888889,20.2,18.7,12.7,4.8,NA,335,"CO",2019,125,5,386.206896551724,0.199999999999999,122,0
1587,2019-05-06,55.626,149.86,0,-2.38888888888889,12.3888888888889,3.5,20.4,18.3,13.3,5.9,NA,335,"CO",2019,126,5,371.186440677966,0.199999999999999,122,0
1588,2019-05-07,55.118,147.32,0.254,0.277777777777778,7.11111111111111,1.27777777777778,20.6,18.8,12.7,5.6,NA,335,"CO",2019,127,5,374.137931034483,0.200000000000003,122,0
1589,2019-05-08,55.118,147.32,0.508,-2.11111111111111,6.77777777777778,-3.88888888888889,20.8,18.6,13.8,5.2,NA,335,"CO",2019,128,5,374.137931034483,0.199999999999999,122,0
1590,2019-05-09,56.134,162.56,0.508,-9,-3.77777777777778,-8.27777777777778,20.7,18.9,14.2,5.3,NA,335,"CO",2019,129,5,345.3125,-0.100000000000001,122,0
1591,2019-05-10,56.388,157.48,0.508,-6.22222222222222,3.77777777777778,-3.72222222222222,20.6,18.7,13.8,6,NA,335,"CO",2019,130,5,358.064516129032,-0.0999999999999979,122,0
1592,2019-05-11,56.896,157.48,0.508,-7.61111111111111,6.61111111111111,-1.5,20.5,18.4,13.7,5.9,NA,335,"CO",2019,131,5,361.290322580645,-0.100000000000001,122,0
1593,2019-05-12,56.896,152.4,0,-3.22222222222222,10.7222222222222,2.61111111111111,20.5,19.2,14.1,6,NA,335,"CO",2019,132,5,373.333333333333,0,122,0
1594,2019-05-13,56.896,147.32,0,2,13.2222222222222,5.61111111111111,20.6,18.8,13.7,5.4,NA,335,"CO",2019,133,5,386.206896551724,0.100000000000001,122,0
1595,2019-05-14,55.626,142.24,0,1.11111111111111,13.8888888888889,6.38888888888889,20.9,18.4,14.5,7.1,NA,335,"CO",2019,134,5,391.071428571428,0.299999999999997,122,0
1596,2019-05-15,53.848,139.7,0,4.22222222222222,15.8888888888889,8,21.4,19.2,14.6,8.2,NA,335,"CO",2019,135,5,385.454545454545,0.5,122,0
1597,2019-05-16,50.546,134.62,0,5.11111111111111,14.8888888888889,7.38888888888889,21.6,19.6,15.2,8.7,NA,335,"CO",2019,136,5,375.471698113208,0.200000000000003,122,0
1598,2019-05-17,48.768,129.54,0.508,1.61111111111111,10.3888888888889,-0.777777777777777,21.8,20.1,15.3,9.5,NA,335,"CO",2019,137,5,376.470588235294,0.199999999999999,122,0
1599,2019-05-18,49.022,137.16,0.508,-6.88888888888889,2.61111111111111,-4,21.6,20.2,15.2,9.5,NA,335,"CO",2019,138,5,357.407407407407,-0.199999999999999,122,0
1600,2019-05-19,49.022,134.62,0.254,-4.77777777777778,5.72222222222222,-1.5,21.3,19.4,15.5,9,NA,335,"CO",2019,139,5,364.150943396226,-0.300000000000001,122,0
1601,2019-05-20,49.276,134.62,0.762,-2.77777777777778,1.61111111111111,-3.5,21,19.5,15.8,9.4,NA,335,"CO",2019,140,5,366.037735849057,-0.300000000000001,122,0
1602,2019-05-21,50.8,147.32,1.016,-6.88888888888889,4.72222222222222,-3.77777777777778,20.8,19.6,15,9.2,NA,335,"CO",2019,141,5,344.827586206897,-0.199999999999999,122,0
1603,2019-05-22,51.562,147.32,0.762,-5.5,6.77777777777778,-2.77777777777778,20.8,19.3,15.1,10.2,NA,335,"CO",2019,142,5,350,0,122,0
1604,2019-05-23,52.07,147.32,0.762,-4.5,0.499999999999999,-3.77777777777778,20.6,19.1,15.6,10.3,NA,335,"CO",2019,143,5,353.448275862069,-0.199999999999999,122,0
1605,2019-05-24,53.34,152.4,0.762,-5.72222222222222,7.5,-0.388888888888889,20.5,18.5,15.6,9.5,NA,335,"CO",2019,144,5,350,-0.100000000000001,122,0
1606,2019-05-25,53.34,142.24,0.254,-2.88888888888889,10,3.27777777777778,20.7,18.6,15.7,9.6,NA,335,"CO",2019,145,5,375,0.199999999999999,122,0
1607,2019-05-26,52.07,137.16,0,2.38888888888889,12.3888888888889,5.11111111111111,21,19,15.8,9.7,NA,335,"CO",2019,146,5,379.62962962963,0.300000000000001,122,0
1608,2019-05-27,51.308,132.08,0,1.27777777777778,8.5,2.11111111111111,21.5,20,16.1,10.2,NA,335,"CO",2019,147,5,388.461538461538,0.5,122,0
1609,2019-05-28,50.546,132.08,0.508,-2.22222222222222,4.22222222222222,-3.22222222222222,21.4,19.2,15.7,10.3,NA,335,"CO",2019,148,5,382.692307692308,-0.100000000000001,122,0
1610,2019-05-29,50.8,139.7,0.508,-3.72222222222222,7.72222222222222,-1.61111111111111,21.2,19.4,15.4,9.7,NA,335,"CO",2019,149,5,363.636363636364,-0.199999999999999,122,0
1611,2019-05-30,50.8,134.62,0.508,-4,9.77777777777778,1.27777777777778,21,19.2,15.6,9.3,NA,335,"CO",2019,150,5,377.358490566038,-0.199999999999999,122,0
1612,2019-05-31,51.054,134.62,0.254,-1.22222222222222,13.2777777777778,4.11111111111111,21.3,18.9,15.7,9.4,NA,335,"CO",2019,151,5,379.245283018868,0.300000000000001,122,0
1613,2019-06-01,50.8,129.54,0,0.611111111111112,14.8888888888889,6.77777777777778,21.6,20.5,16.4,10.6,NA,335,"CO",2019,152,6,392.156862745098,0.300000000000001,122,0
1614,2019-06-02,47.244,124.46,0,3.38888888888889,14.6111111111111,7.38888888888889,22.1,20.4,16.8,11.2,NA,335,"CO",2019,153,6,379.591836734694,0.5,122,0
1615,2019-06-03,44.704,119.38,0,5,14.1111111111111,6.77777777777778,22.3,21.3,17.7,12.1,NA,335,"CO",2019,154,6,374.468085106383,0.199999999999999,122,0
1616,2019-06-04,42.672,111.76,0,3.88888888888889,15.3888888888889,7.77777777777778,22.3,20.4,18.4,11.9,NA,335,"CO",2019,155,6,381.818181818182,0,122,0
1617,2019-06-05,40.386,106.68,0,2.22222222222222,16,6,22.2,21.3,17.8,12.3,NA,335,"CO",2019,156,6,378.571428571429,-0.100000000000001,122,0
1618,2019-06-06,38.1,99.06,0,0.777777777777777,16.7777777777778,8.61111111111111,22.4,20.7,18.9,12.2,NA,335,"CO",2019,157,6,384.615384615385,0.199999999999999,122,0
1619,2019-06-07,34.798,91.44,0,7.38888888888889,16.2777777777778,10.3888888888889,22.5,21,18.5,13.3,NA,335,"CO",2019,158,6,380.555555555556,0.100000000000001,122,0
1620,2019-06-08,32.004,86.36,0,7.22222222222222,16.5,8.77777777777778,22.6,21.1,19.3,13.1,NA,335,"CO",2019,159,6,370.588235294118,0.100000000000001,122,0
1621,2019-06-09,28.956,81.28,0,-1,8.88888888888889,1.5,22.7,21.7,18.5,13.2,NA,335,"CO",2019,160,6,356.25,0.0999999999999979,122,0
1622,2019-06-10,26.67,73.66,0,-2.27777777777778,14.2777777777778,6.38888888888889,22.4,21.6,19,12.9,NA,335,"CO",2019,161,6,362.068965517241,-0.300000000000001,122,0
1623,2019-06-11,23.876,68.58,0,2.88888888888889,12.2777777777778,6.38888888888889,22.6,20.9,18.9,12.6,NA,335,"CO",2019,162,6,348.148148148148,0.200000000000003,122,0
1624,2019-06-12,21.082,66.04,0,1.22222222222222,16.1111111111111,6.61111111111111,23.3,21.5,18.9,13.4,NA,335,"CO",2019,163,6,319.230769230769,0.699999999999999,122,0
1625,2019-06-13,18.034,55.88,0,4.77777777777778,16.3888888888889,8.5,23.9,22.3,20.3,13.4,NA,335,"CO",2019,164,6,322.727272727273,0.599999999999998,122,0
1626,2019-06-14,15.24,50.8,0,5.72222222222222,15.2777777777778,7,24.3,22.9,26.5,13.9,NA,335,"CO",2019,165,6,300,0.400000000000002,122,0
1627,2019-06-15,12.192,43.18,0,2.72222222222222,13,5.11111111111111,24.2,23.6,26.3,15.2,NA,335,"CO",2019,166,6,282.352941176471,-0.100000000000001,122,0
1628,2019-06-16,10.668,35.56,0.254,2.72222222222222,15.3888888888889,7.11111111111111,24.2,23,25.8,15,NA,335,"CO",2019,167,6,300,0,122,0
1629,2019-06-17,8.128,25.4,0,2.61111111111111,13.8888888888889,5.77777777777778,24.6,24,26.7,15.7,NA,335,"CO",2019,168,6,320,0.400000000000002,122,0
1630,2019-06-18,5.588,20.32,0.508,2.38888888888889,8,3.38888888888889,24.8,24,26.1,16,NA,335,"CO",2019,169,6,275,0.199999999999999,122,0
1631,2019-06-19,3.302,15.24,0.508,1.72222222222222,13.1111111111111,6.88888888888889,24.8,24.4,26.7,16.1,NA,335,"CO",2019,170,6,216.666666666667,0,122,0
1632,2019-06-20,0.762,2.54,0,7.77777777777778,14.6111111111111,7.61111111111111,25.5,24.5,26.7,15.7,NA,335,"CO",2019,171,6,300,0.699999999999999,122,0
1633,2019-06-21,0,0,0.508,2.27777777777778,9.77777777777778,1.77777777777778,24.7,23.9,25.9,16.2,NA,335,"CO",2019,172,6,NA,-0.800000000000001,122,0
1634,2019-06-22,1.016,5.08,1.27,-2.11111111111111,8.77777777777778,0.611111111111112,23.8,23.1,24.5,15.6,NA,335,"CO",2019,173,6,200,-0.899999999999999,122,0
1635,2019-06-23,0.508,2.54,0.762,-3.72222222222222,3.88888888888889,-0.88888888888889,24.3,23.5,24.6,14.7,NA,335,"CO",2019,174,6,200,0.5,122,0
1636,2019-06-24,0.762,2.54,0.762,0.388888888888891,11.7777777777778,5.88888888888889,23.1,22.3,23.1,14.4,NA,335,"CO",2019,175,6,300,-1.2,122,0
1637,2019-06-25,0,0,0,3.5,15.8888888888889,10.2222222222222,24.2,23.9,24.3,15.2,NA,335,"CO",2019,176,6,NA,1.1,122,0
1638,2019-06-26,0,0,0,7.5,17.8888888888889,11.6111111111111,23.8,23.4,24.7,15.2,NA,335,"CO",2019,177,6,NA,-0.399999999999999,122,0
1639,2019-06-27,0,0,0.254,7,19,12.7222222222222,22.4,22.5,22.8,14.6,NA,335,"CO",2019,178,6,NA,-1.4,122,0
1640,2019-06-28,0,0,0,8.88888888888889,21.3888888888889,13.8888888888889,19.9,20.1,21.2,13.9,NA,335,"CO",2019,179,6,NA,-2.5,122,0
1641,2019-06-29,0,0,0,8.77777777777778,20.2222222222222,13.8888888888889,17.7,19.2,20.4,13.2,NA,335,"CO",2019,180,6,NA,-2.2,122,0
1642,2019-06-30,0,0,0,10.3888888888889,20.3888888888889,11.7777777777778,15.9,18.7,18.9,12.9,NA,335,"CO",2019,181,6,NA,-1.8,122,0
1643,2019-07-01,0,0,0,7.88888888888889,18.8888888888889,11.2222222222222,20.5,17.7,18.8,11.7,NA,335,"CO",2019,182,7,NA,4.6,122,0
1644,2019-07-02,0,0,0,6.38888888888889,17.7222222222222,10.7222222222222,18.8,18.3,17.7,12.5,NA,335,"CO",2019,183,7,NA,-1.7,122,0
1645,2019-07-03,0,0,0,8.61111111111111,19.8888888888889,13.1111111111111,18.1,18.2,18.1,11.4,NA,335,"CO",2019,184,7,NA,-0.699999999999999,122,0
1646,2019-07-04,0,0,0,8.61111111111111,20,12.8888888888889,15.7,17.4,17.2,11.2,NA,335,"CO",2019,185,7,NA,-2.4,122,0
1647,2019-07-05,0,0,0,10.8888888888889,19.6111111111111,12.6111111111111,13.4,16.7,15.6,11.1,NA,335,"CO",2019,186,7,NA,-2.3,122,0
1648,2019-07-06,0,0,0,6.77777777777778,17.7777777777778,11,11.4,16.1,15.4,10.8,NA,335,"CO",2019,187,7,NA,-2,122,0
1649,2019-07-07,0,0,0,7.5,17.7222222222222,10.8888888888889,10.1,15.7,14.2,10.6,NA,335,"CO",2019,188,7,NA,-1.3,122,0
1650,2019-07-08,0,0,0,6.77777777777778,15.2222222222222,8.72222222222222,8.8,14.2,13.1,9.6,NA,335,"CO",2019,189,7,NA,-1.3,122,0
1651,2019-07-09,0,0,0,7.22222222222222,17.2222222222222,10.2222222222222,7.9,14.3,13.5,9.9,NA,335,"CO",2019,190,7,NA,-0.9,122,0
1652,2019-07-10,0,0,0,6.11111111111111,21,13,6.8,13.5,12.8,9.1,NA,335,"CO",2019,191,7,NA,-1.1,122,0
1653,2019-07-11,0,0,0,9.72222222222222,22.7222222222222,15.1111111111111,6.2,13.8,12.1,8.3,NA,335,"CO",2019,192,7,NA,-0.6,122,0
1654,2019-07-12,0,0,0,10.7222222222222,20.5,13,5.2,12.7,11.5,8.5,NA,335,"CO",2019,193,7,NA,-1,122,0
1655,2019-07-13,0,0,0,11.7777777777778,23.1111111111111,13.7222222222222,4.7,12.2,10.5,8,NA,335,"CO",2019,194,7,NA,-0.5,122,0
1656,2019-07-14,0,0,0,11.8888888888889,18.2222222222222,13.1111111111111,4.4,11.1,9.3,7.1,NA,335,"CO",2019,195,7,NA,-0.3,122,0
1657,2019-07-15,0,0,0,10.1111111111111,22.1111111111111,11.7777777777778,4.6,10.5,8.9,7.5,NA,335,"CO",2019,196,7,NA,0.199999999999999,122,0
1658,2019-07-16,0,0,0,9.88888888888889,20.7777777777778,14.1111111111111,4.7,9.5,8.9,6.6,NA,335,"CO",2019,197,7,NA,0.100000000000001,122,0
1659,2019-07-17,0,0,0,11.1111111111111,20.8888888888889,15,6.1,9.7,7.7,6.4,NA,335,"CO",2019,198,7,NA,1.4,122,0
1660,2019-07-18,0,0,0,11,21.7777777777778,15,5.1,8.7,7.8,6.8,NA,335,"CO",2019,199,7,NA,-1,122,0
1661,2019-07-19,0,0,0,10,23.7777777777778,15.8888888888889,4.2,9,6.7,6,NA,335,"CO",2019,200,7,NA,-0.899999999999999,122,0
1662,2019-07-20,0,0,0,10.7222222222222,21.3888888888889,12.3888888888889,4.2,7.6,6.8,4.8,NA,335,"CO",2019,201,7,NA,0,122,0
1663,2019-07-21,0,0,0,8.61111111111111,21.6111111111111,12.8888888888889,3.6,6.6,6.6,5.2,NA,335,"CO",2019,202,7,NA,-0.6,122,0
1664,2019-07-22,0,0,0,7.61111111111111,20.8888888888889,12,3.7,6.9,6.4,4.5,NA,335,"CO",2019,203,7,NA,0.1,122,0
1665,2019-07-23,0,0,0,8.5,20.2777777777778,12.8888888888889,3.6,5.7,6.2,5.6,NA,335,"CO",2019,204,7,NA,-0.1,122,0
1666,2019-07-24,0,0,0,8.88888888888889,21.8888888888889,13.8888888888889,3.6,5.4,6.6,5.2,NA,335,"CO",2019,205,7,NA,0,122,0
1667,2019-07-25,0,0,0,8,16.7222222222222,10.7222222222222,3.7,5.1,5,4.5,NA,335,"CO",2019,206,7,NA,0.1,122,0
1668,2019-07-26,0,0,0,9,18.8888888888889,11.7222222222222,3.6,5.2,6.1,4.3,NA,335,"CO",2019,207,7,NA,-0.1,122,0
1669,2019-07-27,0,0,0,9.72222222222222,18.3888888888889,10.8888888888889,3.5,4.5,5.7,4.5,NA,335,"CO",2019,208,7,NA,-0.1,122,0
1670,2019-07-28,0,0,0,7,17.8888888888889,11.2222222222222,3.4,5.3,4,4.1,NA,335,"CO",2019,209,7,NA,-0.1,122,0
1671,2019-07-29,0,0,0,7.88888888888889,21.8888888888889,14.2222222222222,3,4.2,3.8,3.9,NA,335,"CO",2019,210,7,NA,-0.4,122,0
1672,2019-07-30,0,0,0,12.2777777777778,22.7777777777778,14,3.3,3.6,5,3.8,NA,335,"CO",2019,211,7,NA,0.3,122,0
1673,2019-07-31,0,0,0,7.61111111111111,20.8888888888889,12.2777777777778,3.2,4,4.8,3.2,NA,335,"CO",2019,212,7,NA,-0.0999999999999996,122,0
1674,2019-08-01,0,0,0,9.38888888888889,15.8888888888889,11.1111111111111,3,4,4.6,2.4,NA,335,"CO",2019,213,8,NA,-0.2,122,0
1675,2019-08-02,0,0,0.508,8.38888888888889,19.8888888888889,12.2222222222222,2.9,3.4,4.6,2.9,NA,335,"CO",2019,214,8,NA,-0.1,122,0
1827,2020-01-01,23.114,96.52,1.27,-10.2777777777778,-5.61111111111111,-9.72222222222222,1.2,1.9,2,1.7,NA,335,"CO",2020,1,1,239.473684210526,0,117,0
1828,2020-01-02,24.384,109.22,0.508,-11.7777777777778,-4.61111111111111,-12.5,1.1,1.8,2,1.6,NA,335,"CO",2020,2,1,223.255813953488,-0.0999999999999999,117,0
1829,2020-01-03,24.892,119.38,0.508,-15.5,-7,-11.7222222222222,0.9,1.3,2.7,2.3,NA,335,"CO",2020,3,1,208.510638297872,-0.2,117,0
1830,2020-01-04,25.4,119.38,0,-10.7777777777778,2.5,-5.88888888888889,1,1.8,2.1,1.7,NA,335,"CO",2020,4,1,212.765957446808,0.1,117,0
1831,2020-01-05,25.4,109.22,0.254,-11.1111111111111,1.5,-8.38888888888889,1.2,1.9,1.7,1.2,NA,335,"CO",2020,5,1,232.558139534884,0.2,117,0
1832,2020-01-06,25.4,111.76,0.254,-14.2777777777778,-9.5,-13.3888888888889,1,1.1,1.3,1,NA,335,"CO",2020,6,1,227.272727272727,-0.2,117,0
1833,2020-01-07,25.4,106.68,0,-13.8888888888889,-0.222222222222221,-7.77777777777778,1.2,1.4,2.3,1.2,NA,335,"CO",2020,7,1,238.095238095238,0.2,117,0
1834,2020-01-08,25.4,106.68,0.254,-11.1111111111111,3.5,-5.88888888888889,1.1,1.9,1.4,1.2,NA,335,"CO",2020,8,1,238.095238095238,-0.0999999999999999,117,0
1835,2020-01-09,25.654,104.14,0.254,-12.5,-4.11111111111111,-12.3888888888889,1.3,1.7,2.3,2.1,NA,335,"CO",2020,9,1,246.341463414634,0.2,117,0
1836,2020-01-10,25.908,111.76,0.254,-16,-8.72222222222222,-16.6111111111111,1.1,1.4,2.4,1.6,NA,335,"CO",2020,10,1,231.818181818182,-0.2,117,0
1837,2020-01-11,26.162,111.76,0.254,-21.5,-5.77777777777778,-14,1.1,1.7,2.4,1.1,NA,335,"CO",2020,11,1,234.090909090909,0,117,0
1838,2020-01-12,26.416,114.3,0.508,-15.7777777777778,-6.88888888888889,-14.2222222222222,1.2,1.4,2,1.3,NA,335,"CO",2020,12,1,231.111111111111,0.0999999999999999,117,0
1839,2020-01-13,26.67,111.76,0.508,-16,-9.11111111111111,-12.3888888888889,1.1,1.5,2,0.8,NA,335,"CO",2020,13,1,238.636363636364,-0.0999999999999999,117,0
1840,2020-01-14,26.924,109.22,0,-9.77777777777778,-0.88888888888889,-6.72222222222222,1.2,1,2.8,2.7,NA,335,"CO",2020,14,1,246.511627906977,0.0999999999999999,117,0
1841,2020-01-15,26.924,101.6,0,-9.38888888888889,-0.88888888888889,-8.38888888888889,1.2,0.6,1.4,1.8,NA,335,"CO",2020,15,1,265,0,117,0
1842,2020-01-16,26.924,101.6,0,-5.72222222222222,4.61111111111111,-2.77777777777778,1.2,1.7,2.9,2.8,NA,335,"CO",2020,16,1,265,0,117,0
1843,2020-01-17,26.924,101.6,0.762,-7.61111111111111,-3.61111111111111,-11,1.2,1.3,2.6,2.8,NA,335,"CO",2020,17,1,265,0,117,0
1844,2020-01-18,27.178,111.76,0,-18.1111111111111,-6.38888888888889,-14.6111111111111,1.1,1.6,2,0.8,NA,335,"CO",2020,18,1,243.181818181818,-0.0999999999999999,117,0
1845,2020-01-19,27.178,109.22,0.254,-13.8888888888889,-3.77777777777778,-12,1.1,1.6,2.8,2.6,NA,335,"CO",2020,19,1,248.837209302326,0,117,0
1846,2020-01-20,27.432,106.68,0,-13.7222222222222,6.5,-6.22222222222222,1.1,1.1,2.7,1.9,NA,335,"CO",2020,20,1,257.142857142857,0,117,0
1847,2020-01-21,27.432,106.68,0.254,-6,-0.277777777777778,-5.27777777777778,1.3,1.4,2.5,2.1,NA,335,"CO",2020,21,1,257.142857142857,0.2,117,0
1848,2020-01-22,27.94,111.76,1.016,-8.22222222222222,-6.61111111111111,-9.61111111111111,1,0.9,2,2.9,NA,335,"CO",2020,22,1,250,-0.3,117,0
1849,2020-01-23,29.21,129.54,1.27,-13.2777777777778,-7.77777777777778,-10.6111111111111,1,2.1,1.9,2.4,NA,335,"CO",2020,23,1,225.490196078431,0,117,0
1850,2020-01-24,30.226,139.7,0.254,-9.88888888888889,-0.88888888888889,-8.38888888888889,1,0.9,2,3.3,NA,335,"CO",2020,24,1,216.363636363636,0,117,0
1851,2020-01-25,30.48,132.08,0.254,-8.61111111111111,-0.611111111111112,-8.72222222222222,1.2,2,2,2.9,NA,335,"CO",2020,25,1,230.769230769231,0.2,117,0
1852,2020-01-26,30.734,134.62,0,-9.11111111111111,0.499999999999999,-7,1.2,1.7,2.8,2.7,NA,335,"CO",2020,26,1,228.301886792453,0,117,0
1853,2020-01-27,30.734,132.08,0.508,-7.38888888888889,-4.61111111111111,-9.11111111111111,1.3,1.9,1.4,2.1,NA,335,"CO",2020,27,1,232.692307692308,0.1,117,0
1854,2020-01-28,31.242,132.08,0,-13.8888888888889,-7.22222222222222,-13.2222222222222,1.2,0.6,2.3,2,NA,335,"CO",2020,28,1,236.538461538462,-0.1,117,0
1855,2020-01-29,31.242,129.54,0,-13.7222222222222,-4.5,-11.6111111111111,1.1,1.6,2.6,2.4,NA,335,"CO",2020,29,1,241.176470588235,-0.0999999999999999,117,0
1856,2020-01-30,31.496,129.54,0.762,-14.2222222222222,-7.88888888888889,-13.5,1.2,0.7,2.7,1.4,NA,335,"CO",2020,30,1,243.137254901961,0.0999999999999999,117,0
1857,2020-01-31,32.258,134.62,0,-15.7777777777778,-6.27777777777778,-12.6111111111111,1.2,1.5,2,1.3,NA,335,"CO",2020,31,1,239.622641509434,0,117,0
1858,2020-02-01,32.258,129.54,0.254,-9.61111111111111,0.277777777777778,-6,1.3,1.3,2.1,1.8,NA,335,"CO",2020,32,2,249.019607843137,0.1,117,0
1859,2020-02-02,32.512,124.46,0,-3.22222222222222,7.88888888888889,1.27777777777778,1.1,1.1,1.6,1.5,NA,335,"CO",2020,33,2,261.224489795918,-0.2,117,0
1860,2020-02-03,32.512,121.92,0.254,-5,-3,-12.3888888888889,1.2,0.6,2.3,1.9,NA,335,"CO",2020,34,2,266.666666666667,0.0999999999999999,117,0
1861,2020-02-04,33.02,129.54,0,-21.6111111111111,-17.7777777777778,-22,1.2,1,1.9,2.1,NA,335,"CO",2020,35,2,254.901960784314,0,117,0
1862,2020-02-05,33.02,129.54,0.508,-26.5,-15.5,-21.7777777777778,1.1,1.6,1.6,2.1,NA,335,"CO",2020,36,2,254.901960784314,-0.0999999999999999,117,0
1863,2020-02-06,33.274,127,2.286,-20.3888888888889,-10.1111111111111,-13.8888888888889,1.1,0.5,2.7,1.8,NA,335,"CO",2020,37,2,262,0,117,0
1864,2020-02-07,35.814,149.86,3.81,-10.7222222222222,-7.27777777777778,-9,1.2,2.1,2.5,2.8,NA,335,"CO",2020,38,2,238.983050847458,0.0999999999999999,117,0
1865,2020-02-08,39.37,180.34,0.508,-8.11111111111111,-1.22222222222222,-6.5,1.3,0.8,2.5,1.4,NA,335,"CO",2020,39,2,218.30985915493,0.1,117,0
1866,2020-02-09,40.132,185.42,0.762,-12.3888888888889,-8.72222222222222,-12.2777777777778,1.1,1.8,3.1,2.5,NA,335,"CO",2020,40,2,216.438356164384,-0.2,117,0
1867,2020-02-10,41.148,187.96,0.508,-15,-5.77777777777778,-13.5,1.2,1.8,2.9,1.9,NA,335,"CO",2020,41,2,218.918918918919,0.0999999999999999,117,0
1868,2020-02-11,41.656,185.42,0.254,-18.1111111111111,-6.27777777777778,-14.7777777777778,1.3,1.7,2.7,1.4,NA,335,"CO",2020,42,2,224.657534246575,0.1,117,0
1869,2020-02-12,41.91,177.8,0.254,-12.1111111111111,-7.11111111111111,-14.3888888888889,1,1.4,2.4,3,NA,335,"CO",2020,43,2,235.714285714286,-0.3,117,0
1870,2020-02-13,42.164,172.72,0.762,-15.7777777777778,-9.38888888888889,-13.7777777777778,1,1.5,1.6,1.9,NA,335,"CO",2020,44,2,244.117647058824,0,117,0
1871,2020-02-14,42.926,170.18,0,-11.2222222222222,2.61111111111111,-6.77777777777778,1,1.3,1.1,3.2,NA,335,"CO",2020,45,2,252.238805970149,0,117,0
1872,2020-02-15,42.926,170.18,0,-7.77777777777778,-0.222222222222221,-8,1.2,2,1.9,2.4,NA,335,"CO",2020,46,2,252.238805970149,0.2,117,0
1873,2020-02-16,42.926,167.64,2.032,-10.5,-1.77777777777778,-7,1.2,1.5,2.4,2.1,NA,335,"CO",2020,47,2,256.060606060606,0,117,0
1874,2020-02-17,44.704,180.34,1.016,-7.61111111111111,-5.5,-11.5,1.2,1.1,1.9,1.2,NA,335,"CO",2020,48,2,247.887323943662,0,117,0
1875,2020-02-18,45.72,190.5,0.254,-17.7222222222222,-5.72222222222222,-13.2222222222222,1,0.5,1.7,2,NA,335,"CO",2020,49,2,240,-0.2,117,0
1876,2020-02-19,45.974,182.88,0.254,-10,-2.5,-11.5,1,1.2,1.1,2.9,NA,335,"CO",2020,50,2,251.388888888889,0,117,0
1877,2020-02-20,46.228,182.88,0,-21.1111111111111,-1.22222222222222,-13,1,1.9,1.6,3.2,NA,335,"CO",2020,51,2,252.777777777778,0,117,0
1878,2020-02-21,46.228,177.8,0.254,-11.3888888888889,3.5,-6.61111111111111,1.2,1.7,1,2.8,NA,335,"CO",2020,52,2,260,0.2,117,0
1879,2020-02-22,46.482,172.72,0,-4.88888888888889,4.5,-2.72222222222222,1.1,1,2.4,1.5,NA,335,"CO",2020,53,2,269.117647058824,-0.0999999999999999,117,0
1880,2020-02-23,46.482,170.18,0.254,-4.38888888888889,-4.11111111111111,-7.61111111111111,1.2,1.4,1.3,2.9,NA,335,"CO",2020,54,2,273.134328358209,0.0999999999999999,117,0
1881,2020-02-24,46.736,172.72,0.508,-11,-9.72222222222222,-14.8888888888889,1.3,1.1,2.8,1.2,NA,335,"CO",2020,55,2,270.588235294118,0.1,117,0
1882,2020-02-25,47.244,172.72,0.508,-18.2777777777778,-13.3888888888889,-19,1.2,0.6,2.4,1,NA,335,"CO",2020,56,2,273.529411764706,-0.1,117,0
1883,2020-02-26,47.498,172.72,0.254,-23.5,-7.38888888888889,-15.3888888888889,1.2,1.2,2.7,1.3,NA,335,"CO",2020,57,2,275,0,117,0
1884,2020-02-27,47.752,170.18,0,-10.6111111111111,-3.38888888888889,-9.77777777777778,1.2,1.4,2.3,2.2,NA,335,"CO",2020,58,2,280.597014925373,0,117,0
1885,2020-02-28,47.752,170.18,0,-11.3888888888889,2.27777777777778,-7.11111111111111,1.1,1.2,2.8,2.6,NA,335,"CO",2020,59,2,280.597014925373,-0.0999999999999999,117,0
1886,2020-02-29,47.752,167.64,0,-8.38888888888889,2.72222222222222,-4.5,1.1,1.8,2.1,1.9,NA,335,"CO",2020,60,2,284.848484848485,0,117,0
1887,2020-03-01,47.752,165.1,0.508,-6.72222222222222,1.5,-5.88888888888889,1.1,1.7,2.3,2.2,NA,335,"CO",2020,61,3,289.230769230769,0,117,0
1888,2020-03-02,48.26,172.72,0,-8.38888888888889,-2.88888888888889,-9.61111111111111,1.2,2,1.6,3.2,NA,335,"CO",2020,62,3,279.411764705882,0.0999999999999999,117,0
1889,2020-03-03,48.26,172.72,0,-10.7777777777778,0.777777777777777,-8.61111111111111,1.1,1.8,2.8,2.4,NA,335,"CO",2020,63,3,279.411764705882,-0.0999999999999999,117,0
1890,2020-03-04,48.26,167.64,0,-10.3888888888889,4.11111111111111,-4.72222222222222,1.2,2,2.8,2.3,NA,335,"CO",2020,64,3,287.878787878788,0.0999999999999999,117,0
1891,2020-03-05,48.26,165.1,0.254,-5.61111111111111,4.11111111111111,-3.5,1.2,1.7,1.4,2.7,NA,335,"CO",2020,65,3,292.307692307692,0,117,0
1892,2020-03-06,48.26,162.56,0,-4,8.5,-1.27777777777778,1.1,2,2.1,2.4,NA,335,"CO",2020,66,3,296.875,-0.0999999999999999,117,0
1893,2020-03-07,48.26,160.02,0,-3.77777777777778,7.72222222222222,-0.388888888888889,1.1,1.3,2.4,0.9,NA,335,"CO",2020,67,3,301.587301587302,0,117,0
1894,2020-03-08,48.26,157.48,0,-0.722222222222223,7,-1,1.2,1.2,2.8,1,NA,335,"CO",2020,68,3,306.451612903226,0.0999999999999999,117,0
1895,2020-03-09,48.26,154.94,0,-6.38888888888889,3.72222222222222,-4.27777777777778,1.2,1.1,1.6,2.8,NA,335,"CO",2020,69,3,311.475409836066,0,117,0
1896,2020-03-10,48.26,154.94,0.254,-4.61111111111111,-0.277777777777778,-4.72222222222222,1.4,1.2,2,2.4,NA,335,"CO",2020,70,3,311.475409836066,0.2,117,0
1897,2020-03-11,48.514,157.48,0.508,-7.77777777777778,5.22222222222222,-3.11111111111111,1.3,2.1,3,1.4,NA,335,"CO",2020,71,3,308.064516129032,-0.0999999999999999,117,0
1898,2020-03-12,49.022,154.94,0,-4.27777777777778,4.88888888888889,-2.11111111111111,1.5,0.2,2.4,2.2,NA,335,"CO",2020,72,3,316.393442622951,0.2,117,0
1899,2020-03-13,49.022,152.4,0,-3.72222222222222,4.61111111111111,-3.77777777777778,1.1,0.6,2.8,1.2,NA,335,"CO",2020,73,3,321.666666666667,-0.4,117,0
1900,2020-03-14,49.022,157.48,0.508,-6.5,2.22222222222222,-5,1.4,1.4,1.5,3,NA,335,"CO",2020,74,3,311.290322580645,0.3,117,0
1901,2020-03-15,49.276,157.48,0,-5.88888888888889,6.72222222222222,-2.27777777777778,1.6,1.9,2.3,1.2,NA,335,"CO",2020,75,3,312.903225806452,0.2,117,0
1902,2020-03-16,49.276,154.94,0.254,-4.22222222222222,7.61111111111111,-1.77777777777778,1.3,2.3,1.9,1.9,NA,335,"CO",2020,76,3,318.032786885246,-0.3,117,0
1903,2020-03-17,49.53,154.94,0,-2.38888888888889,8.5,0.277777777777778,1.2,1.1,1.6,2.5,NA,335,"CO",2020,77,3,319.672131147541,-0.1,117,0
1904,2020-03-18,49.53,152.4,0,-3.38888888888889,5.38888888888889,-2.11111111111111,1.6,1.7,2.3,1.2,NA,335,"CO",2020,78,3,325,0.4,117,0
1905,2020-03-19,49.53,152.4,1.524,-4.72222222222222,-3.11111111111111,-7.38888888888889,1.6,1.7,1.9,1.8,NA,335,"CO",2020,79,3,325,0,117,0
1906,2020-03-20,51.054,177.8,1.016,-11,0.111111111111113,-7.88888888888889,1.5,1.9,2.4,1.2,NA,335,"CO",2020,80,3,287.142857142857,-0.1,117,0
1907,2020-03-21,52.07,182.88,0.508,-10,1.72222222222222,-7.38888888888889,1.5,0.7,3,2.7,NA,335,"CO",2020,81,3,284.722222222222,0,117,0
1908,2020-03-22,52.578,182.88,0.508,-9,-0.388888888888889,-7.61111111111111,1.5,1.7,2.9,1.2,NA,335,"CO",2020,82,3,287.5,0,117,0
1909,2020-03-23,53.086,187.96,0.762,-10.7222222222222,2.38888888888889,-5.77777777777778,1.7,1.2,2.1,2.2,NA,335,"CO",2020,83,3,282.432432432432,0.2,117,0
1910,2020-03-24,53.848,187.96,0.254,-7.61111111111111,4.11111111111111,-3.5,1.7,0.9,2.2,2.9,NA,335,"CO",2020,84,3,286.486486486486,0,117,0
1911,2020-03-25,54.102,180.34,0,-4.27777777777778,3.72222222222222,-2.11111111111111,1.6,2.2,1.8,2.3,NA,335,"CO",2020,85,3,300,-0.0999999999999999,117,0
1912,2020-03-26,54.102,175.26,0,-3.11111111111111,7.38888888888889,-1,1.8,0.7,2.4,2.7,NA,335,"CO",2020,86,3,308.695652173913,0.2,117,0
1913,2020-03-27,54.102,172.72,1.27,-6.88888888888889,0.611111111111112,-8,1.6,0.7,1.8,3,NA,335,"CO",2020,87,3,313.235294117647,-0.2,117,0
1914,2020-03-28,55.372,190.5,0.508,-13.7222222222222,-4.72222222222222,-12.3888888888889,1.7,1.9,2.9,2,NA,335,"CO",2020,88,3,290.666666666667,0.0999999999999999,117,0
1915,2020-03-29,55.88,187.96,0,-15,0.611111111111112,-8.72222222222222,1.9,1.9,2.8,1.4,NA,335,"CO",2020,89,3,297.297297297297,0.2,117,0
1916,2020-03-30,55.88,180.34,0,-7.77777777777778,5.38888888888889,-5.77777777777778,1.9,1.5,2.9,1.8,NA,335,"CO",2020,90,3,309.859154929577,0,117,0
1917,2020-03-31,55.88,180.34,0.254,-7.11111111111111,6.22222222222222,-1.61111111111111,1.8,0.4,2.4,2.9,NA,335,"CO",2020,91,3,309.859154929577,-0.0999999999999999,117,0
1918,2020-04-01,56.134,172.72,0,-4.5,8.38888888888889,0.277777777777778,2,1.8,3,2.3,NA,335,"CO",2020,92,4,325,0.2,117,0
1919,2020-04-02,56.134,172.72,0.254,-2.72222222222222,8.11111111111111,-5.22222222222222,1.8,1.1,1.5,3,NA,335,"CO",2020,93,4,325,-0.2,117,0
1920,2020-04-03,56.388,180.34,0,-14.6111111111111,-1.61111111111111,-8.72222222222222,1.9,2,2,1,NA,335,"CO",2020,94,4,312.676056338028,0.0999999999999999,117,0
1921,2020-04-04,56.388,172.72,0,-8.27777777777778,4.22222222222222,-3.38888888888889,1.8,1.4,2.3,2.9,NA,335,"CO",2020,95,4,326.470588235294,-0.0999999999999999,117,0
1922,2020-04-05,56.388,170.18,0,-4.27777777777778,9.77777777777778,0.611111111111112,1.9,0.7,2.6,2.2,NA,335,"CO",2020,96,4,331.34328358209,0.0999999999999999,117,0
1923,2020-04-06,56.388,165.1,0,-1.11111111111111,8.38888888888889,2,1.8,1.3,2.1,2.9,NA,335,"CO",2020,97,4,341.538461538461,-0.0999999999999999,117,0
1924,2020-04-07,56.388,165.1,0,-0.222222222222221,8.11111111111111,1.11111111111111,1.8,1.4,1.8,2.6,NA,335,"CO",2020,98,4,341.538461538461,0,117,0
1925,2020-04-08,56.388,162.56,0,-2.88888888888889,7.77777777777778,0.277777777777778,2.3,2.4,1.5,1.9,NA,335,"CO",2020,99,4,346.875,0.5,117,0
1926,2020-04-09,56.388,160.02,0,-2.27777777777778,11.1111111111111,2.11111111111111,2.4,3.7,2,2.4,NA,335,"CO",2020,100,4,352.380952380952,0.1,117,0
1927,2020-04-10,56.134,157.48,0,-2.11111111111111,8.77777777777778,0.111111111111113,3,12.2,3.9,1.9,NA,335,"CO",2020,101,4,356.451612903226,0.6,117,0
1928,2020-04-11,56.134,157.48,0,-3.61111111111111,6.38888888888889,-0.277777777777778,4.2,12.7,5.2,4,NA,335,"CO",2020,102,4,356.451612903226,1.2,117,1
1929,2020-04-12,56.134,154.94,2.032,-3.88888888888889,-3.88888888888889,-9.22222222222222,6.1,13.4,7.1,5.2,NA,335,"CO",2020,103,4,362.295081967213,1.9,117,0
1930,2020-04-13,57.658,182.88,1.016,-13.8888888888889,-6.88888888888889,-13.7777777777778,7.8,12.9,8.6,6.5,NA,335,"CO",2020,104,4,315.277777777778,1.7,117,0
1931,2020-04-14,58.166,185.42,0,-18.6111111111111,-6.22222222222222,-13.2777777777778,9.1,13.8,8.3,5.7,NA,335,"CO",2020,105,4,313.698630136986,1.3,117,0
1932,2020-04-15,57.912,177.8,0.508,-12.5,-0.777777777777777,-7.77777777777778,9.4,12.8,8.9,7,NA,335,"CO",2020,106,4,325.714285714286,0.300000000000001,117,0
1933,2020-04-16,57.404,177.8,2.54,-8.38888888888889,-1.22222222222222,-8.88888888888889,10,13.6,9.3,6.2,NA,335,"CO",2020,107,4,322.857142857143,0.6,117,0
1934,2020-04-17,59.69,208.28,0.254,-12.7777777777778,1.38888888888889,-7.61111111111111,10.5,13,8.4,6.4,NA,335,"CO",2020,108,4,286.585365853659,0.5,117,0
1935,2020-04-18,59.944,190.5,0.254,-7.77777777777778,5.88888888888889,-3.61111111111111,10.7,12.2,9.3,6.7,NA,335,"CO",2020,109,4,314.666666666667,0.199999999999999,117,0
1936,2020-04-19,60.198,190.5,1.27,-6.72222222222222,5,-3.5,10.9,12.7,9.2,6,NA,335,"CO",2020,110,4,316,0.200000000000001,117,0
1937,2020-04-20,61.214,193.04,0,-7.22222222222222,6.88888888888889,-2.88888888888889,11,12.8,8.4,5.6,NA,335,"CO",2020,111,4,317.105263157895,0.0999999999999996,117,0
1938,2020-04-21,61.214,182.88,0,-4.72222222222222,9.72222222222222,0,10.9,12.4,9,5.8,NA,335,"CO",2020,112,4,334.722222222222,-0.0999999999999996,117,0
1939,2020-04-22,61.214,180.34,0.254,-2.27777777777778,9.38888888888889,0.222222222222221,11,12.3,9.2,6.2,NA,335,"CO",2020,113,4,339.43661971831,0.0999999999999996,117,0
1940,2020-04-23,60.96,177.8,2.286,-3.5,5.5,-1.77777777777778,12.9,11.7,9.4,6.1,NA,335,"CO",2020,114,4,342.857142857143,1.9,117,0
1941,2020-04-24,62.738,198.12,1.27,-6.11111111111111,2.61111111111111,-4.27777777777778,14.2,12,9.2,6.5,NA,335,"CO",2020,115,4,316.666666666667,1.3,117,0
1942,2020-04-25,63.5,200.66,1.016,-5.77777777777778,5.22222222222222,-1.77777777777778,14.4,13.1,10.2,5.7,NA,335,"CO",2020,116,4,316.455696202532,0.200000000000001,117,0
1943,2020-04-26,64.262,195.58,0.254,-1.77777777777778,9.77777777777778,1.22222222222222,14.6,13,10.3,5.4,NA,335,"CO",2020,117,4,328.571428571429,0.199999999999999,117,0
1944,2020-04-27,64.008,193.04,0,-2.72222222222222,11.7222222222222,3.77777777777778,16.2,12.3,10.1,6,NA,335,"CO",2020,118,4,331.578947368421,1.6,117,0
1945,2020-04-28,63.246,180.34,0,1.27777777777778,9.22222222222222,3.27777777777778,18.2,17.4,11.8,13.8,NA,335,"CO",2020,119,4,350.704225352113,2,117,0
1946,2020-04-29,62.484,175.26,0,-0.277777777777778,14.3888888888889,5.88888888888889,18.3,18.2,13.3,13.8,NA,335,"CO",2020,120,4,356.521739130435,0.100000000000001,117,0
1947,2020-04-30,61.468,170.18,0,3.22222222222222,15.8888888888889,8,19,19.3,14.3,17,NA,335,"CO",2020,121,4,361.194029850746,0.699999999999999,117,0
1948,2020-05-01,60.452,165.1,0,1.5,17.3888888888889,7.88888888888889,19.5,20.8,20.6,19.2,NA,335,"CO",2020,122,5,366.153846153846,0.5,117,0
1949,2020-05-02,59.436,157.48,0,2,13.7777777777778,4.38888888888889,19.7,21.1,21.1,18.7,NA,335,"CO",2020,123,5,377.41935483871,0.199999999999999,117,0
1950,2020-05-03,58.674,157.48,0,0.111111111111113,14.2222222222222,5.5,20,21.3,20.9,19.7,NA,335,"CO",2020,124,5,372.58064516129,0.300000000000001,117,0
1951,2020-05-04,57.404,149.86,1.016,0.111111111111113,5.61111111111111,-0.777777777777777,20,21.2,21.8,20.2,NA,335,"CO",2020,125,5,383.050847457627,0,117,0
1952,2020-05-05,58.42,157.48,0,-4.72222222222222,8.61111111111111,0.777777777777777,19.1,19.7,20.3,17.4,NA,335,"CO",2020,126,5,370.967741935484,-0.899999999999999,117,0
1953,2020-05-06,58.42,152.4,0,-3.22222222222222,12.6111111111111,5.22222222222222,19,19.8,19.7,17.4,NA,335,"CO",2020,127,5,383.333333333333,-0.100000000000001,117,0
1954,2020-05-07,57.912,147.32,0,0.722222222222221,8.11111111111111,1.11111111111111,19.3,20.3,20.8,19.1,NA,335,"CO",2020,128,5,393.103448275862,0.300000000000001,117,0
1955,2020-05-08,56.896,147.32,0,-7.22222222222222,9.61111111111111,1.11111111111111,19.5,20.4,21,19.5,NA,335,"CO",2020,129,5,386.206896551724,0.199999999999999,117,0
1956,2020-05-09,54.864,142.24,0,-0.88888888888889,9.88888888888889,0.499999999999999,19.3,20.3,21.2,18.4,NA,335,"CO",2020,130,5,385.714285714286,-0.199999999999999,117,0
1957,2020-05-10,54.61,137.16,0,-1.77777777777778,13.2222222222222,3.27777777777778,19.3,20.7,20.9,18,NA,335,"CO",2020,131,5,398.148148148148,0,117,0
1958,2020-05-11,52.578,132.08,1.524,2.5,4.11111111111111,0.999999999999998,19.5,20.8,20.9,18,NA,335,"CO",2020,132,5,398.076923076923,0.199999999999999,117,0
1959,2020-05-12,53.34,139.7,0,-0.777777777777777,12.2222222222222,5.61111111111111,19.3,19.8,20.3,17,NA,335,"CO",2020,133,5,381.818181818182,-0.199999999999999,117,0
1960,2020-05-13,53.086,132.08,0,4.72222222222222,11.6111111111111,5.11111111111111,19.8,20.6,20.8,18.9,NA,335,"CO",2020,134,5,401.923076923077,0.5,117,0
1961,2020-05-14,52.07,129.54,0,-1.22222222222222,10.2222222222222,3.22222222222222,19.9,20.9,21.5,18.8,NA,335,"CO",2020,135,5,401.960784313726,0.0999999999999979,117,0
1962,2020-05-15,50.292,124.46,0,0.611111111111112,11,3.22222222222222,20.1,21,21.6,19.1,NA,335,"CO",2020,136,5,404.081632653061,0.200000000000003,117,0
1963,2020-05-16,48.514,124.46,0,-0.111111111111111,11.6111111111111,3,20.3,21.4,21.7,20.3,NA,335,"CO",2020,137,5,389.795918367347,0.199999999999999,117,0
1964,2020-05-17,47.498,119.38,0,0,16.2222222222222,8.38888888888889,20.2,21.7,21.8,19.8,NA,335,"CO",2020,138,5,397.872340425532,-0.100000000000001,117,0
1965,2020-05-18,44.704,114.3,0,5.5,19,11.5,20.5,22.3,22.6,22.3,NA,335,"CO",2020,139,5,391.111111111111,0.300000000000001,117,0
1966,2020-05-19,41.402,104.14,0,7.5,19.7777777777778,11.2222222222222,20.6,22,22.7,21.1,NA,335,"CO",2020,140,5,397.560975609756,0.100000000000001,117,0
1967,2020-05-20,38.608,99.06,0,6.61111111111111,14.7777777777778,6.22222222222222,21.1,22.5,22.9,22.7,NA,335,"CO",2020,141,5,389.74358974359,0.5,117,0
1968,2020-05-21,36.83,96.52,0,-2.72222222222222,11.5,3.22222222222222,20.8,22,22.4,20,NA,335,"CO",2020,142,5,381.578947368421,-0.300000000000001,117,0
1969,2020-05-22,35.814,86.36,0,-0.88888888888889,13.2777777777778,6.11111111111111,20.3,21,21.6,18,NA,335,"CO",2020,143,5,414.705882352941,-0.5,117,0
1970,2020-05-23,34.036,86.36,0,3.5,12.6111111111111,5,20.5,21.7,21.2,18.2,NA,335,"CO",2020,144,5,394.117647058824,0.199999999999999,117,0
1971,2020-05-24,32.004,78.74,2.54,-0.722222222222223,4.77777777777778,-1.61111111111111,21,22.7,22.8,19.1,NA,335,"CO",2020,145,5,406.451612903226,0.5,117,0
1972,2020-05-25,33.528,96.52,0.508,-4.38888888888889,8.61111111111111,-0.88888888888889,20,21.2,21.1,18.4,NA,335,"CO",2020,146,5,347.368421052632,-1,117,0
1973,2020-05-26,33.782,91.44,0,-3.88888888888889,13.6111111111111,5,19.6,20.3,20.4,18,NA,335,"CO",2020,147,5,369.444444444445,-0.399999999999999,117,0
1974,2020-05-27,32.258,81.28,0,4.22222222222222,15.8888888888889,7.11111111111111,20.9,21.8,21.6,18.5,NA,335,"CO",2020,148,5,396.875,1.3,117,0
1975,2020-05-28,29.464,76.2,0,2.61111111111111,17.3888888888889,8.72222222222222,21.5,23.7,23.5,21,NA,335,"CO",2020,149,5,386.666666666667,0.600000000000001,117,0
1976,2020-05-29,26.67,71.12,0,3.88888888888889,19.2222222222222,11.5,21.7,23.7,24.1,21.9,NA,335,"CO",2020,150,5,375,0.199999999999999,117,0
1977,2020-05-30,23.114,60.96,0,7.38888888888889,19.2222222222222,9.61111111111111,21.8,24,24.1,21.4,NA,335,"CO",2020,151,5,379.166666666667,0.100000000000001,117,0
1978,2020-05-31,20.066,60.96,0.254,7.88888888888889,18.6111111111111,9.88888888888889,22,24.1,24.1,21.4,NA,335,"CO",2020,152,5,329.166666666667,0.199999999999999,117,0
1979,2020-06-01,16.51,50.8,0,3.72222222222222,20,11.7222222222222,22.7,25,24.8,22.1,NA,335,"CO",2020,153,6,325,0.699999999999999,117,0
1980,2020-06-02,12.192,38.1,0,7.88888888888889,18.3888888888889,11.2222222222222,22.7,24.7,24.2,21.5,NA,335,"CO",2020,154,6,320,0,117,0
1981,2020-06-03,9.398,30.48,0,6.77777777777778,17.3888888888889,10.7222222222222,22.3,24.3,23.9,19.9,NA,335,"CO",2020,155,6,308.333333333333,-0.399999999999999,117,0
1982,2020-06-04,4.826,20.32,0,5.88888888888889,16.2777777777778,9.72222222222222,22.4,24.4,23.6,19.9,NA,335,"CO",2020,156,6,237.5,0.0999999999999979,117,0
1983,2020-06-05,1.778,2.54,0,6.72222222222222,22.6111111111111,13.2777777777778,22,24.4,23,19.6,NA,335,"CO",2020,157,6,700,-0.399999999999999,117,0
1984,2020-06-06,0,0,0,9.22222222222222,12.6111111111111,7.88888888888889,21.8,24.2,23.6,19.5,NA,335,"CO",2020,158,6,NA,-0.199999999999999,117,0
1985,2020-06-07,0,0,0,5.77777777777778,16.3888888888889,9.72222222222222,21.1,23,22.6,19,NA,335,"CO",2020,159,6,NA,-0.699999999999999,117,0
1986,2020-06-08,0,0,1.524,5.22222222222222,12.3888888888889,3.38888888888889,19.3,21.8,21.3,18,NA,335,"CO",2020,160,6,NA,-1.8,117,0
1987,2020-06-09,1.524,12.7,2.54,-5.22222222222222,1.11111111111111,-2.72222222222222,18.6,20.1,20,16.8,NA,335,"CO",2020,161,6,120,-0.699999999999999,117,0
1988,2020-06-10,2.54,12.7,0,-1.77777777777778,10.5,2.88888888888889,19.6,20.8,19.4,16.2,NA,335,"CO",2020,162,6,200,1,117,0
1989,2020-06-11,0.254,2.54,0.508,1.61111111111111,16.1111111111111,8.22222222222222,21.1,22.8,21.6,17,NA,335,"CO",2020,163,6,100,1.5,117,0
1990,2020-06-12,0,0,0.254,5.88888888888889,19.5,11.7777777777778,21.7,23.7,23.5,19.5,NA,335,"CO",2020,164,6,NA,0.599999999999998,117,0
1991,2020-06-13,0,0,0,9.61111111111111,18.3888888888889,10.7777777777778,19.7,21.9,21.2,17.5,NA,335,"CO",2020,165,6,NA,-2,117,0
1992,2020-06-14,0,0,0,5.61111111111111,17.3888888888889,10.8888888888889,18,20.7,20.4,16.6,NA,335,"CO",2020,166,6,NA,-1.7,117,0
1993,2020-06-15,0,0,0,8.88888888888889,20.3888888888889,12.2222222222222,15.9,18.9,19,15.9,NA,335,"CO",2020,167,6,NA,-2.1,117,0
1994,2020-06-16,0,0,0,9.88888888888889,19.6111111111111,12.7777777777778,13.9,18.8,18.6,15.1,NA,335,"CO",2020,168,6,NA,-2,117,0
1995,2020-06-17,0,0,0.254,7.11111111111111,21.1111111111111,11.6111111111111,12.6,18.1,17.2,14.6,NA,335,"CO",2020,169,6,NA,-1.3,117,0
1996,2020-06-18,0,0,0,2.77777777777778,9.77777777777778,3.27777777777778,10.8,16.9,16.5,14.6,NA,335,"CO",2020,170,6,NA,-1.8,117,0
1997,2020-06-19,0,0,2.032,1.22222222222222,8.72222222222222,3,14.1,17.5,16.4,14.3,NA,335,"CO",2020,171,6,NA,3.3,117,0
1998,2020-06-20,0,0,0.762,2.11111111111111,14,7.88888888888889,19.2,20.7,18.6,13.3,NA,335,"CO",2020,172,6,NA,5.1,117,0
1999,2020-06-21,0,0,0,6.72222222222222,14.6111111111111,7.88888888888889,17.8,19.4,17.6,13.7,NA,335,"CO",2020,173,6,NA,-1.4,117,0
2000,2020-06-22,0,0,0.254,5.22222222222222,17,10.3888888888889,17,18.4,17.3,13.6,NA,335,"CO",2020,174,6,NA,-0.800000000000001,117,0
2001,2020-06-23,0,0,0,5.5,17.6111111111111,10.1111111111111,15.4,17.1,16.3,13.6,NA,335,"CO",2020,175,6,NA,-1.6,117,0
2002,2020-06-24,0,0,0,7.11111111111111,20.2777777777778,10.8888888888889,13.9,16.7,16,13.2,NA,335,"CO",2020,176,6,NA,-1.5,117,0
2003,2020-06-25,0,0,0,8.38888888888889,18.2777777777778,11.2222222222222,15.2,17.2,15.2,11.9,NA,335,"CO",2020,177,6,NA,1.3,117,0
2004,2020-06-26,0,0,0,6.5,18.3888888888889,10.5,14.4,16.7,14.6,12.1,NA,335,"CO",2020,178,6,NA,-0.799999999999999,117,0
2005,2020-06-27,0,0,0,5.77777777777778,17.5,10.7222222222222,14.3,16.1,14.1,11.4,NA,335,"CO",2020,179,6,NA,-0.0999999999999996,117,0
2006,2020-06-28,0,0,0,9.38888888888889,18.5,11.6111111111111,13,15.3,13.4,11,NA,335,"CO",2020,180,6,NA,-1.3,117,0
2007,2020-06-29,0,0,0,9.38888888888889,21.1111111111111,11.6111111111111,11.9,14.5,12.6,10.2,NA,335,"CO",2020,181,6,NA,-1.1,117,0
2008,2020-06-30,0,0,0,6,12.6111111111111,5.11111111111111,10.2,14.5,12.2,10.9,NA,335,"CO",2020,182,6,NA,-1.7,117,0
2009,2020-07-01,0,0,0,4.11111111111111,18.6111111111111,9.88888888888889,9.1,13.1,11.5,10.1,NA,335,"CO",2020,183,7,NA,-1.1,117,0
2010,2020-07-02,0,0,0,8.11111111111111,20.5,12.7777777777778,8.5,13.3,10.9,9.7,NA,335,"CO",2020,184,7,NA,-0.6,117,0
2011,2020-07-03,0,0,0,10.1111111111111,19.3888888888889,12.2777777777778,7.2,12.6,9.8,10,NA,335,"CO",2020,185,7,NA,-1.3,117,0
2012,2020-07-04,0,0,0,9.11111111111111,18.7222222222222,10.2222222222222,6,11.5,8.9,9,NA,335,"CO",2020,186,7,NA,-1.2,117,0
2013,2020-07-05,0,0,0,7.22222222222222,20.2777777777778,11.7222222222222,5.4,10.7,9.6,9.4,NA,335,"CO",2020,187,7,NA,-0.6,117,0
2014,2020-07-06,0,0,0,9.77777777777778,20.5,13.3888888888889,5.1,9.5,8.5,9.3,NA,335,"CO",2020,188,7,NA,-0.300000000000001,117,0
2015,2020-07-07,0,0,0,12.6111111111111,21.1111111111111,15.2777777777778,4.9,9.1,7.3,8.6,NA,335,"CO",2020,189,7,NA,-0.199999999999999,117,0
2016,2020-07-08,0,0,0,12.3888888888889,20.1111111111111,14.3888888888889,4.4,6.9,7.6,7.9,NA,335,"CO",2020,190,7,NA,-0.5,117,0
2017,2020-07-09,0,0,0,9.77777777777778,21.8888888888889,14.2222222222222,4.1,6.6,6.6,7.5,NA,335,"CO",2020,191,7,NA,-0.300000000000001,117,0
2018,2020-07-10,0,0,0,9.61111111111111,22.2222222222222,15.2222222222222,3.7,5.8,6.9,7.8,NA,335,"CO",2020,192,7,NA,-0.399999999999999,117,0
2019,2020-07-11,0,0,0,10.7222222222222,23.7777777777778,15.8888888888889,3.3,4.6,5.5,6.2,NA,335,"CO",2020,193,7,NA,-0.4,117,0
2020,2020-07-12,0,0,0,13.7222222222222,21.3888888888889,14.6111111111111,3.2,4.6,4.8,6,NA,335,"CO",2020,194,7,NA,-0.0999999999999996,117,0
2021,2020-07-13,0,0,0,10.6111111111111,21.1111111111111,13.7222222222222,2.7,4.7,4.5,6.4,NA,335,"CO",2020,195,7,NA,-0.5,117,0
2022,2020-07-14,0,0,0,10.5,20.2777777777778,11.2222222222222,2.6,3.5,4.6,5.9,NA,335,"CO",2020,196,7,NA,-0.1,117,0
2023,2020-07-15,0,0,0,5.77777777777778,19.5,11.8888888888889,2.5,3.1,4.6,4.4,NA,335,"CO",2020,197,7,NA,-0.1,117,0
2024,2020-07-16,0,0,0,11.6111111111111,21.1111111111111,12.7222222222222,2.8,2.5,3.8,4.4,NA,335,"CO",2020,198,7,NA,0.3,117,0
2025,2020-07-17,0,0,0,6.77777777777778,20.1111111111111,12.2777777777778,3,3.9,3.9,4.7,NA,335,"CO",2020,199,7,NA,0.2,117,0
2026,2020-07-18,0,0,0,8,21.7222222222222,13.2222222222222,2.9,3.4,3.5,4.2,NA,335,"CO",2020,200,7,NA,-0.1,117,0
2027,2020-07-19,0,0,0,11.5,20.5,13.2222222222222,2.8,3,4,4.2,NA,335,"CO",2020,201,7,NA,-0.1,117,0
2028,2020-07-20,0,0,0,10.3888888888889,20.2222222222222,13.8888888888889,2.7,2.7,3.8,3,NA,335,"CO",2020,202,7,NA,-0.0999999999999996,117,0
2029,2020-07-21,0,0,0,9,21.7222222222222,14.1111111111111,2.7,2,2.8,3.3,NA,335,"CO",2020,203,7,NA,0,117,0
2030,2020-07-22,0,0,0,9.72222222222222,19.8888888888889,12.1111111111111,2.3,3.3,2.6,3.6,NA,335,"CO",2020,204,7,NA,-0.4,117,0
2031,2020-07-23,0,0,0,6.77777777777778,19.1111111111111,11.1111111111111,2.2,1.7,3.4,4.1,NA,335,"CO",2020,205,7,NA,-0.0999999999999996,117,0
2032,2020-07-24,0,0,0.762,9.72222222222222,15.2222222222222,9.72222222222222,2.1,2,3.5,3.3,NA,335,"CO",2020,206,7,NA,-0.1,117,0
2033,2020-07-25,0,0,2.032,7.61111111111111,13,8.61111111111111,2.2,14.5,19.7,5.1,NA,335,"CO",2020,207,7,NA,0.1,117,0
2034,2020-07-26,0,0,0.508,7.11111111111111,13.2777777777778,8.72222222222222,18.4,20.8,21.8,13.6,NA,335,"CO",2020,208,7,NA,16.2,117,0
2035,2020-07-27,0,0,0.254,8.22222222222222,17.7777777777778,11.7777777777778,18.6,20.2,20.4,13.5,NA,335,"CO",2020,209,7,NA,0.200000000000003,117,0
2036,2020-07-28,0,0,0,8.72222222222222,13.6111111111111,8.61111111111111,16.4,18.8,18.2,13.4,NA,335,"CO",2020,210,7,NA,-2.2,117,0
2037,2020-07-29,0,0,0.254,6,17.1111111111111,11.3888888888889,18.1,19.2,18.1,13.2,NA,335,"CO",2020,211,7,NA,1.7,117,0
2038,2020-07-30,0,0,0,7.5,17.1111111111111,10.2222222222222,16.1,17.8,16.8,12,NA,335,"CO",2020,212,7,NA,-2,117,0
2039,2020-07-31,0,0,0,6.77777777777778,19,11.2222222222222,13.9,16.9,14.2,11,NA,335,"CO",2020,213,7,NA,-2.2,117,0
2040,2020-08-01,0,0,0,7.61111111111111,21.1111111111111,11.7777777777778,12.1,15.7,13,10.1,NA,335,"CO",2020,214,8,NA,-1.8,117,0
2041,2020-08-02,0,0,0,7.61111111111111,19.7222222222222,12.2777777777778,10.3,13.5,11.4,9.5,NA,335,"CO",2020,215,8,NA,-1.8,117,0
2193,2021-01-01,18.542,83.82,0,-13.7222222222222,-0.388888888888889,-10.7222222222222,0.8,1.4,0.9,2.8,NA,335,"CO",2021,1,1,221.212121212121,0,119,0
2194,2021-01-02,18.542,81.28,0,-12.3888888888889,-5.22222222222222,-12.2222222222222,0.9,1.4,2.3,3.2,NA,335,"CO",2021,2,1,228.125,0.1,119,0
2195,2021-01-03,18.542,83.82,0.762,-13.2777777777778,-3.11111111111111,-10.2222222222222,1,0.8,1.1,1.6,NA,335,"CO",2021,3,1,221.212121212121,0.1,119,0
2196,2021-01-04,19.304,86.36,0,-10.7777777777778,2.61111111111111,-7.27777777777778,1.1,0.8,1.8,2.2,NA,335,"CO",2021,4,1,223.529411764706,0.1,119,0
2197,2021-01-05,19.304,83.82,1.016,-3,-2.61111111111111,-8.61111111111111,0.9,1.3,0.9,3.2,NA,335,"CO",2021,5,1,230.30303030303,-0.2,119,0
2198,2021-01-06,20.066,93.98,0,-14.2777777777778,-3.61111111111111,-12.2777777777778,0.7,1,2.3,2.8,NA,335,"CO",2021,6,1,213.513513513514,-0.2,119,0
2199,2021-01-07,20.066,91.44,0,-9.72222222222222,0.388888888888891,-9.27777777777778,0.9,0.9,2.5,3.3,NA,335,"CO",2021,7,1,219.444444444444,0.2,119,0
2200,2021-01-08,20.066,88.9,0,-12.8888888888889,-2.22222222222222,-11.3888888888889,0.9,0.3,1.1,2,NA,335,"CO",2021,8,1,225.714285714286,0,119,0
2201,2021-01-09,20.066,88.9,0,-11.8888888888889,-6.77777777777778,-12.5,0.8,0.9,1.6,3.9,NA,335,"CO",2021,9,1,225.714285714286,-0.1,119,0
2202,2021-01-10,20.066,91.44,0,-15.5,-4.61111111111111,-13.8888888888889,0.9,1.4,1.7,3.9,NA,335,"CO",2021,10,1,219.444444444444,0.1,119,0
2203,2021-01-11,20.066,88.9,0,-17.2222222222222,1.72222222222222,-11.7777777777778,0.9,1,2.1,2.5,NA,335,"CO",2021,11,1,225.714285714286,0,119,0
2204,2021-01-12,20.066,86.36,0.254,-13.1111111111111,1.22222222222222,-8.22222222222222,1,1.6,1.2,2.2,NA,335,"CO",2021,12,1,232.352941176471,0.1,119,0
2205,2021-01-13,20.32,86.36,0,-5.61111111111111,2,-5.27777777777778,0.9,1.2,0.9,3.3,NA,335,"CO",2021,13,1,235.294117647059,-0.1,119,0
2206,2021-01-14,20.066,81.28,0,-12.7777777777778,-12,-15.2222222222222,0.9,1,1.4,1.7,NA,335,"CO",2021,14,1,246.875,0,119,0
2207,2021-01-15,19.558,78.74,0,-16,-4.72222222222222,-11.1111111111111,0.6,1,2.8,2.5,NA,335,"CO",2021,15,1,248.387096774194,-0.3,119,0
2208,2021-01-16,19.558,78.74,0.508,-7.27777777777778,-3.77777777777778,-9.11111111111111,0.9,0.9,2.1,3.7,NA,335,"CO",2021,16,1,248.387096774194,0.3,119,0
2209,2021-01-17,20.066,83.82,0.762,-10.7222222222222,-2.5,-8.11111111111111,1,1.5,1.5,2.7,NA,335,"CO",2021,17,1,239.393939393939,0.1,119,0
2210,2021-01-18,20.828,93.98,0.508,-8.11111111111111,-6.5,-12.1111111111111,0.5,1.3,2.1,2.2,NA,335,"CO",2021,18,1,221.621621621622,-0.5,119,0
2211,2021-01-19,21.336,101.6,0,-16,-0.277777777777778,-11.8888888888889,0.7,1.5,1.1,3.9,NA,335,"CO",2021,19,1,210,0.2,119,0
2212,2021-01-20,21.336,96.52,0.254,-15.3888888888889,-2.5,-10.2777777777778,0.8,1,2.5,2.5,NA,335,"CO",2021,20,1,221.052631578947,0.1,119,0
2213,2021-01-21,21.59,93.98,0,-9.61111111111111,0.777777777777777,-7.77777777777778,0.7,0.7,0.6,2.2,NA,335,"CO",2021,21,1,229.72972972973,-0.1,119,0
2214,2021-01-22,21.59,91.44,0.254,-9.27777777777778,1.38888888888889,-6.88888888888889,0.5,0.7,2.1,2.5,NA,335,"CO",2021,22,1,236.111111111111,-0.2,119,0
2215,2021-01-23,21.844,93.98,0.254,-7.61111111111111,-0.722222222222223,-8.22222222222222,0.7,0.5,0.8,3.1,NA,335,"CO",2021,23,1,232.432432432432,0.2,119,0
2216,2021-01-24,22.098,96.52,0,-12.6111111111111,-4.11111111111111,-10.7777777777778,0.7,1.2,2.1,2,NA,335,"CO",2021,24,1,228.947368421053,0,119,0
2217,2021-01-25,22.098,96.52,0,-13.7777777777778,-5.77777777777778,-13.3888888888889,0.9,1.1,1.8,1.6,NA,335,"CO",2021,25,1,228.947368421053,0.2,119,0
2218,2021-01-26,22.098,96.52,0.508,-16.2222222222222,-10.7222222222222,-15,1,0.8,1.8,2.6,NA,335,"CO",2021,26,1,228.947368421053,0.1,119,0
2219,2021-01-27,22.606,101.6,0,-16.7222222222222,-5.38888888888889,-11.6111111111111,1,1.7,1.5,2.8,NA,335,"CO",2021,27,1,222.5,0,119,0
2220,2021-01-28,22.606,96.52,0,-9.77777777777778,4,-2.27777777777778,0.7,1.3,1.7,2.2,NA,335,"CO",2021,28,1,234.21052631579,-0.3,119,0
2221,2021-01-29,22.606,93.98,0,-0.722222222222223,5,-3,0.9,1,2.6,3.1,NA,335,"CO",2021,29,1,240.540540540541,0.2,119,0
2222,2021-01-30,22.606,93.98,0.762,-11,-4.11111111111111,-10.2222222222222,0.9,1,2.3,2.1,NA,335,"CO",2021,30,1,240.540540540541,0,119,0
2223,2021-01-31,23.114,104.14,0,-13.2777777777778,1.61111111111111,-8.88888888888889,0.7,1.6,2.2,2.1,NA,335,"CO",2021,31,1,221.951219512195,-0.2,119,0
2224,2021-02-01,23.114,99.06,0.254,-7.77777777777778,4,-4.22222222222222,1.1,1.3,1.7,1.9,NA,335,"CO",2021,32,2,233.333333333333,0.4,119,0
2225,2021-02-02,23.368,96.52,0,-8.22222222222222,5.11111111111111,-3.77777777777778,0.9,1.7,1.4,3,NA,335,"CO",2021,33,2,242.105263157895,-0.2,119,0
2226,2021-02-03,23.368,93.98,2.032,-6.11111111111111,2.88888888888889,-5.61111111111111,0.9,0.5,2.6,2.6,NA,335,"CO",2021,34,2,248.648648648649,0,119,0
2227,2021-02-04,25.4,121.92,0.762,-14.7777777777778,-11.1111111111111,-15.2222222222222,0.9,1.2,2.2,1.5,NA,335,"CO",2021,35,2,208.333333333333,0,119,0
2228,2021-02-05,25.908,111.76,1.016,-15.2222222222222,-10.6111111111111,-13.6111111111111,0.8,1.5,2.3,2.2,NA,335,"CO",2021,36,2,231.818181818182,-0.1,119,0
2229,2021-02-06,26.67,119.38,0.762,-14,-8.5,-12.5,1,0.3,2.5,2.3,NA,335,"CO",2021,37,2,223.404255319149,0.2,119,0
2230,2021-02-07,27.178,116.84,1.016,-11.2222222222222,-4.88888888888889,-8.77777777777778,1.2,0.5,2.2,2.8,NA,335,"CO",2021,38,2,232.608695652174,0.2,119,0
2231,2021-02-08,26.67,109.22,0,-8.5,-2.72222222222222,-6.72222222222222,1.2,1.1,2.2,1.8,NA,335,"CO",2021,39,2,244.186046511628,0,119,0
2232,2021-02-09,26.416,106.68,0,-5.88888888888889,0.388888888888891,-5.77777777777778,1,0.5,1.4,3,NA,335,"CO",2021,40,2,247.619047619048,-0.2,119,0
2233,2021-02-10,26.416,104.14,0.254,-8.11111111111111,-2.88888888888889,-7.77777777777778,1,0.6,2.1,2.2,NA,335,"CO",2021,41,2,253.658536585366,0,119,0
2234,2021-02-11,26.416,106.68,0.254,-8.72222222222222,-1.77777777777778,-7.38888888888889,1.3,1.7,2,3.7,NA,335,"CO",2021,42,2,247.619047619048,0.3,119,0
2235,2021-02-12,26.67,109.22,1.016,-7.27777777777778,0.611111111111112,-6.22222222222222,1,0.8,1.6,3.5,NA,335,"CO",2021,43,2,244.186046511628,-0.3,119,0
2236,2021-02-13,27.686,119.38,0.508,-8.38888888888889,-3.22222222222222,-8.38888888888889,1,1,2.2,2.9,NA,335,"CO",2021,44,2,231.914893617021,0,119,0
2237,2021-02-14,28.194,119.38,0.254,-13.2222222222222,-4.5,-13.7222222222222,1.4,1.1,2.5,2.3,NA,335,"CO",2021,45,2,236.170212765957,0.4,119,0
2238,2021-02-15,28.702,121.92,0.254,-18.2777777777778,-10.6111111111111,-16.1111111111111,1.2,1.3,1,4.3,NA,335,"CO",2021,46,2,235.416666666667,-0.2,119,0
2239,2021-02-16,28.956,121.92,0.508,-13.6111111111111,-5.72222222222222,-12.7777777777778,1.5,2,2,4.1,NA,335,"CO",2021,47,2,237.5,0.3,119,0
2240,2021-02-17,29.21,124.46,0.762,-15.2222222222222,-8.72222222222222,-14.6111111111111,1.1,1.3,0.8,3.9,NA,335,"CO",2021,48,2,234.69387755102,-0.4,119,0
2241,2021-02-18,29.972,127,0,-17.6111111111111,-10.6111111111111,-17.1111111111111,1.1,0.8,1.6,2.9,NA,335,"CO",2021,49,2,236,0,119,0
2242,2021-02-19,29.972,124.46,0.508,-20.3888888888889,-8.5,-12.7222222222222,1.2,1.7,2.4,3.4,NA,335,"CO",2021,50,2,240.816326530612,0.0999999999999999,119,0
2243,2021-02-20,30.48,119.38,0.762,-10.1111111111111,2.27777777777778,-8.77777777777778,1.3,1.8,1.3,3,NA,335,"CO",2021,51,2,255.31914893617,0.1,119,0
2244,2021-02-21,31.242,127,0.254,-15.6111111111111,-10.3888888888889,-14.7222222222222,1.1,0.6,1.4,3.4,NA,335,"CO",2021,52,2,246,-0.2,119,0
2245,2021-02-22,31.496,127,0,-12.6111111111111,-0.722222222222223,-8.72222222222222,1.1,0.9,2.1,2.7,NA,335,"CO",2021,53,2,248,0,119,0
2246,2021-02-23,31.496,124.46,0,-11.3888888888889,2.38888888888889,-6.11111111111111,1,0.8,1.3,3,NA,335,"CO",2021,54,2,253.061224489796,-0.1,119,0
2247,2021-02-24,31.496,121.92,0.254,-10.7222222222222,-1.5,-11.5,1.2,0.8,1,3.7,NA,335,"CO",2021,55,2,258.333333333333,0.2,119,0
2248,2021-02-25,31.75,124.46,0,-16.6111111111111,-6.61111111111111,-13.3888888888889,1.2,1.6,2,1.8,NA,335,"CO",2021,56,2,255.102040816327,0,119,0
2249,2021-02-26,31.75,121.92,0,-16,-6.11111111111111,-11.3888888888889,1,0.8,2.7,3.3,NA,335,"CO",2021,57,2,260.416666666667,-0.2,119,0
2250,2021-02-27,31.75,116.84,0.762,-11.7222222222222,-11,-15.2777777777778,1,0.6,1.3,3.7,NA,335,"CO",2021,58,2,271.739130434783,0,119,0
2251,2021-02-28,32.258,127,0,-20.1111111111111,-9.22222222222222,-18.5,0.8,0.9,1.3,4.2,NA,335,"CO",2021,59,2,254,-0.2,119,0
2252,2021-03-01,32.258,124.46,0,-19,3.88888888888889,-9.5,1,0.8,1.7,2.6,NA,335,"CO",2021,60,3,259.183673469388,0.2,119,0
2253,2021-03-02,32.258,124.46,0,-11,4.11111111111111,-6.11111111111111,0.8,1.4,1.1,3,NA,335,"CO",2021,61,3,259.183673469388,-0.2,119,0
2254,2021-03-03,32.258,121.92,0,-9.88888888888889,7.5,-3.11111111111111,0.9,1.4,2,3,NA,335,"CO",2021,62,3,264.583333333333,0.1,119,0
2255,2021-03-04,32.258,121.92,1.524,-5.5,-3.5,-6.72222222222222,0.9,0.5,1,3.5,NA,335,"CO",2021,63,3,264.583333333333,0,119,0
2256,2021-03-05,33.782,137.16,0,-10.7222222222222,5.11111111111111,-6,1.1,1.6,2.5,2.3,NA,335,"CO",2021,64,3,246.296296296296,0.2,119,0
2257,2021-03-06,33.782,132.08,0,-9.72222222222222,7.61111111111111,-2.61111111111111,1,1.6,1.7,2.7,NA,335,"CO",2021,65,3,255.769230769231,-0.1,119,0
2258,2021-03-07,33.782,129.54,0,-3.61111111111111,8.61111111111111,-1,0.8,1.6,1.3,3.5,NA,335,"CO",2021,66,3,260.78431372549,-0.2,119,0
2259,2021-03-08,33.782,127,0,-2.11111111111111,7.11111111111111,0,1,1,1.4,3.8,NA,335,"CO",2021,67,3,266,0.2,119,0
2260,2021-03-09,33.782,124.46,0.254,-0.722222222222223,7.72222222222222,-0.611111111111112,1,1.7,2,3.4,NA,335,"CO",2021,68,3,271.428571428571,0,119,0
2261,2021-03-10,34.036,124.46,0.762,-6.77777777777778,-4.72222222222222,-10.7222222222222,1,1.6,2.5,3.2,NA,335,"CO",2021,69,3,273.469387755102,0,119,0
2262,2021-03-11,34.798,134.62,0.254,-13,-3,-9.27777777777778,1.2,1.1,1.7,3.2,NA,335,"CO",2021,70,3,258.490566037736,0.2,119,0
2263,2021-03-12,34.798,129.54,0,-9.22222222222222,-3.22222222222222,-7.61111111111111,1.3,1.1,1,3.9,NA,335,"CO",2021,71,3,268.627450980392,0.1,119,0
2264,2021-03-13,34.798,129.54,1.524,-9.11111111111111,-3.77777777777778,-8.77777777777778,1.3,0.9,1.1,3.1,NA,335,"CO",2021,72,3,268.627450980392,0,119,0
2265,2021-03-14,36.576,152.4,2.032,-11.3888888888889,-6.72222222222222,-11.7222222222222,1.2,1.4,1.3,4.1,NA,335,"CO",2021,73,3,240,-0.1,119,0
2266,2021-03-15,38.862,172.72,0.762,-14.7222222222222,-2,-9,1.4,1.5,2.1,3.3,NA,335,"CO",2021,74,3,225,0.2,119,0
2267,2021-03-16,39.624,165.1,1.016,-8.38888888888889,2.11111111111111,-8.22222222222222,1.3,0.2,1.9,3.1,NA,335,"CO",2021,75,3,240,-0.0999999999999999,119,0
2268,2021-03-17,40.64,172.72,0.254,-9.77777777777778,0.111111111111113,-9.77777777777778,1.5,0.8,2.2,2,NA,335,"CO",2021,76,3,235.294117647059,0.2,119,0
2269,2021-03-18,40.894,170.18,0,-13.7222222222222,3.38888888888889,-6.5,1.3,1.9,2.6,3.2,NA,335,"CO",2021,77,3,240.298507462687,-0.2,119,0
2270,2021-03-19,40.894,162.56,0.254,-9.22222222222222,7.61111111111111,-1.5,1.3,1.5,1.5,3.2,NA,335,"CO",2021,78,3,251.5625,0,119,0
2271,2021-03-20,41.148,154.94,0,-3.11111111111111,9.38888888888889,0.777777777777777,1.4,1.3,2.6,2.2,NA,335,"CO",2021,79,3,265.573770491803,0.0999999999999999,119,0
2272,2021-03-21,41.148,149.86,1.778,-5.88888888888889,2,-6.77777777777778,1.3,1.1,1.3,3,NA,335,"CO",2021,80,3,274.576271186441,-0.0999999999999999,119,0
2273,2021-03-22,42.672,167.64,0.508,-11.1111111111111,1.11111111111111,-8.72222222222222,1.4,1.2,2.5,2.1,NA,335,"CO",2021,81,3,254.545454545455,0.0999999999999999,119,0
2274,2021-03-23,43.18,165.1,0.508,-13.7222222222222,-3.38888888888889,-10.6111111111111,1.4,1.8,1,4.4,NA,335,"CO",2021,82,3,261.538461538462,0,119,0
2275,2021-03-24,43.688,172.72,0.254,-12.5,-3.38888888888889,-10.1111111111111,1.3,1.4,1.3,2.8,NA,335,"CO",2021,83,3,252.941176470588,-0.0999999999999999,119,0
2276,2021-03-25,44.196,165.1,0.508,-13.5,-2.72222222222222,-9.38888888888889,1.5,1.6,2.3,4.3,NA,335,"CO",2021,84,3,267.692307692308,0.2,119,0
2277,2021-03-26,44.704,172.72,0.762,-10.3888888888889,1.61111111111111,-8.38888888888889,1.5,0.3,2.6,2.7,NA,335,"CO",2021,85,3,258.823529411765,0,119,0
2278,2021-03-27,45.212,172.72,0.254,-10.2777777777778,-2.22222222222222,-9.5,1.6,0.7,1.2,3.6,NA,335,"CO",2021,86,3,261.764705882353,0.1,119,0
2279,2021-03-28,45.72,172.72,0,-9.77777777777778,4.88888888888889,-3.77777777777778,1.8,2,2.6,2.7,NA,335,"CO",2021,87,3,264.705882352941,0.2,119,0
2280,2021-03-29,45.72,162.56,0,-4.38888888888889,6.38888888888889,-1.5,1.8,0.6,1.6,3.1,NA,335,"CO",2021,88,3,281.25,0,119,0
2281,2021-03-30,45.72,162.56,0,-12.2777777777778,-4,-13.2777777777778,2,1.1,2.6,3.5,NA,335,"CO",2021,89,3,281.25,0.2,119,0
2282,2021-03-31,45.72,162.56,0,-15.6111111111111,0.277777777777778,-10,1.7,2,1,3.7,NA,335,"CO",2021,90,3,281.25,-0.3,119,0
2283,2021-04-01,45.72,162.56,1.778,-11.5,9.5,-1.38888888888889,2,2,2.3,3.8,NA,335,"CO",2021,91,4,281.25,0.3,119,0
2284,2021-04-02,45.72,157.48,0,-3.38888888888889,10.5,2.11111111111111,1.9,1.1,1.3,3.2,NA,335,"CO",2021,92,4,290.322580645161,-0.1,119,0
2285,2021-04-03,47.244,154.94,0,0.777777777777777,12.7222222222222,4.5,1.7,0.5,2.3,3.8,NA,335,"CO",2021,93,4,304.918032786885,-0.2,119,0
2286,2021-04-04,46.736,147.32,0,0.999999999999998,12,4,2,0.8,2.2,3.7,NA,335,"CO",2021,94,4,317.241379310345,0.3,119,0
2287,2021-04-05,46.228,147.32,0,2.5,12.1111111111111,5.22222222222222,3.3,1.7,1.2,3.5,NA,335,"CO",2021,95,4,313.793103448276,1.3,119,1
2288,2021-04-06,45.974,142.24,0.254,1.38888888888889,6.22222222222222,-4.11111111111111,5.5,1.6,1.6,3.1,NA,335,"CO",2021,96,4,323.214285714286,2.2,119,0
2289,2021-04-07,45.974,147.32,0,-10.1111111111111,3,-4.11111111111111,8.9,1.6,2.9,3,NA,335,"CO",2021,97,4,312.068965517241,3.4,119,0
2290,2021-04-08,45.974,142.24,0,-4.61111111111111,6.5,-0.777777777777777,10.1,2,1.8,2,NA,335,"CO",2021,98,4,323.214285714286,1.2,119,0
2291,2021-04-09,45.974,139.7,0,-5.88888888888889,0.499999999999999,-6.11111111111111,10.4,1,1.7,3.2,NA,335,"CO",2021,99,4,329.090909090909,0.300000000000001,119,0
2292,2021-04-10,45.974,139.7,0,-7.38888888888889,6.11111111111111,-1.11111111111111,10.4,0.5,1.7,4.3,NA,335,"CO",2021,100,4,329.090909090909,0,119,0
2293,2021-04-11,45.466,137.16,0,-2.38888888888889,6.88888888888889,-1.77777777777778,10.6,2.5,1.2,3.4,NA,335,"CO",2021,101,4,331.481481481481,0.199999999999999,119,0
2294,2021-04-12,45.212,137.16,0,-5.38888888888889,4.72222222222222,-4.77777777777778,10.7,1.4,2.6,2.6,NA,335,"CO",2021,102,4,329.62962962963,0.0999999999999996,119,0
2295,2021-04-13,44.196,132.08,0.508,-10.2222222222222,1.5,-7.38888888888889,10.8,1.1,1.8,3.8,NA,335,"CO",2021,103,4,334.615384615385,0.100000000000001,119,0
2296,2021-04-14,44.45,137.16,0,-9.88888888888889,2.38888888888889,-5.88888888888889,10.5,2.4,2,2.4,NA,335,"CO",2021,104,4,324.074074074074,-0.300000000000001,119,0
2297,2021-04-15,44.45,134.62,1.524,-7.38888888888889,1.22222222222222,-6.11111111111111,10.6,0.8,2,4.4,NA,335,"CO",2021,105,4,330.188679245283,0.0999999999999996,119,0
2298,2021-04-16,46.228,149.86,0.508,-12.5,-4.38888888888889,-10.5,10.6,2.2,2.5,2.6,NA,335,"CO",2021,106,4,308.474576271186,0,119,0
2299,2021-04-17,46.736,149.86,0,-12.7222222222222,0.999999999999998,-9.88888888888889,10.5,1.2,2.4,3.5,NA,335,"CO",2021,107,4,311.864406779661,-0.0999999999999996,119,0
2300,2021-04-18,46.736,144.78,0,-13.7222222222222,2.61111111111111,-6.88888888888889,10.6,2.5,2.3,3.1,NA,335,"CO",2021,108,4,322.80701754386,0.0999999999999996,119,0
2301,2021-04-19,46.736,139.7,1.27,-9.22222222222222,3.88888888888889,-6.38888888888889,10.6,1.9,1.4,4,NA,335,"CO",2021,109,4,334.545454545455,0,119,0
2302,2021-04-20,47.244,157.48,0.508,-14.5,-1.11111111111111,-11,10.6,1.4,2.8,3.3,NA,335,"CO",2021,110,4,300,0,119,0
2303,2021-04-21,47.752,149.86,0.508,-13.5,0,-6.27777777777778,10.6,1.4,1.8,3,NA,335,"CO",2021,111,4,318.64406779661,0,119,0
2304,2021-04-22,48.26,154.94,1.27,-6.22222222222222,3.72222222222222,-4.77777777777778,10.5,2.1,2.8,3.4,NA,335,"CO",2021,112,4,311.475409836066,-0.0999999999999996,119,0
2305,2021-04-23,49.276,162.56,0.254,-10.2777777777778,5.11111111111111,-5.22222222222222,10.7,2.5,2.5,3.4,NA,335,"CO",2021,113,4,303.125,0.199999999999999,119,0
2306,2021-04-24,49.53,160.02,0,-7.61111111111111,6.72222222222222,-0.722222222222223,11.1,1.5,1.3,4.1,NA,335,"CO",2021,114,4,309.52380952381,0.4,119,0
2307,2021-04-25,49.53,152.4,0,-1.77777777777778,9.88888888888889,4,11.5,1.9,2.5,3.9,NA,335,"CO",2021,115,4,325,0.4,119,0
2308,2021-04-26,48.26,147.32,0,2.61111111111111,10.1111111111111,3.27777777777778,13.2,1.8,1.6,4.4,NA,335,"CO",2021,116,4,327.586206896552,1.7,119,0
2309,2021-04-27,48.26,144.78,0.508,-1.77777777777778,4.61111111111111,-2.61111111111111,15.3,6.9,1.7,2.5,NA,335,"CO",2021,117,4,333.333333333333,2.1,119,0
2310,2021-04-28,48.768,149.86,0.762,-4.61111111111111,6.77777777777778,-1.77777777777778,15.2,9.3,2.2,3.1,NA,335,"CO",2021,118,4,325.423728813559,-0.100000000000001,119,0
2311,2021-04-29,49.784,147.32,0,-4,12.3888888888889,3.5,15.3,10.4,2.5,2.7,NA,335,"CO",2021,119,4,337.931034482759,0.100000000000001,119,0
2312,2021-04-30,49.53,139.7,0,-0.277777777777778,15.3888888888889,6.88888888888889,17,13.3,2.8,4.4,NA,335,"CO",2021,120,4,354.545454545455,1.7,119,0
2313,2021-05-01,48.514,134.62,0,3.22222222222222,16.7222222222222,8.72222222222222,19.1,18.7,1.8,3.5,NA,335,"CO",2021,121,5,360.377358490566,2.1,119,0
2314,2021-05-02,46.228,129.54,0.762,6.5,8.77777777777778,1.61111111111111,19.9,21.2,3.8,3.3,NA,335,"CO",2021,122,5,356.862745098039,0.799999999999997,119,0
2315,2021-05-03,45.974,132.08,0.762,-3.77777777777778,-3,-5.61111111111111,18.8,19.4,9.6,2.9,NA,335,"CO",2021,123,5,348.076923076923,-1.1,119,0
2316,2021-05-04,47.244,137.16,1.016,-6.72222222222222,3.61111111111111,-3.38888888888889,18.5,19.4,10.8,2.7,NA,335,"CO",2021,124,5,344.444444444445,-0.300000000000001,119,0
2317,2021-05-05,48.26,142.24,0.508,-4.38888888888889,6.72222222222222,-1.77777777777778,18.2,18.7,11.1,3.1,NA,335,"CO",2021,125,5,339.285714285714,-0.300000000000001,119,0
2318,2021-05-06,48.768,139.7,0,-5.22222222222222,13.6111111111111,4.72222222222222,18,18.2,11.5,4.9,NA,335,"CO",2021,126,5,349.090909090909,-0.199999999999999,119,0
2319,2021-05-07,48.514,129.54,0,2.22222222222222,14.7777777777778,7.77777777777778,19.3,20.4,12.4,3.4,NA,335,"CO",2021,127,5,374.509803921569,1.3,119,0
2320,2021-05-08,46.99,127,0.254,5.5,7.88888888888889,1.11111111111111,20,21.1,14.8,3.8,NA,335,"CO",2021,128,5,370,0.699999999999999,119,0
2321,2021-05-09,45.974,129.54,0.508,-8.11111111111111,3.38888888888889,-3.72222222222222,19.8,21.5,16.5,3.9,NA,335,"CO",2021,129,5,354.901960784314,-0.199999999999999,119,0
2322,2021-05-10,46.228,132.08,1.778,-5.38888888888889,2.38888888888889,-4.27777777777778,19.3,20.3,16.3,5.7,NA,335,"CO",2021,130,5,350,-0.5,119,0
2323,2021-05-11,47.498,147.32,1.016,-8.72222222222222,2.22222222222222,-5.61111111111111,18.7,19.7,15.7,6.5,NA,335,"CO",2021,131,5,322.413793103448,-0.600000000000001,119,0
2324,2021-05-12,48.514,152.4,0,-9,6,-1.77777777777778,18.4,19.9,15.4,6.3,NA,335,"CO",2021,132,5,318.333333333333,-0.300000000000001,119,0
2325,2021-05-13,48.514,139.7,0,-2,11.7222222222222,3.27777777777778,18.6,19.1,16,7.4,NA,335,"CO",2021,133,5,347.272727272727,0.200000000000003,119,0
2326,2021-05-14,48.26,132.08,0,1.27777777777778,13.7222222222222,4.61111111111111,19.4,20.4,16.4,8.4,NA,335,"CO",2021,134,5,365.384615384615,0.799999999999997,119,0
2327,2021-05-15,47.244,127,0.508,0.499999999999999,14.1111111111111,5.61111111111111,19.9,21.1,17.3,8.7,NA,335,"CO",2021,135,5,372,0.5,119,0
2328,2021-05-16,46.228,124.46,0,1.5,15.2222222222222,4.5,20.5,22.5,21.1,27.4,NA,335,"CO",2021,136,5,371.428571428571,0.600000000000001,119,0
2329,2021-05-17,43.688,119.38,0.508,-0.111111111111111,8.61111111111111,1.38888888888889,20.4,22.8,21.6,23.2,NA,335,"CO",2021,137,5,365.957446808511,-0.100000000000001,119,0
2330,2021-05-18,42.672,119.38,0,-1,10.7222222222222,3.38888888888889,20.3,22.2,21.1,22.1,NA,335,"CO",2021,138,5,357.446808510638,-0.0999999999999979,119,0
2331,2021-05-19,41.91,114.3,0.254,0.999999999999998,12.2222222222222,4.5,20.4,22.9,21.4,22.8,NA,335,"CO",2021,139,5,366.666666666667,0.0999999999999979,119,0
2332,2021-05-20,40.132,109.22,0,0.499999999999999,14.3888888888889,7.72222222222222,20.5,23.2,21.5,23,NA,335,"CO",2021,140,5,367.441860465116,0.100000000000001,119,0
2333,2021-05-21,37.592,101.6,0,4.5,11.1111111111111,6.22222222222222,20.7,22.9,22,22.8,NA,335,"CO",2021,141,5,370,0.199999999999999,119,0
2334,2021-05-22,34.798,96.52,1.778,3,11.5,4.38888888888889,21,23.7,22.5,23,NA,335,"CO",2021,142,5,360.526315789474,0.300000000000001,119,0
2335,2021-05-23,32.258,88.9,0.254,0.777777777777777,7.22222222222222,1.72222222222222,21.6,25.2,24.6,27.4,NA,335,"CO",2021,143,5,362.857142857143,0.600000000000001,119,0
2336,2021-05-24,31.75,88.9,0,-4.22222222222222,10.1111111111111,2.5,20.6,23.3,22.3,21.9,NA,335,"CO",2021,144,5,357.142857142857,-1,119,0
2337,2021-05-25,30.226,81.28,0,-2.22222222222222,11.7777777777778,4.38888888888889,20.2,23,21.4,20.9,NA,335,"CO",2021,145,5,371.875,-0.400000000000002,119,0
2338,2021-05-26,27.432,73.66,0,4.11111111111111,12.8888888888889,6.5,20.5,23.4,22,21.1,NA,335,"CO",2021,146,5,372.413793103448,0.300000000000001,119,0
2339,2021-05-27,25.654,71.12,0,-1.61111111111111,12.7777777777778,4.72222222222222,20.8,23.5,22.7,21.4,NA,335,"CO",2021,147,5,360.714285714286,0.300000000000001,119,0
2340,2021-05-28,22.098,66.04,0.254,3.72222222222222,14.2777777777778,7.61111111111111,20.9,23.8,22.7,21.6,NA,335,"CO",2021,148,5,334.615384615385,0.0999999999999979,119,0
2341,2021-05-29,19.05,58.42,0,2.88888888888889,14.6111111111111,6.11111111111111,21,24,22.8,22.6,NA,335,"CO",2021,149,5,326.086956521739,0.100000000000001,119,0
2342,2021-05-30,16.764,53.34,1.27,0.722222222222221,11.2222222222222,1.27777777777778,21.2,24.1,22.9,22.9,NA,335,"CO",2021,150,5,314.285714285714,0.199999999999999,119,0
2343,2021-05-31,16.764,50.8,0,-1.22222222222222,7.5,0.722222222222221,20.9,23.8,22.2,22.4,NA,335,"CO",2021,151,5,330,-0.300000000000001,119,0
2344,2021-06-01,15.494,50.8,0.254,-1.38888888888889,10.6111111111111,3.27777777777778,21.2,24.2,22.6,22.9,NA,335,"CO",2021,152,6,305,0.300000000000001,119,0
2345,2021-06-02,14.224,43.18,0,0.722222222222221,14.1111111111111,6.38888888888889,21.3,24.3,23,22.5,NA,335,"CO",2021,153,6,329.411764705882,0.100000000000001,119,0
2346,2021-06-03,11.176,40.64,0,4.22222222222222,17.1111111111111,9.22222222222222,21.7,24.6,23.4,23,NA,335,"CO",2021,154,6,275,0.399999999999999,119,0
2347,2021-06-04,7.62,25.4,0,6.77777777777778,20.1111111111111,12.1111111111111,22,25.2,23.7,23.8,NA,335,"CO",2021,155,6,300,0.300000000000001,119,0
2348,2021-06-05,2.286,7.62,0,10.2222222222222,21.6111111111111,11.1111111111111,22.3,25,23.8,23.7,NA,335,"CO",2021,156,6,300,0.300000000000001,119,0
2349,2021-06-06,0,2.54,0,6.11111111111111,19.2222222222222,9.77777777777778,22.3,24.6,23.7,23,NA,335,"CO",2021,157,6,0,0,119,0
2350,2021-06-07,0,2.54,0,8.72222222222222,19.3888888888889,12.3888888888889,22.3,25.2,24,22.9,NA,335,"CO",2021,158,6,0,0,119,0
2351,2021-06-08,0,0,0,7.38888888888889,21.1111111111111,13,21.6,24.6,22.9,22.1,NA,335,"CO",2021,159,6,NA,-0.699999999999999,119,0
2352,2021-06-09,0,0,0,7.5,20.5,12.7222222222222,19.6,21.9,21.6,20.5,NA,335,"CO",2021,160,6,NA,-2,119,0
2353,2021-06-10,0,0,0,10.7222222222222,20.6111111111111,14.1111111111111,17.2,20.3,20.1,19.5,NA,335,"CO",2021,161,6,NA,-2.4,119,0
2354,2021-06-11,0,0,0,5,17.5,10.7222222222222,14.7,19.1,18.8,18.6,NA,335,"CO",2021,162,6,NA,-2.5,119,0
2355,2021-06-12,0,0,0,8.77777777777778,22.5,13.7222222222222,12.9,18.6,17.4,18.2,NA,335,"CO",2021,163,6,NA,-1.8,119,0
2356,2021-06-13,0,0,0,9.72222222222222,22.3888888888889,14.8888888888889,11.1,17.5,16.9,17.4,NA,335,"CO",2021,164,6,NA,-1.8,119,0
2357,2021-06-14,0,0,0,10.5,24,16.7222222222222,9.5,15.9,15.9,16.5,NA,335,"CO",2021,165,6,NA,-1.6,119,0
2358,2021-06-15,0,0,0,12.8888888888889,24,17.3888888888889,7.9,15.3,14.5,15.6,NA,335,"CO",2021,166,6,NA,-1.6,119,0
2359,2021-06-16,0,0,0,12.7777777777778,23.7222222222222,17.2222222222222,6.4,13.9,14,15,NA,335,"CO",2021,167,6,NA,-1.5,119,0
2360,2021-06-17,0,0,0,12.6111111111111,23.7222222222222,16.6111111111111,5.4,12.5,11.8,13.9,NA,335,"CO",2021,168,6,NA,-1,119,0
2361,2021-06-18,0,0,0,14.1111111111111,20.7777777777778,13.3888888888889,4.6,10.7,10.8,13.1,NA,335,"CO",2021,169,6,NA,-0.800000000000001,119,0
2362,2021-06-19,0,0,0,8.22222222222222,17.7777777777778,10.7222222222222,4.1,9.1,9.2,13,NA,335,"CO",2021,170,6,NA,-0.5,119,0
2363,2021-06-20,0,0,0,10.5,19.6111111111111,12.1111111111111,3.4,7.4,9.7,12.6,NA,335,"CO",2021,171,6,NA,-0.7,119,0
2364,2021-06-21,0,0,0,4.77777777777778,17.6111111111111,10.6111111111111,3.6,6.2,8.4,11,NA,335,"CO",2021,172,6,NA,0.2,119,0
2365,2021-06-22,0,0,0,10.8888888888889,21.1111111111111,15.1111111111111,3.3,5.7,6.4,11.2,NA,335,"CO",2021,173,6,NA,-0.3,119,0
2366,2021-06-23,0,0,0,13.2777777777778,19.3888888888889,13.2777777777778,3.5,4.8,7,10,NA,335,"CO",2021,174,6,NA,0.2,119,0
2367,2021-06-24,0,0,0.762,5.11111111111111,17.3888888888889,7.38888888888889,3.2,5.2,5.6,9,NA,335,"CO",2021,175,6,NA,-0.3,119,0
2368,2021-06-25,0,0,0.254,2.61111111111111,12.3888888888889,6,2.8,4.3,6.4,9.5,NA,335,"CO",2021,176,6,NA,-0.4,119,0
2369,2021-06-26,0,0,1.778,3.5,9.5,3.5,4.4,4,4.9,8.8,NA,335,"CO",2021,177,6,NA,1.6,119,0
2370,2021-06-27,0,0,1.016,1.5,10.3888888888889,3.5,18,20.2,18.4,8.7,NA,335,"CO",2021,178,6,NA,13.6,119,0
2371,2021-06-28,0,0,0,1.22222222222222,10,4.38888888888889,19.7,21.7,21,10.6,NA,335,"CO",2021,179,6,NA,1.7,119,0
2372,2021-06-29,0,0,0,2.72222222222222,12.8888888888889,6,17.8,20.3,19.2,12.7,NA,335,"CO",2021,180,6,NA,-1.9,119,0
2373,2021-06-30,0,0,0.254,3.61111111111111,15.2222222222222,8.61111111111111,18.1,19.1,18.4,13.1,NA,335,"CO",2021,181,6,NA,0.300000000000001,119,0
2374,2021-07-01,0,0,0.762,5.77777777777778,14.7777777777778,8.38888888888889,17.8,18.6,17.8,13.2,NA,335,"CO",2021,182,7,NA,-0.300000000000001,119,0
2375,2021-07-02,0,0,0,6,19.3888888888889,11.1111111111111,20.5,22.3,20.4,13.7,NA,335,"CO",2021,183,7,NA,2.7,119,0
2376,2021-07-03,0,0,0,8.88888888888889,21,12.6111111111111,18.6,20.5,19,13.5,NA,335,"CO",2021,184,7,NA,-1.9,119,0
2377,2021-07-04,0,0,0.254,10.1111111111111,20,12.7777777777778,17.1,19,18.2,13.8,NA,335,"CO",2021,185,7,NA,-1.5,119,0
2378,2021-07-05,0,0,0.762,11.1111111111111,20.2777777777778,11.6111111111111,18.1,17.9,16.4,12.8,NA,335,"CO",2021,186,7,NA,1,119,0
2379,2021-07-06,0,0,0,7.11111111111111,19.7777777777778,11.6111111111111,20.3,20.9,18,13.4,NA,335,"CO",2021,187,7,NA,2.2,119,0
2380,2021-07-07,0,0,0,7.38888888888889,20.8888888888889,13.1111111111111,18.3,18.9,17.1,13.7,NA,335,"CO",2021,188,7,NA,-2,119,0
2381,2021-07-08,0,0,0,12.8888888888889,21.7222222222222,15.8888888888889,15.5,18,15.7,12.8,NA,335,"CO",2021,189,7,NA,-2.8,119,0
2382,2021-07-09,0,0,0,13.7222222222222,23,15.5,13.1,16.3,13.8,11.4,NA,335,"CO",2021,190,7,NA,-2.4,119,0
2383,2021-07-10,0,0,0,11.2222222222222,20,12.3888888888889,11.5,14.2,12.3,10.9,NA,335,"CO",2021,191,7,NA,-1.6,119,0
2384,2021-07-11,0,0,0,7.38888888888889,20.5,13.1111111111111,9.8,12.7,11.8,10.8,NA,335,"CO",2021,192,7,NA,-1.7,119,0
2385,2021-07-12,0,0,0,10.7222222222222,21.2777777777778,13.7222222222222,8,11,9.9,9.5,NA,335,"CO",2021,193,7,NA,-1.8,119,0
2386,2021-07-13,0,0,0.508,11,20.2222222222222,12.2222222222222,6.7,10.2,9.2,9.7,NA,335,"CO",2021,194,7,NA,-1.3,119,0
2387,2021-07-14,0,0,0.254,6.61111111111111,14.2777777777778,7.88888888888889,5.8,9,7.8,8.3,NA,335,"CO",2021,195,7,NA,-0.9,119,0
2388,2021-07-15,0,0,0,4.11111111111111,17.8888888888889,10.7222222222222,6.3,7.5,7.5,8.9,NA,335,"CO",2021,196,7,NA,0.5,119,0
2389,2021-07-16,0,0,0,8.5,20.6111111111111,11.8888888888889,6.7,7.5,6.3,8.5,NA,335,"CO",2021,197,7,NA,0.4,119,0
2390,2021-07-17,0,0,0,8.88888888888889,19.7777777777778,12.6111111111111,5.8,6.9,5.6,8.5,NA,335,"CO",2021,198,7,NA,-0.9,119,0
2391,2021-07-18,0,0,0,8.61111111111111,21.6111111111111,13.8888888888889,5.1,5.3,5.4,7.8,NA,335,"CO",2021,199,7,NA,-0.7,119,0
2392,2021-07-19,0,0,0,10,22.1111111111111,14.7777777777778,4.4,4.9,4.8,7.5,NA,335,"CO",2021,200,7,NA,-0.699999999999999,119,0
2393,2021-07-20,0,0,0.254,10.7222222222222,24,14.3888888888889,4,4.8,5.2,7.1,NA,335,"CO",2021,201,7,NA,-0.4,119,0
2394,2021-07-21,0,0,0.508,9.72222222222222,19.3888888888889,11.5,3.9,4.7,4.7,6.5,NA,335,"CO",2021,202,7,NA,-0.1,119,0
2395,2021-07-22,0,0,0.508,8.11111111111111,20.5,11.7777777777778,6.3,4.1,4.3,6.4,NA,335,"CO",2021,203,7,NA,2.4,119,0
2396,2021-07-23,0,0,2.54,9.11111111111111,17,10.7222222222222,13.3,4.5,4.3,6.9,NA,335,"CO",2021,204,7,NA,7,119,0
2397,2021-07-24,0,0,0,8.61111111111111,16.1111111111111,10.5,20.8,21.2,17.8,18.9,NA,335,"CO",2021,205,7,NA,7.5,119,0
2398,2021-07-25,0,0,0.254,9.22222222222222,19.7222222222222,11.3888888888889,17.8,19.2,16.9,15.5,NA,335,"CO",2021,206,7,NA,-3,119,0
2399,2021-07-26,0,0,0,7.61111111111111,20.7777777777778,13.3888888888889,19.2,19.3,15.7,12.7,NA,335,"CO",2021,207,7,NA,1.4,119,0
2400,2021-07-27,0,0,0,8.77777777777778,22.2222222222222,14.8888888888889,17,17.5,15.3,12.3,NA,335,"CO",2021,208,7,NA,-2.2,119,0
2401,2021-07-28,0,0,0,11.5,23.7777777777778,15.3888888888889,14.2,15.6,12.8,10.7,NA,335,"CO",2021,209,7,NA,-2.8,119,0
2402,2021-07-29,0,0,0,11.3888888888889,20.8888888888889,14,11.8,13.8,11.5,10.1,NA,335,"CO",2021,210,7,NA,-2.4,119,0
2403,2021-07-30,0,0,0.762,11.7222222222222,18.3888888888889,10.8888888888889,9.8,11.8,9.5,9.5,NA,335,"CO",2021,211,7,NA,-2,119,0
2404,2021-07-31,0,0,0.508,7.38888888888889,15,8.61111111111111,10.9,10.7,8.5,8.6,NA,335,"CO",2021,212,7,NA,1.1,119,0
2405,2021-08-01,0,0,0,5.5,14.7777777777778,8.11111111111111,17,10.8,7.9,8.6,NA,335,"CO",2021,213,8,NA,6.1,119,0
2406,2021-08-02,0,0,0.508,6.72222222222222,19.2222222222222,9.88888888888889,15.7,10.8,7.4,8.6,NA,335,"CO",2021,214,8,NA,-1.3,119,0
2558,2022-01-01,18.542,86.36,0,-16.2777777777778,-15.3888888888889,-20.3888888888889,11.8,11.5,7.6,3.8,NA,335,"CO",2022,1,1,214.705882352941,0,126,0
2559,2022-01-02,18.542,86.36,0.762,-25.8888888888889,-4.11111111111111,-15.2222222222222,11.7,10.6,8.2,3.6,NA,335,"CO",2022,2,1,214.705882352941,-0.100000000000001,126,0
2560,2022-01-03,19.05,83.82,0,-10.7777777777778,-0.277777777777778,-6.61111111111111,11.7,10.5,8.6,3.4,NA,335,"CO",2022,3,1,227.272727272727,0,126,0
2561,2022-01-04,18.542,81.28,0,-5.61111111111111,-5.61111111111111,-9.88888888888889,11.6,10.8,8.2,3.4,NA,335,"CO",2022,4,1,228.125,-0.0999999999999996,126,0
2562,2022-01-05,17.78,73.66,2.286,-12.1111111111111,-8.27777777777778,-9.72222222222222,11.5,10.6,8.3,3.2,NA,335,"CO",2022,5,1,241.379310344828,-0.0999999999999996,126,0
2563,2022-01-06,20.828,109.22,5.08,-9.72222222222222,-3.5,-6.22222222222222,11.4,11.6,8.4,3.8,NA,335,"CO",2022,6,1,190.697674418605,-0.0999999999999996,126,0
2564,2022-01-07,23.622,114.3,0.254,-5.88888888888889,3.72222222222222,-3.77777777777778,11.2,10.1,8.5,2.6,NA,335,"CO",2022,7,1,206.666666666667,-0.200000000000001,126,0
2565,2022-01-08,23.368,106.68,0,-5.22222222222222,-3.72222222222222,-10.1111111111111,11.1,10.9,8,2.2,NA,335,"CO",2022,8,1,219.047619047619,-0.0999999999999996,126,0
2566,2022-01-09,23.114,106.68,0,-18,-4.11111111111111,-13.7777777777778,11.1,11.3,7.2,3.9,NA,335,"CO",2022,9,1,216.666666666667,0,126,0
2567,2022-01-10,22.86,101.6,0.254,-13.1111111111111,7.22222222222222,-7.11111111111111,11.1,10.7,7.2,4.5,NA,335,"CO",2022,10,1,225,0,126,0
2568,2022-01-11,22.86,96.52,0,-10.3888888888889,2.27777777777778,-8.61111111111111,11.2,10.5,7.6,3.3,NA,335,"CO",2022,11,1,236.842105263158,0.0999999999999996,126,0
2569,2022-01-12,22.606,96.52,0,-8.11111111111111,-1,-7.11111111111111,11.2,11.2,7.1,3.5,NA,335,"CO",2022,12,1,234.21052631579,0,126,0
2570,2022-01-13,22.606,93.98,0.254,-8.38888888888889,6.88888888888889,-2.61111111111111,11.3,11.2,7.5,3,NA,335,"CO",2022,13,1,240.540540540541,0.100000000000001,126,0
2571,2022-01-14,22.606,91.44,0,-4.72222222222222,-2.88888888888889,-10.6111111111111,11.3,9.9,7.4,3.7,NA,335,"CO",2022,14,1,247.222222222222,0,126,0
2572,2022-01-15,23.114,101.6,0.254,-15.5,0.777777777777777,-10.7777777777778,11.2,10.4,8.1,2.5,NA,335,"CO",2022,15,1,227.5,-0.100000000000001,126,0
2573,2022-01-16,23.114,99.06,0.254,-8.77777777777778,0.777777777777777,-7.27777777777778,11.4,10.9,8.1,3.5,NA,335,"CO",2022,16,1,233.333333333333,0.200000000000001,126,0
2574,2022-01-17,23.114,93.98,0,-7.38888888888889,4.88888888888889,-5.61111111111111,11.4,10.2,8.1,4.4,NA,335,"CO",2022,17,1,245.945945945946,0,126,0
2575,2022-01-18,23.114,91.44,0,-7.11111111111111,1.72222222222222,-8.22222222222222,11.3,10.1,7,4.6,NA,335,"CO",2022,18,1,252.777777777778,-0.0999999999999996,126,0
2576,2022-01-19,23.114,91.44,0,-10.7222222222222,-2.38888888888889,-11.1111111111111,11.3,10.9,7.6,2.5,NA,335,"CO",2022,19,1,252.777777777778,0,126,0
2577,2022-01-20,23.114,91.44,0,-14.2222222222222,-8.77777777777778,-13.6111111111111,11.2,10.9,7,3.5,NA,335,"CO",2022,20,1,252.777777777778,-0.100000000000001,126,0
2578,2022-01-21,23.368,91.44,0.254,-13.2777777777778,-7.38888888888889,-11.3888888888889,11.3,10.5,7.7,3.2,NA,335,"CO",2022,21,1,255.555555555556,0.100000000000001,126,0
2579,2022-01-22,23.622,96.52,0,-14.6111111111111,-1.38888888888889,-11.5,11.2,10.2,8.1,3.8,NA,335,"CO",2022,22,1,244.736842105263,-0.100000000000001,126,0
2580,2022-01-23,23.622,96.52,0.254,-14,2,-9.38888888888889,11.1,10,7.1,4.5,NA,335,"CO",2022,23,1,244.736842105263,-0.0999999999999996,126,0
2581,2022-01-24,23.876,93.98,0,-14.3888888888889,-1.22222222222222,-11.2777777777778,11,10.1,7.2,3.8,NA,335,"CO",2022,24,1,254.054054054054,-0.0999999999999996,126,0
2582,2022-01-25,23.876,93.98,0,-12.7777777777778,-12.2222222222222,-15.3888888888889,11,9.5,7.4,4.3,NA,335,"CO",2022,25,1,254.054054054054,0,126,0
2583,2022-01-26,24.13,96.52,0.508,-19.2777777777778,-7.11111111111111,-15.7777777777778,10.8,9.6,7.2,4.5,NA,335,"CO",2022,26,1,250,-0.199999999999999,126,0
2584,2022-01-27,24.384,96.52,0,-16,-13.2777777777778,-16.3888888888889,10.7,10.2,6.8,3.7,NA,335,"CO",2022,27,1,252.631578947368,-0.100000000000001,126,0
2585,2022-01-28,24.638,101.6,0.254,-21.6111111111111,-4,-14.5,10.5,10,6.8,4.3,NA,335,"CO",2022,28,1,242.5,-0.199999999999999,126,0
2586,2022-01-29,24.638,99.06,0,-15,4.22222222222222,-7.38888888888889,10.4,10.2,7.8,3.7,NA,335,"CO",2022,29,1,248.717948717949,-0.0999999999999996,126,0
2587,2022-01-30,24.892,96.52,0,-8.5,5.22222222222222,-5.88888888888889,10.2,9.5,6.6,4.9,NA,335,"CO",2022,30,1,257.894736842105,-0.200000000000001,126,0
2588,2022-01-31,24.892,96.52,0,-9.61111111111111,2.61111111111111,-7.22222222222222,9.9,9.3,6.7,4.9,NA,335,"CO",2022,31,1,257.894736842105,-0.299999999999999,126,0
2589,2022-02-01,25.146,96.52,0,-15.2222222222222,-7.11111111111111,-14.2222222222222,9.6,9.5,6.8,3.8,NA,335,"CO",2022,32,2,260.526315789474,-0.300000000000001,126,0
2590,2022-02-02,25.146,101.6,0,-19.2222222222222,-15.7777777777778,-21.5,9.4,10.5,7.1,3.4,NA,335,"CO",2022,33,2,247.5,-0.199999999999999,126,0
2591,2022-02-03,24.892,99.06,0,-26.2777777777778,-13.2777777777778,-22.2777777777778,9.2,8.9,7,4.4,NA,335,"CO",2022,34,2,251.282051282051,-0.200000000000001,126,0
2592,2022-02-04,24.892,99.06,0.508,-23.7777777777778,-5.88888888888889,-15.7777777777778,8.9,10.3,7.6,3.5,NA,335,"CO",2022,35,2,251.282051282051,-0.299999999999999,126,0
2593,2022-02-05,25.146,99.06,0.254,-15,-3.11111111111111,-10.8888888888889,8.6,9.6,6.7,3.3,NA,335,"CO",2022,36,2,253.846153846154,-0.300000000000001,126,0
2594,2022-02-06,25.4,99.06,0.254,-13.8888888888889,-5.77777777777778,-14.3888888888889,8.4,9.1,7.4,3.1,NA,335,"CO",2022,37,2,256.410256410256,-0.199999999999999,126,0
2595,2022-02-07,25.4,104.14,0.508,-17.1111111111111,-2.27777777777778,-11.2777777777778,7.8,8.5,7.4,4.1,NA,335,"CO",2022,38,2,243.90243902439,-0.600000000000001,126,0
2596,2022-02-08,25.654,101.6,0,-8.5,-2.27777777777778,-7.77777777777778,7.6,9,6.7,3.2,NA,335,"CO",2022,39,2,252.5,-0.2,126,0
2597,2022-02-09,25.654,99.06,0,-9.11111111111111,-2.38888888888889,-8.38888888888889,7,9.1,7.1,3.3,NA,335,"CO",2022,40,2,258.974358974359,-0.6,126,0
2598,2022-02-10,25.908,99.06,0.254,-9.72222222222222,-4.27777777777778,-8.22222222222222,6.6,9.5,6.8,4.4,NA,335,"CO",2022,41,2,261.538461538461,-0.4,126,0
2599,2022-02-11,25.908,101.6,0.254,-7,-1.77777777777778,-10,6.2,8.2,7.3,4.1,NA,335,"CO",2022,42,2,255,-0.399999999999999,126,0
2600,2022-02-12,26.67,111.76,0.254,-19.7222222222222,-6.38888888888889,-14.5,5.8,7.8,7,4.3,NA,335,"CO",2022,43,2,238.636363636364,-0.4,126,0
2601,2022-02-13,26.924,109.22,0.254,-14.1111111111111,0.111111111111113,-9.27777777777778,5.4,8,6.7,3.4,NA,335,"CO",2022,44,2,246.511627906977,-0.399999999999999,126,0
2602,2022-02-14,27.178,106.68,0.254,-11.2222222222222,2,-5.72222222222222,5.3,8.4,6.6,2.9,NA,335,"CO",2022,45,2,254.761904761905,-0.100000000000001,126,0
2603,2022-02-15,27.178,106.68,0.254,-4.11111111111111,4.22222222222222,-2.88888888888889,4.9,9,6.1,2.6,NA,335,"CO",2022,46,2,254.761904761905,-0.399999999999999,126,0
2604,2022-02-16,27.178,104.14,0,-6.27777777777778,-3.11111111111111,-10.7222222222222,4.7,7.8,6.8,3.9,NA,335,"CO",2022,47,2,260.975609756098,-0.2,126,0
2605,2022-02-17,27.94,119.38,0.254,-19.3888888888889,-11.1111111111111,-16.6111111111111,4.5,7.3,6.6,4.5,NA,335,"CO",2022,48,2,234.042553191489,-0.2,126,0
2606,2022-02-18,27.94,114.3,0.508,-14.3888888888889,-4.22222222222222,-11.8888888888889,4.5,7.1,6.9,4.7,NA,335,"CO",2022,49,2,244.444444444444,0,126,0
2607,2022-02-19,28.194,114.3,0.254,-12.1111111111111,-0.388888888888889,-8.77777777777778,4.1,7,6.6,4.7,NA,335,"CO",2022,50,2,246.666666666667,-0.4,126,0
2608,2022-02-20,28.194,109.22,0.254,-12.7222222222222,2.77777777777778,-5.27777777777778,4.3,7.2,6.6,4,NA,335,"CO",2022,51,2,258.139534883721,0.2,126,0
2609,2022-02-21,28.194,109.22,0,-6.11111111111111,0.388888888888891,-6.61111111111111,3.9,7.7,6.2,3.6,NA,335,"CO",2022,52,2,258.139534883721,-0.4,126,0
2610,2022-02-22,28.194,109.22,0,-11.5,-10.8888888888889,-14.7777777777778,4,7.6,6.7,3.7,NA,335,"CO",2022,53,2,258.139534883721,0.1,126,0
2611,2022-02-23,28.702,111.76,0.762,-17.8888888888889,-5.5,-11.7222222222222,3.8,7.4,6.8,4,NA,335,"CO",2022,54,2,256.818181818182,-0.2,126,0
2612,2022-02-24,29.464,119.38,0.508,-15.2222222222222,-11.1111111111111,-17.2777777777778,3.8,7.7,5.5,2.8,NA,335,"CO",2022,55,2,246.808510638298,0,126,0
2613,2022-02-25,29.718,116.84,0,-19.2777777777778,-9.72222222222222,-18,3.7,6.1,5.7,4.2,NA,335,"CO",2022,56,2,254.347826086957,-0.0999999999999996,126,0
2614,2022-02-26,29.972,116.84,0.254,-21.5,-8.77777777777778,-17.8888888888889,3.8,6.4,6.2,3.4,NA,335,"CO",2022,57,2,256.521739130435,0.0999999999999996,126,0
2615,2022-02-27,29.972,116.84,0.508,-18.3888888888889,1.38888888888889,-9.61111111111111,3.4,5.8,6.2,4.5,NA,335,"CO",2022,58,2,256.521739130435,-0.4,126,0
2616,2022-02-28,29.972,116.84,0.254,-13.8888888888889,2.61111111111111,-6.72222222222222,3.3,5.8,5.8,4,NA,335,"CO",2022,59,2,256.521739130435,-0.1,126,0
2617,2022-03-01,30.226,116.84,0,-7.22222222222222,6.77777777777778,-2.61111111111111,3.1,6.8,6.5,3.6,NA,335,"CO",2022,60,3,258.695652173913,-0.2,126,0
2618,2022-03-02,30.226,111.76,0,-5,9.11111111111111,-0.722222222222223,2.9,5.6,6.2,4.4,NA,335,"CO",2022,61,3,270.454545454545,-0.2,126,0
2619,2022-03-03,30.226,111.76,0,-2.27777777777778,11.5,0.999999999999998,2.7,5.6,5.3,3.3,NA,335,"CO",2022,62,3,270.454545454545,-0.2,126,0
2620,2022-03-04,30.226,109.22,0,-1.27777777777778,3.27777777777778,-3,2.8,5.4,5.6,4,NA,335,"CO",2022,63,3,276.744186046512,0.0999999999999996,126,0
2621,2022-03-05,30.48,111.76,0,-8,-3.22222222222222,-8.88888888888889,2.7,6,6.3,4.4,NA,335,"CO",2022,64,3,272.727272727273,-0.0999999999999996,126,0
2622,2022-03-06,30.988,114.3,0,-11.7222222222222,-7.27777777777778,-13.3888888888889,2.9,5.1,6.2,3.7,NA,335,"CO",2022,65,3,271.111111111111,0.2,126,0
2623,2022-03-07,31.242,121.92,0.508,-18.8888888888889,-7.61111111111111,-16.7777777777778,2.8,6.6,5.7,4.1,NA,335,"CO",2022,66,3,256.25,-0.1,126,0
2624,2022-03-08,31.75,124.46,0.254,-21.3888888888889,-9,-16.8888888888889,3,6.5,5.7,4,NA,335,"CO",2022,67,3,255.102040816327,0.2,126,0
2625,2022-03-09,32.004,121.92,0.508,-14.2222222222222,-6.61111111111111,-14,3.1,5.8,5.7,4.4,NA,335,"CO",2022,68,3,262.5,0.1,126,0
2626,2022-03-10,33.02,129.54,0.254,-17.7222222222222,-11.8888888888889,-19.6111111111111,3.1,4.6,5.3,3.8,NA,335,"CO",2022,69,3,254.901960784314,0,126,0
2627,2022-03-11,33.02,132.08,0.508,-24,-11.6111111111111,-18.7222222222222,3.2,5.9,5.8,3.1,NA,335,"CO",2022,70,3,250,0.1,126,0
2628,2022-03-12,33.274,129.54,0.762,-14.7222222222222,-0.777777777777777,-9.27777777777778,3,4.5,5.1,3.3,NA,335,"CO",2022,71,3,256.862745098039,-0.2,126,0
2629,2022-03-13,33.782,129.54,0.508,-10.3888888888889,3.88888888888889,-5.88888888888889,3,6.1,6,4.4,NA,335,"CO",2022,72,3,260.78431372549,0,126,0
2630,2022-03-14,34.29,132.08,0.254,-11.5,0,-9.22222222222222,2.7,5.8,5.3,4.1,NA,335,"CO",2022,73,3,259.615384615385,-0.3,126,0
2631,2022-03-15,34.29,127,0.254,-11.7222222222222,6.5,-3.11111111111111,2.8,5.5,6,3.5,NA,335,"CO",2022,74,3,270,0.0999999999999996,126,0
2632,2022-03-16,34.544,124.46,0.254,-4.11111111111111,1.5,-5.72222222222222,2.6,4.3,5.8,4.4,NA,335,"CO",2022,75,3,277.551020408163,-0.2,126,0
2633,2022-03-17,35.56,139.7,1.016,-9.38888888888889,-3.72222222222222,-10.7777777777778,2.4,5.5,5.1,3.3,NA,335,"CO",2022,76,3,254.545454545455,-0.2,126,0
2634,2022-03-18,36.83,157.48,0.762,-15.2222222222222,-0.388888888888889,-10.6111111111111,2.4,5.8,5.3,4.2,NA,335,"CO",2022,77,3,233.870967741935,0,126,0
2635,2022-03-19,36.83,149.86,0.254,-13.3888888888889,3.88888888888889,-5.61111111111111,2.4,4.7,5.8,4.5,NA,335,"CO",2022,78,3,245.762711864407,0,126,0
2636,2022-03-20,37.084,142.24,0.254,-5.38888888888889,5.22222222222222,-2.72222222222222,2.3,4.5,5.7,4.2,NA,335,"CO",2022,79,3,260.714285714286,-0.1,126,0
2637,2022-03-21,37.338,137.16,0,-6.88888888888889,-3.11111111111111,-8.88888888888889,2.2,4.7,4.7,3.2,NA,335,"CO",2022,80,3,272.222222222222,-0.0999999999999996,126,0
2638,2022-03-22,37.592,142.24,0.254,-14.1111111111111,-6.61111111111111,-13.1111111111111,2.2,4.2,5.2,3.3,NA,335,"CO",2022,81,3,264.285714285714,0,126,0
2639,2022-03-23,38.1,149.86,0.254,-13.8888888888889,-1.27777777777778,-10.1111111111111,2.2,5.5,5.5,4.6,NA,335,"CO",2022,82,3,254.237288135593,0,126,0
2640,2022-03-24,38.1,142.24,0.508,-7.77777777777778,3.77777777777778,-1.11111111111111,2,3.9,5.1,3.1,NA,335,"CO",2022,83,3,267.857142857143,-0.2,126,0
2641,2022-03-25,38.1,137.16,0.254,-4.22222222222222,5.88888888888889,-0.777777777777777,2.3,4.7,4.5,4.4,NA,335,"CO",2022,84,3,277.777777777778,0.3,126,0
2642,2022-03-26,37.846,134.62,0,-0.277777777777778,10.5,3,2.5,4.9,4.9,5.1,NA,335,"CO",2022,85,3,281.132075471698,0.2,126,0
2643,2022-03-27,37.846,129.54,0,0,10.7777777777778,4.38888888888889,2.6,5,5.6,4.5,NA,335,"CO",2022,86,3,292.156862745098,0.1,126,0
2644,2022-03-28,37.338,124.46,0,2.5,10.7777777777778,3.72222222222222,3.5,5.3,6.1,3.5,NA,335,"CO",2022,87,3,300,0.9,126,1
2645,2022-03-29,37.084,121.92,0,-3.38888888888889,0,-4.77777777777778,6.2,5.2,4.9,4.2,NA,335,"CO",2022,88,3,304.166666666667,2.7,126,0
2646,2022-03-30,38.354,134.62,0.762,-8.88888888888889,-5,-10.2222222222222,7.7,5,5.5,5.4,NA,335,"CO",2022,89,3,284.905660377358,1.5,126,0
2647,2022-03-31,38.862,137.16,0.508,-12.2777777777778,4.72222222222222,-2.38888888888889,8.3,4.8,5.7,5.2,NA,335,"CO",2022,90,3,283.333333333333,0.600000000000001,126,0
2648,2022-04-01,39.116,132.08,0.254,-6.77777777777778,1.38888888888889,-5.77777777777778,8.5,4.7,5.5,4.6,NA,335,"CO",2022,91,4,296.153846153846,0.199999999999999,126,0
2649,2022-04-02,39.116,129.54,0.254,-6.38888888888889,7.88888888888889,-0.388888888888889,8.4,5.6,6.5,4.4,NA,335,"CO",2022,92,4,301.960784313726,-0.0999999999999996,126,0
2650,2022-04-03,38.862,127,0.254,-5,2.77777777777778,-4.22222222222222,8.2,5.4,5.7,5.2,NA,335,"CO",2022,93,4,306,-0.200000000000001,126,0
2651,2022-04-04,38.862,127,0,-7.77777777777778,0.222222222222221,-1.5,8.3,5.6,5.6,6,NA,335,"CO",2022,94,4,306,0.100000000000001,126,0
2652,2022-04-05,38.862,127,0.254,-1.11111111111111,-1,-7.77777777777778,8.1,6.5,6.1,4.2,NA,335,"CO",2022,95,4,306,-0.200000000000001,126,0
2653,2022-04-06,38.862,132.08,0.254,-16.7222222222222,-7.77777777777778,-13.7222222222222,7.9,5.5,6.3,5,NA,335,"CO",2022,96,4,294.230769230769,-0.199999999999999,126,0
2654,2022-04-07,38.608,127,0.508,-14.2222222222222,-1.22222222222222,-7.88888888888889,8.1,6.6,6.3,3.8,NA,335,"CO",2022,97,4,304,0.199999999999999,126,0
2655,2022-04-08,38.608,127,0.254,-9.11111111111111,6.22222222222222,-1.77777777777778,8.1,5.7,6.4,5.4,NA,335,"CO",2022,98,4,304,0,126,0
2656,2022-04-09,38.1,124.46,0.254,-1.22222222222222,8,1.77777777777778,8,6.7,5.2,4.8,NA,335,"CO",2022,99,4,306.122448979592,-0.0999999999999996,126,0
2657,2022-04-10,38.354,127,0.254,-3.77777777777778,-3.77777777777778,-8.5,8.1,6.7,5.5,4.9,NA,335,"CO",2022,100,4,302,0.0999999999999996,126,0
2658,2022-04-11,39.116,124.46,0.254,-9,3.88888888888889,-3.61111111111111,8.1,6.3,5.8,6,NA,335,"CO",2022,101,4,314.285714285714,0,126,0
2659,2022-04-12,38.608,124.46,0.508,-3.5,-3.11111111111111,-10.7777777777778,8,6.6,5.2,5,NA,335,"CO",2022,102,4,310.204081632653,-0.0999999999999996,126,0
2660,2022-04-13,38.608,134.62,0.508,-17.2222222222222,-13.2777777777778,-16.2777777777778,8.2,6.8,6.3,4.7,NA,335,"CO",2022,103,4,286.792452830189,0.199999999999999,126,0
2661,2022-04-14,39.624,142.24,1.016,-16.7777777777778,-5,-9.5,8.1,6.6,6.3,4.9,NA,335,"CO",2022,104,4,278.571428571429,-0.0999999999999996,126,0
2662,2022-04-15,39.878,137.16,0.762,-6,3.88888888888889,-3.72222222222222,8.1,6.9,6.2,4.4,NA,335,"CO",2022,105,4,290.740740740741,0,126,0
2663,2022-04-16,39.878,137.16,0.508,-4,7.22222222222222,0.222222222222221,8.3,7,5.1,4.9,NA,335,"CO",2022,106,4,290.740740740741,0.200000000000001,126,0
2664,2022-04-17,40.386,139.7,0.762,-4.88888888888889,0.277777777777778,-4.22222222222222,8.3,6.6,5.8,6.1,NA,335,"CO",2022,107,4,289.090909090909,0,126,0
2665,2022-04-18,41.402,139.7,0.508,-5,9.5,2.88888888888889,8.5,7.2,6,5.4,NA,335,"CO",2022,108,4,296.363636363636,0.199999999999999,126,0
2666,2022-04-19,41.656,132.08,0.254,2.27777777777778,11.7222222222222,4.61111111111111,8.7,7.4,6.3,4.9,NA,335,"CO",2022,109,4,315.384615384615,0.199999999999999,126,0
2667,2022-04-20,40.64,129.54,0.254,-2.88888888888889,7.11111111111111,0.999999999999998,10.3,7.2,6.3,5.8,NA,335,"CO",2022,110,4,313.725490196079,1.6,126,0
2668,2022-04-21,40.64,124.46,0,-1.5,13.3888888888889,7.38888888888889,14.9,11.2,6.3,4.8,NA,335,"CO",2022,111,4,326.530612244898,4.6,126,0
2669,2022-04-22,39.624,121.92,0.254,4.5,11.8888888888889,2.27777777777778,17.5,16.8,7.7,6,NA,335,"CO",2022,112,4,325,2.6,126,0
2670,2022-04-23,38.862,119.38,0.508,-8.22222222222222,-4.22222222222222,-7.77777777777778,18.7,20.6,9.9,5.4,NA,335,"CO",2022,113,4,325.531914893617,1.2,126,0
2671,2022-04-24,40.386,134.62,1.016,-9.38888888888889,-0.277777777777778,-7.61111111111111,17.8,19.4,10.9,5.6,NA,335,"CO",2022,114,4,300,-0.899999999999999,126,0
2672,2022-04-25,41.656,147.32,0.762,-10.6111111111111,2,-6.38888888888889,17.2,19.4,12.3,6,NA,335,"CO",2022,115,4,282.758620689655,-0.600000000000001,126,0
2673,2022-04-26,41.91,139.7,0.762,-4.61111111111111,8.88888888888889,2,17,18.6,11.8,5.3,NA,335,"CO",2022,116,4,300,-0.199999999999999,126,0
2674,2022-04-27,41.656,129.54,0.254,2.27777777777778,9.77777777777778,2.72222222222222,17.2,18.7,11.7,5.7,NA,335,"CO",2022,117,4,321.56862745098,0.199999999999999,126,0
2675,2022-04-28,41.656,129.54,0,0.611111111111112,10.7222222222222,3.88888888888889,17.4,18.8,12.4,4.9,NA,335,"CO",2022,118,4,321.56862745098,0.199999999999999,126,0
2676,2022-04-29,41.656,129.54,0.254,1.38888888888889,2.38888888888889,-4.88888888888889,19.1,21,14,5.5,NA,335,"CO",2022,119,4,321.56862745098,1.7,126,0
2677,2022-04-30,41.656,129.54,0.508,-9.38888888888889,7,-2.38888888888889,18.4,20.8,14.2,6.2,NA,335,"CO",2022,120,4,321.56862745098,-0.700000000000003,126,0
2678,2022-05-01,41.91,127,0,-4.77777777777778,8.88888888888889,-0.222222222222221,18,20.3,15.2,6.3,NA,335,"CO",2022,121,5,330,-0.399999999999999,126,0
2679,2022-05-02,41.91,127,0.762,-4.22222222222222,4.88888888888889,-2.11111111111111,17.8,19.4,15,5.9,NA,335,"CO",2022,122,5,330,-0.199999999999999,126,0
2680,2022-05-03,42.672,124.46,0.254,-1.5,10.7777777777778,1.72222222222222,17.8,19.4,14.8,6.1,NA,335,"CO",2022,123,5,342.857142857143,0,126,0
2681,2022-05-04,43.18,132.08,1.27,-5,1.22222222222222,-4.61111111111111,18.2,20,15.4,7,NA,335,"CO",2022,124,5,326.923076923077,0.399999999999999,126,0
2682,2022-05-05,45.212,142.24,1.016,-6.11111111111111,6.22222222222222,-0.88888888888889,18.2,19.9,15.4,7.1,NA,335,"CO",2022,125,5,317.857142857143,0,126,0
2683,2022-05-06,45.72,137.16,0.508,0.777777777777777,11.8888888888889,6.11111111111111,18.1,19.7,15.4,6.6,NA,335,"CO",2022,126,5,333.333333333333,-0.0999999999999979,126,0
2684,2022-05-07,44.45,127,0.508,3.72222222222222,13.7222222222222,7,19.6,21.5,15.8,7.6,NA,335,"CO",2022,127,5,350,1.5,126,0
2685,2022-05-08,42.926,121.92,0.254,1.22222222222222,11.7777777777778,5.5,20.3,23.7,21.1,22.3,NA,335,"CO",2022,128,5,352.083333333333,0.699999999999999,126,0
2686,2022-05-09,41.402,116.84,0,2.5,9.72222222222222,2.77777777777778,20.1,23.4,21,18.4,NA,335,"CO",2022,129,5,354.347826086957,-0.199999999999999,126,0
2687,2022-05-10,38.862,111.76,0,0,13.3888888888889,6.11111111111111,19.6,22.8,20.6,19.1,NA,335,"CO",2022,130,5,347.727272727273,-0.5,126,0
2688,2022-05-11,36.576,101.6,0,3.72222222222222,15.2222222222222,8.38888888888889,20.5,23.5,22.7,25,NA,335,"CO",2022,131,5,360,0.899999999999999,126,0
2689,2022-05-12,33.528,96.52,0,6,6.11111111111111,1.27777777777778,20.6,23.7,23,25.8,NA,335,"CO",2022,132,5,347.368421052632,0.100000000000001,126,0
2690,2022-05-13,32.512,93.98,0,-3.11111111111111,7.5,0.722222222222221,19.6,22.4,21.7,23,NA,335,"CO",2022,133,5,345.945945945946,-1,126,0
2691,2022-05-14,30.226,88.9,0,-0.388888888888889,11.7222222222222,4.77777777777778,19.4,22.2,20.7,22.5,NA,335,"CO",2022,134,5,340,-0.200000000000003,126,0
2692,2022-05-15,27.686,81.28,0,0.999999999999998,13.8888888888889,6.38888888888889,20.6,23.2,22.3,24.8,NA,335,"CO",2022,135,5,340.625,1.2,126,0
2693,2022-05-16,24.892,73.66,0,3.72222222222222,16.2777777777778,9.11111111111111,21,23.8,24,25.9,NA,335,"CO",2022,136,5,337.931034482759,0.399999999999999,126,0
2694,2022-05-17,22.606,71.12,0,5.88888888888889,15.8888888888889,7.77777777777778,21.1,24,24.2,25.9,NA,335,"CO",2022,137,5,317.857142857143,0.100000000000001,126,0
2695,2022-05-18,19.812,60.96,0,1.27777777777778,12.7777777777778,6.11111111111111,21.3,24.5,24.1,25.7,NA,335,"CO",2022,138,5,325,0.199999999999999,126,0
2696,2022-05-19,16.764,55.88,0,4.22222222222222,12.7777777777778,7.5,21.3,24.1,24.2,25.3,NA,335,"CO",2022,139,5,300,0,126,0
2697,2022-05-20,13.97,48.26,1.778,3.77777777777778,-4.88888888888889,-9,21.5,24.2,24.4,25.1,NA,335,"CO",2022,140,5,289.473684210526,0.199999999999999,126,0
2698,2022-05-21,16.764,76.2,1.778,-11.1111111111111,-1.5,-7.88888888888889,20.2,22.6,22.9,22.7,NA,335,"CO",2022,141,5,220,-1.3,126,0
2699,2022-05-22,17.526,76.2,0.508,-9.11111111111111,5.22222222222222,-2.72222222222222,19.4,21.4,21.6,21.5,NA,335,"CO",2022,142,5,230,-0.800000000000001,126,0
2700,2022-05-23,17.526,66.04,0,-4.38888888888889,5.22222222222222,-1.61111111111111,19,21.1,21.2,20.6,NA,335,"CO",2022,143,5,265.384615384615,-0.399999999999999,126,0
2701,2022-05-24,17.78,60.96,1.524,-4.5,6.72222222222222,-3.5,18.8,20.6,20.4,20.9,NA,335,"CO",2022,144,5,291.666666666667,-0.199999999999999,126,0
2702,2022-05-25,19.304,73.66,0,-5.61111111111111,6.77777777777778,-0.388888888888889,18.7,20.8,20.6,20.3,NA,335,"CO",2022,145,5,262.068965517241,-0.100000000000001,126,0
2703,2022-05-26,19.304,60.96,0,-1.61111111111111,14.2777777777778,6.72222222222222,18.8,20.2,19.9,20.4,NA,335,"CO",2022,146,5,316.666666666667,0.100000000000001,126,0
2704,2022-05-27,17.272,50.8,0,6.22222222222222,17.1111111111111,9.88888888888889,19.9,21.4,20.8,20.4,NA,335,"CO",2022,147,5,340,1.1,126,0
2705,2022-05-28,15.494,50.8,0,7.72222222222222,14.7222222222222,7.38888888888889,20.8,23.7,24.2,24.5,NA,335,"CO",2022,148,5,305,0.900000000000002,126,0
2706,2022-05-29,14.224,45.72,0,0.999999999999998,9.72222222222222,0.277777777777778,21,24,24.4,24.6,NA,335,"CO",2022,149,5,311.111111111111,0.199999999999999,126,0
2707,2022-05-30,13.462,48.26,0.762,-5.77777777777778,3.27777777777778,-3.88888888888889,21.3,23.6,24.2,24.3,NA,335,"CO",2022,150,5,278.947368421053,0.300000000000001,126,0
2708,2022-05-31,14.224,43.18,1.016,-6.77777777777778,3.88888888888889,-2.27777777777778,20,22.1,22.5,22.1,NA,335,"CO",2022,151,5,329.411764705882,-1.3,126,0
2709,2022-06-01,14.732,58.42,0.508,-3.5,11.2222222222222,2.5,19.6,21.3,21.6,21.4,NA,335,"CO",2022,152,6,252.173913043478,-0.399999999999999,126,0
2710,2022-06-02,14.224,43.18,0,-0.777777777777777,13.3888888888889,5.38888888888889,20.5,22.3,22.1,21.6,NA,335,"CO",2022,153,6,329.411764705882,0.899999999999999,126,0
2711,2022-06-03,10.414,35.56,0,1.38888888888889,14.1111111111111,6.88888888888889,21.8,24.7,24.7,25.9,NA,335,"CO",2022,154,6,292.857142857143,1.3,126,0
2712,2022-06-04,7.366,25.4,0,4.38888888888889,15.2222222222222,8.61111111111111,21.6,24.5,24.2,25.2,NA,335,"CO",2022,155,6,290,-0.199999999999999,126,0
2713,2022-06-05,3.048,12.7,0,5.5,13.3888888888889,7,21.8,24.5,24.7,25.2,NA,335,"CO",2022,156,6,240,0.199999999999999,126,0
2714,2022-06-06,0.508,0,0.508,2.88888888888889,11.7777777777778,4.77777777777778,21.9,24.2,24.8,25,NA,335,"CO",2022,157,6,Inf,0.0999999999999979,126,0
2715,2022-06-07,0,0,0,3.5,13.6111111111111,6.88888888888889,21.8,24.7,24.3,25.2,NA,335,"CO",2022,158,6,NA,-0.0999999999999979,126,0
2716,2022-06-08,0,0,0,2.61111111111111,15.8888888888889,8.38888888888889,21.6,24.6,24.6,24.5,NA,335,"CO",2022,159,6,NA,-0.199999999999999,126,0
2717,2022-06-09,0,0,0,6.77777777777778,16.5,10.5,21.6,24.4,24.3,24.3,NA,335,"CO",2022,160,6,NA,0,126,0
2718,2022-06-10,0,0,0,6.22222222222222,18.7777777777778,11.8888888888889,21.8,24.4,24.3,24,NA,335,"CO",2022,161,6,NA,0.199999999999999,126,0
2719,2022-06-11,0,0,0,9.72222222222222,20.7777777777778,14.2777777777778,21.2,23.3,23.6,22.6,NA,335,"CO",2022,162,6,NA,-0.600000000000001,126,0
2720,2022-06-12,0,0,0,12.1111111111111,20.5,14.7222222222222,18.8,21.1,21.1,21.5,NA,335,"CO",2022,163,6,NA,-2.4,126,0
2721,2022-06-13,0,0,0.508,12,19.7222222222222,13.3888888888889,16.4,19.9,19.9,19.7,NA,335,"CO",2022,164,6,NA,-2.4,126,0
2722,2022-06-14,0,0,0,7,NA,NA,13.9,18.1,18.2,19.1,NA,335,"CO",2022,165,6,NA,-2.5,126,0
2723,2022-06-15,0,0,0,3,15.2777777777778,7.22222222222222,13,17.3,18.1,18.1,NA,335,"CO",2022,166,6,NA,-0.9,126,0
2724,2022-06-16,0,0,0,6.5,21.5,12.8888888888889,11.6,16.2,16.6,17,NA,335,"CO",2022,167,6,NA,-1.4,126,0
2725,2022-06-17,0,0,1.016,8.88888888888889,20.5,12,10.3,15.2,16.1,16.9,NA,335,"CO",2022,168,6,NA,-1.3,126,0
2726,2022-06-18,0,0,0.254,8.5,15.3888888888889,9.77777777777778,14.5,16,15.5,16.6,NA,335,"CO",2022,169,6,NA,4.2,126,0
2727,2022-06-19,0,0,0,5.38888888888889,13.7222222222222,8.22222222222222,15.7,15.4,15.1,15.7,NA,335,"CO",2022,170,6,NA,1.2,126,0
2728,2022-06-20,0,0,0,6,14.3888888888889,7.38888888888889,14.8,14.7,15,15.3,NA,335,"CO",2022,171,6,NA,-0.899999999999999,126,0
2729,2022-06-21,0,0,0,-0.277777777777778,16,7.88888888888889,12.7,13.7,13.5,14.6,NA,335,"CO",2022,172,6,NA,-2.1,126,0
2730,2022-06-22,0,0,0,5.11111111111111,15.8888888888889,10,11.3,13,13.2,13.8,NA,335,"CO",2022,173,6,NA,-1.4,126,0
2731,2022-06-23,0,0,0.254,6.22222222222222,15,8,9.7,11.4,11,13.2,NA,335,"CO",2022,174,6,NA,-1.6,126,0
2732,2022-06-24,0,0,0,2.38888888888889,13.7777777777778,7.38888888888889,8.6,11.2,10.8,12.9,NA,335,"CO",2022,175,6,NA,-1.1,126,0
2733,2022-06-25,0,0,0,2.5,14.3888888888889,6.88888888888889,7.5,9.3,9.7,12.9,NA,335,"CO",2022,176,6,NA,-1.1,126,0
2734,2022-06-26,0,0,0.508,3.72222222222222,13.8888888888889,4.72222222222222,6.8,8.9,9.6,12.3,NA,335,"CO",2022,177,6,NA,-0.7,126,0
2735,2022-06-27,0,0,0,2.72222222222222,16.2777777777778,8.22222222222222,7.1,8.8,9.2,11.3,NA,335,"CO",2022,178,6,NA,0.3,126,0
2736,2022-06-28,0,0,0,5.11111111111111,18.5,11.1111111111111,6.9,8.3,8,10.8,NA,335,"CO",2022,179,6,NA,-0.199999999999999,126,0
2737,2022-06-29,0,0,0,8.72222222222222,18,11.3888888888889,6.2,7.1,7.6,10.8,NA,335,"CO",2022,180,6,NA,-0.7,126,0
2738,2022-06-30,0,0,0.508,8.72222222222222,10.6111111111111,6.72222222222222,5.8,6.8,7.2,10.2,NA,335,"CO",2022,181,6,NA,-0.4,126,0
2739,2022-07-01,0,0,0,3.22222222222222,16.7222222222222,8,8.1,5,6.6,10.4,NA,335,"CO",2022,182,7,NA,2.3,126,0
2740,2022-07-02,0,0,0.508,4.22222222222222,16.7222222222222,8.38888888888889,8.1,6,6.7,10,NA,335,"CO",2022,183,7,NA,0,126,0
2741,2022-07-03,0,0,0.508,7.11111111111111,17.6111111111111,9.61111111111111,8.7,5,5.7,9.8,NA,335,"CO",2022,184,7,NA,0.6,126,0
2742,2022-07-04,0,0,0,8.77777777777778,18.8888888888889,11.7777777777778,12.5,5.2,6.3,9.3,NA,335,"CO",2022,185,7,NA,3.8,126,0
2743,2022-07-05,0,0,1.016,9.22222222222222,17.2222222222222,8.77777777777778,11.8,5.5,4.8,9.4,NA,335,"CO",2022,186,7,NA,-0.699999999999999,126,0
2744,2022-07-06,0,0,0,5,16,8.72222222222222,18.1,5.2,5.1,9.1,NA,335,"CO",2022,187,7,NA,6.3,126,0
2745,2022-07-07,0,0,0,5.61111111111111,18.3888888888889,10.5,16.9,5,5.5,8.9,NA,335,"CO",2022,188,7,NA,-1.2,126,0
2746,2022-07-08,0,0,0,7.5,20.7777777777778,13.1111111111111,15,5,6,8.4,NA,335,"CO",2022,189,7,NA,-1.9,126,0
2747,2022-07-09,0,0,0,11.5,22.1111111111111,15.3888888888889,12.3,5.3,4.8,7.3,NA,335,"CO",2022,190,7,NA,-2.7,126,0
2748,2022-07-10,0,0,0,11.7222222222222,20.7777777777778,13.1111111111111,9.5,4.3,5.5,7.9,NA,335,"CO",2022,191,7,NA,-2.8,126,0
2749,2022-07-11,0,0,0,9.72222222222222,20.5,12.3888888888889,7.1,4.9,4.9,7.1,NA,335,"CO",2022,192,7,NA,-2.4,126,0
2750,2022-07-12,0,0,0,7.72222222222222,21.2222222222222,13.7222222222222,5.8,4.8,4.4,7.6,NA,335,"CO",2022,193,7,NA,-1.3,126,0
2751,2022-07-13,0,0,0,11.1111111111111,20.1111111111111,13.6111111111111,4.8,5,4.1,6,NA,335,"CO",2022,194,7,NA,-1,126,0
2752,2022-07-14,0,0,3.048,8.38888888888889,21.7222222222222,11.7777777777778,4.4,4.6,3.8,5.8,NA,335,"CO",2022,195,7,NA,-0.399999999999999,126,0
2753,2022-07-15,0,0,0,6.5,18.2777777777778,11.6111111111111,17.3,4.1,3.6,5.6,NA,335,"CO",2022,196,7,NA,12.9,126,0
2754,2022-07-16,0,0,0,7.88888888888889,17.6111111111111,11,18.1,4.6,7.5,6.4,NA,335,"CO",2022,197,7,NA,0.800000000000001,126,0
2755,2022-07-17,0,0,0,8.5,21.6111111111111,14.8888888888889,17.8,4.6,7.9,6.4,NA,335,"CO",2022,198,7,NA,-0.300000000000001,126,0
2756,2022-07-18,0,0,0,13,21,14,15.4,5.1,7.4,6.8,NA,335,"CO",2022,199,7,NA,-2.4,126,0
2757,2022-07-19,0,0,0,11.2222222222222,18.8888888888889,12.7222222222222,13.5,4.7,6.2,5.7,NA,335,"CO",2022,200,7,NA,-1.9,126,0
2758,2022-07-20,0,0,0,7.5,18.7222222222222,11,11.7,4.5,5.6,6.4,NA,335,"CO",2022,201,7,NA,-1.8,126,0
2759,2022-07-21,0,0,0,8.5,20,13.3888888888889,10.6,4.5,4.8,6,NA,335,"CO",2022,202,7,NA,-1.1,126,0
2760,2022-07-22,0,0,0,10.1111111111111,22.2222222222222,14.1111111111111,8.5,4.1,4.4,5.9,NA,335,"CO",2022,203,7,NA,-2.1,126,0
2761,2022-07-23,0,0,0.254,11.6111111111111,20.6111111111111,12.3888888888889,6.6,4.3,4.8,5.7,NA,335,"CO",2022,204,7,NA,-1.9,126,0
2762,2022-07-24,0,0,1.016,7.72222222222222,17.2222222222222,9.22222222222222,6,4.3,4.3,6,NA,335,"CO",2022,205,7,NA,-0.6,126,0
2763,2022-07-25,0,0,0,7,17.3888888888889,10.3888888888889,18.2,4.5,6.7,4.5,NA,335,"CO",2022,206,7,NA,12.2,126,0
2764,2022-07-26,0,0,0,7.38888888888889,19.7222222222222,12.2777777777778,16.7,5,9.6,4.5,NA,335,"CO",2022,207,7,NA,-1.5,126,0
2765,2022-07-27,0,0,0,7.22222222222222,21,13.1111111111111,14.5,5.4,8.3,5.5,NA,335,"CO",2022,208,7,NA,-2.2,126,0
2766,2022-07-28,0,0,2.286,7.72222222222222,11.8888888888889,6.72222222222222,12,5,5.8,4.4,NA,335,"CO",2022,209,7,NA,-2.5,126,0
2767,2022-07-29,0,0,0.254,3.5,15.3888888888889,8.22222222222222,19.8,12.6,12.7,5.4,NA,335,"CO",2022,210,7,NA,7.8,126,0
2768,2022-07-30,0,0,0,6.22222222222222,19.6111111111111,11.2222222222222,18.9,16.8,14.7,6.2,NA,335,"CO",2022,211,7,NA,-0.900000000000002,126,0
2769,2022-07-31,0,0,1.524,8.11111111111111,17,9.72222222222222,16.9,15.8,12.3,6.7,NA,335,"CO",2022,212,7,NA,-2,126,0
2770,2022-08-01,0,0,0.254,8.22222222222222,19.7222222222222,11.7777777777778,20.9,22.6,18.5,18.6,NA,335,"CO",2022,213,8,NA,4,126,0
2771,2022-08-02,0,0,0,7.88888888888889,17.7777777777778,11.3888888888889,18.7,19.8,17.6,14.8,NA,335,"CO",2022,214,8,NA,-2.2,126,0
2923,2023-01-01,21.59,104.14,0.508,-4.5,0,-4.61111111111111,3.7,5.5,4.6,6.5,NA,335,"CO",2023,1,1,207.317073170732,0,120,0
2924,2023-01-02,21.844,101.6,0,-7.27777777777778,-2.77777777777778,-9.72222222222222,3.7,5,5.4,5.1,NA,335,"CO",2023,2,1,215,0,120,0
2925,2023-01-03,21.844,101.6,0,-12.1111111111111,-7.22222222222222,-12.8888888888889,3.9,4.8,4.6,6.2,NA,335,"CO",2023,3,1,215,0.2,120,0
2926,2023-01-04,22.352,109.22,0.508,-15.5,-10.8888888888889,-15.5,4,5.3,5.5,5.6,NA,335,"CO",2023,4,1,204.651162790698,0.1,120,0
2927,2023-01-05,22.352,104.14,0.508,-18.3888888888889,0.111111111111113,-11.1111111111111,3.9,5.5,5.4,5.5,NA,335,"CO",2023,5,1,214.634146341463,-0.1,120,0
2928,2023-01-06,22.606,96.52,0.254,-8,-4.72222222222222,-9.38888888888889,4.1,5.1,5.4,5.8,NA,335,"CO",2023,6,1,234.21052631579,0.2,120,0
2929,2023-01-07,23.368,106.68,0.508,-10.7222222222222,-6.38888888888889,-11.2777777777778,4,5.5,5.5,5.2,NA,335,"CO",2023,7,1,219.047619047619,-0.0999999999999996,120,0
2930,2023-01-08,23.622,106.68,0.254,-15.6111111111111,1.5,-9.22222222222222,4,5.3,5.3,5.6,NA,335,"CO",2023,8,1,221.428571428571,0,120,0
2931,2023-01-09,23.876,106.68,0.254,-13.8888888888889,0,-7.61111111111111,4.1,4.6,5.8,5.2,NA,335,"CO",2023,9,1,223.809523809524,0.0999999999999996,120,0
2932,2023-01-10,23.876,96.52,0.254,-8.77777777777778,-1.22222222222222,-5.5,4.3,5,4.8,6,NA,335,"CO",2023,10,1,247.368421052632,0.2,120,0
2933,2023-01-11,24.13,101.6,0.508,-6,-5.61111111111111,-10.3888888888889,4.1,4.7,4.6,6.5,NA,335,"CO",2023,11,1,237.5,-0.2,120,0
2934,2023-01-12,24.892,109.22,0.254,-14.2222222222222,-3.72222222222222,-11.8888888888889,4.2,5.2,5.2,6,NA,335,"CO",2023,12,1,227.906976744186,0.100000000000001,120,0
2935,2023-01-13,24.892,106.68,0.508,-13.2777777777778,3.88888888888889,-5.88888888888889,4.4,5.1,5.4,5.6,NA,335,"CO",2023,13,1,233.333333333333,0.2,120,0
2936,2023-01-14,25.146,104.14,0,-2.88888888888889,4,-3.72222222222222,4.4,5.2,4.6,6.3,NA,335,"CO",2023,14,1,241.463414634146,0,120,0
2937,2023-01-15,25.4,96.52,0,-9,-3.5,-8.27777777777778,4.2,5.3,5,5.8,NA,335,"CO",2023,15,1,263.157894736842,-0.2,120,0
2938,2023-01-16,25.654,104.14,0.254,-11.2777777777778,-3,-10.6111111111111,4.4,5.1,4.8,6.8,NA,335,"CO",2023,16,1,246.341463414634,0.2,120,0
2939,2023-01-17,25.654,106.68,0.254,-12.3888888888889,-0.277777777777778,-9.72222222222222,4.3,5.3,4.8,6.1,NA,335,"CO",2023,17,1,240.47619047619,-0.100000000000001,120,0
2940,2023-01-18,26.416,111.76,1.016,-13.1111111111111,-12,-14.5,4.4,5.3,4.8,6.2,NA,335,"CO",2023,18,1,236.363636363636,0.100000000000001,120,0
2941,2023-01-19,27.178,116.84,1.016,-18.1111111111111,-3.61111111111111,-13.8888888888889,4.4,4.9,5.7,6.1,NA,335,"CO",2023,19,1,232.608695652174,0,120,0
2942,2023-01-20,27.94,111.76,0,-13.1111111111111,-11.3888888888889,-14.6111111111111,4.3,5.1,4.8,6.6,NA,335,"CO",2023,20,1,250,-0.100000000000001,120,0
2943,2023-01-21,27.94,109.22,0,-16,-13,-16.5,4.4,5.2,5.1,5.9,NA,335,"CO",2023,21,1,255.813953488372,0.100000000000001,120,0
2944,2023-01-22,28.194,111.76,0.508,-17.1111111111111,-2.88888888888889,-12.3888888888889,4.6,5.1,4.9,5.9,NA,335,"CO",2023,22,1,252.272727272727,0.199999999999999,120,0
2945,2023-01-23,28.194,106.68,0,-13.7222222222222,-4.5,-12.5,4.4,4.9,5.4,5.4,NA,335,"CO",2023,23,1,264.285714285714,-0.199999999999999,120,0
2946,2023-01-24,28.194,109.22,0.254,-14.6111111111111,-11.1111111111111,-15.6111111111111,4.4,5.5,5.5,5.3,NA,335,"CO",2023,24,1,258.139534883721,0,120,0
2947,2023-01-25,28.448,111.76,0.254,-19.5,-13.5,-18.7222222222222,4.3,5.5,5.5,5.2,NA,335,"CO",2023,25,1,254.545454545455,-0.100000000000001,120,0
2948,2023-01-26,28.702,111.76,0.762,-19.7777777777778,-12.7777777777778,-17.6111111111111,4.3,4.9,5.2,6.6,NA,335,"CO",2023,26,1,256.818181818182,0,120,0
2949,2023-01-27,29.21,114.3,1.27,-14.3888888888889,-4.27777777777778,-11.3888888888889,4.4,5.1,5.9,6.1,NA,335,"CO",2023,27,1,255.555555555556,0.100000000000001,120,0
2950,2023-01-28,30.734,129.54,0.508,-12.3888888888889,-8,-12.7777777777778,4.2,4.7,5.8,6,NA,335,"CO",2023,28,1,237.254901960784,-0.2,120,0
2951,2023-01-29,31.242,129.54,0.254,-14.2222222222222,-6.5,-11.2222222222222,4.1,5,5.2,5.7,NA,335,"CO",2023,29,1,241.176470588235,-0.100000000000001,120,0
2952,2023-01-30,31.496,124.46,0.254,-11.6111111111111,-9.88888888888889,-14.8888888888889,4,5.1,5.2,5.5,NA,335,"CO",2023,30,1,253.061224489796,-0.0999999999999996,120,0
2953,2023-01-31,32.258,132.08,1.016,-21.8888888888889,-9.88888888888889,-19.7777777777778,4.1,4.7,5.3,6.9,NA,335,"CO",2023,31,1,244.230769230769,0.0999999999999996,120,0
2954,2023-02-01,32.512,127,0.254,-19.7777777777778,-6.38888888888889,-14.7222222222222,4,4.9,4.7,6.2,NA,335,"CO",2023,32,2,256,-0.0999999999999996,120,0
2955,2023-02-02,32.512,124.46,0,-12.7777777777778,-2,-11.7222222222222,4.1,5,5,5.6,NA,335,"CO",2023,33,2,261.224489795918,0.0999999999999996,120,0
2956,2023-02-03,32.512,121.92,0,-13.7777777777778,3.27777777777778,-8.27777777777778,3.9,4.9,4.6,6.4,NA,335,"CO",2023,34,2,266.666666666667,-0.2,120,0
2957,2023-02-04,32.766,121.92,0,-11.7222222222222,-1,-7.11111111111111,3.9,4.8,4.4,6.5,NA,335,"CO",2023,35,2,268.75,0,120,0
2958,2023-02-05,32.766,119.38,0.254,-10,4.5,-4.38888888888889,4,4.3,5.5,5.6,NA,335,"CO",2023,36,2,274.468085106383,0.1,120,0
2959,2023-02-06,32.766,116.84,0.254,-9.72222222222222,-8.27777777777778,-13.2777777777778,4.1,4.4,5.5,6.2,NA,335,"CO",2023,37,2,280.434782608696,0.0999999999999996,120,0
2960,2023-02-07,33.02,124.46,0,-16.5,-2.61111111111111,-12.7222222222222,4,4.3,5.8,6.4,NA,335,"CO",2023,38,2,265.30612244898,-0.0999999999999996,120,0
2961,2023-02-08,33.02,121.92,0.508,-17.1111111111111,-4.38888888888889,-12.7222222222222,3.9,4.8,4.9,5.6,NA,335,"CO",2023,39,2,270.833333333333,-0.1,120,0
2962,2023-02-09,33.782,127,0.254,-19.2777777777778,-12.7777777777778,-18.2222222222222,4,4.1,6,6.2,NA,335,"CO",2023,40,2,266,0.1,120,0
2963,2023-02-10,33.782,127,0.254,-22.5,0.222222222222221,-8,4,4.2,5.7,5.8,NA,335,"CO",2023,41,2,266,0,120,0
2964,2023-02-11,34.036,127,0,-9.22222222222222,7.5,-2.88888888888889,3.7,4.5,5.3,5.9,NA,335,"CO",2023,42,2,268,-0.3,120,0
2965,2023-02-12,34.036,124.46,0,-8.61111111111111,1.77777777777778,-7.22222222222222,3.9,4.2,4.9,6.3,NA,335,"CO",2023,43,2,273.469387755102,0.2,120,0
2966,2023-02-13,34.036,124.46,0.254,-10.7222222222222,3.61111111111111,-6,3.7,4.7,5.1,5.8,NA,335,"CO",2023,44,2,273.469387755102,-0.2,120,0
2967,2023-02-14,34.29,124.46,0,-9.72222222222222,-5.5,-12.2777777777778,3.7,4.6,4.7,6.2,NA,335,"CO",2023,45,2,275.510204081633,0,120,0
2968,2023-02-15,34.29,124.46,0.254,-18.6111111111111,-17.8888888888889,-20.2777777777778,3.6,3.6,5.1,5.8,NA,335,"CO",2023,46,2,275.510204081633,-0.1,120,0
2969,2023-02-16,34.29,119.38,0,-21.7777777777778,-11.2777777777778,-19.3888888888889,3.7,3.8,4.6,6.2,NA,335,"CO",2023,47,2,287.234042553192,0.1,120,0
2970,2023-02-17,34.544,121.92,0.254,-19.3888888888889,0.499999999999999,-10.1111111111111,3.9,3.8,4.7,5.9,NA,335,"CO",2023,48,2,283.333333333333,0.2,120,0
2971,2023-02-18,34.544,119.38,0.254,-10.2222222222222,0.722222222222221,-9.27777777777778,3.7,3.9,5.2,6,NA,335,"CO",2023,49,2,289.36170212766,-0.2,120,0
2972,2023-02-19,34.544,119.38,0.254,-9.77777777777778,-8.5,-11,3.8,4.1,5,6.3,NA,335,"CO",2023,50,2,289.36170212766,0.0999999999999996,120,0
2973,2023-02-20,34.798,121.92,0.254,-10.5,-0.722222222222223,-8.11111111111111,3.7,3.8,5,6,NA,335,"CO",2023,51,2,285.416666666667,-0.0999999999999996,120,0
2974,2023-02-21,35.052,121.92,0.254,-11.2777777777778,4,-5.22222222222222,3.6,4.4,5,5.7,NA,335,"CO",2023,52,2,287.5,-0.1,120,0
2975,2023-02-22,35.052,119.38,0.762,-9.11111111111111,-5.88888888888889,-12.2222222222222,3.5,4.1,4.6,6.3,NA,335,"CO",2023,53,2,293.617021276596,-0.1,120,0
2976,2023-02-23,35.052,132.08,0.254,-19.5,-10.5,-16.2777777777778,3.6,4.2,5.2,5.8,NA,335,"CO",2023,54,2,265.384615384615,0.1,120,0
2977,2023-02-24,35.306,129.54,0.254,-15.6111111111111,-9,-12.2777777777778,3.6,3.9,4.7,6.3,NA,335,"CO",2023,55,2,272.549019607843,0,120,0
2978,2023-02-25,35.814,127,0.254,-9.22222222222222,2,-4,3.6,3.9,4.6,6.1,NA,335,"CO",2023,56,2,282,0,120,0
2979,2023-02-26,35.814,127,0.254,-4.38888888888889,1.22222222222222,-6.27777777777778,3.6,4.2,5.1,5.6,NA,335,"CO",2023,57,2,282,0,120,0
2980,2023-02-27,35.814,129.54,0,-12.1111111111111,-4.5,-11.5,3.6,3.6,5,5.8,NA,335,"CO",2023,58,2,276.470588235294,0,120,0
2981,2023-02-28,36.068,129.54,1.016,-12.5,-9,-13.7777777777778,3.5,3.5,4.7,6.2,NA,335,"CO",2023,59,2,278.43137254902,-0.1,120,0
2982,2023-03-01,36.576,134.62,0.254,-17.3888888888889,-8.22222222222222,-12.6111111111111,3.7,3.4,4.5,6.3,NA,335,"CO",2023,60,3,271.698113207547,0.2,120,0
2983,2023-03-02,37.084,137.16,0.254,-14.7777777777778,-2.88888888888889,-12.5,3.6,3,4.8,6.3,NA,335,"CO",2023,61,3,270.37037037037,-0.1,120,0
2984,2023-03-03,37.338,137.16,0.508,-17.1111111111111,-2.38888888888889,-11.8888888888889,3.6,2.9,4.6,6.5,NA,335,"CO",2023,62,3,272.222222222222,0,120,0
2985,2023-03-04,37.592,142.24,0.254,-15.3888888888889,-3.38888888888889,-9.88888888888889,3.6,3,4.6,6.5,NA,335,"CO",2023,63,3,264.285714285714,0,120,0
2986,2023-03-05,37.846,137.16,0,-9.27777777777778,-3.11111111111111,-8.61111111111111,3.6,3.2,4.7,5.7,NA,335,"CO",2023,64,3,275.925925925926,0,120,0
2987,2023-03-06,37.846,137.16,0,-9.38888888888889,1.72222222222222,-5.72222222222222,3.6,3.9,5,5.7,NA,335,"CO",2023,65,3,275.925925925926,0,120,0
2988,2023-03-07,37.846,134.62,0,-6,3.22222222222222,-5,3.5,3.4,4.8,5.8,NA,335,"CO",2023,66,3,281.132075471698,-0.1,120,0
2989,2023-03-08,37.846,132.08,0.254,-8.72222222222222,0.722222222222221,-6.11111111111111,3.6,3.5,4.8,6.2,NA,335,"CO",2023,67,3,286.538461538462,0.1,120,0
2990,2023-03-09,37.846,132.08,0.254,-10.2222222222222,-2.27777777777778,-9.11111111111111,3.5,3.2,4.7,6.3,NA,335,"CO",2023,68,3,286.538461538462,-0.1,120,0
2991,2023-03-10,38.1,137.16,1.016,-6.22222222222222,1.11111111111111,-3.72222222222222,3.4,3.5,4.8,5.8,NA,335,"CO",2023,69,3,277.777777777778,-0.1,120,0
2992,2023-03-11,38.862,137.16,1.27,-4.72222222222222,-2.72222222222222,-8.22222222222222,3.7,3.5,4.9,6.1,NA,335,"CO",2023,70,3,283.333333333333,0.3,120,0
2993,2023-03-12,40.132,152.4,0.762,-10.3888888888889,-1.27777777777778,-8.72222222222222,3.5,3.5,4.7,5.8,NA,335,"CO",2023,71,3,263.333333333333,-0.2,120,0
2994,2023-03-13,40.894,154.94,0.254,-10.2222222222222,1.61111111111111,-7.88888888888889,3.5,3.5,4.9,6.1,NA,335,"CO",2023,72,3,263.934426229508,0,120,0
2995,2023-03-14,40.894,152.4,0.254,-9.88888888888889,3,-4.5,3.7,3.3,4.5,6.1,NA,335,"CO",2023,73,3,268.333333333333,0.2,120,0
2996,2023-03-15,41.148,147.32,0.254,-4,5.22222222222222,-2.72222222222222,3.7,3.6,4.3,5.9,NA,335,"CO",2023,74,3,279.310344827586,0,120,0
2997,2023-03-16,41.402,147.32,0.254,-8.11111111111111,-7.38888888888889,-12.6111111111111,3.9,3.6,4.8,6.6,NA,335,"CO",2023,75,3,281.034482758621,0.2,120,0
2998,2023-03-17,41.656,152.4,0,-18.8888888888889,-6.61111111111111,-16.2222222222222,3.9,3.5,4.6,5.7,NA,335,"CO",2023,76,3,273.333333333333,0,120,0
2999,2023-03-18,41.656,149.86,0,-20.7777777777778,-5.72222222222222,-14.8888888888889,3.9,3.6,4.8,6.4,NA,335,"CO",2023,77,3,277.966101694915,0,120,0
3000,2023-03-19,41.656,147.32,0,-17.2222222222222,-1.61111111111111,-10.3888888888889,3.8,3.5,4.5,6.4,NA,335,"CO",2023,78,3,282.758620689655,-0.1,120,0
3001,2023-03-20,41.656,144.78,0.762,-12.5,0,-7.61111111111111,4.1,3.9,4.8,6.1,NA,335,"CO",2023,79,3,287.719298245614,0.3,120,0
3002,2023-03-21,42.164,147.32,1.016,-8.5,-4.5,-8.88888888888889,4,4,4.7,6.5,NA,335,"CO",2023,80,3,286.206896551724,-0.0999999999999996,120,0
3003,2023-03-22,42.926,154.94,1.524,-7.61111111111111,0.222222222222221,-6.88888888888889,3.8,3.6,4.7,6.6,NA,335,"CO",2023,81,3,277.049180327869,-0.2,120,0
3004,2023-03-23,43.942,165.1,0.508,-11.7777777777778,-2.11111111111111,-10.1111111111111,4,3.5,4.4,6.5,NA,335,"CO",2023,82,3,266.153846153846,0.2,120,0
3005,2023-03-24,44.45,162.56,0.254,-13.1111111111111,-2.61111111111111,-11.3888888888889,4,3.4,4.4,6.5,NA,335,"CO",2023,83,3,273.4375,0,120,0
3006,2023-03-25,44.704,170.18,0.508,-18.1111111111111,-12.1111111111111,-18.2222222222222,4.1,3.9,4.7,6.6,NA,335,"CO",2023,84,3,262.686567164179,0.0999999999999996,120,0
3007,2023-03-26,45.212,167.64,0,-19.7222222222222,-9,-16.5,4.1,3.8,4.5,6.9,NA,335,"CO",2023,85,3,269.69696969697,0,120,0
3008,2023-03-27,45.212,162.56,0,-16.1111111111111,-10.8888888888889,-18.1111111111111,4.1,3.9,4.6,6.2,NA,335,"CO",2023,86,3,278.125,0,120,0
3009,2023-03-28,45.212,162.56,0,-23,1.11111111111111,-9.22222222222222,4.1,3.6,4.6,6.8,NA,335,"CO",2023,87,3,278.125,0,120,0
3010,2023-03-29,45.212,160.02,0,-8.88888888888889,7,-2.27777777777778,4.1,3.9,4.6,6.1,NA,335,"CO",2023,88,3,282.539682539683,0,120,0
3011,2023-03-30,45.212,157.48,0.508,-2.38888888888889,3.72222222222222,-4.88888888888889,4,4,4.7,6.1,NA,335,"CO",2023,89,3,287.096774193548,-0.0999999999999996,120,0
3012,2023-03-31,45.72,162.56,1.524,-12.7777777777778,-8.22222222222222,-12.1111111111111,3.8,3.7,4.4,6.2,NA,335,"CO",2023,90,3,281.25,-0.2,120,0
3013,2023-04-01,47.244,175.26,0.254,-11.3888888888889,1.77777777777778,-5.22222222222222,4,3.9,4.4,6.1,NA,335,"CO",2023,91,4,269.565217391304,0.2,120,0
3014,2023-04-02,47.244,167.64,0,-4.72222222222222,3.61111111111111,-2.11111111111111,4,4,4.6,5.7,NA,335,"CO",2023,92,4,281.818181818182,0,120,0
3015,2023-04-03,47.244,162.56,0,-3.61111111111111,5.11111111111111,-1.22222222222222,4,3.6,4.8,6.2,NA,335,"CO",2023,93,4,290.625,0,120,0
3016,2023-04-04,47.244,160.02,1.27,-5.5,-4.88888888888889,-12.3888888888889,4,4.1,4.8,5.7,NA,335,"CO",2023,94,4,295.238095238095,0,120,0
3017,2023-04-05,48.26,175.26,0.508,-17.7777777777778,-8.27777777777778,-16.3888888888889,4.2,3.7,4.5,6.6,NA,335,"CO",2023,95,4,275.36231884058,0.2,120,0
3018,2023-04-06,48.768,175.26,0,-20.2777777777778,-0.722222222222223,-11.6111111111111,4.2,4.2,4.8,6.2,NA,335,"CO",2023,96,4,278.260869565217,0,120,0
3019,2023-04-07,49.022,167.64,0.254,-8.27777777777778,7,-2.88888888888889,4.1,4.4,4.6,6.3,NA,335,"CO",2023,97,4,292.424242424242,-0.100000000000001,120,0
3020,2023-04-08,49.53,165.1,0,-4.5,3.77777777777778,-2.61111111111111,4.3,4,5,5.7,NA,335,"CO",2023,98,4,300,0.2,120,0
3021,2023-04-09,49.53,162.56,0,-7.11111111111111,6.61111111111111,-2.77777777777778,4.2,3.9,4.6,6.3,NA,335,"CO",2023,99,4,304.6875,-0.0999999999999996,120,0
3022,2023-04-10,50.038,160.02,0,-6.11111111111111,11.8888888888889,2.38888888888889,4.4,4.2,4.8,5.7,NA,335,"CO",2023,100,4,312.698412698413,0.2,120,0
3023,2023-04-11,49.53,154.94,0,0.499999999999999,13.6111111111111,5.77777777777778,5.1,3.9,4.6,6.1,NA,335,"CO",2023,101,4,319.672131147541,0.699999999999999,120,1
3024,2023-04-12,49.022,149.86,0,2.61111111111111,13.3888888888889,5.38888888888889,7.5,7.8,4.7,6.9,NA,335,"CO",2023,102,4,327.118644067797,2.4,120,0
3025,2023-04-13,48.514,144.78,0,1.22222222222222,9.72222222222222,2,19.2,18.6,4.7,6.1,NA,335,"CO",2023,103,4,335.087719298246,11.7,120,0
3026,2023-04-14,47.244,144.78,0.762,-4.5,0.277777777777778,-6.11111111111111,18.7,17.7,5.1,6.1,NA,335,"CO",2023,104,4,326.315789473684,-0.5,120,0
3027,2023-04-15,47.752,157.48,0.254,-12.3888888888889,-4.27777777777778,-10.8888888888889,18.2,17.9,5.6,6.4,NA,335,"CO",2023,105,4,303.225806451613,-0.5,120,0
3028,2023-04-16,48.006,154.94,0.254,-11.8888888888889,5.22222222222222,-3.61111111111111,17.8,17.8,5.9,6.9,NA,335,"CO",2023,106,4,309.83606557377,-0.399999999999999,120,0
3029,2023-04-17,48.514,147.32,0,-2.61111111111111,9,0.722222222222221,17.8,17.4,7.3,6,NA,335,"CO",2023,107,4,329.310344827586,0,120,0
3030,2023-04-18,48.514,144.78,0,-1.11111111111111,7.88888888888889,1.11111111111111,17.6,17.6,7.5,7,NA,335,"CO",2023,108,4,335.087719298246,-0.199999999999999,120,0
3031,2023-04-19,47.752,142.24,0.254,-6.38888888888889,1.5,-8.38888888888889,17.6,17.1,8.2,7.2,NA,335,"CO",2023,109,4,335.714285714286,0,120,0
3032,2023-04-20,47.752,149.86,0.762,-16.3888888888889,-9.27777777777778,-14.2222222222222,17.5,17,8.2,6.1,NA,335,"CO",2023,110,4,318.64406779661,-0.100000000000001,120,0
3033,2023-04-21,48.514,154.94,1.524,-15.2222222222222,-7.27777777777778,-11.7222222222222,17.4,16.8,8.4,6.2,NA,335,"CO",2023,111,4,313.114754098361,-0.100000000000001,120,0
3034,2023-04-22,49.53,170.18,0.508,-11.2777777777778,2.22222222222222,-9.38888888888889,17.4,17.1,8.6,6.5,NA,335,"CO",2023,112,4,291.044776119403,0,120,0
3035,2023-04-23,50.038,172.72,0.254,-14.3888888888889,4,-6,17.4,16.8,9.1,7.1,NA,335,"CO",2023,113,4,289.705882352941,0,120,0
3036,2023-04-24,49.276,157.48,0.762,-6.38888888888889,6.5,-2.88888888888889,17.3,16.7,9.1,6.2,NA,335,"CO",2023,114,4,312.903225806452,-0.0999999999999979,120,0
3037,2023-04-25,49.784,160.02,0.762,-5.61111111111111,5.22222222222222,-4.38888888888889,17.3,17.3,9,6.8,NA,335,"CO",2023,115,4,311.111111111111,0,120,0
3038,2023-04-26,51.054,167.64,0.254,-6.22222222222222,6.72222222222222,-2,17.1,16.7,9.1,6.4,NA,335,"CO",2023,116,4,304.545454545455,-0.199999999999999,120,0
3039,2023-04-27,51.562,157.48,1.27,-4.22222222222222,5.5,-3,17.3,16.7,9.5,7,NA,335,"CO",2023,117,4,327.41935483871,0.199999999999999,120,0
3040,2023-04-28,52.578,167.64,0.254,-8.5,1.11111111111111,-6,17.7,16.9,9.6,7,NA,335,"CO",2023,118,4,313.636363636364,0.399999999999999,120,0
3041,2023-04-29,52.578,160.02,0,-7.27777777777778,9.72222222222222,0.722222222222221,17.7,16.6,9.9,7.5,NA,335,"CO",2023,119,4,328.571428571428,0,120,0
3042,2023-04-30,53.34,154.94,0,0,10.6111111111111,2.72222222222222,18.6,16.9,9.7,7,NA,335,"CO",2023,120,4,344.262295081967,0.900000000000002,120,0
3043,2023-05-01,52.832,149.86,0,1.72222222222222,13.8888888888889,5.38888888888889,20.6,18.9,10,7,NA,335,"CO",2023,121,5,352.542372881356,2,120,0
3044,2023-05-02,51.816,144.78,0,0.388888888888891,12.2777777777778,3.5,22.7,23.9,10.7,6.9,NA,335,"CO",2023,122,5,357.894736842105,2.1,120,0
3045,2023-05-03,50.292,142.24,0,-1.5,12.7222222222222,4.22222222222222,23.4,24.9,12.6,6.3,NA,335,"CO",2023,123,5,353.571428571429,0.699999999999999,120,0
3046,2023-05-04,47.752,137.16,0.254,0.388888888888891,7.72222222222222,2,23.9,25.5,14.5,7.1,NA,335,"CO",2023,124,5,348.148148148148,0.5,120,0
3047,2023-05-05,47.498,137.16,0,-0.88888888888889,8.88888888888889,1.11111111111111,23.8,25.2,17.2,7.3,NA,335,"CO",2023,125,5,346.296296296296,-0.0999999999999979,120,0
3048,2023-05-06,47.244,137.16,0,-3.22222222222222,6.77777777777778,0,22.8,24.4,18.2,7.8,NA,335,"CO",2023,126,5,344.444444444445,-1,120,0
3049,2023-05-07,46.482,132.08,0,-3.22222222222222,6.22222222222222,-0.222222222222221,21.6,23.3,18.1,7.2,NA,335,"CO",2023,127,5,351.923076923077,-1.2,120,0
3050,2023-05-08,45.974,129.54,0,-1.27777777777778,9.88888888888889,2.77777777777778,21.4,22.4,17.9,7.7,NA,335,"CO",2023,128,5,354.901960784314,-0.200000000000003,120,0
3051,2023-05-09,44.958,127,0,2.22222222222222,13.2777777777778,5,22.3,23.6,18.2,7.9,NA,335,"CO",2023,129,5,354,0.900000000000002,120,0
3052,2023-05-10,42.926,121.92,2.032,0.388888888888891,7.77777777777778,0.999999999999998,24.2,26.2,20.8,8.8,NA,335,"CO",2023,130,5,352.083333333333,1.9,120,0
3053,2023-05-11,43.688,132.08,4.318,-2,2,-1.11111111111111,23.7,25.9,21.9,10.3,NA,335,"CO",2023,131,5,330.769230769231,-0.5,120,0
3054,2023-05-12,47.752,157.48,1.778,-2.11111111111111,2.61111111111111,-0.777777777777777,22.2,24,20.6,16.6,NA,335,"CO",2023,132,5,303.225806451613,-1.5,120,0
3055,2023-05-13,49.276,149.86,0.254,-2.27777777777778,6.38888888888889,-0.111111111111111,22.1,23.8,20.6,18,NA,335,"CO",2023,133,5,328.813559322034,-0.0999999999999979,120,0
3056,2023-05-14,49.022,144.78,0,-1.5,8,1.11111111111111,23.4,24.9,21.6,19,NA,335,"CO",2023,134,5,338.59649122807,1.3,120,0
3057,2023-05-15,47.752,137.16,0,-1.11111111111111,12.3888888888889,3.61111111111111,24.3,26.3,22.1,20.2,NA,335,"CO",2023,135,5,348.148148148148,0.900000000000002,120,0
3058,2023-05-16,46.99,129.54,0,1.11111111111111,12.2222222222222,3.5,24.5,26.7,22.4,20.8,NA,335,"CO",2023,136,5,362.745098039216,0.199999999999999,120,0
3059,2023-05-17,46.228,124.46,0,-1,12.3888888888889,5.38888888888889,24.4,26.9,22.6,21.5,NA,335,"CO",2023,137,5,371.428571428571,-0.100000000000001,120,0
3060,2023-05-18,44.45,119.38,1.016,0.777777777777777,10.8888888888889,3,24.7,27,22.9,21.4,NA,335,"CO",2023,138,5,372.340425531915,0.300000000000001,120,0
3061,2023-05-19,44.45,116.84,1.016,-0.88888888888889,4.61111111111111,0.222222222222221,24.6,26.9,22.9,21.8,NA,335,"CO",2023,139,5,380.434782608696,-0.0999999999999979,120,0
3062,2023-05-20,44.45,121.92,0,-0.88888888888889,13.1111111111111,2.27777777777778,24.4,26.4,22.9,21.6,NA,335,"CO",2023,140,5,364.583333333333,-0.200000000000003,120,0
3063,2023-05-21,43.434,114.3,0,-1.22222222222222,12.6111111111111,4.38888888888889,24.8,26.8,23.3,21.7,NA,335,"CO",2023,141,5,380,0.400000000000002,120,0
3064,2023-05-22,41.402,114.3,0,0.111111111111113,13.7222222222222,4.77777777777778,24.8,27.1,23.4,22.5,NA,335,"CO",2023,142,5,362.222222222222,0,120,0
3065,2023-05-23,38.862,106.68,0,-0.277777777777778,14.3888888888889,4.61111111111111,24.7,27.3,23.3,22.5,NA,335,"CO",2023,143,5,364.285714285714,-0.100000000000001,120,0
3066,2023-05-24,37.846,101.6,0.508,-0.388888888888889,11.2222222222222,3.22222222222222,24.8,27.1,23.6,22.7,NA,335,"CO",2023,144,5,372.5,0.100000000000001,120,0
3067,2023-05-25,37.338,99.06,0,1.38888888888889,14.8888888888889,5.88888888888889,24.9,27.2,23.5,22.7,NA,335,"CO",2023,145,5,376.923076923077,0.0999999999999979,120,0
3068,2023-05-26,34.544,96.52,0,3,14.2222222222222,5.61111111111111,25,27.3,24.3,23.1,NA,335,"CO",2023,146,5,357.894736842105,0.100000000000001,120,0
3069,2023-05-27,32.004,88.9,0.254,0.777777777777777,12.2222222222222,3.72222222222222,25.1,27.4,24.2,23.9,NA,335,"CO",2023,147,5,360,0.100000000000001,120,0
3070,2023-05-28,30.734,83.82,0,-0.722222222222223,12.2777777777778,4.72222222222222,24.7,27.1,24,23.6,NA,335,"CO",2023,148,5,366.666666666667,-0.400000000000002,120,0
3071,2023-05-29,28.702,76.2,0,1.5,14.1111111111111,7.11111111111111,24.8,27.1,24,22.9,NA,335,"CO",2023,149,5,376.666666666667,0.100000000000001,120,0
3072,2023-05-30,25.908,71.12,0,4,13.3888888888889,6.5,25,26.9,24.1,23.4,NA,335,"CO",2023,150,5,364.285714285714,0.199999999999999,120,0
3073,2023-05-31,24.638,66.04,0.254,2.5,14.6111111111111,4.72222222222222,24.8,27.1,23.7,23.2,NA,335,"CO",2023,151,5,373.076923076923,-0.199999999999999,120,0
3074,2023-06-01,23.114,60.96,0.508,1.5,10,2.61111111111111,24.8,26.9,24.2,23.7,NA,335,"CO",2023,152,6,379.166666666667,0,120,0
3075,2023-06-02,22.098,58.42,1.016,-0.611111111111112,7.72222222222222,0.722222222222221,24.8,27.2,24.1,23.5,NA,335,"CO",2023,153,6,378.260869565217,0,120,0
3076,2023-06-03,22.352,58.42,0.508,-0.777777777777777,8.61111111111111,1.77777777777778,24.4,26.3,23.3,22.8,NA,335,"CO",2023,154,6,382.608695652174,-0.400000000000002,120,0
3077,2023-06-04,21.59,55.88,0.254,0.111111111111113,7.38888888888889,2.27777777777778,25.1,27,24,23.2,NA,335,"CO",2023,155,6,386.363636363636,0.700000000000003,120,0
3078,2023-06-05,20.32,53.34,0,0.777777777777777,9.77777777777778,3.77777777777778,25.1,27.3,23.9,23.3,NA,335,"CO",2023,156,6,380.952380952381,0,120,0
3079,2023-06-06,18.542,48.26,0.254,2.11111111111111,14.2777777777778,5.72222222222222,25,27.3,23.9,23.5,NA,335,"CO",2023,157,6,384.210526315789,-0.100000000000001,120,0
3080,2023-06-07,16.256,43.18,0.508,2.61111111111111,13.7777777777778,3.77777777777778,25,27.1,24.3,24,NA,335,"CO",2023,158,6,376.470588235294,0,120,0
3081,2023-06-08,14.986,38.1,0.254,0.277777777777778,13.8888888888889,5,25,27.1,24.6,24,NA,335,"CO",2023,159,6,393.333333333333,0,120,0
3082,2023-06-09,11.684,30.48,0.254,2.5,13.3888888888889,6,25.4,27.3,24.4,23.8,NA,335,"CO",2023,160,6,383.333333333333,0.399999999999999,120,0
3083,2023-06-10,9.398,22.86,0,2.5,13.2222222222222,5,24.9,27,23.8,23.1,NA,335,"CO",2023,161,6,411.111111111111,-0.5,120,0
3084,2023-06-11,7.366,17.78,0,1.22222222222222,12.6111111111111,4.22222222222222,24.5,26.5,23.5,23.2,NA,335,"CO",2023,162,6,414.285714285714,-0.399999999999999,120,0
3085,2023-06-12,3.302,5.08,0.254,1.77777777777778,7,1.72222222222222,25.2,27,23.9,23.2,NA,335,"CO",2023,163,6,650,0.699999999999999,120,0
3086,2023-06-13,2.032,5.08,0.508,-1.27777777777778,3,0.611111111111112,24,26.2,23,22.7,NA,335,"CO",2023,164,6,400,-1.2,120,0
3087,2023-06-14,1.778,2.54,0,-0.222222222222221,12.2222222222222,3.72222222222222,23.8,24.7,22.9,21.8,NA,335,"CO",2023,165,6,700,-0.199999999999999,120,0
3088,2023-06-15,0.762,2.54,0.254,0.222222222222221,9.77777777777778,3.22222222222222,24.5,25.8,22.8,22.1,NA,335,"CO",2023,166,6,300,0.699999999999999,120,0
3089,2023-06-16,0.508,0,0.762,0.222222222222221,7.61111111111111,1.5,24.4,25.9,22.8,22.6,NA,335,"CO",2023,167,6,Inf,-0.100000000000001,120,0
3090,2023-06-17,0,0,0,-1,5.5,0.999999999999998,24,25.7,22.8,22.3,NA,335,"CO",2023,168,6,NA,-0.399999999999999,120,0
3091,2023-06-18,0,0,0,1.22222222222222,13.1111111111111,7.5,23.6,25.4,23.1,22.2,NA,335,"CO",2023,169,6,NA,-0.399999999999999,120,0
3092,2023-06-19,0,0,0,8.11111111111111,18.2777777777778,11.5,22.5,24.6,22.4,22.1,NA,335,"CO",2023,170,6,NA,-1.1,120,0
3093,2023-06-20,0,0,0,9.11111111111111,18,9.5,19.7,22.3,21.7,20.8,NA,335,"CO",2023,171,6,NA,-2.8,120,0
3094,2023-06-21,0,0,0,5.61111111111111,17.3888888888889,10.1111111111111,17.8,21,20,20.3,NA,335,"CO",2023,172,6,NA,-1.9,120,0
3095,2023-06-22,0,0,0,5,16.6111111111111,8.22222222222222,15.9,20.2,19,20.2,NA,335,"CO",2023,173,6,NA,-1.9,120,0
3096,2023-06-23,0,0,0,4.61111111111111,17.7222222222222,10,14.5,19.6,19.1,19.1,NA,335,"CO",2023,174,6,NA,-1.4,120,0
3097,2023-06-24,0,0,0,1.22222222222222,12.1111111111111,6.77777777777778,12.2,18.2,18.6,18.3,NA,335,"CO",2023,175,6,NA,-2.3,120,0
3098,2023-06-25,0,0,0,2.72222222222222,17.7222222222222,10.3888888888889,10.7,17.3,17.8,18.4,NA,335,"CO",2023,176,6,NA,-1.5,120,0
3099,2023-06-26,0,0,0,10.1111111111111,18.7222222222222,12.8888888888889,9.3,16.7,17.3,17.6,NA,335,"CO",2023,177,6,NA,-1.4,120,0
3100,2023-06-27,0,0,0,10.8888888888889,18.6111111111111,12.2777777777778,7.7,15.4,16,17.1,NA,335,"CO",2023,178,6,NA,-1.6,120,0
3101,2023-06-28,0,0,0,7.61111111111111,19.7777777777778,11.7222222222222,6.4,13.5,14.6,15.9,NA,335,"CO",2023,179,6,NA,-1.3,120,0
3102,2023-06-29,0,0,0,7.5,17.3888888888889,9,5.6,12.5,13.6,15.1,NA,335,"CO",2023,180,6,NA,-0.800000000000001,120,0
3103,2023-06-30,0,0,0.254,3.22222222222222,12.6111111111111,4.11111111111111,5.2,11.4,13.3,15.8,NA,335,"CO",2023,181,6,NA,-0.399999999999999,120,0
3104,2023-07-01,0,0,0,0.388888888888891,14.8888888888889,7,4.8,10.4,12.3,14.6,NA,335,"CO",2023,182,7,NA,-0.4,120,0
3105,2023-07-02,0,0,0,5.11111111111111,17.1111111111111,10.3888888888889,4.7,9.1,11.6,14.4,NA,335,"CO",2023,183,7,NA,-0.0999999999999996,120,0
3106,2023-07-03,0,0,0,6,19.3888888888889,11.2222222222222,4.5,8.7,10.9,13.8,NA,335,"CO",2023,184,7,NA,-0.2,120,0
3107,2023-07-04,0,0,0.254,5.38888888888889,17.7777777777778,9.77777777777778,4.3,7.2,10.2,13.2,NA,335,"CO",2023,185,7,NA,-0.2,120,0
3108,2023-07-05,0,0,0,4.5,16,8.61111111111111,4.2,5.2,9.1,13.2,NA,335,"CO",2023,186,7,NA,-0.0999999999999996,120,0
3109,2023-07-06,0,0,0,5.88888888888889,15.5,9,4,6,8.6,12,NA,335,"CO",2023,187,7,NA,-0.2,120,0
3110,2023-07-07,0,0,0,3.72222222222222,18.2222222222222,8.5,4.1,5.5,7.6,11.5,NA,335,"CO",2023,188,7,NA,0.0999999999999996,120,0
3111,2023-07-08,0,0,0,4.11111111111111,18.2222222222222,9.5,3.9,4,6.8,11.1,NA,335,"CO",2023,189,7,NA,-0.2,120,0
3112,2023-07-09,0,0,0,4.11111111111111,18.2777777777778,11.3888888888889,3.7,4.1,6.4,10.1,NA,335,"CO",2023,190,7,NA,-0.2,120,0
3113,2023-07-10,0,0,0,9.5,19.1111111111111,13.3888888888889,3.3,4.3,5.6,9.8,NA,335,"CO",2023,191,7,NA,-0.4,120,0
3114,2023-07-11,0,0,0,10.1111111111111,20.2222222222222,13.8888888888889,3.6,3.2,6.1,8.7,NA,335,"CO",2023,192,7,NA,0.3,120,0
3115,2023-07-12,0,0,0,11.3888888888889,19.7222222222222,13.1111111111111,3.2,2.8,4.8,8.5,NA,335,"CO",2023,193,7,NA,-0.4,120,0
3116,2023-07-13,0,0,0,9,19.5,13.2777777777778,3,3.6,4.8,8,NA,335,"CO",2023,194,7,NA,-0.2,120,0
3117,2023-07-14,0,0,0,11,17.7222222222222,11.8888888888889,3.1,3.2,4.1,7.4,NA,335,"CO",2023,195,7,NA,0.1,120,0
3118,2023-07-15,0,0,0,8.22222222222222,19.7222222222222,12.1111111111111,2.5,2.6,4.2,6.7,NA,335,"CO",2023,196,7,NA,-0.6,120,0
3119,2023-07-16,0,0,0,8.77777777777778,20,13.7222222222222,2.7,2.5,4.1,6.9,NA,335,"CO",2023,197,7,NA,0.2,120,0
3120,2023-07-17,0,0,0,11.8888888888889,22.8888888888889,15.5,2.4,2.7,3.6,6.7,NA,335,"CO",2023,198,7,NA,-0.3,120,0
3121,2023-07-18,0,0,0,11.8888888888889,22.1111111111111,13.8888888888889,2.2,2,3.4,6.7,NA,335,"CO",2023,199,7,NA,-0.2,120,0
3122,2023-07-19,0,0,0,8.77777777777778,19.5,11.7777777777778,2.1,2.9,2.9,5.4,NA,335,"CO",2023,200,7,NA,-0.1,120,0
3123,2023-07-20,0,0,1.27,8.77777777777778,19.1111111111111,10.2222222222222,2.3,1.8,3.5,5.7,NA,335,"CO",2023,201,7,NA,0.2,120,0
3124,2023-07-21,0,0,0,4.61111111111111,18.2222222222222,9.72222222222222,11.1,13.6,3.5,4.6,NA,335,"CO",2023,202,7,NA,8.8,120,0
3125,2023-07-22,0,0,0,5.61111111111111,19.6111111111111,12.2222222222222,8.8,9.6,3.3,5.2,NA,335,"CO",2023,203,7,NA,-2.3,120,0
3126,2023-07-23,0,0,0,10,21.8888888888889,14.2222222222222,5.9,6.6,3.6,3.9,NA,335,"CO",2023,204,7,NA,-2.9,120,0
3127,2023-07-24,0,0,0,10.2222222222222,24.8888888888889,15.3888888888889,4.5,4.9,3.2,5.1,NA,335,"CO",2023,205,7,NA,-1.4,120,0
3128,2023-07-25,0,0,0.254,13.7777777777778,21.3888888888889,14.1111111111111,3.9,3.8,3.4,4.4,NA,335,"CO",2023,206,7,NA,-0.6,120,0
3129,2023-07-26,0,0,0.254,9.22222222222222,20.5,13.3888888888889,3.6,2.8,3.3,5,NA,335,"CO",2023,207,7,NA,-0.3,120,0
3130,2023-07-27,0,0,0,9.77777777777778,20.3888888888889,13.2222222222222,3,2.1,3.5,4.1,NA,335,"CO",2023,208,7,NA,-0.6,120,0
3131,2023-07-28,0,0,0,10.5,22.7777777777778,13.7777777777778,2.8,2.9,2.8,4.5,NA,335,"CO",2023,209,7,NA,-0.2,120,0
3132,2023-07-29,0,0,0,10.7777777777778,21.3888888888889,14.2777777777778,3.1,2.3,3.2,4.6,NA,335,"CO",2023,210,7,NA,0.3,120,0
3133,2023-07-30,0,0,0.508,10.7222222222222,21.7222222222222,11.6111111111111,2.8,2.6,2.9,4.4,NA,335,"CO",2023,211,7,NA,-0.3,120,0
3134,2023-07-31,0,0,1.016,8,20.6111111111111,11,2.6,2.4,3.2,4.8,NA,335,"CO",2023,212,7,NA,-0.2,120,0
3135,2023-08-01,0,0,4.318,6.5,17.6111111111111,8.61111111111111,2.6,2.1,2.7,4,NA,335,"CO",2023,213,8,NA,0,120,0
3136,2023-08-02,0,0,1.016,7.38888888888889,14.7777777777778,8.72222222222222,18.6,24.9,19.3,16.4,NA,335,"CO",2023,214,8,NA,16,120,0
3288,2024-01-01,16.51,78.74,0,-9.77777777777778,-1.11111111111111,-7.5,3.2,3.7,3.8,4.1,NA,335,"CO",2024,1,1,209.677419354839,0,120,0
3289,2024-01-02,16.51,78.74,0,-10.5,-2.5,-7.88888888888889,3.2,3.5,3.8,4.2,NA,335,"CO",2024,2,1,209.677419354839,0,120,0
3290,2024-01-03,16.51,78.74,0,-13,-4.38888888888889,-10,3.2,3.4,3.7,4.2,NA,335,"CO",2024,3,1,209.677419354839,0,120,0
3291,2024-01-04,16.51,78.74,0.508,-10.2222222222222,-4.22222222222222,-10.1111111111111,3.1,3.3,3.7,4.2,NA,335,"CO",2024,4,1,209.677419354839,-0.1,120,0
3292,2024-01-05,17.018,83.82,0.508,-12.6111111111111,-6.77777777777778,-10.2222222222222,3.1,3.2,3.7,4.2,NA,335,"CO",2024,5,1,203.030303030303,0,120,0
3293,2024-01-06,17.526,88.9,0,-15.2222222222222,-12.2222222222222,-14,3.1,3.1,3.7,4.2,NA,335,"CO",2024,6,1,197.142857142857,0,120,0
3294,2024-01-07,17.526,88.9,0.508,-18,-12.7222222222222,-16.2222222222222,3,3,3.7,4.2,NA,335,"CO",2024,7,1,197.142857142857,-0.1,120,0
3295,2024-01-08,18.034,88.9,0,-16.7222222222222,-9.77777777777778,-14.3888888888889,3,2.9,3.7,4.2,NA,335,"CO",2024,8,1,202.857142857143,0,120,0
3296,2024-01-09,18.034,91.44,1.016,-21.3888888888889,-16.2777777777778,-18.2777777777778,2.9,2.8,3.6,4.2,NA,335,"CO",2024,9,1,197.222222222222,-0.1,120,0
3297,2024-01-10,19.304,96.52,1.016,-14.3888888888889,-10.6111111111111,-16.7777777777778,2.8,2.6,3.6,4.2,NA,335,"CO",2024,10,1,200,-0.1,120,0
3298,2024-01-11,19.812,99.06,0.254,-14.5,-14,-16.1111111111111,2.8,2.5,3.6,4.2,NA,335,"CO",2024,11,1,200,0,120,0
3299,2024-01-12,20.066,99.06,0.762,-21.1111111111111,-13.5,-18.5,2.7,2.4,3.5,4.2,NA,335,"CO",2024,12,1,202.564102564103,-0.0999999999999996,120,0
3300,2024-01-13,20.32,99.06,2.032,-14.6111111111111,-14.6111111111111,-18.2222222222222,2.7,2.3,3.5,4.2,NA,335,"CO",2024,13,1,205.128205128205,0,120,0
3301,2024-01-14,20.828,99.06,3.556,-10.7777777777778,-10.7777777777778,-15,2.6,2.2,3.4,4.2,NA,335,"CO",2024,14,1,210.25641025641,-0.1,120,0
3302,2024-01-15,24.13,137.16,1.778,-11.6111111111111,-9,-10.7222222222222,2.6,2.2,3.3,4.2,NA,335,"CO",2024,15,1,175.925925925926,0,120,0
3303,2024-01-16,25.908,142.24,0.508,-21.8888888888889,-11.6111111111111,-19.1111111111111,2.5,2.1,3.3,4.2,NA,335,"CO",2024,16,1,182.142857142857,-0.1,120,0
3304,2024-01-17,26.416,134.62,1.778,-10.1111111111111,-9.88888888888889,-16.7777777777778,2.5,2.1,3.2,4.2,NA,335,"CO",2024,17,1,196.22641509434,0,120,0
3305,2024-01-18,28.194,149.86,1.27,-10.2222222222222,-6.5,-9.72222222222222,2.5,2,3.1,4.2,NA,335,"CO",2024,18,1,188.135593220339,0,120,0
3306,2024-01-19,29.21,149.86,0.508,-11.5,-7.77777777777778,-9.27777777777778,2.5,2,3.1,4.2,NA,335,"CO",2024,19,1,194.915254237288,0,120,0
3307,2024-01-20,29.464,142.24,0,-7.22222222222222,-5.11111111111111,-8.27777777777778,2.5,2,3.1,4.2,NA,335,"CO",2024,20,1,207.142857142857,0,120,0
3308,2024-01-21,29.464,137.16,0.254,-6.61111111111111,-0.222222222222221,-5.27777777777778,2.5,2,3.1,4.2,NA,335,"CO",2024,21,1,214.814814814815,0,120,0
3309,2024-01-22,29.718,134.62,0.508,-7,-3.72222222222222,-6.27777777777778,2.6,2,3,4.2,NA,335,"CO",2024,22,1,220.754716981132,0.1,120,0
3310,2024-01-23,30.226,142.24,0,-8.22222222222222,-4,-7,2.6,2.1,3,4.2,NA,335,"CO",2024,23,1,212.5,0,120,0
3311,2024-01-24,30.226,137.16,0.254,-9.22222222222222,-3.5,-7.61111111111111,2.6,2.1,3.1,4.2,NA,335,"CO",2024,24,1,220.37037037037,0,120,0
3312,2024-01-25,30.48,137.16,0.254,-10,-5.27777777777778,-8.38888888888889,2.7,2.1,3.1,4.2,NA,335,"CO",2024,25,1,222.222222222222,0.1,120,0
3313,2024-01-26,30.734,137.16,0,-10,-6.11111111111111,-9,2.8,2.2,3.1,4.2,NA,335,"CO",2024,26,1,224.074074074074,0.0999999999999996,120,0
3314,2024-01-27,30.734,132.08,0,-11.7777777777778,-8.5,-10.7222222222222,2.8,2.2,3.1,4.3,NA,335,"CO",2024,27,1,232.692307692308,0,120,0
3315,2024-01-28,30.734,132.08,0.254,-11.7777777777778,-7,-11.2777777777778,2.9,2.3,3.2,4.3,NA,335,"CO",2024,28,1,232.692307692308,0.1,120,0
3316,2024-01-29,30.988,132.08,0,-7.72222222222222,-1.88888888888889,-7.5,2.9,2.3,3.2,4.3,NA,335,"CO",2024,29,1,234.615384615385,0,120,0
3317,2024-01-30,30.988,127,0,-8,-1.38888888888889,-5.77777777777778,2.9,2.3,3.2,4.3,NA,335,"CO",2024,30,1,244,0,120,0
3318,2024-01-31,30.988,124.46,0,-7.61111111111111,2.5,-5.11111111111111,3,2.4,3.2,4.3,NA,335,"CO",2024,31,1,248.979591836735,0.1,120,0
3319,2024-02-01,30.988,124.46,0,-6.88888888888889,1.72222222222222,-4.5,3,2.4,3.3,4.3,NA,335,"CO",2024,32,2,248.979591836735,0,120,0
3320,2024-02-02,30.988,121.92,0.508,-4.61111111111111,-0.277777777777778,-5.38888888888889,3.1,2.5,3.3,4.3,NA,335,"CO",2024,33,2,254.166666666667,0.1,120,0
3321,2024-02-03,31.496,124.46,2.54,-6.38888888888889,-0.111111111111111,-4.72222222222222,3.1,2.5,3.3,4.3,NA,335,"CO",2024,34,2,253.061224489796,0,120,0
3322,2024-02-04,34.036,154.94,0,-11.3888888888889,-6.5,-9.11111111111111,3.2,2.6,3.3,4.3,NA,335,"CO",2024,35,2,219.672131147541,0.1,120,0
3323,2024-02-05,34.036,152.4,0.254,-12.3888888888889,-6.77777777777778,-11.3888888888889,3.2,2.7,3.4,4.3,NA,335,"CO",2024,36,2,223.333333333333,0,120,0
3324,2024-02-06,34.29,144.78,0,-1.11111111111111,-0.111111111111111,-5.5,3.2,2.7,3.4,4.3,NA,335,"CO",2024,37,2,236.842105263158,0,120,0
3325,2024-02-07,34.29,139.7,0.254,-3.38888888888889,3.22222222222222,-0.722222222222223,3.3,2.8,3.4,4.3,NA,335,"CO",2024,38,2,245.454545454545,0.0999999999999996,120,0
3326,2024-02-08,34.544,142.24,0.762,-11,-3,-7,3.3,2.8,3.4,4.3,NA,335,"CO",2024,39,2,242.857142857143,0,120,0
3327,2024-02-09,35.052,149.86,0.254,-15.2777777777778,-7,-11.7222222222222,3.4,2.9,3.4,4.3,NA,335,"CO",2024,40,2,233.898305084746,0.1,120,0
3328,2024-02-10,35.56,149.86,0.254,-14.6111111111111,-8.38888888888889,-12.7777777777778,3.4,3,3.4,4.3,NA,335,"CO",2024,41,2,237.28813559322,0,120,0
3329,2024-02-11,35.814,152.4,0,-15.5,-10.6111111111111,-14,3.4,3,3.5,4.3,NA,335,"CO",2024,42,2,235,0,120,0
3330,2024-02-12,35.814,147.32,0.254,-14.7777777777778,-10.2777777777778,-15.5,3.5,3.1,3.5,4.4,NA,335,"CO",2024,43,2,243.103448275862,0.1,120,0
3331,2024-02-13,36.068,144.78,0,-11.7222222222222,-5.72222222222222,-10.8888888888889,3.5,3.1,3.5,4.4,NA,335,"CO",2024,44,2,249.122807017544,0,120,0
3332,2024-02-14,36.068,142.24,0.508,-10.2222222222222,-4.11111111111111,-9.77777777777778,3.5,3.2,3.5,4.4,NA,335,"CO",2024,45,2,253.571428571429,0,120,0
3333,2024-02-15,36.576,144.78,0.762,-12.6111111111111,-6.77777777777778,-9.11111111111111,3.5,3.2,3.5,4.4,NA,335,"CO",2024,46,2,252.631578947368,0,120,0
3334,2024-02-16,37.084,149.86,0.762,-11.2222222222222,-3,-8,3.5,3.2,3.5,4.4,NA,335,"CO",2024,47,2,247.457627118644,0,120,0
3335,2024-02-17,38.1,160.02,0,-14.2222222222222,-7.27777777777778,-10.7777777777778,3.5,3.2,3.5,4.4,NA,335,"CO",2024,48,2,238.095238095238,0,120,0
3336,2024-02-18,38.1,152.4,0.762,-16.7777777777778,-8.72222222222222,-14.3888888888889,3.5,3.2,3.5,4.4,NA,335,"CO",2024,49,2,250,0,120,0
3337,2024-02-19,38.862,160.02,0.254,-10.6111111111111,-5.5,-10.1111111111111,3.5,3.2,3.5,4.4,NA,335,"CO",2024,50,2,242.857142857143,0,120,0
3338,2024-02-20,39.116,152.4,0,-3.72222222222222,-0.722222222222223,-6.11111111111111,3.5,3.1,3.5,4.4,NA,335,"CO",2024,51,2,256.666666666667,0,120,0
3339,2024-02-21,39.116,152.4,0,-4.5,0.388888888888891,-3.22222222222222,3.4,3.1,3.5,4.4,NA,335,"CO",2024,52,2,256.666666666667,-0.1,120,0
3340,2024-02-22,39.116,147.32,0.762,-10.3888888888889,-0.222222222222221,-5.11111111111111,3.5,3.1,3.5,4.4,NA,335,"CO",2024,53,2,265.51724137931,0.1,120,0
3341,2024-02-23,39.878,157.48,0,-11.8888888888889,-5,-9.61111111111111,3.5,3.1,3.5,4.4,NA,335,"CO",2024,54,2,253.225806451613,0,120,0
3342,2024-02-24,39.878,154.94,0,-14,-7,-11.6111111111111,3.5,3.1,3.5,4.4,NA,335,"CO",2024,55,2,257.377049180328,0,120,0
3343,2024-02-25,39.878,149.86,0.254,-6,-0.88888888888889,-7.77777777777778,3.5,3.2,3.5,4.5,NA,335,"CO",2024,56,2,266.101694915254,0,120,0
3344,2024-02-26,40.132,147.32,0.254,-3.88888888888889,-0.499999999999999,-5.27777777777778,3.5,3.2,3.5,4.5,NA,335,"CO",2024,57,2,272.413793103448,0,120,0
3345,2024-02-27,40.386,149.86,1.524,-6.38888888888889,-2,-4.27777777777778,3.5,3.2,3.5,4.5,NA,335,"CO",2024,58,2,269.491525423729,0,120,0
3346,2024-02-28,41.656,165.1,0.254,-21,-6.22222222222222,-14.3888888888889,3.6,3.2,3.5,4.5,NA,335,"CO",2024,59,2,252.307692307692,0.1,120,0
3347,2024-02-29,42.164,157.48,0.254,-8.88888888888889,-4.27777777777778,-12.7777777777778,3.6,3.2,3.6,4.5,NA,335,"CO",2024,60,2,267.741935483871,0,120,0
3348,2024-03-01,42.164,154.94,0,-8.22222222222222,-0.277777777777778,-6.61111111111111,3.6,3.2,3.6,4.5,NA,335,"CO",2024,61,3,272.131147540984,0,120,0
3349,2024-03-02,42.164,152.4,1.016,-3.61111111111111,0.388888888888891,-5.11111111111111,3.6,3.2,3.6,4.5,NA,335,"CO",2024,62,3,276.666666666667,0,120,0
3350,2024-03-03,43.18,165.1,1.016,-11.1111111111111,2,-3.11111111111111,3.6,3.2,3.6,4.5,NA,335,"CO",2024,63,3,261.538461538462,0,120,0
3351,2024-03-04,44.196,172.72,0.508,-14.3888888888889,-8.5,-12,3.6,3.2,3.6,4.5,NA,335,"CO",2024,64,3,255.882352941176,0,120,0
3352,2024-03-05,44.196,167.64,0.508,-11.2222222222222,-5.61111111111111,-10.3888888888889,3.6,3.2,3.6,4.5,NA,335,"CO",2024,65,3,263.636363636364,0,120,0
3353,2024-03-06,44.704,170.18,0,-8.22222222222222,-4.88888888888889,-8.38888888888889,3.6,3.2,3.6,4.5,NA,335,"CO",2024,66,3,262.686567164179,0,120,0
3354,2024-03-07,44.704,162.56,0.508,-9.77777777777778,-1.11111111111111,-7,3.6,3.2,3.6,4.5,NA,335,"CO",2024,67,3,275,0,120,0
3355,2024-03-08,45.212,167.64,0.762,-9.72222222222222,-4.72222222222222,-8.5,3.6,3.3,3.6,4.5,NA,335,"CO",2024,68,3,269.69696969697,0,120,0
3356,2024-03-09,45.974,182.88,0,-15.7222222222222,-7.61111111111111,-10.6111111111111,3.6,3.3,3.6,4.5,NA,335,"CO",2024,69,3,251.388888888889,0,120,0
3357,2024-03-10,46.228,172.72,0,-13,-2.77777777777778,-10.8888888888889,3.7,3.3,3.6,4.6,NA,335,"CO",2024,70,3,267.647058823529,0.1,120,0
3358,2024-03-11,46.228,165.1,0.254,-8,0.999999999999998,-6.38888888888889,3.7,3.3,3.6,4.6,NA,335,"CO",2024,71,3,280,0,120,0
3359,2024-03-12,46.228,160.02,0.508,-7.61111111111111,2.88888888888889,-3.72222222222222,3.7,3.3,3.6,4.6,NA,335,"CO",2024,72,3,288.888888888889,0,120,0
3360,2024-03-13,46.99,165.1,3.556,-6.61111111111111,0.722222222222221,-5.27777777777778,3.7,3.3,3.6,4.6,NA,335,"CO",2024,73,3,284.615384615385,0,120,0
3361,2024-03-14,50.292,195.58,1.524,-10,-2.27777777777778,-7.27777777777778,3.7,3.3,3.6,4.6,NA,335,"CO",2024,74,3,257.142857142857,0,120,0
3362,2024-03-15,52.578,205.74,0,-11.2222222222222,-7.72222222222222,-10,3.7,3.3,3.6,4.6,NA,335,"CO",2024,75,3,255.555555555556,0,120,0
3363,2024-03-16,52.578,193.04,0,-6.77777777777778,0.722222222222221,-6.5,3.8,3.3,3.6,4.6,NA,335,"CO",2024,76,3,272.368421052632,0.0999999999999996,120,0
3364,2024-03-17,52.578,187.96,0,-9.5,-1.72222222222222,-7.38888888888889,3.8,3.4,3.6,4.6,NA,335,"CO",2024,77,3,279.72972972973,0,120,0
3365,2024-03-18,52.578,185.42,0,-9.22222222222222,-3.22222222222222,-7.61111111111111,3.8,3.4,3.6,4.6,NA,335,"CO",2024,78,3,283.561643835616,0,120,0
3366,2024-03-19,52.578,180.34,0,-7.38888888888889,2.72222222222222,-5.22222222222222,3.9,3.4,3.6,4.6,NA,335,"CO",2024,79,3,291.549295774648,0.1,120,0
3367,2024-03-20,52.578,177.8,0,-6.77777777777778,3.11111111111111,-3.77777777777778,4,3.5,3.6,4.6,NA,335,"CO",2024,80,3,295.714285714286,0.1,120,0
3368,2024-03-21,52.578,177.8,0.508,-7.72222222222222,2.5,-4,4.3,3.6,3.7,4.6,NA,335,"CO",2024,81,3,295.714285714286,0.3,120,0
3369,2024-03-22,52.578,177.8,0,-6.11111111111111,2.61111111111111,-3.61111111111111,4.3,3.6,3.7,4.7,NA,335,"CO",2024,82,3,295.714285714286,0,120,0
3370,2024-03-23,52.578,177.8,0,-2.77777777777778,1.88888888888889,-3.72222222222222,4.4,3.7,3.7,4.6,NA,335,"CO",2024,83,3,295.714285714286,0.100000000000001,120,0
3371,2024-03-24,52.578,177.8,1.016,-5.72222222222222,3.11111111111111,-2.27777777777778,4.4,3.7,3.7,4.6,NA,335,"CO",2024,84,3,295.714285714286,0,120,0
3372,2024-03-25,52.832,182.88,0.254,-11.3888888888889,-1.11111111111111,-7,4.4,3.8,3.7,4.7,NA,335,"CO",2024,85,3,288.888888888889,0,120,0
3373,2024-03-26,53.086,187.96,0.254,-16,-9.61111111111111,-12.3888888888889,4.5,3.8,3.7,4.7,NA,335,"CO",2024,86,3,282.432432432432,0.0999999999999996,120,0
3374,2024-03-27,53.34,185.42,0,-14.7777777777778,-8,-12.7777777777778,4.6,3.8,3.7,4.7,NA,335,"CO",2024,87,3,287.671232876712,0.0999999999999996,120,0
3375,2024-03-28,53.594,182.88,0.254,-12.5,-6,-10.8888888888889,4.6,3.9,3.7,4.7,NA,335,"CO",2024,88,3,293.055555555556,0,120,0
3376,2024-03-29,53.594,180.34,1.524,-4.5,0.722222222222221,-5.38888888888889,4.6,3.9,3.7,4.7,NA,335,"CO",2024,89,3,297.183098591549,0,120,0
3377,2024-03-30,54.864,193.04,0,-5,0.111111111111113,-4.72222222222222,4.7,3.9,3.7,4.7,NA,335,"CO",2024,90,3,284.21052631579,0.100000000000001,120,0
3378,2024-03-31,54.864,182.88,0.508,-5.11111111111111,3.22222222222222,-2,4.7,4,3.8,4.7,NA,335,"CO",2024,91,3,300,0,120,0
3379,2024-04-01,55.118,185.42,0.254,-8.22222222222222,2.11111111111111,-3.88888888888889,4.7,4,3.8,4.7,NA,335,"CO",2024,92,4,297.260273972603,0,120,0
3380,2024-04-02,55.372,190.5,0,-10.1111111111111,-2.38888888888889,-7.77777777777778,4.8,4,3.8,4.7,NA,335,"CO",2024,93,4,290.666666666667,0.0999999999999996,120,0
3381,2024-04-03,55.372,182.88,0,-4.88888888888889,-1.27777777777778,-6.38888888888889,4.8,4.1,3.8,4.7,NA,335,"CO",2024,94,4,302.777777777778,0,120,0
3382,2024-04-04,55.372,180.34,0.254,-4.27777777777778,4.22222222222222,-2.38888888888889,4.8,4.1,3.8,4.7,NA,335,"CO",2024,95,4,307.042253521127,0,120,0
3383,2024-04-05,54.864,175.26,0,0.999999999999998,9.61111111111111,1.5,4.9,4.1,3.8,4.7,NA,335,"CO",2024,96,4,313.04347826087,0.100000000000001,120,0
3384,2024-04-06,54.356,172.72,1.524,-3.22222222222222,5.72222222222222,1.38888888888889,5,4.1,3.8,4.8,NA,335,"CO",2024,97,4,314.705882352941,0.0999999999999996,120,0
3385,2024-04-07,55.88,190.5,0.254,-14.2222222222222,-1.77777777777778,-10.7777777777778,5.1,4.2,3.8,4.7,NA,335,"CO",2024,98,4,293.333333333333,0.0999999999999996,120,0
3386,2024-04-08,55.88,185.42,0.254,-11.3888888888889,-7.11111111111111,-11.2777777777778,5.2,4.2,3.8,4.8,NA,335,"CO",2024,99,4,301.369863013699,0.100000000000001,120,0
3387,2024-04-09,55.88,182.88,0,-11.1111111111111,-2.88888888888889,-9.38888888888889,5.4,4.2,3.8,4.8,NA,335,"CO",2024,100,4,305.555555555556,0.2,120,0
3388,2024-04-10,55.88,182.88,0.254,-7.88888888888889,-0.111111111111111,-6.61111111111111,5.5,4.3,3.8,4.8,NA,335,"CO",2024,101,4,305.555555555556,0.0999999999999996,120,0
3389,2024-04-11,55.88,182.88,0,-6.88888888888889,-2.27777777777778,-5.88888888888889,5.6,4.3,3.9,4.8,NA,335,"CO",2024,102,4,305.555555555556,0.0999999999999996,120,0
3390,2024-04-12,55.88,175.26,0,-4.38888888888889,2.88888888888889,-3.11111111111111,5.7,4.3,3.9,4.8,NA,335,"CO",2024,103,4,318.840579710145,0.100000000000001,120,0
3391,2024-04-13,55.88,175.26,0,1.61111111111111,8.27777777777778,1.77777777777778,5.8,4.4,3.9,4.8,NA,335,"CO",2024,104,4,318.840579710145,0.0999999999999996,120,0
3392,2024-04-14,55.88,170.18,0,-1.22222222222222,8.5,2.5,8.4,4.4,3.9,4.8,NA,335,"CO",2024,105,4,328.358208955224,2.6,120,1
3393,2024-04-15,55.118,165.1,0.762,1.38888888888889,9.77777777777778,4.11111111111111,17.6,11.2,3.9,4.8,NA,335,"CO",2024,106,4,333.846153846154,9.2,120,0
3394,2024-04-16,55.372,167.64,1.778,-6.77777777777778,5.38888888888889,-1.61111111111111,18.4,15.8,4,4.9,NA,335,"CO",2024,107,4,330.30303030303,0.799999999999997,120,0
3395,2024-04-17,57.15,182.88,0,-2.22222222222222,-1.61111111111111,-3.72222222222222,18.1,16.5,4,4.9,NA,335,"CO",2024,108,4,312.5,-0.299999999999997,120,0
3396,2024-04-18,56.896,172.72,0.254,-3.27777777777778,5.11111111111111,0.388888888888891,19.3,21.2,4,4.9,NA,335,"CO",2024,109,4,329.411764705882,1.2,120,0
3397,2024-04-19,56.896,172.72,2.286,-2.22222222222222,2.88888888888889,-0.388888888888889,18.8,20,4.2,4.9,NA,335,"CO",2024,110,4,329.411764705882,-0.5,120,0
3398,2024-04-20,58.928,190.5,1.016,-5,3.61111111111111,-2.77777777777778,18.6,19.5,5.2,4.9,NA,335,"CO",2024,111,4,309.333333333333,-0.199999999999999,120,0
3399,2024-04-21,59.944,190.5,0,-7.27777777777778,0.611111111111112,-3.27777777777778,18.6,19.2,6.3,4.9,NA,335,"CO",2024,112,4,314.666666666667,0,120,0
3400,2024-04-22,59.69,180.34,0,0.722222222222221,4.5,-1,19.5,19.5,7.1,4.9,NA,335,"CO",2024,113,4,330.985915492958,0.899999999999999,120,0
3401,2024-04-23,58.928,175.26,0.254,-1.27777777777778,7.61111111111111,3.22222222222222,21.2,21.1,7.8,4.9,NA,335,"CO",2024,114,4,336.231884057971,1.7,120,0
3402,2024-04-24,58.928,172.72,0,-0.111111111111111,7.27777777777778,1.11111111111111,21.3,21.6,8.7,5,NA,335,"CO",2024,115,4,341.176470588235,0.100000000000001,120,0
3403,2024-04-25,58.166,170.18,0.762,4.11111111111111,9.77777777777778,4.61111111111111,22.6,23.6,9.9,5,NA,335,"CO",2024,116,4,341.791044776119,1.3,120,0
3404,2024-04-26,58.42,172.72,1.016,-3.77777777777778,8.22222222222222,0.999999999999998,22.2,23.4,11.8,5,NA,335,"CO",2024,117,4,338.235294117647,-0.400000000000002,120,0
3405,2024-04-27,59.436,177.8,1.016,-3.88888888888889,2,-2.22222222222222,21.6,23,13.1,5.1,NA,335,"CO",2024,118,4,334.285714285714,-0.599999999999998,120,0
3406,2024-04-28,60.452,182.88,0.762,-6.5,-2.72222222222222,-5.11111111111111,21.2,22.7,13.8,5.2,NA,335,"CO",2024,119,4,330.555555555556,-0.400000000000002,120,0
3407,2024-04-29,60.96,185.42,0,-4.77777777777778,-1.22222222222222,-4.61111111111111,20.9,22.4,14.2,5.3,NA,335,"CO",2024,120,4,328.767123287671,-0.300000000000001,120,0
3408,2024-04-30,60.706,177.8,0.508,-0.499999999999999,2.22222222222222,-1.77777777777778,20.7,22.1,14.5,5.4,NA,335,"CO",2024,121,4,341.428571428571,-0.199999999999999,120,0
3409,2024-05-01,60.452,175.26,0.254,-0.722222222222223,5,0.111111111111113,20.7,22,14.7,5.6,NA,335,"CO",2024,122,5,344.927536231884,0,120,0
3410,2024-05-02,60.706,177.8,0,-6.61111111111111,5.22222222222222,-1.22222222222222,21.1,22.2,14.8,5.8,NA,335,"CO",2024,123,5,341.428571428571,0.400000000000002,120,0
3411,2024-05-03,60.452,170.18,0,-1.72222222222222,1.5,-3.27777777777778,21,22.4,15,6,NA,335,"CO",2024,124,5,355.223880597015,-0.100000000000001,120,0
3412,2024-05-04,60.198,170.18,0.254,-8.22222222222222,6.22222222222222,-0.611111111111112,21.1,22.4,15.2,6.1,NA,335,"CO",2024,125,5,353.731343283582,0.100000000000001,120,0
3413,2024-05-05,59.69,165.1,0,0.611111111111112,7.88888888888889,0.388888888888891,21.8,22.8,15.4,6.3,NA,335,"CO",2024,126,5,361.538461538462,0.699999999999999,120,0
3414,2024-05-06,58.674,162.56,0.762,1.38888888888889,8.61111111111111,3.77777777777778,22.5,23.5,15.8,6.5,NA,335,"CO",2024,127,5,360.9375,0.699999999999999,120,0
3415,2024-05-07,58.674,162.56,1.778,-8.77777777777778,1.61111111111111,-7.11111111111111,22,23.4,16.2,6.8,NA,335,"CO",2024,128,5,360.9375,-0.5,120,0
3416,2024-05-08,59.69,177.8,0.508,-11.6111111111111,-6.72222222222222,-8.38888888888889,21.6,23.1,16.4,7,NA,335,"CO",2024,129,5,335.714285714286,-0.399999999999999,120,0
3417,2024-05-09,60.198,177.8,0.508,-10,-5.38888888888889,-9.88888888888889,21.2,22.8,16.4,7.3,NA,335,"CO",2024,130,5,338.571428571429,-0.400000000000002,120,0
3418,2024-05-10,60.198,172.72,0,-5.77777777777778,-2.38888888888889,-6,21,22.5,16.4,7.6,NA,335,"CO",2024,131,5,348.529411764706,-0.199999999999999,120,0
3419,2024-05-11,60.198,167.64,0.254,-5.5,-1.22222222222222,-4.27777777777778,20.9,22.3,16.4,8,NA,335,"CO",2024,132,5,359.090909090909,-0.100000000000001,120,0
3420,2024-05-12,59.944,167.64,0.508,-2.27777777777778,6,-0.388888888888889,21,22.2,16.5,8.3,NA,335,"CO",2024,133,5,357.575757575758,0.100000000000001,120,0
3421,2024-05-13,59.944,165.1,0,-2.22222222222222,5.11111111111111,-0.111111111111111,21.4,22.4,16.5,8.6,NA,335,"CO",2024,134,5,363.076923076923,0.399999999999999,120,0
3422,2024-05-14,59.944,162.56,0,0.277777777777778,0.277777777777778,0.277777777777778,22.5,23.1,16.7,8.9,NA,335,"CO",2024,135,5,368.75,1.1,120,0
3423,2024-05-15,59.436,157.48,0,0.277777777777778,7.72222222222222,2.22222222222222,23.5,24.5,17.2,9.3,NA,335,"CO",2024,136,5,377.41935483871,1,120,0
3424,2024-05-16,58.166,157.48,0,-1.61111111111111,7.22222222222222,0.88888888888889,23.4,24.6,18,9.8,NA,335,"CO",2024,137,5,369.354838709677,-0.100000000000001,120,0
3425,2024-05-17,56.642,149.86,0,1.5,9,3.11111111111111,23.9,25.4,19.5,10.8,NA,335,"CO",2024,138,5,377.966101694915,0.5,120,0
3426,2024-05-18,54.102,147.32,0,1.72222222222222,9.88888888888889,5.11111111111111,24.1,26.1,20.4,23.8,NA,335,"CO",2024,139,5,367.241379310345,0.200000000000003,120,0
3427,2024-05-19,52.07,142.24,0,3.38888888888889,10.2222222222222,4.88888888888889,24.3,26.4,21,23.5,NA,335,"CO",2024,140,5,366.071428571429,0.199999999999999,120,0
3428,2024-05-20,50.292,137.16,0.254,2.27777777777778,8.38888888888889,4.27777777777778,24.3,26.4,21.3,23.4,NA,335,"CO",2024,141,5,366.666666666667,0,120,0
3429,2024-05-21,48.514,132.08,0.762,-1.22222222222222,10.3888888888889,4.5,24.4,26.5,21.6,23.7,NA,335,"CO",2024,142,5,367.307692307692,0.0999999999999979,120,0
3430,2024-05-22,48.768,137.16,0,-8.77777777777778,0.499999999999999,-4.27777777777778,23,24.7,20.8,21.5,NA,335,"CO",2024,143,5,355.555555555556,-1.4,120,0
3431,2024-05-23,49.276,132.08,0,2.61111111111111,5.11111111111111,-0.111111111111111,22.5,23.9,20.3,20.9,NA,335,"CO",2024,144,5,373.076923076923,-0.5,120,0
3432,2024-05-24,47.752,129.54,0.254,-8.77777777777778,8.5,1.61111111111111,23.3,24.7,20.8,21.2,NA,335,"CO",2024,145,5,368.627450980392,0.800000000000001,120,0
3433,2024-05-25,47.498,127,0.508,1.61111111111111,4.72222222222222,-0.88888888888889,22.9,24.3,20.6,21.2,NA,335,"CO",2024,146,5,374,-0.400000000000002,120,0
3434,2024-05-26,45.72,127,0.254,-2.88888888888889,7.72222222222222,2.22222222222222,23.1,24.3,20.7,21.1,NA,335,"CO",2024,147,5,360,0.200000000000003,120,0
3435,2024-05-27,45.466,121.92,0,0.777777777777777,3.27777777777778,-0.277777777777778,22.6,23.9,20.5,21,NA,335,"CO",2024,148,5,372.916666666667,-0.5,120,0
3436,2024-05-28,43.434,116.84,0.254,2.27777777777778,10.1111111111111,3.88888888888889,23.7,25.3,21.6,22.7,NA,335,"CO",2024,149,5,371.739130434783,1.1,120,0
3437,2024-05-29,41.656,111.76,0,3.38888888888889,11.7777777777778,6.11111111111111,24,25.9,22,23.6,NA,335,"CO",2024,150,5,372.727272727273,0.300000000000001,120,0
3438,2024-05-30,39.878,106.68,0,2.11111111111111,12,6.77777777777778,24,26,22.2,23.8,NA,335,"CO",2024,151,5,373.809523809524,0,120,0
3439,2024-05-31,36.322,101.6,0,2.27777777777778,12.2777777777778,5.5,24.1,26,22.3,23.7,NA,335,"CO",2024,152,5,357.5,0.100000000000001,120,0
3440,2024-06-01,33.782,93.98,0,0.999999999999998,10.1111111111111,5,24.1,25.9,22.3,23.6,NA,335,"CO",2024,153,6,359.459459459459,0,120,0
3441,2024-06-02,30.48,83.82,0,2.38888888888889,11.6111111111111,6.72222222222222,24.3,26.1,22.5,23.8,NA,335,"CO",2024,154,6,363.636363636364,0.199999999999999,120,0
3442,2024-06-03,27.94,76.2,0,4.77777777777778,12.8888888888889,7.88888888888889,24.3,26.2,22.6,24,NA,335,"CO",2024,155,6,366.666666666667,0,120,0
3443,2024-06-04,25.654,68.58,0,2,11.7222222222222,7.38888888888889,24.6,26.4,22.8,24.3,NA,335,"CO",2024,156,6,374.074074074074,0.300000000000001,120,0
3444,2024-06-05,22.86,60.96,0,1.11111111111111,9.77777777777778,4.38888888888889,24.6,26.4,22.8,24.1,NA,335,"CO",2024,157,6,375,0,120,0
3445,2024-06-06,18.542,48.26,0,6.61111111111111,13.7777777777778,7.72222222222222,24.8,26.6,23,24.2,NA,335,"CO",2024,158,6,384.210526315789,0.199999999999999,120,0
3446,2024-06-07,14.224,35.56,0,8,17.5,11,25.3,26.8,23.1,24.4,NA,335,"CO",2024,159,6,400,0.5,120,0
3447,2024-06-08,9.652,22.86,0.254,4.88888888888889,15.3888888888889,10.7777777777778,25.8,27.1,23.3,24.5,NA,335,"CO",2024,160,6,422.222222222222,0.5,120,0
3448,2024-06-09,6.096,15.24,0,5.61111111111111,15.7222222222222,8.77777777777778,25.8,27,23.2,24.2,NA,335,"CO",2024,161,6,400,0,120,0
3449,2024-06-10,2.286,5.08,0,5.5,15.7777777777778,8.88888888888889,26.7,27.5,23.5,24.6,NA,335,"CO",2024,162,6,450,0.899999999999999,120,0
3450,2024-06-11,1.016,2.54,0,5.27777777777778,15.1111111111111,8.61111111111111,26.7,27.3,23.3,24.1,NA,335,"CO",2024,163,6,400,0,120,0
3451,2024-06-12,0,0,0,9.77777777777778,15.7777777777778,10.1111111111111,26.6,27,23.1,23.6,NA,335,"CO",2024,164,6,NA,-0.0999999999999979,120,0
3452,2024-06-13,0,0,0,8.5,16.7222222222222,11.2777777777778,26.3,26.7,22.9,23.2,NA,335,"CO",2024,165,6,NA,-0.300000000000001,120,0
3453,2024-06-14,0,0,0,7.72222222222222,18.7222222222222,13.3888888888889,25.1,25.9,22.4,22.4,NA,335,"CO",2024,166,6,NA,-1.2,120,0
3454,2024-06-15,0,0,0,3,12.7777777777778,8.22222222222222,22.1,23.2,21,21.1,NA,335,"CO",2024,167,6,NA,-3,120,0
3455,2024-06-16,0,0,0,10.5,16.5,10.1111111111111,18.4,21.2,19.8,20,NA,335,"CO",2024,168,6,NA,-3.7,120,0
3456,2024-06-17,0,0,0,10.2222222222222,18.5,12.7222222222222,14.8,19.4,18.7,19.1,NA,335,"CO",2024,169,6,NA,-3.6,120,0
3457,2024-06-18,0,0,0,4.5,18.2222222222222,13,12,17.6,17.5,18.3,NA,335,"CO",2024,170,6,NA,-2.8,120,0
3458,2024-06-19,0,0,0.254,0.222222222222221,12.1111111111111,4,10.6,16.7,16.9,17.9,NA,335,"CO",2024,171,6,NA,-1.4,120,0
3459,2024-06-20,0,0,0.254,5.22222222222222,11.6111111111111,5.27777777777778,10.2,16.1,16.5,17.4,NA,335,"CO",2024,172,6,NA,-0.4,120,0
3460,2024-06-21,0,0,0.254,6.27777777777778,16.6111111111111,9.11111111111111,12.6,15,15.6,16.8,NA,335,"CO",2024,173,6,NA,2.4,120,0
3461,2024-06-22,0,0,0,5.27777777777778,14.1111111111111,8.38888888888889,17,14,15.1,16.4,NA,335,"CO",2024,174,6,NA,4.4,120,0
3462,2024-06-23,0,0,0,7.38888888888889,15.1111111111111,8.27777777777778,16.2,12.9,14.4,15.9,NA,335,"CO",2024,175,6,NA,-0.800000000000001,120,0
3463,2024-06-24,0,0,0,11,18.8888888888889,12.2222222222222,13.2,11.6,13.4,15.3,NA,335,"CO",2024,176,6,NA,-3,120,0
3464,2024-06-25,0,0,0,7.72222222222222,18.7777777777778,12.3888888888889,9.9,10.2,12.2,14.6,NA,335,"CO",2024,177,6,NA,-3.3,120,0
3465,2024-06-26,0,0,0,9.72222222222222,20.7222222222222,12.7777777777778,7.7,8.9,11,14,NA,335,"CO",2024,178,6,NA,-2.2,120,0
3466,2024-06-27,0,0,1.016,8.61111111111111,18.8888888888889,12.2222222222222,6.5,7.7,10,13.4,NA,335,"CO",2024,179,6,NA,-1.2,120,0
3467,2024-06-28,0,0,0,4,16.2777777777778,9.11111111111111,14.4,12,9.1,12.9,NA,335,"CO",2024,180,6,NA,7.9,120,0
3468,2024-06-29,0,0,0.254,8,15.3888888888889,9.61111111111111,16.6,10.5,8.3,12.3,NA,335,"CO",2024,181,6,NA,2.2,120,0
3469,2024-06-30,0,0,0.254,8.77777777777778,19.3888888888889,10.5,17.1,8.5,7.7,11.6,NA,335,"CO",2024,182,6,NA,0.5,120,0
3470,2024-07-01,0,0,1.016,11.6111111111111,17.8888888888889,11.3888888888889,18.2,7.6,7.3,11.1,NA,335,"CO",2024,183,7,NA,1.1,120,0
3471,2024-07-02,0,0,0,4.22222222222222,14.7777777777778,9.11111111111111,25.1,16.4,7,10.9,NA,335,"CO",2024,184,7,NA,6.9,120,0
3472,2024-07-03,0,0,0,6.11111111111111,12.7777777777778,7.22222222222222,20.6,17.7,7,10.5,NA,335,"CO",2024,185,7,NA,-4.5,120,0
3473,2024-07-04,0,0,0,3.72222222222222,15.1111111111111,10,15.9,14.8,7.2,9.9,NA,335,"CO",2024,186,7,NA,-4.7,120,0
3474,2024-07-05,0,0,0,4.38888888888889,14.5,8.22222222222222,12.6,12.3,7,9.5,NA,335,"CO",2024,187,7,NA,-3.3,120,0
3475,2024-07-06,0,0,0,7.11111111111111,13.2222222222222,7.72222222222222,9.8,10,6.8,9,NA,335,"CO",2024,188,7,NA,-2.8,120,0
3476,2024-07-07,0,0,0,5.77777777777778,14.7777777777778,10.1111111111111,7.6,8.4,6.5,8.5,NA,335,"CO",2024,189,7,NA,-2.2,120,0
3477,2024-07-08,0,0,0,2.88888888888889,13.7777777777778,7.61111111111111,6.2,7,6.2,8.2,NA,335,"CO",2024,190,7,NA,-1.4,120,0
3478,2024-07-09,0,0,0,6.22222222222222,15.2222222222222,8.22222222222222,5.3,6,5.9,7.7,NA,335,"CO",2024,191,7,NA,-0.9,120,0
3479,2024-07-10,0,0,0,6.61111111111111,16.6111111111111,9.38888888888889,5,5.3,5.5,7.6,NA,335,"CO",2024,192,7,NA,-0.3,120,0
3480,2024-07-11,0,0,0,8.38888888888889,18.2222222222222,10.7777777777778,4.7,4.8,5.2,7.3,NA,335,"CO",2024,193,7,NA,-0.3,120,0
3481,2024-07-12,0,0,0,11.3888888888889,20.6111111111111,13.3888888888889,4.5,4.5,4.9,6.9,NA,335,"CO",2024,194,7,NA,-0.2,120,0
3482,2024-07-13,0,0,0,11,21.1111111111111,15.6111111111111,4.4,4.2,4.6,6.5,NA,335,"CO",2024,195,7,NA,-0.0999999999999996,120,0
3483,2024-07-14,0,0,0,10.5,22.7777777777778,16,4.3,3.8,4.4,6.1,NA,335,"CO",2024,196,7,NA,-0.100000000000001,120,0
3484,2024-07-15,0,0,0.508,10.7222222222222,21.7222222222222,14.6111111111111,4,3.6,4.1,5.8,NA,335,"CO",2024,197,7,NA,-0.3,120,0
3485,2024-07-16,0,0,0,6.77777777777778,19.3888888888889,10.5,3.6,3.4,4,5.6,NA,335,"CO",2024,198,7,NA,-0.4,120,0
3486,2024-07-17,0,0,0.254,6.77777777777778,16.5,9.22222222222222,3.7,3,3.8,5.4,NA,335,"CO",2024,199,7,NA,0.1,120,0
3487,2024-07-18,0,0,0,8.5,14.7777777777778,9.5,4,3,3.9,5.4,NA,335,"CO",2024,200,7,NA,0.3,120,0
3488,2024-07-19,0,0,0,9.61111111111111,17.7777777777778,11.7222222222222,3.9,3.1,3.8,5.2,NA,335,"CO",2024,201,7,NA,-0.1,120,0
3489,2024-07-20,0,0,0,6.72222222222222,18,10.3888888888889,3.8,3,3.7,5.1,NA,335,"CO",2024,202,7,NA,-0.1,120,0
3490,2024-07-21,0,0,0.508,5.11111111111111,17.8888888888889,10.5,3.8,2.9,3.6,4.9,NA,335,"CO",2024,203,7,NA,0,120,0
3491,2024-07-22,0,0,0.254,4.11111111111111,13.2777777777778,6.72222222222222,3.7,2.7,3.5,5,NA,335,"CO",2024,204,7,NA,-0.0999999999999996,120,0
3492,2024-07-23,0,0,0,4.72222222222222,13.8888888888889,6.88888888888889,4.2,2.9,3.5,4.7,NA,335,"CO",2024,205,7,NA,0.5,120,0
3493,2024-07-24,0,0,0,8.88888888888889,18.6111111111111,10.5,5,2.9,3.5,4.8,NA,335,"CO",2024,206,7,NA,0.8,120,0
3494,2024-07-25,0,0,0,10,19.2777777777778,12.2777777777778,4.4,3,3.5,4.7,NA,335,"CO",2024,207,7,NA,-0.6,120,0
3495,2024-07-26,0,0,0,12,22.1111111111111,15.1111111111111,4.4,3.1,3.5,4.6,NA,335,"CO",2024,208,7,NA,0,120,0
3496,2024-07-27,0,0,0,7.77777777777778,16.5,11.3888888888889,4,3.2,3.5,4.6,NA,335,"CO",2024,209,7,NA,-0.4,120,0
3497,2024-07-28,0,0,0,8.22222222222222,19.6111111111111,12.2777777777778,3.8,3,3.4,4.6,NA,335,"CO",2024,210,7,NA,-0.2,120,0
3498,2024-07-29,0,0,0,8.5,18.2777777777778,12.2777777777778,3.5,2.9,3.3,4.4,NA,335,"CO",2024,211,7,NA,-0.3,120,0
3499,2024-07-30,0,0,0,12.1111111111111,20.2777777777778,14.2777777777778,3.5,2.7,3.3,4.4,NA,335,"CO",2024,212,7,NA,0,120,0
3500,2024-07-31,0,0,0,9.72222222222222,20.5,14,3.3,2.6,3.3,4.2,NA,335,"CO",2024,213,7,NA,-0.2,120,0
3501,2024-08-01,0,0,0,9.5,NA,NA,3,2.6,3.2,4.2,NA,335,"CO",2024,214,8,NA,-0.3,120,0
