"X","date","swe","snow_depth","precip","airtemp","airtemp_max","airtemp_avg","soilm_p2","soilm_p4","soilm_p8","soilm_p20","soilm_p40","site_code","state","year","doy","month","density_calc","d_soilm_p2","peak_swe","sm_pulse_flag"
1,2015-01-01,25.654,106.68,0.508,-16.6111111111111,-6.61111111111111,-12.2222222222222,8.2,NA,30.1,18.4,NA,485,"CO",2015,1,1,240.47619047619,0,140,0
2,2015-01-02,25.908,106.68,0,-17.2222222222222,-7.61111111111111,-14.1111111111111,8.4,NA,30.2,18.1,NA,485,"CO",2015,2,1,242.857142857143,0.200000000000001,140,0
3,2015-01-03,25.908,106.68,0.508,-14.3888888888889,-8,-12.5,7.4,NA,29.9,18.4,NA,485,"CO",2015,3,1,242.857142857143,-1,140,0
4,2015-01-04,26.416,114.3,0,-19.2777777777778,-8.72222222222222,-11.8888888888889,8.8,NA,29.7,16.9,NA,485,"CO",2015,4,1,231.111111111111,1.4,140,0
5,2015-01-05,26.416,109.22,0.254,-10.7777777777778,-2,-5.38888888888889,7.1,NA,30,18.1,NA,485,"CO",2015,5,1,241.860465116279,-1.7,140,0
6,2015-01-06,26.67,106.68,0,-2.27777777777778,0.111111111111113,-2.5,6.9,NA,29.9,17.7,NA,485,"CO",2015,6,1,250,-0.199999999999999,140,0
7,2015-01-07,26.67,104.14,0,-3.72222222222222,1.27777777777778,-5.22222222222222,7.2,NA,29.9,17,NA,485,"CO",2015,7,1,256.09756097561,0.3,140,0
8,2015-01-08,26.67,101.6,0,-4.77777777777778,0.611111111111112,-5.27777777777778,8.7,NA,29.7,17.2,NA,485,"CO",2015,8,1,262.5,1.5,140,0
9,2015-01-09,26.67,101.6,0,-9.11111111111111,-1,-7.22222222222222,6.9,NA,29.9,16.9,NA,485,"CO",2015,9,1,262.5,-1.8,140,0
10,2015-01-10,26.67,99.06,0,-8.5,-1.38888888888889,-6.72222222222222,7.2,NA,29.8,16.8,NA,485,"CO",2015,10,1,269.230769230769,0.3,140,0
11,2015-01-11,26.67,99.06,0.508,-8.77777777777778,-3.11111111111111,-6.72222222222222,9.3,NA,29.8,17.2,NA,485,"CO",2015,11,1,269.230769230769,2.1,140,0
12,2015-01-12,27.178,101.6,0,-9.72222222222222,-3.88888888888889,-8.38888888888889,7.2,NA,29.8,16.2,NA,485,"CO",2015,12,1,267.5,-2.1,140,0
13,2015-01-13,27.178,101.6,0,-8.38888888888889,-2.77777777777778,-7.22222222222222,8.4,NA,30,17.5,NA,485,"CO",2015,13,1,267.5,1.2,140,0
14,2015-01-14,27.178,101.6,0,-12.7222222222222,-4.11111111111111,-11.2222222222222,6.8,NA,29.9,16.2,NA,485,"CO",2015,14,1,267.5,-1.6,140,0
15,2015-01-15,27.178,101.6,0,-14.3888888888889,0,-9.11111111111111,8.2,NA,29.9,16.9,NA,485,"CO",2015,15,1,267.5,1.4,140,0
16,2015-01-16,27.178,101.6,0.254,-9.22222222222222,0.999999999999998,-4.61111111111111,6.8,NA,29.8,16.1,NA,485,"CO",2015,16,1,267.5,-1.4,140,0
17,2015-01-17,27.178,101.6,0,-7.22222222222222,-4.77777777777778,-9.72222222222222,8.8,NA,29.8,17.3,NA,485,"CO",2015,17,1,267.5,2,140,0
18,2015-01-18,27.432,104.14,0,-7.27777777777778,-0.277777777777778,-5.88888888888889,7.9,NA,29.7,16.9,NA,485,"CO",2015,18,1,263.414634146341,-0.9,140,0
19,2015-01-19,27.432,104.14,0.762,-7.61111111111111,-1.5,-5.38888888888889,7.3,NA,29.5,16,NA,485,"CO",2015,19,1,263.414634146341,-0.600000000000001,140,0
20,2015-01-20,27.94,114.3,0.508,-6.77777777777778,-5.72222222222222,-10.6111111111111,6.9,NA,29.7,16.2,NA,485,"CO",2015,20,1,244.444444444444,-0.399999999999999,140,0
21,2015-01-21,28.702,121.92,0,-13.8888888888889,-9.27777777777778,-14.3888888888889,9,NA,29.7,17.1,NA,485,"CO",2015,21,1,235.416666666667,2.1,140,0
22,2015-01-22,28.702,116.84,0,-22,-10.2222222222222,-17.8888888888889,7.2,NA,29.6,15.7,NA,485,"CO",2015,22,1,245.652173913043,-1.8,140,0
23,2015-01-23,28.702,111.76,0,-16.8888888888889,-4.38888888888889,-11,7.8,NA,29.9,16.4,NA,485,"CO",2015,23,1,256.818181818182,0.6,140,0
24,2015-01-24,28.702,111.76,0.254,-13.7222222222222,-1.77777777777778,-8.22222222222222,6.7,NA,29.7,15.7,NA,485,"CO",2015,24,1,256.818181818182,-1.1,140,0
25,2015-01-25,28.956,111.76,0,-8.38888888888889,-0.777777777777777,-5.5,7.4,NA,29.6,15.9,NA,485,"CO",2015,25,1,259.090909090909,0.7,140,0
26,2015-01-26,28.956,111.76,0.254,-7,6,-1.61111111111111,7.7,NA,29.5,15.9,NA,485,"CO",2015,26,1,259.090909090909,0.3,140,0
27,2015-01-27,28.956,109.22,0,-2.77777777777778,7,-1,7.8,NA,29.6,15.7,NA,485,"CO",2015,27,1,265.116279069767,0.0999999999999996,140,0
28,2015-01-28,28.956,109.22,0,-5.27777777777778,-1.77777777777778,-5.77777777777778,8.3,NA,29.7,16.1,NA,485,"CO",2015,28,1,265.116279069767,0.500000000000001,140,0
29,2015-01-29,28.956,109.22,0,-6.72222222222222,-0.611111111111112,-6,8.6,NA,29.6,16.2,NA,485,"CO",2015,29,1,265.116279069767,0.299999999999999,140,0
30,2015-01-30,29.21,109.22,0,-7.22222222222222,-1,-4.72222222222222,7.7,NA,29.5,15.2,NA,485,"CO",2015,30,1,267.441860465116,-0.899999999999999,140,0
31,2015-01-31,29.21,109.22,0,-5.72222222222222,-2.38888888888889,-6.38888888888889,7.2,NA,29.7,15.8,NA,485,"CO",2015,31,1,267.441860465116,-0.5,140,0
32,2015-02-01,29.21,109.22,0,-11.7222222222222,-8.72222222222222,-12.5,8.9,NA,29.5,16.1,NA,485,"CO",2015,32,2,267.441860465116,1.7,140,0
33,2015-02-02,29.21,111.76,0.508,-12.1111111111111,-3.77777777777778,-8.11111111111111,7.8,NA,29.4,15.9,NA,485,"CO",2015,33,2,261.363636363636,-1.1,140,0
34,2015-02-03,29.718,114.3,0.254,-7.27777777777778,-0.777777777777777,-4.77777777777778,9,NA,29.5,15.7,NA,485,"CO",2015,34,2,260,1.2,140,0
35,2015-02-04,29.972,114.3,1.524,-4,-2,-4.61111111111111,8.6,NA,29.5,15.6,NA,485,"CO",2015,35,2,262.222222222222,-0.4,140,0
36,2015-02-05,31.75,132.08,0.254,-7.77777777777778,2.27777777777778,-4.72222222222222,8.2,NA,29.7,15.8,NA,485,"CO",2015,36,2,240.384615384615,-0.4,140,0
37,2015-02-06,31.75,127,0,-4.5,4.88888888888889,-1,8.8,NA,29.3,16,NA,485,"CO",2015,37,2,250,0.600000000000001,140,0
38,2015-02-07,31.75,124.46,0,0.722222222222221,5.38888888888889,-1.38888888888889,7.3,NA,29.3,15.2,NA,485,"CO",2015,38,2,255.102040816327,-1.5,140,0
39,2015-02-08,31.75,121.92,0,-4.22222222222222,3.22222222222222,-2.72222222222222,8.7,NA,29.6,14.6,NA,485,"CO",2015,39,2,260.416666666667,1.4,140,0
40,2015-02-09,31.75,119.38,0,-5.38888888888889,5.72222222222222,-1.38888888888889,7.1,NA,29.6,15.4,NA,485,"CO",2015,40,2,265.957446808511,-1.6,140,0
41,2015-02-10,32.004,119.38,0,-2.22222222222222,-1.61111111111111,-4.27777777777778,8.1,NA,29.6,14.5,NA,485,"CO",2015,41,2,268.085106382979,1,140,0
42,2015-02-11,32.004,119.38,0,-7.61111111111111,-1.22222222222222,-7.61111111111111,8.2,NA,29.7,16.3,NA,485,"CO",2015,42,2,268.085106382979,0.0999999999999996,140,0
43,2015-02-12,32.004,119.38,0,-10.7777777777778,0.722222222222221,-5.88888888888889,8.8,NA,29.6,14.6,NA,485,"CO",2015,43,2,268.085106382979,0.600000000000001,140,0
44,2015-02-13,32.004,119.38,0,-5.38888888888889,4.5,-3.77777777777778,7.9,NA,29.5,14.3,NA,485,"CO",2015,44,2,268.085106382979,-0.9,140,0
45,2015-02-14,32.004,116.84,0,-6.5,6.61111111111111,-1.22222222222222,9.5,NA,29.5,15.5,NA,485,"CO",2015,45,2,273.913043478261,1.6,140,0
46,2015-02-15,32.004,116.84,0.254,-3.22222222222222,1.5,-5.5,8.8,NA,29.3,14.5,NA,485,"CO",2015,46,2,273.913043478261,-0.699999999999999,140,0
47,2015-02-16,32.258,116.84,0,-11.7777777777778,-8.27777777777778,-13.5,6.6,NA,29.5,15.3,NA,485,"CO",2015,47,2,276.086956521739,-2.2,140,0
48,2015-02-17,32.512,121.92,0,-16.1111111111111,-9.11111111111111,-14.3888888888889,8.9,NA,29.6,14.8,NA,485,"CO",2015,48,2,266.666666666667,2.3,140,0
49,2015-02-18,32.512,121.92,0,-13.8888888888889,-0.88888888888889,-8.5,6.9,NA,29.6,14.8,NA,485,"CO",2015,49,2,266.666666666667,-2,140,0
50,2015-02-19,32.512,121.92,0.254,-10.3888888888889,2,-5,7,NA,29.4,15.1,NA,485,"CO",2015,50,2,266.666666666667,0.0999999999999996,140,0
51,2015-02-20,32.766,119.38,0.508,-7.27777777777778,-1.77777777777778,-7.77777777777778,9.2,NA,29.6,15.4,NA,485,"CO",2015,51,2,274.468085106383,2.2,140,0
52,2015-02-21,33.528,127,0.508,-12.5,-6.22222222222222,-11.1111111111111,7.2,NA,29.2,15.6,NA,485,"CO",2015,52,2,264,-2,140,0
53,2015-02-22,34.036,132.08,0.508,-13.7777777777778,-11.5,-15.5,8.4,NA,29.4,15.7,NA,485,"CO",2015,53,2,257.692307692308,1.2,140,0
54,2015-02-23,34.544,132.08,0.254,-19.3888888888889,-1.5,-9.27777777777778,6.6,NA,29.6,15.4,NA,485,"CO",2015,54,2,261.538461538461,-1.8,140,0
55,2015-02-24,34.798,127,0,-13.6111111111111,-1.61111111111111,-10.3888888888889,6.4,NA,29.2,14.1,NA,485,"CO",2015,55,2,274,-0.199999999999999,140,0
56,2015-02-25,34.798,129.54,0.762,-9.88888888888889,-5.61111111111111,-9.88888888888889,8.7,NA,29.3,14.6,NA,485,"CO",2015,56,2,268.627450980392,2.3,140,0
57,2015-02-26,35.56,139.7,0,-15.2777777777778,-9.27777777777778,-14.2222222222222,8.8,NA,29.3,14.9,NA,485,"CO",2015,57,2,254.545454545455,0.100000000000001,140,0
58,2015-02-27,35.814,142.24,0.254,-15.7222222222222,-8,-13.7777777777778,6.9,NA,29.2,14.4,NA,485,"CO",2015,58,2,251.785714285714,-1.9,140,0
59,2015-02-28,36.068,134.62,0.508,-17.2777777777778,-5.61111111111111,-11.3888888888889,8.5,NA,29.2,15.2,NA,485,"CO",2015,59,2,267.924528301887,1.6,140,0
60,2015-03-01,36.576,142.24,0.508,-9.77777777777778,-4.11111111111111,-7.11111111111111,8.6,NA,28.9,15.3,NA,485,"CO",2015,60,3,257.142857142857,0.0999999999999996,140,0
61,2015-03-02,37.084,144.78,0.762,-5,0.611111111111112,-3.61111111111111,8.2,NA,28.9,13.7,NA,485,"CO",2015,61,3,256.140350877193,-0.4,140,0
62,2015-03-03,37.592,149.86,0.254,-9.88888888888889,-4.77777777777778,-9.72222222222222,8.3,NA,28.9,15.4,NA,485,"CO",2015,62,3,250.847457627119,0.100000000000001,140,0
63,2015-03-04,37.846,144.78,0,-14.3888888888889,-12.7777777777778,-17.3888888888889,8.7,NA,28.7,15.1,NA,485,"CO",2015,63,3,261.40350877193,0.399999999999999,140,0
64,2015-03-05,38.1,149.86,0,-22.3888888888889,-5.22222222222222,-14.1111111111111,8.2,NA,28.7,15.3,NA,485,"CO",2015,64,3,254.237288135593,-0.5,140,0
65,2015-03-06,38.1,147.32,0,-15,-0.111111111111111,-8.88888888888889,8.3,NA,29,13.9,NA,485,"CO",2015,65,3,258.620689655172,0.100000000000001,140,0
66,2015-03-07,38.1,142.24,0,-11.2222222222222,4.38888888888889,-5.27777777777778,7.2,NA,28.7,14.5,NA,485,"CO",2015,66,3,267.857142857143,-1.1,140,0
67,2015-03-08,38.1,142.24,0,-9.61111111111111,2.72222222222222,-4.88888888888889,9,NA,28.7,14.5,NA,485,"CO",2015,67,3,267.857142857143,1.8,140,0
68,2015-03-09,38.1,139.7,0,-9.5,0.499999999999999,-6.72222222222222,7.2,NA,28.5,15,NA,485,"CO",2015,68,3,272.727272727273,-1.8,140,0
69,2015-03-10,38.1,139.7,0,-10.6111111111111,4.5,-5,7.1,NA,28.8,15,NA,485,"CO",2015,69,3,272.727272727273,-0.100000000000001,140,0
70,2015-03-11,38.1,139.7,0.254,-7.88888888888889,5.88888888888889,-2.22222222222222,8.4,NA,28.7,13.6,NA,485,"CO",2015,70,3,272.727272727273,1.3,140,0
71,2015-03-12,38.1,137.16,0,-3.5,3.22222222222222,-2.27777777777778,6.7,NA,28.7,14.8,NA,485,"CO",2015,71,3,277.777777777778,-1.7,140,0
72,2015-03-13,38.354,137.16,0.254,-5.22222222222222,2.38888888888889,-3.11111111111111,6.5,NA,28.4,15.1,NA,485,"CO",2015,72,3,279.62962962963,-0.2,140,0
73,2015-03-14,38.354,134.62,0,-7.61111111111111,6,-2.88888888888889,8,NA,28.3,14.4,NA,485,"CO",2015,73,3,284.905660377358,1.5,140,0
74,2015-03-15,38.354,134.62,0,-3.11111111111111,13.3888888888889,2.5,8.7,NA,28.2,13.4,NA,485,"CO",2015,74,3,284.905660377358,0.699999999999999,140,0
75,2015-03-16,38.354,134.62,0,-1,13.2222222222222,3,7,NA,28,14.6,NA,485,"CO",2015,75,3,284.905660377358,-1.7,140,0
76,2015-03-17,38.354,134.62,0,0.277777777777778,10.5,2.11111111111111,7.7,NA,28.2,13.4,NA,485,"CO",2015,76,3,284.905660377358,0.7,140,0
77,2015-03-18,38.608,132.08,0.508,0.388888888888891,5,0.499999999999999,6.7,NA,28.5,14.8,NA,485,"CO",2015,77,3,292.307692307692,-1,140,0
78,2015-03-19,38.862,137.16,0,-3.38888888888889,2.38888888888889,-3.88888888888889,9.1,NA,28.2,13.5,NA,485,"CO",2015,78,3,283.333333333333,2.4,140,0
79,2015-03-20,39.116,137.16,0,-9.61111111111111,8,-3.5,8.8,NA,28.6,13.2,NA,485,"CO",2015,79,3,285.185185185185,-0.299999999999999,140,0
80,2015-03-21,39.116,134.62,0,-6.22222222222222,6.72222222222222,-1.38888888888889,9,NA,28.5,14,NA,485,"CO",2015,80,3,290.566037735849,0.199999999999999,140,0
81,2015-03-22,39.116,134.62,0,-4.77777777777778,7.11111111111111,-0.611111111111112,9.5,NA,28.6,13.4,NA,485,"CO",2015,81,3,290.566037735849,0.5,140,0
82,2015-03-23,39.116,129.54,1.016,-2.77777777777778,5.38888888888889,-1.11111111111111,8.1,NA,28.8,14.6,NA,485,"CO",2015,82,3,301.960784313726,-1.4,140,0
83,2015-03-24,40.132,142.24,0,-6.5,0.611111111111112,-5.61111111111111,8,NA,28.9,14.7,NA,485,"CO",2015,83,3,282.142857142857,-0.0999999999999996,140,0
84,2015-03-25,40.132,142.24,0.508,-5.72222222222222,-4.61111111111111,-8.72222222222222,7.6,NA,28.8,13.8,NA,485,"CO",2015,84,3,282.142857142857,-0.4,140,0
85,2015-03-26,40.894,152.4,0.254,-13.6111111111111,1.77777777777778,-5.61111111111111,8.9,NA,28.7,14.4,NA,485,"CO",2015,85,3,268.333333333333,1.3,140,0
86,2015-03-27,41.148,147.32,0,-3.72222222222222,6.72222222222222,-1.11111111111111,8.9,NA,29.1,13.9,NA,485,"CO",2015,86,3,279.310344827586,0,140,0
87,2015-03-28,41.148,144.78,0.254,-3.38888888888889,8.38888888888889,2.22222222222222,7.8,NA,29,14.6,NA,485,"CO",2015,87,3,284.210526315789,-1.1,140,0
88,2015-03-29,41.402,142.24,0,-2,7.61111111111111,-0.277777777777778,10,NA,29.2,13.6,NA,485,"CO",2015,88,3,291.071428571429,2.2,140,0
89,2015-03-30,41.402,142.24,0,-3,9.11111111111111,0.722222222222221,7.5,NA,28.9,15,NA,485,"CO",2015,89,3,291.071428571429,-2.5,140,0
90,2015-03-31,41.402,139.7,0,-3.61111111111111,10.6111111111111,2.27777777777778,9.7,NA,29.2,13,NA,485,"CO",2015,90,3,296.363636363636,2.2,140,0
91,2015-04-01,41.402,139.7,0,-0.277777777777778,5.72222222222222,0.277777777777778,9.6,NA,29.3,13,NA,485,"CO",2015,91,4,296.363636363636,-0.0999999999999996,140,0
92,2015-04-02,41.402,139.7,0.254,-3.11111111111111,3,-3.38888888888889,8.9,NA,29.3,14.2,NA,485,"CO",2015,92,4,296.363636363636,-0.699999999999999,140,0
93,2015-04-03,41.656,144.78,0,-9.88888888888889,-1.27777777777778,-9.11111111111111,9.1,NA,29.2,14.4,NA,485,"CO",2015,93,4,287.719298245614,0.199999999999999,140,0
94,2015-04-04,41.91,144.78,0,-12.1111111111111,5.5,-3.22222222222222,10.3,NA,29.5,14.1,NA,485,"CO",2015,94,4,289.473684210526,1.2,140,0
95,2015-04-05,41.91,142.24,0.254,-3.22222222222222,7.61111111111111,0.611111111111112,7.7,NA,29.4,13.7,NA,485,"CO",2015,95,4,294.642857142857,-2.6,140,0
96,2015-04-06,41.91,139.7,0,-0.777777777777777,7.22222222222222,1.11111111111111,8.8,NA,29.5,14.7,NA,485,"CO",2015,96,4,300,1.1,140,0
97,2015-04-07,41.91,137.16,0,-2.38888888888889,6.77777777777778,-0.277777777777778,9.1,NA,29.4,14.3,NA,485,"CO",2015,97,4,305.555555555556,0.299999999999999,140,0
98,2015-04-08,41.91,137.16,0,-4,5.72222222222222,-2.77777777777778,9.8,NA,29.4,14.4,NA,485,"CO",2015,98,4,305.555555555556,0.700000000000001,140,0
99,2015-04-09,41.91,137.16,0.254,-9.5,2.77777777777778,-4.77777777777778,9.3,NA,29.8,15.1,NA,485,"CO",2015,99,4,305.555555555556,-0.5,140,0
100,2015-04-10,42.164,139.7,0,-7,6.72222222222222,-2,8.1,NA,29.3,15.3,NA,485,"CO",2015,100,4,301.818181818182,-1.2,140,0
101,2015-04-11,42.164,139.7,0,-5.27777777777778,7.61111111111111,-0.111111111111111,10.2,NA,29.6,13.3,NA,485,"CO",2015,101,4,301.818181818182,2.1,140,0
102,2015-04-12,42.164,134.62,0,-2.38888888888889,3.72222222222222,-1.38888888888889,10.4,NA,29.9,14.3,NA,485,"CO",2015,102,4,313.207547169811,0.200000000000001,140,0
103,2015-04-13,42.164,134.62,0,-5.61111111111111,8.22222222222222,0.277777777777778,9.6,NA,29.7,14,NA,485,"CO",2015,103,4,313.207547169811,-0.800000000000001,140,0
104,2015-04-14,42.164,134.62,0,-1.77777777777778,9.77777777777778,2.22222222222222,9.3,NA,29.5,14.6,NA,485,"CO",2015,104,4,313.207547169811,-0.299999999999999,140,0
105,2015-04-15,42.164,134.62,0.254,-2.61111111111111,3.88888888888889,-2.88888888888889,8.7,NA,29.6,15.1,NA,485,"CO",2015,105,4,313.207547169811,-0.600000000000001,140,0
106,2015-04-16,42.164,137.16,2.032,-6.38888888888889,0.111111111111113,-4.77777777777778,10.5,NA,29.8,13.9,NA,485,"CO",2015,106,4,307.407407407407,1.8,140,0
107,2015-04-17,43.942,157.48,1.524,-5.22222222222222,-1,-6.61111111111111,11.2,NA,29.8,14,NA,485,"CO",2015,107,4,279.032258064516,0.699999999999999,140,0
108,2015-04-18,45.72,172.72,0.508,-9.77777777777778,-1.77777777777778,-6.38888888888889,9.1,NA,30.1,15.4,NA,485,"CO",2015,108,4,264.705882352941,-2.1,140,0
109,2015-04-19,46.482,177.8,0.254,-6.77777777777778,-0.611111111111112,-4.88888888888889,10.6,NA,30,15.2,NA,485,"CO",2015,109,4,261.428571428571,1.5,140,0
110,2015-04-20,46.736,170.18,0.762,-6.88888888888889,3.27777777777778,-4.27777777777778,8.8,NA,30,15.8,NA,485,"CO",2015,110,4,274.626865671642,-1.8,140,0
111,2015-04-21,47.498,170.18,0,-6.72222222222222,5.77777777777778,-2.22222222222222,9.9,NA,29.9,15.2,NA,485,"CO",2015,111,4,279.10447761194,1.1,140,0
112,2015-04-22,47.752,167.64,0.762,-4.61111111111111,7.11111111111111,-0.611111111111112,9.1,NA,30,15.9,NA,485,"CO",2015,112,4,284.848484848485,-0.800000000000001,140,0
113,2015-04-23,48.26,167.64,0,-4.77777777777778,6.88888888888889,-0.611111111111112,9.2,NA,29.9,15.8,NA,485,"CO",2015,113,4,287.878787878788,0.0999999999999996,140,0
114,2015-04-24,48.26,165.1,0,-5.22222222222222,4.77777777777778,-2.77777777777778,9.5,NA,30,15.7,NA,485,"CO",2015,114,4,292.307692307692,0.300000000000001,140,0
115,2015-04-25,48.514,165.1,0.762,-5.38888888888889,6,-1.22222222222222,11.4,NA,30.3,15,NA,485,"CO",2015,115,4,293.846153846154,1.9,140,0
116,2015-04-26,49.022,167.64,1.778,-3.38888888888889,1.38888888888889,-2.22222222222222,9.3,NA,30.3,15.6,NA,485,"CO",2015,116,4,292.424242424242,-2.1,140,0
117,2015-04-27,51.308,187.96,0.254,-3.77777777777778,6.72222222222222,-1.5,10.2,NA,30.3,14.7,NA,485,"CO",2015,117,4,272.972972972973,0.899999999999999,140,0
118,2015-04-28,51.562,180.34,0,-7.61111111111111,9.61111111111111,-0.777777777777777,10.5,NA,30.2,14.7,NA,485,"CO",2015,118,4,285.915492957746,0.300000000000001,140,0
119,2015-04-29,51.054,175.26,0,-1.77777777777778,10.7222222222222,2.72222222222222,10.2,NA,30.5,14.6,NA,485,"CO",2015,119,4,291.304347826087,-0.300000000000001,140,0
120,2015-04-30,51.054,167.64,0,-0.88888888888889,12.7222222222222,4.22222222222222,10.1,NA,30.3,14.7,NA,485,"CO",2015,120,4,304.545454545455,-0.0999999999999996,140,0
121,2015-05-01,50.546,162.56,0,1.61111111111111,10.1111111111111,2.88888888888889,9.2,NA,30.2,15.9,NA,485,"CO",2015,121,5,310.9375,-0.9,140,0
122,2015-05-02,50.546,160.02,0,-1.22222222222222,11,3.27777777777778,10.2,NA,30.4,14.8,NA,485,"CO",2015,122,5,315.873015873016,1,140,0
123,2015-05-03,50.546,157.48,0.254,-1.11111111111111,11.3888888888889,2.72222222222222,9.1,NA,30.7,15.5,NA,485,"CO",2015,123,5,320.967741935484,-1.1,140,0
124,2015-05-04,50.546,154.94,0.254,0.388888888888891,8.88888888888889,2.61111111111111,9.7,NA,30.2,15.7,NA,485,"CO",2015,124,5,326.229508196721,0.6,140,0
125,2015-05-05,50.546,154.94,0.254,0.388888888888891,6.88888888888889,2.38888888888889,9.5,NA,30.3,15.6,NA,485,"CO",2015,125,5,326.229508196721,-0.199999999999999,140,0
126,2015-05-06,50.8,154.94,1.27,0,6.38888888888889,0.722222222222221,9.8,NA,30.5,16.1,NA,485,"CO",2015,126,5,327.868852459016,0.300000000000001,140,0
127,2015-05-07,52.324,157.48,0,-1.77777777777778,8.11111111111111,0.722222222222221,8.6,NA,30.8,16.3,NA,485,"CO",2015,127,5,332.258064516129,-1.2,140,0
128,2015-05-08,52.324,154.94,1.27,-0.88888888888889,7.5,1.11111111111111,8.3,NA,30.3,16.8,NA,485,"CO",2015,128,5,337.704918032787,-0.299999999999999,140,0
129,2015-05-09,53.34,160.02,1.016,-1.22222222222222,5.22222222222222,-1.77777777777778,9.1,NA,30.6,18.6,NA,485,"CO",2015,129,5,333.333333333333,0.799999999999999,140,0
130,2015-05-10,54.61,167.64,0.508,-5.72222222222222,-0.722222222222223,-5,8.8,NA,30.9,24.6,NA,485,"CO",2015,130,5,325.757575757576,-0.299999999999999,140,0
131,2015-05-11,55.118,165.1,0,-6.5,6.11111111111111,-2.27777777777778,11.6,NA,30.7,25.9,NA,485,"CO",2015,131,5,333.846153846154,2.8,140,0
132,2015-05-12,55.118,162.56,0,-3.61111111111111,11.3888888888889,3.5,11.4,NA,31,27.6,NA,485,"CO",2015,132,5,339.0625,-0.199999999999999,140,0
133,2015-05-13,54.864,157.48,0.254,0.277777777777778,7.22222222222222,1.61111111111111,11.5,NA,31.3,32.1,NA,485,"CO",2015,133,5,348.387096774194,0.0999999999999996,140,0
134,2015-05-14,55.118,157.48,0,-1.61111111111111,9.72222222222222,3.5,10.8,NA,32,32.4,NA,485,"CO",2015,134,5,350,-0.699999999999999,140,0
135,2015-05-15,54.864,154.94,0.254,0.111111111111113,7,-0.388888888888889,11.5,NA,31.9,32.3,NA,485,"CO",2015,135,5,354.098360655738,0.699999999999999,140,0
136,2015-05-16,54.864,152.4,0.508,-7,5.11111111111111,-2.72222222222222,11.9,NA,32.3,32.3,NA,485,"CO",2015,136,5,360,0.4,140,0
137,2015-05-17,55.372,154.94,0.508,-3.88888888888889,4.5,-0.611111111111112,11.8,NA,32.7,32.1,NA,485,"CO",2015,137,5,357.377049180328,-0.0999999999999996,140,0
138,2015-05-18,55.88,160.02,0.762,-2.38888888888889,7.38888888888889,1.22222222222222,12.4,NA,32.5,32.2,NA,485,"CO",2015,138,5,349.206349206349,0.6,140,0
139,2015-05-19,56.642,165.1,0.508,-0.722222222222223,5.5,-0.111111111111111,13.3,NA,32.8,32.6,NA,485,"CO",2015,139,5,343.076923076923,0.9,140,0
140,2015-05-20,57.15,160.02,0,-4,8.11111111111111,0.999999999999998,13.7,NA,32.9,32.5,NA,485,"CO",2015,140,5,357.142857142857,0.399999999999999,140,0
141,2015-05-21,57.15,160.02,0,-1.77777777777778,8.88888888888889,2.38888888888889,15.2,NA,32.6,32.3,NA,485,"CO",2015,141,5,357.142857142857,1.5,140,0
142,2015-05-22,56.896,154.94,0.508,0.222222222222221,8.61111111111111,1.61111111111111,15.7,NA,32.9,32.5,NA,485,"CO",2015,142,5,367.213114754098,0.5,140,0
143,2015-05-23,56.642,154.94,0,-2.38888888888889,7.11111111111111,-0.88888888888889,15,NA,33,32.2,NA,485,"CO",2015,143,5,365.573770491803,-0.699999999999999,140,0
144,2015-05-24,56.388,154.94,0.508,-4.38888888888889,6.22222222222222,-0.722222222222223,17.3,NA,33.2,32.3,NA,485,"CO",2015,144,5,363.934426229508,2.3,140,0
145,2015-05-25,56.642,154.94,0.254,-2.38888888888889,5.5,0.222222222222221,17.5,NA,33.6,32.4,NA,485,"CO",2015,145,5,365.573770491803,0.199999999999999,140,0
146,2015-05-26,56.642,152.4,0,-1,10.1111111111111,2.38888888888889,19.1,NA,33.6,32.4,NA,485,"CO",2015,146,5,371.666666666667,1.6,140,0
147,2015-05-27,56.134,152.4,0,1.27777777777778,10.6111111111111,3.77777777777778,19.5,NA,34.1,32.4,NA,485,"CO",2015,147,5,368.333333333333,0.399999999999999,140,1
148,2015-05-28,55.626,149.86,0,-0.111111111111111,10.1111111111111,2.72222222222222,21.9,NA,39,32.7,NA,485,"CO",2015,148,5,371.186440677966,2.4,140,0
149,2015-05-29,54.864,144.78,0,-2.61111111111111,7.72222222222222,0.999999999999998,23.6,NA,39,32.8,NA,485,"CO",2015,149,5,378.947368421053,1.7,140,0
150,2015-05-30,54.356,144.78,0,-2.27777777777778,12.7222222222222,4.61111111111111,25.2,NA,39.1,32.9,NA,485,"CO",2015,150,5,375.438596491228,1.6,140,0
151,2015-05-31,53.086,137.16,0,3.72222222222222,14.3888888888889,7,40.8,NA,39.1,33.1,NA,485,"CO",2015,151,5,387.037037037037,15.6,140,0
152,2015-06-01,51.562,132.08,0,3.22222222222222,17,8.11111111111111,41,NA,39.2,33.4,NA,485,"CO",2015,152,6,390.384615384615,0.200000000000003,140,0
153,2015-06-02,50.038,129.54,0,3.88888888888889,16.2222222222222,8.88888888888889,41,NA,39.3,33.6,NA,485,"CO",2015,153,6,386.274509803922,0,140,0
154,2015-06-03,48.006,124.46,0,2.38888888888889,15,8.61111111111111,41.1,NA,39.3,33.9,NA,485,"CO",2015,154,6,385.714285714286,0.100000000000001,140,0
155,2015-06-04,45.466,116.84,0,3,17,9,41.1,NA,39.4,34,NA,485,"CO",2015,155,6,389.130434782609,0,140,0
156,2015-06-05,42.418,109.22,0.762,6,13.2222222222222,5.88888888888889,41.2,NA,39.4,34.2,NA,485,"CO",2015,156,6,388.372093023256,0.100000000000001,140,0
157,2015-06-06,41.402,104.14,0.254,1.61111111111111,10.7222222222222,4.38888888888889,41.2,NA,39.4,34.3,NA,485,"CO",2015,157,6,397.560975609756,0,140,0
158,2015-06-07,40.386,101.6,0,-0.277777777777778,13,5.11111111111111,41.2,NA,39.4,34.5,NA,485,"CO",2015,158,6,397.5,0,140,0
159,2015-06-08,39.116,99.06,0.254,0.388888888888891,14.8888888888889,7.38888888888889,41.3,NA,39.5,34.6,NA,485,"CO",2015,159,6,394.871794871795,0.0999999999999943,140,0
160,2015-06-09,36.576,83.82,0.254,3,18.2777777777778,9.72222222222222,41.3,NA,39.5,34.7,NA,485,"CO",2015,160,6,436.363636363636,0,140,0
161,2015-06-10,34.544,76.2,0,6.11111111111111,12.6111111111111,7.11111111111111,41.3,NA,39.5,35,NA,485,"CO",2015,161,6,453.333333333333,0,140,0
162,2015-06-11,32.766,73.66,1.27,3.22222222222222,12.2777777777778,5,41.4,NA,39.5,35,NA,485,"CO",2015,162,6,444.827586206897,0.100000000000001,140,0
163,2015-06-12,31.496,66.04,0,2.38888888888889,12.7777777777778,5.72222222222222,41.5,NA,39.5,35.2,NA,485,"CO",2015,163,6,476.923076923077,0.100000000000001,140,0
164,2015-06-13,28.956,58.42,0.762,2.61111111111111,16.6111111111111,6.72222222222222,41.5,NA,39.5,35.3,NA,485,"CO",2015,164,6,495.652173913043,0,140,0
165,2015-06-14,26.67,48.26,0,2.88888888888889,14.2222222222222,6.5,41.7,NA,39.5,35.4,NA,485,"CO",2015,165,6,552.631578947368,0.200000000000003,140,0
166,2015-06-15,24.638,45.72,0,4.61111111111111,16.3888888888889,9,42,NA,39.5,35.7,NA,485,"CO",2015,166,6,538.888888888889,0.299999999999997,140,0
167,2015-06-16,21.59,40.64,0.762,4.11111111111111,15.2777777777778,7.5,42.7,NA,39.5,35.9,NA,485,"CO",2015,167,6,531.25,0.700000000000003,140,0
168,2015-06-17,18.542,33.02,0,3.77777777777778,18.2222222222222,10.2222222222222,43.6,NA,39.5,36.1,NA,485,"CO",2015,168,6,561.538461538461,0.899999999999999,140,0
169,2015-06-18,14.732,20.32,0,6.22222222222222,18.8888888888889,11.7777777777778,44.5,NA,39.5,36.3,NA,485,"CO",2015,169,6,725,0.899999999999999,140,0
170,2015-06-19,11.176,15.24,0,8.61111111111111,19.7777777777778,12.7777777777778,44.7,NA,39.6,36.5,NA,485,"CO",2015,170,6,733.333333333333,0.200000000000003,140,0
171,2015-06-20,6.858,10.16,0,8.38888888888889,20.6111111111111,13.2222222222222,44.7,NA,39.6,36.7,NA,485,"CO",2015,171,6,675,0,140,0
172,2015-06-21,3.302,7.62,0,7.72222222222222,21.5,14.2222222222222,44.6,NA,39.6,36.9,NA,485,"CO",2015,172,6,433.333333333333,-0.100000000000001,140,0
173,2015-06-22,1.778,5.08,0,11.7222222222222,21.6111111111111,14.6111111111111,44.6,NA,39.6,37.1,NA,485,"CO",2015,173,6,350,0,140,0
174,2015-06-23,0.762,2.54,0,8.5,21,13.8888888888889,44.7,NA,39.7,37.2,NA,485,"CO",2015,174,6,300,0.100000000000001,140,0
175,2015-06-24,0,0,0,9.61111111111111,19.3888888888889,11.7222222222222,42.9,NA,39.6,37.4,NA,485,"CO",2015,175,6,NA,-1.8,140,0
176,2015-06-25,0,0,0,5.77777777777778,18.7777777777778,11.3888888888889,44.2,NA,39.7,37.4,NA,485,"CO",2015,176,6,NA,1.3,140,0
177,2015-06-26,0,0,0,7.61111111111111,20,12.7777777777778,41.4,NA,39.6,37.6,NA,485,"CO",2015,177,6,NA,-2.8,140,0
178,2015-06-27,0,0,0,6.61111111111111,20.2222222222222,12.2777777777778,39.5,NA,39.6,37.6,NA,485,"CO",2015,178,6,NA,-1.9,140,0
179,2015-06-28,0,0,0.254,7.38888888888889,19.8888888888889,12,38.2,NA,39.7,37.6,NA,485,"CO",2015,179,6,NA,-1.3,140,0
180,2015-06-29,0,0,0,6.5,20.7777777777778,12.8888888888889,38,NA,39.6,37.6,NA,485,"CO",2015,180,6,NA,-0.200000000000003,140,0
181,2015-06-30,0,0,0.762,7.77777777777778,21.7777777777778,13.2222222222222,37,NA,39.7,37.7,NA,485,"CO",2015,181,6,NA,-1,140,0
182,2015-07-01,0,0,0,6.72222222222222,20.2222222222222,12.7777777777778,41.1,NA,39.6,37.7,NA,485,"CO",2015,182,7,NA,4.1,140,0
183,2015-07-02,0,0,0,8.5,19.6111111111111,12,36.9,NA,39.6,37.7,NA,485,"CO",2015,183,7,NA,-4.2,140,0
184,2015-07-03,0,0,0,7,19.7222222222222,12.7222222222222,36,NA,39.6,37.7,NA,485,"CO",2015,184,7,NA,-0.899999999999999,140,0
185,2015-07-04,0,0,0,8.22222222222222,19.5,12.6111111111111,35.4,NA,39.7,37.7,NA,485,"CO",2015,185,7,NA,-0.600000000000001,140,0
186,2015-07-05,0,0,0.508,8.22222222222222,15,10.1111111111111,35,NA,39.4,37.7,NA,485,"CO",2015,186,7,NA,-0.399999999999999,140,0
187,2015-07-06,0,0,0.254,7.11111111111111,14,8.72222222222222,35.7,NA,39.6,37.8,NA,485,"CO",2015,187,7,NA,0.700000000000003,140,0
188,2015-07-07,0,0,1.27,6.88888888888889,13.8888888888889,7.61111111111111,35.2,NA,39.6,37.7,NA,485,"CO",2015,188,7,NA,-0.5,140,0
189,2015-07-08,0,0,0.762,5.11111111111111,10.2222222222222,5.72222222222222,41.2,NA,39.6,37.8,NA,485,"CO",2015,189,7,NA,6,140,0
190,2015-07-09,0,0,0,2.88888888888889,14.6111111111111,7.61111111111111,40.2,NA,39.6,37.8,NA,485,"CO",2015,190,7,NA,-1,140,0
191,2015-07-10,0,0,0,4.77777777777778,14.7222222222222,7.61111111111111,37.7,NA,39.7,37.8,NA,485,"CO",2015,191,7,NA,-2.5,140,0
192,2015-07-11,0,0,0,4.5,16.2777777777778,8.77777777777778,36.3,NA,39.6,37.8,NA,485,"CO",2015,192,7,NA,-1.40000000000001,140,0
193,2015-07-12,0,0,0,5.88888888888889,17.8888888888889,12,35.4,NA,39.7,37.9,NA,485,"CO",2015,193,7,NA,-0.899999999999999,140,0
194,2015-07-13,0,0,0.508,8.77777777777778,16.6111111111111,9.88888888888889,34.5,NA,39.3,37.8,NA,485,"CO",2015,194,7,NA,-0.899999999999999,140,0
195,2015-07-14,0,0,1.27,6.38888888888889,15.3888888888889,7.88888888888889,34.6,NA,39.4,37.9,NA,485,"CO",2015,195,7,NA,0.100000000000001,140,0
196,2015-07-15,0,0,0,5,14.2777777777778,8.11111111111111,36.2,NA,39.6,38,NA,485,"CO",2015,196,7,NA,1.6,140,0
197,2015-07-16,0,0,0,3.22222222222222,14.6111111111111,8.88888888888889,34.9,NA,39.4,37.9,NA,485,"CO",2015,197,7,NA,-1.3,140,0
198,2015-07-17,0,0,0,7.5,16.7222222222222,10.7222222222222,33.9,NA,38.6,37.9,NA,485,"CO",2015,198,7,NA,-1,140,0
199,2015-07-18,0,0,0.254,5.72222222222222,15.8888888888889,9,33.2,NA,37.9,38,NA,485,"CO",2015,199,7,NA,-0.699999999999996,140,0
200,2015-07-19,0,0,0,4.72222222222222,12.6111111111111,7.72222222222222,32.9,NA,38,38,NA,485,"CO",2015,200,7,NA,-0.300000000000004,140,0
201,2015-07-20,0,0,1.27,4.5,15.5,8.22222222222222,32.7,NA,38,38,NA,485,"CO",2015,201,7,NA,-0.199999999999996,140,0
202,2015-07-21,0,0,0.508,6.5,12,7.5,34.6,NA,39.1,38,NA,485,"CO",2015,202,7,NA,1.9,140,0
203,2015-07-22,0,0,0,3.88888888888889,16.1111111111111,9.11111111111111,34.6,NA,39.2,38,NA,485,"CO",2015,203,7,NA,0,140,0
204,2015-07-23,0,0,0,6.5,18.8888888888889,11.5,33.3,NA,38.3,38.1,NA,485,"CO",2015,204,7,NA,-1.3,140,0
205,2015-07-24,0,0,1.524,7.72222222222222,14.8888888888889,8.38888888888889,32.7,NA,37.8,38.1,NA,485,"CO",2015,205,7,NA,-0.599999999999994,140,0
206,2015-07-25,0,0,0,4.61111111111111,18.6111111111111,10.3888888888889,34.7,NA,38.9,38.2,NA,485,"CO",2015,206,7,NA,2,140,0
207,2015-07-26,0,0,0,6.77777777777778,16.6111111111111,10.5,33.8,NA,38.7,38.2,NA,485,"CO",2015,207,7,NA,-0.900000000000006,140,0
208,2015-07-27,0,0,0,7.88888888888889,19.5,12.2777777777778,33.2,NA,38.1,38.1,NA,485,"CO",2015,208,7,NA,-0.599999999999994,140,0
209,2015-07-28,0,0,0,7.72222222222222,17.8888888888889,11.8888888888889,32.2,NA,37.7,38.1,NA,485,"CO",2015,209,7,NA,-1,140,0
210,2015-07-29,0,0,0,6.38888888888889,18.6111111111111,11.1111111111111,32,NA,36.8,38.2,NA,485,"CO",2015,210,7,NA,-0.200000000000003,140,0
211,2015-07-30,0,0,0,6.5,19.7777777777778,12.2777777777778,31.3,NA,36.4,38.2,NA,485,"CO",2015,211,7,NA,-0.699999999999999,140,0
212,2015-07-31,0,0,0,10,18.7777777777778,12,31,NA,36.2,38.2,NA,485,"CO",2015,212,7,NA,-0.300000000000001,140,0
213,2015-08-01,0,0,0,7.38888888888889,19.7777777777778,12.7777777777778,31.1,NA,36,38.2,NA,485,"CO",2015,213,8,NA,0.100000000000001,140,0
214,2015-08-02,0,0,0,9.38888888888889,16.2222222222222,10.6111111111111,30.8,NA,35.8,38.1,NA,485,"CO",2015,214,8,NA,-0.300000000000001,140,0
366,2016-01-01,17.272,81.28,0,-22.1111111111111,-7.61111111111111,-16.3888888888889,3,NA,18.4,9.6,NA,485,"CO",2016,1,1,212.5,0,133,0
367,2016-01-02,17.272,78.74,0.508,-16.3888888888889,-3.61111111111111,-10.7777777777778,2.7,NA,17.9,9.2,NA,485,"CO",2016,2,1,219.354838709677,-0.3,133,0
368,2016-01-03,17.78,78.74,0.254,-11.5,-1.38888888888889,-7.77777777777778,2.8,NA,17.9,9.4,NA,485,"CO",2016,3,1,225.806451612903,0.0999999999999996,133,0
369,2016-01-04,17.78,78.74,0,-8.88888888888889,-0.722222222222223,-6.22222222222222,2.7,NA,17.9,9.2,NA,485,"CO",2016,4,1,225.806451612903,-0.0999999999999996,133,0
370,2016-01-05,17.78,73.66,0,-7,-3,-7.77777777777778,3,NA,17.9,10,NA,485,"CO",2016,5,1,241.379310344828,0.3,133,0
371,2016-01-06,17.78,73.66,0.254,-9.61111111111111,-2.5,-7.61111111111111,3.4,NA,17.6,9.1,NA,485,"CO",2016,6,1,241.379310344828,0.4,133,0
372,2016-01-07,18.034,78.74,0.254,-8.61111111111111,-6.77777777777778,-9.38888888888889,2.2,NA,17.6,10.1,NA,485,"CO",2016,7,1,229.032258064516,-1.2,133,0
373,2016-01-08,18.288,78.74,0.254,-15,-8.22222222222222,-12.3888888888889,3.6,NA,17.6,9.2,NA,485,"CO",2016,8,1,232.258064516129,1.4,133,0
374,2016-01-09,18.288,78.74,0,-12.7222222222222,-10,-14,3.8,NA,17.4,9.3,NA,485,"CO",2016,9,1,232.258064516129,0.2,133,0
375,2016-01-10,18.288,83.82,0,-18.5,-13.1111111111111,-18.2777777777778,3.7,NA,17.5,8.8,NA,485,"CO",2016,10,1,218.181818181818,-0.0999999999999996,133,0
376,2016-01-11,18.288,83.82,0,-19.7222222222222,-8.77777777777778,-14.7777777777778,2.9,NA,17.4,9.9,NA,485,"CO",2016,11,1,218.181818181818,-0.8,133,0
377,2016-01-12,18.288,83.82,0,-16.6111111111111,-3.22222222222222,-11.3888888888889,2.4,NA,17.4,9.8,NA,485,"CO",2016,12,1,218.181818181818,-0.5,133,0
378,2016-01-13,18.288,81.28,0,-12.2777777777778,0.777777777777777,-7.61111111111111,2.3,NA,17.3,9.5,NA,485,"CO",2016,13,1,225,-0.1,133,0
379,2016-01-14,18.288,81.28,0.508,-6.38888888888889,-6.38888888888889,-10.8888888888889,3.6,NA,17.6,8.6,NA,485,"CO",2016,14,1,225,1.3,133,0
380,2016-01-15,19.05,88.9,0.508,-14,-9.77777777777778,-12.8888888888889,2.6,NA,17,9.4,NA,485,"CO",2016,15,1,214.285714285714,-1,133,0
381,2016-01-16,19.558,93.98,0.762,-15.5,-12.1111111111111,-14.3888888888889,3.3,NA,16.9,8.5,NA,485,"CO",2016,16,1,208.108108108108,0.7,133,0
382,2016-01-17,20.574,99.06,0.508,-12.7222222222222,-8.11111111111111,-11,3.5,NA,17.2,8.6,NA,485,"CO",2016,17,1,207.692307692308,0.2,133,0
383,2016-01-18,20.828,99.06,0.508,-12.1111111111111,-2,-8.11111111111111,3.4,NA,17,8,NA,485,"CO",2016,18,1,210.25641025641,-0.1,133,0
384,2016-01-19,21.336,104.14,0,-9.27777777777778,-5.22222222222222,-9.77777777777778,3,NA,17.1,8,NA,485,"CO",2016,19,1,204.878048780488,-0.4,133,0
385,2016-01-20,21.336,101.6,0.508,-11.6111111111111,-5.88888888888889,-11.7222222222222,3.3,NA,16.7,8.5,NA,485,"CO",2016,20,1,210,0.3,133,0
386,2016-01-21,22.098,111.76,0,-15.2222222222222,-9.38888888888889,-13.7222222222222,4,NA,16.9,9.3,NA,485,"CO",2016,21,1,197.727272727273,0.7,133,0
387,2016-01-22,22.098,109.22,0.254,-11.2222222222222,-0.277777777777778,-6.88888888888889,2.8,NA,17,8.7,NA,485,"CO",2016,22,1,202.325581395349,-1.2,133,0
388,2016-01-23,22.098,101.6,0,-8.38888888888889,2.38888888888889,-4.61111111111111,2.5,NA,16.9,7.7,NA,485,"CO",2016,23,1,217.5,-0.3,133,0
389,2016-01-24,22.098,101.6,0.508,-9.5,-4.11111111111111,-9.5,4.2,NA,17.4,9.4,NA,485,"CO",2016,24,1,217.5,1.7,133,0
390,2016-01-25,22.86,111.76,0,-13.1111111111111,-9.72222222222222,-14.2777777777778,4,NA,17.1,8.9,NA,485,"CO",2016,25,1,204.545454545455,-0.2,133,0
391,2016-01-26,22.86,104.14,0,-17,-9.11111111111111,-15.7777777777778,3.6,NA,16.7,9.2,NA,485,"CO",2016,26,1,219.512195121951,-0.4,133,0
392,2016-01-27,22.86,106.68,0,-14.2777777777778,-2.11111111111111,-8.61111111111111,3.8,NA,17.2,9.4,NA,485,"CO",2016,27,1,214.285714285714,0.2,133,0
393,2016-01-28,23.114,99.06,0.254,-10.5,-0.277777777777778,-6.72222222222222,4.2,NA,16.9,9.1,NA,485,"CO",2016,28,1,233.333333333333,0.4,133,0
394,2016-01-29,23.114,99.06,0.254,-6.72222222222222,-2.5,-6.11111111111111,4.2,NA,16.9,9.4,NA,485,"CO",2016,29,1,233.333333333333,0,133,0
395,2016-01-30,23.368,104.14,1.778,-3.5,0.999999999999998,-3.72222222222222,3.3,NA,16.9,8.6,NA,485,"CO",2016,30,1,224.390243902439,-0.9,133,0
396,2016-01-31,25.146,119.38,1.016,-9.72222222222222,-7.27777777777778,-9.5,4.5,NA,17.2,8.2,NA,485,"CO",2016,31,1,210.63829787234,1.2,133,0
397,2016-02-01,26.416,124.46,0.508,-8.38888888888889,-5.72222222222222,-10.2777777777778,3.6,NA,17.5,9,NA,485,"CO",2016,32,2,212.244897959184,-0.9,133,0
398,2016-02-02,26.924,132.08,0,-16.5,-13.7777777777778,-18.1111111111111,3.2,NA,17.4,8.1,NA,485,"CO",2016,33,2,203.846153846154,-0.4,133,0
399,2016-02-03,26.924,129.54,0,-21.2777777777778,-17.8888888888889,-21.2777777777778,4.6,NA,17,8,NA,485,"CO",2016,34,2,207.843137254902,1.4,133,0
400,2016-02-04,26.924,127,0.254,-25.2222222222222,-10.7222222222222,-17.3888888888889,4.2,NA,17.5,8.2,NA,485,"CO",2016,35,2,212,-0.399999999999999,133,0
401,2016-02-05,27.432,124.46,0,-16.7222222222222,-11.7222222222222,-16.3888888888889,3.2,NA,17,9.1,NA,485,"CO",2016,36,2,220.408163265306,-1,133,0
402,2016-02-06,27.432,127,0.254,-16.7777777777778,-3.61111111111111,-10.7222222222222,2.5,NA,17.7,9.3,NA,485,"CO",2016,37,2,216,-0.7,133,0
403,2016-02-07,27.686,121.92,0.254,-12.2777777777778,-4,-9.88888888888889,4.2,NA,17.5,7.7,NA,485,"CO",2016,38,2,227.083333333333,1.7,133,0
404,2016-02-08,27.686,119.38,0,-10.7777777777778,-2.5,-8.5,3.3,NA,17.4,7.5,NA,485,"CO",2016,39,2,231.914893617021,-0.9,133,0
405,2016-02-09,27.686,116.84,0,-11.5,0.499999999999999,-7.22222222222222,2.6,NA,17.4,8.1,NA,485,"CO",2016,40,2,236.95652173913,-0.7,133,0
406,2016-02-10,27.686,116.84,0,-9.77777777777778,3.72222222222222,-4.77777777777778,4.1,NA,17.2,9,NA,485,"CO",2016,41,2,236.95652173913,1.5,133,0
407,2016-02-11,27.686,114.3,0,-9.27777777777778,2.88888888888889,-4.22222222222222,3,NA,17,8.9,NA,485,"CO",2016,42,2,242.222222222222,-1.1,133,0
408,2016-02-12,27.686,114.3,0,-6.38888888888889,5.38888888888889,-2.22222222222222,3.1,NA,17.1,7.9,NA,485,"CO",2016,43,2,242.222222222222,0.1,133,0
409,2016-02-13,27.686,114.3,0,-4,4.5,-1.77777777777778,4,NA,17.2,8,NA,485,"CO",2016,44,2,242.222222222222,0.9,133,0
410,2016-02-14,27.686,111.76,0.762,-8.72222222222222,-3.61111111111111,-8,3.9,NA,16.9,8.1,NA,485,"CO",2016,45,2,247.727272727273,-0.1,133,0
411,2016-02-15,28.448,119.38,0.762,-8.72222222222222,-2.72222222222222,-5.88888888888889,4.4,NA,17.5,7.9,NA,485,"CO",2016,46,2,238.297872340426,0.5,133,0
412,2016-02-16,29.464,127,0,-5.38888888888889,0.722222222222221,-5.77777777777778,4.6,NA,17.2,8.2,NA,485,"CO",2016,47,2,232,0.199999999999999,133,0
413,2016-02-17,29.464,121.92,0,-9.5,7.11111111111111,-1.5,4.3,NA,17.2,7.4,NA,485,"CO",2016,48,2,241.666666666667,-0.3,133,0
414,2016-02-18,29.464,121.92,0.254,0.111111111111113,3.61111111111111,-0.88888888888889,4.8,NA,17.2,8,NA,485,"CO",2016,49,2,241.666666666667,0.5,133,0
415,2016-02-19,29.718,127,0,-9.5,3.27777777777778,-5.77777777777778,4,NA,17.6,8,NA,485,"CO",2016,50,2,234,-0.8,133,0
416,2016-02-20,29.718,124.46,0,-7.11111111111111,2.61111111111111,-4.22222222222222,2.2,NA,17.5,9.2,NA,485,"CO",2016,51,2,238.775510204082,-1.8,133,0
417,2016-02-21,29.718,121.92,0,-9.11111111111111,2.38888888888889,-4.72222222222222,4.2,NA,17.1,7.8,NA,485,"CO",2016,52,2,243.75,2,133,0
418,2016-02-22,29.718,121.92,0,-9.77777777777778,-4.88888888888889,-8.72222222222222,3.1,NA,17.2,9.1,NA,485,"CO",2016,53,2,243.75,-1.1,133,0
419,2016-02-23,29.718,121.92,0,-12,-6.77777777777778,-12.6111111111111,4.3,NA,17.5,8.4,NA,485,"CO",2016,54,2,243.75,1.2,133,0
420,2016-02-24,29.718,121.92,0,-17.7222222222222,-3.11111111111111,-11.8888888888889,2.6,NA,17,9.3,NA,485,"CO",2016,55,2,243.75,-1.7,133,0
421,2016-02-25,29.718,119.38,0.254,-13.7777777777778,0.611111111111112,-7.88888888888889,4.1,NA,17.6,8.2,NA,485,"CO",2016,56,2,248.936170212766,1.5,133,0
422,2016-02-26,29.972,119.38,0,-10.5,3.88888888888889,-4.77777777777778,3.1,NA,17.2,9.3,NA,485,"CO",2016,57,2,251.063829787234,-1,133,0
423,2016-02-27,29.972,116.84,0,-5.72222222222222,5.22222222222222,-2.22222222222222,4.7,NA,17.5,7.3,NA,485,"CO",2016,58,2,256.521739130435,1.6,133,0
424,2016-02-28,29.972,116.84,0,-4.61111111111111,2.38888888888889,-5.5,4.3,NA,17.7,8.6,NA,485,"CO",2016,59,2,256.521739130435,-0.4,133,0
425,2016-02-29,29.972,116.84,0.508,-8.72222222222222,0.499999999999999,-5.38888888888889,3.7,NA,17.1,9.1,NA,485,"CO",2016,60,2,256.521739130435,-0.6,133,0
426,2016-03-01,30.226,119.38,0,-8,0.222222222222221,-5.22222222222222,3.8,NA,17.1,7.5,NA,485,"CO",2016,61,3,253.191489361702,0.0999999999999996,133,0
427,2016-03-02,30.226,116.84,0.254,-6.72222222222222,-1.27777777777778,-4.72222222222222,3.7,NA,17.5,8.6,NA,485,"CO",2016,62,3,258.695652173913,-0.0999999999999996,133,0
428,2016-03-03,30.734,121.92,0.254,-7.77777777777778,4.5,-3.61111111111111,2.9,NA,17.6,8.8,NA,485,"CO",2016,63,3,252.083333333333,-0.8,133,0
429,2016-03-04,30.734,119.38,0,-4.11111111111111,3.77777777777778,-1.77777777777778,4,NA,17.1,7.7,NA,485,"CO",2016,64,3,257.446808510638,1.1,133,0
430,2016-03-05,30.734,119.38,0,-5.22222222222222,6.88888888888889,-0.88888888888889,4.6,NA,17.4,7.8,NA,485,"CO",2016,65,3,257.446808510638,0.6,133,0
431,2016-03-06,30.734,116.84,0,-2.61111111111111,3.61111111111111,-2.5,5.1,NA,17.1,7.8,NA,485,"CO",2016,66,3,263.04347826087,0.5,133,0
432,2016-03-07,30.734,114.3,0,-4.88888888888889,-3.22222222222222,-6.77777777777778,4.5,NA,17.4,7.4,NA,485,"CO",2016,67,3,268.888888888889,-0.6,133,0
433,2016-03-08,30.988,121.92,0,-9.77777777777778,-0.388888888888889,-9.72222222222222,4.4,NA,17.1,7.7,NA,485,"CO",2016,68,3,254.166666666667,-0.0999999999999996,133,0
434,2016-03-09,30.988,124.46,0.254,-12.6111111111111,-1.77777777777778,-8.72222222222222,5.2,NA,17.2,7.9,NA,485,"CO",2016,69,3,248.979591836735,0.8,133,0
435,2016-03-10,31.242,121.92,0.254,-12.2222222222222,6.88888888888889,-4.11111111111111,4.5,NA,17.6,7.2,NA,485,"CO",2016,70,3,256.25,-0.7,133,0
436,2016-03-11,31.242,121.92,0.254,-4,10.7222222222222,1.61111111111111,3.9,NA,17.6,8.4,NA,485,"CO",2016,71,3,256.25,-0.6,133,0
437,2016-03-12,31.496,119.38,0,0.499999999999999,4.5,-1.27777777777778,2.8,NA,17.3,8.8,NA,485,"CO",2016,72,3,263.829787234043,-1.1,133,0
438,2016-03-13,31.496,116.84,0,-6.27777777777778,3.72222222222222,-2.77777777777778,4.9,NA,17.3,8.1,NA,485,"CO",2016,73,3,269.565217391304,2.1,133,0
439,2016-03-14,31.496,119.38,1.016,-5,0.611111111111112,-5.22222222222222,4.8,NA,17.7,7.6,NA,485,"CO",2016,74,3,263.829787234043,-0.100000000000001,133,0
440,2016-03-15,32.766,134.62,0.762,-10.5,-7.88888888888889,-11.2777777777778,3.2,NA,17.3,8.4,NA,485,"CO",2016,75,3,243.396226415094,-1.6,133,0
441,2016-03-16,33.782,142.24,0.508,-11.5,-7.38888888888889,-10.7777777777778,4.5,NA,17.1,7.7,NA,485,"CO",2016,76,3,237.5,1.3,133,0
442,2016-03-17,34.544,142.24,0.508,-9.77777777777778,-2.72222222222222,-7.27777777777778,2.7,NA,18,8.4,NA,485,"CO",2016,77,3,242.857142857143,-1.8,133,0
443,2016-03-18,35.052,142.24,0,-11.2222222222222,-4.11111111111111,-10.2777777777778,5,NA,17.7,8.6,NA,485,"CO",2016,78,3,246.428571428571,2.3,133,1
444,2016-03-19,35.052,147.32,0,-14.3888888888889,-4.5,-11.5,5.7,NA,17.5,8.3,NA,485,"CO",2016,79,3,237.931034482759,0.7,133,0
445,2016-03-20,35.052,144.78,0.508,-15.2777777777778,3.27777777777778,-5.61111111111111,2.5,NA,17.3,9.3,NA,485,"CO",2016,80,3,242.105263157895,-3.2,133,0
446,2016-03-21,35.306,139.7,0.254,-6.72222222222222,8.38888888888889,0.999999999999998,3.7,NA,17.7,7.9,NA,485,"CO",2016,81,3,252.727272727273,1.2,133,0
447,2016-03-22,35.56,137.16,0.508,0.277777777777778,4.38888888888889,-1.38888888888889,5.1,NA,17.2,7.6,NA,485,"CO",2016,82,3,259.259259259259,1.4,133,0
448,2016-03-23,35.814,142.24,0.762,-7.61111111111111,-6.72222222222222,-9.5,3.9,NA,17.9,7.3,NA,485,"CO",2016,83,3,251.785714285714,-1.2,133,0
449,2016-03-24,37.592,165.1,0.508,-10.7222222222222,-4,-8.5,5.4,NA,17.6,8.3,NA,485,"CO",2016,84,3,227.692307692308,1.5,133,0
450,2016-03-25,37.846,157.48,0.508,-8.61111111111111,-4.77777777777778,-9.27777777777778,5.2,NA,17.4,7.6,NA,485,"CO",2016,85,3,240.322580645161,-0.2,133,0
451,2016-03-26,38.862,167.64,0.254,-17.2777777777778,-7.61111111111111,-13.2222222222222,4.4,NA,17.9,8.8,NA,485,"CO",2016,86,3,231.818181818182,-0.8,133,0
452,2016-03-27,39.116,162.56,0.254,-17.6111111111111,0.499999999999999,-9.72222222222222,3.7,NA,17.8,8.3,NA,485,"CO",2016,87,3,240.625,-0.7,133,0
453,2016-03-28,39.37,157.48,0.254,-8.27777777777778,4.61111111111111,-2.22222222222222,3.8,NA,17.5,8.5,NA,485,"CO",2016,88,3,250,0.0999999999999996,133,0
454,2016-03-29,39.37,154.94,0.254,-2.27777777777778,4,-3.22222222222222,4.4,NA,17.8,8.8,NA,485,"CO",2016,89,3,254.098360655738,0.600000000000001,133,0
455,2016-03-30,39.624,152.4,0,-11.3888888888889,-5.5,-10.2777777777778,4.7,NA,17.5,8.8,NA,485,"CO",2016,90,3,260,0.3,133,0
456,2016-03-31,40.132,157.48,0,-11.2222222222222,-3.77777777777778,-10.8888888888889,5.1,NA,17.4,7.7,NA,485,"CO",2016,91,3,254.838709677419,0.399999999999999,133,0
457,2016-04-01,40.132,157.48,0,-16.7777777777778,-3.72222222222222,-10.7777777777778,3.8,NA,17.8,7.6,NA,485,"CO",2016,92,4,254.838709677419,-1.3,133,0
458,2016-04-02,40.132,154.94,0.254,-13.1111111111111,4.5,-4.72222222222222,5.1,NA,17.8,8.1,NA,485,"CO",2016,93,4,259.016393442623,1.3,133,0
459,2016-04-03,40.386,152.4,0.254,-8.61111111111111,6.38888888888889,-1.5,4.3,NA,17.6,9.3,NA,485,"CO",2016,94,4,265,-0.8,133,0
460,2016-04-04,40.386,149.86,0,-4.38888888888889,8.72222222222222,0.999999999999998,5.4,NA,17.8,8,NA,485,"CO",2016,95,4,269.491525423729,1.1,133,0
461,2016-04-05,40.64,144.78,0.762,-0.722222222222223,1.5,-5.22222222222222,4.8,NA,17.8,8.7,NA,485,"CO",2016,96,4,280.701754385965,-0.600000000000001,133,0
462,2016-04-06,41.656,157.48,0.254,-12.2222222222222,4.61111111111111,-4.88888888888889,5.1,NA,17.7,8.8,NA,485,"CO",2016,97,4,264.516129032258,0.3,133,0
463,2016-04-07,41.91,152.4,0.254,-5.61111111111111,7.88888888888889,-0.722222222222223,4.4,NA,18,9.2,NA,485,"CO",2016,98,4,275,-0.699999999999999,133,0
464,2016-04-08,41.91,149.86,0,-3.72222222222222,7.88888888888889,1.27777777777778,5.7,NA,17.7,8.7,NA,485,"CO",2016,99,4,279.661016949152,1.3,133,0
465,2016-04-09,42.164,147.32,0.254,-1.22222222222222,5.5,-0.111111111111111,4,NA,18.1,7.8,NA,485,"CO",2016,100,4,286.206896551724,-1.7,133,0
466,2016-04-10,42.418,142.24,0,-2.11111111111111,6.22222222222222,-0.388888888888889,6.3,NA,18.2,8.4,NA,485,"CO",2016,101,4,298.214285714286,2.3,133,0
467,2016-04-11,42.418,147.32,0.254,-5.22222222222222,5.72222222222222,-0.777777777777777,5.5,NA,18.1,7.8,NA,485,"CO",2016,102,4,287.931034482759,-0.8,133,0
468,2016-04-12,42.672,144.78,0,-4.38888888888889,6.11111111111111,-0.611111111111112,3.8,NA,18.6,8.6,NA,485,"CO",2016,103,4,294.736842105263,-1.7,133,0
469,2016-04-13,42.672,142.24,0,-2,7.72222222222222,0.499999999999999,6.2,NA,18.3,8.4,NA,485,"CO",2016,104,4,300,2.4,133,0
470,2016-04-14,42.926,142.24,0.254,-1.5,8.72222222222222,1.5,5.6,NA,18.9,9.3,NA,485,"CO",2016,105,4,301.785714285714,-0.600000000000001,133,0
471,2016-04-15,42.926,142.24,2.286,0.499999999999999,3.88888888888889,-2.38888888888889,4.1,NA,18.8,8.8,NA,485,"CO",2016,106,4,301.785714285714,-1.5,133,0
472,2016-04-16,44.958,172.72,0.762,-6.61111111111111,-4.27777777777778,-7.27777777777778,5.9,NA,18.9,9.5,NA,485,"CO",2016,107,4,260.294117647059,1.8,133,0
473,2016-04-17,46.482,177.8,0.254,-9.27777777777778,-1,-7.22222222222222,4.7,NA,19,9.6,NA,485,"CO",2016,108,4,261.428571428571,-1.2,133,0
474,2016-04-18,46.736,165.1,1.016,-9.38888888888889,-1.22222222222222,-6.5,6.5,NA,19.1,9.3,NA,485,"CO",2016,109,4,283.076923076923,1.8,133,0
475,2016-04-19,47.498,180.34,0.508,-7.61111111111111,0,-5.38888888888889,5.9,NA,19.5,9.5,NA,485,"CO",2016,110,4,263.380281690141,-0.6,133,0
476,2016-04-20,48.006,172.72,0,-6.22222222222222,3.61111111111111,-2.77777777777778,6.4,NA,19.3,9.7,NA,485,"CO",2016,111,4,277.941176470588,0.5,133,0
477,2016-04-21,48.006,170.18,0,-5.77777777777778,9.88888888888889,-0.222222222222221,7.3,NA,19.6,9.4,NA,485,"CO",2016,112,4,282.089552238806,0.899999999999999,133,0
478,2016-04-22,48.006,165.1,0,-3.11111111111111,12.1111111111111,3.88888888888889,6.3,NA,19.4,7.8,NA,485,"CO",2016,113,4,290.769230769231,-1,133,0
479,2016-04-23,47.752,157.48,0.254,0.611111111111112,11,1.61111111111111,4.7,NA,19.5,9,NA,485,"CO",2016,114,4,303.225806451613,-1.6,133,0
480,2016-04-24,48.006,154.94,0.254,-6.22222222222222,3.72222222222222,-2.22222222222222,7.2,NA,19.7,7.9,NA,485,"CO",2016,115,4,309.83606557377,2.5,133,0
481,2016-04-25,48.006,157.48,0.508,-4.72222222222222,8.88888888888889,0.388888888888891,7.7,NA,19.7,8.1,NA,485,"CO",2016,116,4,304.838709677419,0.5,133,0
482,2016-04-26,48.514,157.48,0.254,-6.22222222222222,0.611111111111112,-5.72222222222222,5.8,NA,20,7.8,NA,485,"CO",2016,117,4,308.064516129032,-1.9,133,0
483,2016-04-27,48.768,162.56,0.254,-6.72222222222222,1.22222222222222,-4.22222222222222,5.9,NA,19.6,7.7,NA,485,"CO",2016,118,4,300,0.100000000000001,133,0
484,2016-04-28,48.768,160.02,0.254,-4.38888888888889,3.27777777777778,-2.27777777777778,7,NA,19.8,8.4,NA,485,"CO",2016,119,4,304.761904761905,1.1,133,0
485,2016-04-29,49.022,157.48,1.016,-4.72222222222222,0.277777777777778,-4.22222222222222,7.2,NA,19.5,8.2,NA,485,"CO",2016,120,4,311.290322580645,0.2,133,0
486,2016-04-30,49.784,167.64,0,-6.11111111111111,-2.22222222222222,-5.72222222222222,9.4,NA,19.9,9.2,NA,485,"CO",2016,121,4,296.969696969697,2.2,133,0
487,2016-05-01,50.038,172.72,0,-10.6111111111111,0,-6.38888888888889,8.5,NA,20,8.2,NA,485,"CO",2016,122,5,289.705882352941,-0.9,133,0
488,2016-05-02,50.038,165.1,0.254,-8.72222222222222,5,-2.38888888888889,7.6,NA,19.5,9.9,NA,485,"CO",2016,123,5,303.076923076923,-0.9,133,0
489,2016-05-03,50.038,162.56,0,-5.38888888888889,8.5,0,8.6,NA,19.6,9.8,NA,485,"CO",2016,124,5,307.8125,1,133,0
490,2016-05-04,49.784,157.48,0,-2.5,12.3888888888889,4,7.9,NA,19.9,8.3,NA,485,"CO",2016,125,5,316.129032258065,-0.699999999999999,133,0
491,2016-05-05,49.276,154.94,0,0.777777777777777,14.6111111111111,6.11111111111111,9,NA,20.2,8.2,NA,485,"CO",2016,126,5,318.032786885246,1.1,133,0
492,2016-05-06,48.514,149.86,0,4.22222222222222,12.6111111111111,6.5,10,NA,19.9,8.2,NA,485,"CO",2016,127,5,323.728813559322,1,133,0
493,2016-05-07,47.752,147.32,0.254,3.77777777777778,8.61111111111111,0.499999999999999,12.4,NA,20.2,9.9,NA,485,"CO",2016,128,5,324.137931034483,2.4,133,0
494,2016-05-08,48.006,147.32,0.254,-4.72222222222222,3.72222222222222,-1.77777777777778,17.6,NA,21.5,10.3,NA,485,"CO",2016,129,5,325.862068965517,5.2,133,0
495,2016-05-09,48.006,147.32,1.016,-3.38888888888889,3.61111111111111,-0.722222222222223,16.9,NA,21.9,12.8,NA,485,"CO",2016,130,5,325.862068965517,-0.700000000000003,133,0
496,2016-05-10,49.022,152.4,1.016,-0.777777777777777,4.5,-1,18.9,NA,22.7,10.4,NA,485,"CO",2016,131,5,321.666666666667,2,133,0
497,2016-05-11,50.292,160.02,0,-7.22222222222222,4.72222222222222,-2.72222222222222,18.4,NA,22.6,11.4,NA,485,"CO",2016,132,5,314.285714285714,-0.5,133,0
498,2016-05-12,50.546,157.48,0.254,-6,9.72222222222222,0.999999999999998,18.1,NA,23.1,13.1,NA,485,"CO",2016,133,5,320.967741935484,-0.299999999999997,133,0
499,2016-05-13,50.292,152.4,0,-1.5,12.7777777777778,4.61111111111111,18.3,NA,23.2,13.3,NA,485,"CO",2016,134,5,330,0.199999999999999,133,0
500,2016-05-14,49.784,147.32,0,0.388888888888891,13.8888888888889,5.5,21.1,NA,23.4,11.6,NA,485,"CO",2016,135,5,337.931034482759,2.8,133,0
501,2016-05-15,49.276,144.78,0.508,1.61111111111111,9.22222222222222,2.22222222222222,22.1,NA,23.9,22.2,NA,485,"CO",2016,136,5,340.350877192982,1,133,0
502,2016-05-16,49.276,144.78,0.254,-2.5,7.22222222222222,0.499999999999999,23.1,NA,24.3,33.5,NA,485,"CO",2016,137,5,340.350877192982,1,133,0
503,2016-05-17,49.53,144.78,0,-1.77777777777778,4.77777777777778,-0.222222222222221,23,NA,25.4,33.2,NA,485,"CO",2016,138,5,342.105263157895,-0.100000000000001,133,0
504,2016-05-18,49.022,144.78,1.27,-2.88888888888889,9,1.22222222222222,22.6,NA,27.5,33.1,NA,485,"CO",2016,139,5,338.59649122807,-0.399999999999999,133,0
505,2016-05-19,49.53,149.86,0,-1.77777777777778,9.61111111111111,2.5,24.3,NA,31.1,32.5,NA,485,"CO",2016,140,5,330.508474576271,1.7,133,0
506,2016-05-20,49.022,139.7,0,-0.222222222222221,12.7222222222222,5.61111111111111,23.6,NA,32.9,31.1,NA,485,"CO",2016,141,5,350.909090909091,-0.699999999999999,133,0
507,2016-05-21,48.514,139.7,0,4.72222222222222,14.3888888888889,7.61111111111111,24.8,NA,38.8,31.7,NA,485,"CO",2016,142,5,347.272727272727,1.2,133,0
508,2016-05-22,47.244,132.08,0,2,12.6111111111111,4.77777777777778,27,NA,38.9,31.6,NA,485,"CO",2016,143,5,357.692307692308,2.2,133,0
509,2016-05-23,45.974,127,0,-2.11111111111111,8.88888888888889,2.38888888888889,36.4,NA,38.9,31.6,NA,485,"CO",2016,144,5,362,9.4,133,0
510,2016-05-24,45.72,127,0,-1.27777777777778,12.7777777777778,4.72222222222222,32.4,NA,39,31.2,NA,485,"CO",2016,145,5,360,-4,133,0
511,2016-05-25,45.212,121.92,0,0.499999999999999,9.61111111111111,2.88888888888889,40.4,NA,39,31.2,NA,485,"CO",2016,146,5,370.833333333333,8,133,0
512,2016-05-26,44.45,119.38,0.508,-2,8,0.722222222222221,41.2,NA,39.1,31.3,NA,485,"CO",2016,147,5,372.340425531915,0.800000000000004,133,0
513,2016-05-27,43.18,121.92,0.508,-1.77777777777778,3.27777777777778,-1,40.5,NA,39.1,31.1,NA,485,"CO",2016,148,5,354.166666666667,-0.700000000000003,133,0
514,2016-05-28,43.942,121.92,0,-4,8.72222222222222,0.999999999999998,37.8,NA,39.2,28.3,NA,485,"CO",2016,149,5,360.416666666667,-2.7,133,0
515,2016-05-29,43.688,119.38,0,-0.611111111111112,13,4.11111111111111,39,NA,39.3,28.7,NA,485,"CO",2016,150,5,365.957446808511,1.2,133,0
516,2016-05-30,43.18,116.84,0,0.499999999999999,12.3888888888889,4.72222222222222,41.3,NA,39.3,28.8,NA,485,"CO",2016,151,5,369.565217391304,2.3,133,0
517,2016-05-31,42.418,111.76,0.254,-0.722222222222223,11.5,4,41.4,NA,39.4,28.7,NA,485,"CO",2016,152,5,379.545454545455,0.100000000000001,133,0
518,2016-06-01,41.402,106.68,0,1.11111111111111,12.8888888888889,5.61111111111111,41.5,NA,39.4,29,NA,485,"CO",2016,153,6,388.095238095238,0.100000000000001,133,0
519,2016-06-02,39.37,104.14,0,0.722222222222221,14,6.72222222222222,41.7,NA,39.4,29.2,NA,485,"CO",2016,154,6,378.048780487805,0.200000000000003,133,0
520,2016-06-03,37.084,99.06,0,3.61111111111111,14.2222222222222,7.77777777777778,41.9,NA,39.4,29.3,NA,485,"CO",2016,155,6,374.358974358974,0.199999999999996,133,0
521,2016-06-04,34.29,88.9,0,3.72222222222222,17.6111111111111,9.11111111111111,42.1,NA,39.5,29.4,NA,485,"CO",2016,156,6,385.714285714286,0.200000000000003,133,0
522,2016-06-05,31.75,83.82,0,4.88888888888889,17.3888888888889,9.61111111111111,42.1,NA,39.5,29.6,NA,485,"CO",2016,157,6,378.787878787879,0,133,0
523,2016-06-06,28.702,76.2,0,4.72222222222222,18.3888888888889,8.88888888888889,42.3,NA,39.5,29.7,NA,485,"CO",2016,158,6,376.666666666667,0.199999999999996,133,0
524,2016-06-07,27.178,68.58,0,4.11111111111111,18.2777777777778,9.5,42.4,NA,39.5,29.7,NA,485,"CO",2016,159,6,396.296296296296,0.100000000000001,133,0
525,2016-06-08,25.4,58.42,0,4.5,15.3888888888889,8.22222222222222,42.4,NA,39.5,29.7,NA,485,"CO",2016,160,6,434.782608695652,0,133,0
526,2016-06-09,23.368,55.88,0.254,2.88888888888889,17.3888888888889,9.11111111111111,42.4,NA,39.5,29.7,NA,485,"CO",2016,161,6,418.181818181818,0,133,0
527,2016-06-10,20.828,48.26,0,7.11111111111111,19.7222222222222,12.3888888888889,42.5,NA,39.5,29.8,NA,485,"CO",2016,162,6,431.578947368421,0.100000000000001,133,0
528,2016-06-11,17.526,35.56,0,6.5,19.8888888888889,10.8888888888889,42.5,NA,39.5,30.1,NA,485,"CO",2016,163,6,492.857142857143,0,133,0
529,2016-06-12,14.732,27.94,0,4.61111111111111,17.6111111111111,8.5,42.5,NA,39.5,30.1,NA,485,"CO",2016,164,6,527.272727272727,0,133,0
530,2016-06-13,12.7,20.32,0.254,5.5,15.2222222222222,6.5,42.7,NA,39.5,30.2,NA,485,"CO",2016,165,6,625,0.200000000000003,133,0
531,2016-06-14,10.16,17.78,0,0.277777777777778,13.2777777777778,5.22222222222222,42.7,NA,39.5,30,NA,485,"CO",2016,166,6,571.428571428571,0,133,0
532,2016-06-15,7.874,15.24,0,2.27777777777778,19.2222222222222,10.6111111111111,42.7,NA,39.5,30.1,NA,485,"CO",2016,167,6,516.666666666667,0,133,0
533,2016-06-16,4.572,10.16,0,5.88888888888889,18.2777777777778,10.6111111111111,42.8,NA,39.6,30,NA,485,"CO",2016,168,6,450,0.0999999999999943,133,0
534,2016-06-17,2.794,7.62,0,4.72222222222222,20,11.2222222222222,42.9,NA,39.6,30.2,NA,485,"CO",2016,169,6,366.666666666667,0.100000000000001,133,0
535,2016-06-18,2.032,5.08,0,5.61111111111111,22.2222222222222,13.2777777777778,42.7,NA,39.6,30.6,NA,485,"CO",2016,170,6,400,-0.199999999999996,133,0
536,2016-06-19,1.016,2.54,0,7.88888888888889,22.2222222222222,14.7222222222222,41.6,NA,39.6,31.2,NA,485,"CO",2016,171,6,400,-1.1,133,0
537,2016-06-20,0,0,0.254,10.7222222222222,23.3888888888889,14.8888888888889,41.2,NA,39.6,31.9,NA,485,"CO",2016,172,6,NA,-0.399999999999999,133,0
538,2016-06-21,0,0,0,9.72222222222222,22,14.7222222222222,41.7,NA,39.6,32.4,NA,485,"CO",2016,173,6,NA,0.5,133,0
539,2016-06-22,0,0,1.016,10,20.2777777777778,11.3888888888889,40.5,NA,39.6,32.2,NA,485,"CO",2016,174,6,NA,-1.2,133,0
540,2016-06-23,0,0,0,5.61111111111111,18.3888888888889,10.2222222222222,42.5,NA,39.6,32.6,NA,485,"CO",2016,175,6,NA,2,133,0
541,2016-06-24,0,0,0,6.61111111111111,18.8888888888889,12,41,NA,39.6,33,NA,485,"CO",2016,176,6,NA,-1.5,133,0
542,2016-06-25,0,0,0,7.22222222222222,18.5,12,39.1,NA,39.6,33.1,NA,485,"CO",2016,177,6,NA,-1.9,133,0
543,2016-06-26,0,0,0,7.22222222222222,19.1111111111111,12,37.6,NA,39.6,31,NA,485,"CO",2016,178,6,NA,-1.5,133,0
544,2016-06-27,0,0,0,5.61111111111111,19.8888888888889,12.7777777777778,36.5,NA,39.6,31.2,NA,485,"CO",2016,179,6,NA,-1.1,133,0
545,2016-06-28,0,0,0,8.88888888888889,21,13,35.4,NA,39.6,29.4,NA,485,"CO",2016,180,6,NA,-1.1,133,0
546,2016-06-29,0,0,0,8.11111111111111,18.5,11,34.8,NA,39.4,29.6,NA,485,"CO",2016,181,6,NA,-0.600000000000001,133,0
547,2016-06-30,0,0,0.508,6.22222222222222,15.2777777777778,9.22222222222222,34.5,NA,39.3,29.6,NA,485,"CO",2016,182,6,NA,-0.299999999999997,133,0
548,2016-07-01,0,0,1.27,7.5,11.7777777777778,8.22222222222222,35.5,NA,39.6,29.7,NA,485,"CO",2016,183,7,NA,1,133,0
549,2016-07-02,0,0,0.254,6.22222222222222,13.1111111111111,7.72222222222222,41.8,NA,39.6,30,NA,485,"CO",2016,184,7,NA,6.3,133,0
550,2016-07-03,0,0,0,6.11111111111111,15.8888888888889,8.5,41,NA,39.6,30.1,NA,485,"CO",2016,185,7,NA,-0.799999999999997,133,0
551,2016-07-04,0,0,0,3.77777777777778,17.6111111111111,10.3888888888889,37.5,NA,39.6,30,NA,485,"CO",2016,186,7,NA,-3.5,133,0
552,2016-07-05,0,0,0,6.77777777777778,19,11.2222222222222,36.1,NA,39.6,30,NA,485,"CO",2016,187,7,NA,-1.4,133,0
553,2016-07-06,0,0,0,6.61111111111111,18.7222222222222,12.2777777777778,35.2,NA,39.4,30,NA,485,"CO",2016,188,7,NA,-0.899999999999999,133,0
554,2016-07-07,0,0,0,8,18.8888888888889,12.1111111111111,34.2,NA,38.4,30,NA,485,"CO",2016,189,7,NA,-1,133,0
555,2016-07-08,0,0,0,7.72222222222222,20.5,12.7222222222222,33.3,NA,38.1,30.1,NA,485,"CO",2016,190,7,NA,-0.900000000000006,133,0
556,2016-07-09,0,0,0,8,21.1111111111111,13.6111111111111,32.7,NA,37.7,30,NA,485,"CO",2016,191,7,NA,-0.599999999999994,133,0
557,2016-07-10,0,0,0,8.88888888888889,21.2222222222222,14.8888888888889,32.5,NA,36.9,30,NA,485,"CO",2016,192,7,NA,-0.200000000000003,133,0
558,2016-07-11,0,0,0,11.8888888888889,17.2222222222222,10.8888888888889,31.8,NA,36.8,30.2,NA,485,"CO",2016,193,7,NA,-0.699999999999999,133,0
559,2016-07-12,0,0,0,4.61111111111111,18.7222222222222,11.3888888888889,31.4,NA,36.5,30.2,NA,485,"CO",2016,194,7,NA,-0.400000000000002,133,0
560,2016-07-13,0,0,0,8.88888888888889,19.2222222222222,12.3888888888889,30.9,NA,36.3,30.3,NA,485,"CO",2016,195,7,NA,-0.5,133,0
561,2016-07-14,0,0,0,5.61111111111111,18.6111111111111,11.6111111111111,30.5,NA,36,30.2,NA,485,"CO",2016,196,7,NA,-0.399999999999999,133,0
562,2016-07-15,0,0,0,6.38888888888889,19,12,29.8,NA,35.8,30.2,NA,485,"CO",2016,197,7,NA,-0.699999999999999,133,0
563,2016-07-16,0,0,0,7.11111111111111,20.6111111111111,13.7777777777778,29.6,NA,35.4,30.5,NA,485,"CO",2016,198,7,NA,-0.199999999999999,133,0
564,2016-07-17,0,0,0,8.72222222222222,21.2222222222222,14.1111111111111,28.5,NA,35.3,30.5,NA,485,"CO",2016,199,7,NA,-1.1,133,0
565,2016-07-18,0,0,0,9.88888888888889,19.1111111111111,11.8888888888889,27.2,NA,35,30.3,NA,485,"CO",2016,200,7,NA,-1.3,133,0
566,2016-07-19,0,0,0.254,9,18,11.1111111111111,27.5,NA,35,30,NA,485,"CO",2016,201,7,NA,0.300000000000001,133,0
567,2016-07-20,0,0,0,7,19.3888888888889,11.3888888888889,27.9,NA,35.1,30.2,NA,485,"CO",2016,202,7,NA,0.399999999999999,133,0
568,2016-07-21,0,0,0.762,7,19.8888888888889,10.6111111111111,27.4,NA,35.1,30,NA,485,"CO",2016,203,7,NA,-0.5,133,0
569,2016-07-22,0,0,0,7.77777777777778,19,11.1111111111111,29.5,NA,35.6,31.5,NA,485,"CO",2016,204,7,NA,2.1,133,0
570,2016-07-23,0,0,0,7.22222222222222,21.1111111111111,12.8888888888889,29,NA,35.1,31.3,NA,485,"CO",2016,205,7,NA,-0.5,133,0
571,2016-07-24,0,0,0.508,10,20.8888888888889,12.1111111111111,27.8,NA,34.8,29.3,NA,485,"CO",2016,206,7,NA,-1.2,133,0
572,2016-07-25,0,0,0,9.22222222222222,18.6111111111111,12.8888888888889,27.9,NA,35.1,29.3,NA,485,"CO",2016,207,7,NA,0.0999999999999979,133,0
573,2016-07-26,0,0,0,9.72222222222222,16.2777777777778,11,26.5,NA,34.7,27.5,NA,485,"CO",2016,208,7,NA,-1.4,133,0
574,2016-07-27,0,0,0,6.38888888888889,20.5,12.7777777777778,25.2,NA,34.4,26.7,NA,485,"CO",2016,209,7,NA,-1.3,133,0
575,2016-07-28,0,0,0,9,20.2222222222222,13.7222222222222,24.6,NA,34,26.2,NA,485,"CO",2016,210,7,NA,-0.599999999999998,133,0
576,2016-07-29,0,0,0,8.77777777777778,19.6111111111111,13,22.8,NA,33.6,25,NA,485,"CO",2016,211,7,NA,-1.8,133,0
577,2016-07-30,0,0,0,9.38888888888889,21,13.7777777777778,20.9,NA,33.3,25,NA,485,"CO",2016,212,7,NA,-1.9,133,0
578,2016-07-31,0,0,0.762,9,17.2222222222222,10.3888888888889,18,NA,32.3,24.4,NA,485,"CO",2016,213,7,NA,-2.9,133,0
579,2016-08-01,0,0,0,5.72222222222222,19.7777777777778,12.1111111111111,16.6,NA,32.7,25.2,NA,485,"CO",2016,214,8,NA,-1.4,133,0
580,2016-08-02,0,0,0.254,10.3888888888889,21.1111111111111,12.3888888888889,15.2,NA,32,24,NA,485,"CO",2016,215,8,NA,-1.4,133,0
732,2017-01-01,18.288,76.2,0,-14.2777777777778,-4.5,-10.3888888888889,4,NA,16.6,8.1,NA,485,"CO",2017,1,1,240,0,143,0
733,2017-01-02,18.288,73.66,0.254,-13.2777777777778,-5.27777777777778,-9.38888888888889,3.3,NA,16.3,8.5,NA,485,"CO",2017,2,1,248.275862068966,-0.7,143,0
734,2017-01-03,18.288,73.66,0.254,-10.2222222222222,-8.77777777777778,-10.2777777777778,3.6,NA,16.3,9.1,NA,485,"CO",2017,3,1,248.275862068966,0.3,143,0
735,2017-01-04,18.542,71.12,1.524,-11,-5.72222222222222,-7.77777777777778,4.8,NA,15.7,8.6,NA,485,"CO",2017,4,1,260.714285714286,1.2,143,0
736,2017-01-05,20.066,81.28,1.27,-7.11111111111111,-6.72222222222222,-13.7222222222222,4.2,NA,16.3,9,NA,485,"CO",2017,5,1,246.875,-0.6,143,0
737,2017-01-06,21.59,101.6,0,-21.2777777777778,-17,-22.2777777777778,3.4,NA,16.2,8,NA,485,"CO",2017,6,1,212.5,-0.8,143,0
738,2017-01-07,21.59,99.06,0.508,-21.7222222222222,-6.38888888888889,-12.7222222222222,4.3,NA,16.4,8.8,NA,485,"CO",2017,7,1,217.948717948718,0.9,143,0
739,2017-01-08,22.098,93.98,1.778,-6.77777777777778,-1,-3.88888888888889,4.2,NA,15.8,7.9,NA,485,"CO",2017,8,1,235.135135135135,-0.0999999999999996,143,0
740,2017-01-09,23.876,106.68,2.286,-1.77777777777778,-0.611111111111112,-3.11111111111111,3.2,NA,15.8,9.1,NA,485,"CO",2017,9,1,223.809523809524,-1,143,0
741,2017-01-10,26.67,134.62,0.762,-9.5,-6.38888888888889,-8.72222222222222,4.3,NA,15.9,9,NA,485,"CO",2017,10,1,198.11320754717,1.1,143,0
742,2017-01-11,27.432,132.08,1.016,-7.77777777777778,-4,-7.27777777777778,4,NA,15.9,9.4,NA,485,"CO",2017,11,1,207.692307692308,-0.3,143,0
743,2017-01-12,28.702,142.24,0.254,-9.72222222222222,-4.61111111111111,-8,4.7,NA,16.1,9.2,NA,485,"CO",2017,12,1,201.785714285714,0.7,143,0
744,2017-01-13,28.956,137.16,0,-8.72222222222222,-2.77777777777778,-7,4.7,NA,16.3,8.4,NA,485,"CO",2017,13,1,211.111111111111,0,143,0
745,2017-01-14,28.956,129.54,0.254,-10.3888888888889,-1.61111111111111,-6.88888888888889,4.8,NA,16.3,8.3,NA,485,"CO",2017,14,1,223.529411764706,0.0999999999999996,143,0
746,2017-01-15,29.21,121.92,0,-7.27777777777778,-0.722222222222223,-4.88888888888889,4.9,NA,16.4,9,NA,485,"CO",2017,15,1,239.583333333333,0.100000000000001,143,0
747,2017-01-16,29.21,119.38,0,-6.27777777777778,-4.22222222222222,-6.72222222222222,4.6,NA,16.7,8.4,NA,485,"CO",2017,16,1,244.68085106383,-0.300000000000001,143,0
748,2017-01-17,29.21,121.92,0,-8.38888888888889,-3.61111111111111,-9.27777777777778,4.2,NA,16.7,8.9,NA,485,"CO",2017,17,1,239.583333333333,-0.399999999999999,143,0
749,2017-01-18,29.21,116.84,0,-12.2222222222222,-2.11111111111111,-9.72222222222222,3.5,NA,16.8,9.5,NA,485,"CO",2017,18,1,250,-0.7,143,0
750,2017-01-19,29.21,111.76,0,-12.2222222222222,-0.611111111111112,-8.27777777777778,4.8,NA,16.8,7.9,NA,485,"CO",2017,19,1,261.363636363636,1.3,143,0
751,2017-01-20,29.718,119.38,0.508,-8.5,-5.38888888888889,-10.6111111111111,3.9,NA,17,9.3,NA,485,"CO",2017,20,1,248.936170212766,-0.9,143,0
752,2017-01-21,29.972,119.38,0.508,-14.8888888888889,-4.5,-10.7222222222222,4.2,NA,16.7,9.4,NA,485,"CO",2017,21,1,251.063829787234,0.3,143,0
753,2017-01-22,30.48,121.92,0.254,-12.2777777777778,-6.88888888888889,-11.1111111111111,3.4,NA,16.9,8.6,NA,485,"CO",2017,22,1,250,-0.8,143,0
754,2017-01-23,30.988,132.08,1.016,-7.27777777777778,-2.5,-7.61111111111111,4.9,NA,16.9,9.2,NA,485,"CO",2017,23,1,234.615384615385,1.5,143,0
755,2017-01-24,31.75,137.16,0,-13,-10.7222222222222,-15.2777777777778,5,NA,16.9,9.7,NA,485,"CO",2017,24,1,231.481481481481,0.0999999999999996,143,0
756,2017-01-25,31.75,134.62,0,-21.2222222222222,-14.7777777777778,-19.2222222222222,4.6,NA,17.3,8,NA,485,"CO",2017,25,1,235.849056603774,-0.4,143,0
757,2017-01-26,31.75,132.08,0,-23.5,-16.3888888888889,-21.7777777777778,3.2,NA,17.2,9,NA,485,"CO",2017,26,1,240.384615384615,-1.4,143,0
758,2017-01-27,31.75,124.46,0,-25,-12,-20,4.4,NA,17,9.5,NA,485,"CO",2017,27,1,255.102040816327,1.2,143,0
759,2017-01-28,31.75,124.46,0.508,-18.7777777777778,-8.11111111111111,-13.2777777777778,3.7,NA,17.5,9.2,NA,485,"CO",2017,28,1,255.102040816327,-0.7,143,0
760,2017-01-29,32.004,121.92,0,-13.3888888888889,-2.72222222222222,-9,3.4,NA,17.4,8.5,NA,485,"CO",2017,29,1,262.5,-0.3,143,0
761,2017-01-30,32.004,119.38,0.254,-11.2777777777778,-1.38888888888889,-7.88888888888889,4.7,NA,17,8.3,NA,485,"CO",2017,30,1,268.085106382979,1.3,143,0
762,2017-01-31,32.258,116.84,0,-8.88888888888889,0.777777777777777,-6.11111111111111,3.5,NA,17,8.8,NA,485,"CO",2017,31,1,276.086956521739,-1.2,143,0
763,2017-02-01,32.258,116.84,0.254,-7.77777777777778,1.27777777777778,-4.27777777777778,3.7,NA,16.6,9,NA,485,"CO",2017,32,2,276.086956521739,0.2,143,0
764,2017-02-02,32.258,116.84,0.508,-6.22222222222222,-3.22222222222222,-6.5,5,NA,16.3,9.4,NA,485,"CO",2017,33,2,276.086956521739,1.3,143,0
765,2017-02-03,32.766,116.84,0,-8,0.111111111111113,-5.61111111111111,3.4,NA,17,8.3,NA,485,"CO",2017,34,2,280.434782608696,-1.6,143,0
766,2017-02-04,32.766,116.84,0,-6.72222222222222,-2.11111111111111,-5.77777777777778,5.2,NA,16.6,8.6,NA,485,"CO",2017,35,2,280.434782608696,1.8,143,0
767,2017-02-05,32.766,119.38,0,-8.27777777777778,0.722222222222221,-5.22222222222222,4.3,NA,16.8,8.9,NA,485,"CO",2017,36,2,274.468085106383,-0.9,143,0
768,2017-02-06,32.766,116.84,0,-7.61111111111111,-2.72222222222222,-5.5,4.6,NA,16.6,8.2,NA,485,"CO",2017,37,2,280.434782608696,0.3,143,0
769,2017-02-07,33.02,114.3,1.016,-6.72222222222222,-1.77777777777778,-4.11111111111111,5.1,NA,16.9,8.3,NA,485,"CO",2017,38,2,288.888888888889,0.5,143,0
770,2017-02-08,34.036,124.46,0.762,-3.77777777777778,-0.777777777777777,-4.11111111111111,4.9,NA,16.5,8.1,NA,485,"CO",2017,39,2,273.469387755102,-0.199999999999999,143,0
771,2017-02-09,34.29,127,0,-1.77777777777778,4.72222222222222,1.22222222222222,3.6,NA,16.7,8.8,NA,485,"CO",2017,40,2,270,-1.3,143,0
772,2017-02-10,34.29,124.46,0,1.38888888888889,6.88888888888889,1.61111111111111,3.9,NA,16.5,8.5,NA,485,"CO",2017,41,2,275.510204081633,0.3,143,0
773,2017-02-11,34.29,119.38,0.254,0.277777777777778,2.27777777777778,-2.27777777777778,5.6,NA,16.4,8,NA,485,"CO",2017,42,2,287.234042553192,1.7,143,0
774,2017-02-12,34.544,124.46,0,-6.61111111111111,1.38888888888889,-3.72222222222222,3.2,NA,16.7,9.7,NA,485,"CO",2017,43,2,277.551020408163,-2.4,143,0
775,2017-02-13,34.544,124.46,0,-5.77777777777778,-1.22222222222222,-5.5,5.3,NA,17.1,7.9,NA,485,"CO",2017,44,2,277.551020408163,2.1,143,0
776,2017-02-14,34.544,124.46,0,-12.2777777777778,-2,-9.72222222222222,4.4,NA,16.8,7.8,NA,485,"CO",2017,45,2,277.551020408163,-0.899999999999999,143,0
777,2017-02-15,34.544,121.92,0,-13.2222222222222,2.27777777777778,-6.38888888888889,3.9,NA,16.8,9.5,NA,485,"CO",2017,46,2,283.333333333333,-0.5,143,0
778,2017-02-16,34.544,121.92,0.254,-8.22222222222222,5.61111111111111,-3.72222222222222,5.9,NA,17.3,8,NA,485,"CO",2017,47,2,283.333333333333,2,143,0
779,2017-02-17,34.544,119.38,0,-8.22222222222222,3.5,-3,5.5,NA,17.4,8.4,NA,485,"CO",2017,48,2,289.36170212766,-0.4,143,0
780,2017-02-18,34.798,116.84,0,-2.72222222222222,4.22222222222222,-1.38888888888889,4.5,NA,17.2,8.2,NA,485,"CO",2017,49,2,297.826086956522,-1,143,0
781,2017-02-19,34.798,116.84,1.27,-2.27777777777778,1.72222222222222,-3.77777777777778,3.7,NA,17.6,9.3,NA,485,"CO",2017,50,2,297.826086956522,-0.8,143,0
782,2017-02-20,36.068,134.62,0,-7.77777777777778,-0.777777777777777,-7,5.7,NA,17.6,8.3,NA,485,"CO",2017,51,2,267.924528301887,2,143,0
783,2017-02-21,36.068,132.08,0,-5.77777777777778,4,-1.5,3.8,NA,17.3,9,NA,485,"CO",2017,52,2,273.076923076923,-1.9,143,0
784,2017-02-22,36.322,129.54,0,-2.11111111111111,3.38888888888889,-2.22222222222222,4.5,NA,17.4,8.9,NA,485,"CO",2017,53,2,280.392156862745,0.7,143,0
785,2017-02-23,36.322,127,0,-4,-4,-11.5,4.6,NA,17.5,8.8,NA,485,"CO",2017,54,2,286,0.0999999999999996,143,0
786,2017-02-24,36.322,129.54,0,-17.7777777777778,-12.8888888888889,-16.7222222222222,5.3,NA,17.7,7.7,NA,485,"CO",2017,55,2,280.392156862745,0.7,143,0
787,2017-02-25,36.576,132.08,0,-18.2777777777778,-13.7222222222222,-17.6111111111111,5.5,NA,17.8,7.8,NA,485,"CO",2017,56,2,276.923076923077,0.2,143,0
788,2017-02-26,36.83,132.08,0.254,-17.7777777777778,-9.38888888888889,-17.2222222222222,4.7,NA,18,8.9,NA,485,"CO",2017,57,2,278.846153846154,-0.8,143,0
789,2017-02-27,36.83,132.08,0.762,-16.2222222222222,-4.72222222222222,-10.6111111111111,5.5,NA,17.7,7.6,NA,485,"CO",2017,58,2,278.846153846154,0.8,143,0
790,2017-02-28,37.592,134.62,0.762,-9.22222222222222,-5.77777777777778,-11.7777777777778,5.2,NA,18.1,8.9,NA,485,"CO",2017,59,2,279.245283018868,-0.3,143,0
791,2017-03-01,38.354,144.78,0,-18.2777777777778,-7.22222222222222,-16.2222222222222,4.7,NA,17.7,8.3,NA,485,"CO",2017,60,3,264.912280701754,-0.5,143,0
792,2017-03-02,38.354,139.7,0,-18.2777777777778,-3.22222222222222,-12.7222222222222,5.1,NA,17.8,8.9,NA,485,"CO",2017,61,3,274.545454545455,0.399999999999999,143,0
793,2017-03-03,38.354,137.16,0.254,-14,2.27777777777778,-7.61111111111111,3.6,NA,17.2,9.1,NA,485,"CO",2017,62,3,279.62962962963,-1.5,143,0
794,2017-03-04,38.354,134.62,0,-8.27777777777778,3.72222222222222,-4,3.7,NA,17.1,8.7,NA,485,"CO",2017,63,3,284.905660377358,0.1,143,0
795,2017-03-05,38.608,134.62,0.254,-5.5,2.22222222222222,-2.38888888888889,4.5,NA,17.4,8.1,NA,485,"CO",2017,64,3,286.792452830189,0.8,143,0
796,2017-03-06,38.608,132.08,0.254,-5.72222222222222,-5.72222222222222,-14.3888888888889,4.6,NA,17,9.5,NA,485,"CO",2017,65,3,292.307692307692,0.0999999999999996,143,0
797,2017-03-07,39.37,142.24,0.508,-17.7777777777778,-4,-11.6111111111111,5.7,NA,17,8.5,NA,485,"CO",2017,66,3,276.785714285714,1.1,143,0
798,2017-03-08,39.624,137.16,0.254,-8.22222222222222,3,-4,3.6,NA,16.9,9,NA,485,"CO",2017,67,3,288.888888888889,-2.1,143,0
799,2017-03-09,39.624,139.7,0,-5.27777777777778,5,-1.27777777777778,4.4,NA,16.7,9,NA,485,"CO",2017,68,3,283.636363636364,0.8,143,0
800,2017-03-10,39.624,137.16,0,-5.38888888888889,6.5,0,5.7,NA,16.6,7.8,NA,485,"CO",2017,69,3,288.888888888889,1.3,143,0
801,2017-03-11,39.878,134.62,0,-3.72222222222222,4.38888888888889,-1.77777777777778,5.1,NA,16.8,7.9,NA,485,"CO",2017,70,3,296.22641509434,-0.600000000000001,143,0
802,2017-03-12,39.878,134.62,0.254,-2.88888888888889,-0.777777777777777,-4.27777777777778,3.6,NA,17,9.3,NA,485,"CO",2017,71,3,296.22641509434,-1.5,143,0
803,2017-03-13,39.878,134.62,0,-10.7222222222222,2.38888888888889,-5.22222222222222,5.4,NA,16.4,8.9,NA,485,"CO",2017,72,3,296.22641509434,1.8,143,0
804,2017-03-14,39.878,134.62,0,-6.61111111111111,6,-0.777777777777777,4.6,NA,16.8,8.2,NA,485,"CO",2017,73,3,296.22641509434,-0.800000000000001,143,0
805,2017-03-15,39.878,132.08,0,-3.5,9.38888888888889,0.999999999999998,4.1,NA,17,9.2,NA,485,"CO",2017,74,3,301.923076923077,-0.5,143,0
806,2017-03-16,39.878,132.08,0,-1.38888888888889,8.22222222222222,1.61111111111111,5.5,NA,17.2,8,NA,485,"CO",2017,75,3,301.923076923077,1.4,143,0
807,2017-03-17,39.878,129.54,0,-2.22222222222222,8.72222222222222,1.72222222222222,4.5,NA,16.9,8.8,NA,485,"CO",2017,76,3,307.843137254902,-1,143,0
808,2017-03-18,39.878,129.54,0,-1.27777777777778,11.6111111111111,3.72222222222222,4.7,NA,17.4,8.6,NA,485,"CO",2017,77,3,307.843137254902,0.2,143,0
809,2017-03-19,39.878,127,0,1.72222222222222,9.38888888888889,3.38888888888889,4.7,NA,17.1,7.9,NA,485,"CO",2017,78,3,314,0,143,0
810,2017-03-20,39.878,124.46,0,1.11111111111111,8.72222222222222,2.88888888888889,5.9,NA,17.1,7.9,NA,485,"CO",2017,79,3,320.408163265306,1.2,143,0
811,2017-03-21,39.878,124.46,0,-1.77777777777778,9.22222222222222,2.5,4.7,NA,17.7,7.7,NA,485,"CO",2017,80,3,320.408163265306,-1.2,143,0
812,2017-03-22,39.878,124.46,0,-0.88888888888889,8.88888888888889,3.22222222222222,5,NA,17.5,8.2,NA,485,"CO",2017,81,3,320.408163265306,0.3,143,0
813,2017-03-23,39.878,124.46,0.254,1.77777777777778,5.61111111111111,-0.722222222222223,5.1,NA,18.1,9.1,NA,485,"CO",2017,82,3,320.408163265306,0.0999999999999996,143,0
814,2017-03-24,40.132,127,0,-4.11111111111111,0.499999999999999,-4.5,6.5,NA,18,7.9,NA,485,"CO",2017,83,3,316,1.4,143,0
815,2017-03-25,40.64,132.08,0.762,-7.77777777777778,8.61111111111111,-0.88888888888889,5.6,NA,18.5,7.8,NA,485,"CO",2017,84,3,307.692307692308,-0.9,143,0
816,2017-03-26,40.894,129.54,0,-3.72222222222222,2,-2.88888888888889,6.9,NA,18.5,8.1,NA,485,"CO",2017,85,3,315.686274509804,1.3,143,0
817,2017-03-27,41.148,129.54,0.254,-5.72222222222222,5.38888888888889,-1.77777777777778,6.9,NA,18.5,9.2,NA,485,"CO",2017,86,3,317.647058823529,0,143,0
818,2017-03-28,41.148,132.08,1.016,-3.77777777777778,1.27777777777778,-3.38888888888889,6.7,NA,18.5,8,NA,485,"CO",2017,87,3,311.538461538461,-0.2,143,0
819,2017-03-29,42.672,149.86,0,-6,0.999999999999998,-4.77777777777778,7.6,NA,19,8.8,NA,485,"CO",2017,88,3,284.745762711864,0.899999999999999,143,0
820,2017-03-30,42.672,147.32,0.508,-8.61111111111111,5.22222222222222,-1.61111111111111,7.1,NA,19,8.3,NA,485,"CO",2017,89,3,289.655172413793,-0.5,143,0
821,2017-03-31,42.926,142.24,0.508,-1.5,0.388888888888891,-3,6.4,NA,19.3,9.4,NA,485,"CO",2017,90,3,301.785714285714,-0.699999999999999,143,0
822,2017-04-01,43.688,147.32,0.508,-7.27777777777778,3.38888888888889,-4.5,5.9,NA,19.5,8.9,NA,485,"CO",2017,91,4,296.551724137931,-0.5,143,0
823,2017-04-02,43.942,144.78,0.508,-5.22222222222222,3.27777777777778,-3,6.8,NA,19.8,7.9,NA,485,"CO",2017,92,4,303.508771929825,0.899999999999999,143,0
824,2017-04-03,44.704,147.32,0,-6.72222222222222,-2.11111111111111,-7.11111111111111,7,NA,19.7,8.3,NA,485,"CO",2017,93,4,303.448275862069,0.2,143,0
825,2017-04-04,44.958,149.86,1.27,-8.22222222222222,-2.72222222222222,-8.88888888888889,6.9,NA,20.1,9.4,NA,485,"CO",2017,94,4,300,-0.0999999999999996,143,0
826,2017-04-05,46.482,165.1,0.254,-12.1111111111111,-0.777777777777777,-7.88888888888889,5.9,NA,20.3,9.5,NA,485,"CO",2017,95,4,281.538461538462,-1,143,0
827,2017-04-06,46.482,162.56,0,-6.11111111111111,8.22222222222222,-1.61111111111111,7.1,NA,20.6,8.8,NA,485,"CO",2017,96,4,285.9375,1.2,143,0
828,2017-04-07,46.482,157.48,0.254,-3.72222222222222,9.5,2.72222222222222,5.9,NA,20.3,8.5,NA,485,"CO",2017,97,4,295.161290322581,-1.2,143,0
829,2017-04-08,46.736,152.4,0,2.22222222222222,8,2.38888888888889,8,NA,20.9,9.2,NA,485,"CO",2017,98,4,306.666666666667,2.1,143,1
830,2017-04-09,46.736,149.86,0,-2.61111111111111,-2.27777777777778,-6.11111111111111,8.8,NA,20.9,8.6,NA,485,"CO",2017,99,4,311.864406779661,0.800000000000001,143,0
831,2017-04-10,46.736,149.86,0,-10.5,3.88888888888889,-5.27777777777778,9.8,NA,20.8,9.3,NA,485,"CO",2017,100,4,311.864406779661,1,143,0
832,2017-04-11,46.736,147.32,0,-6.72222222222222,7.88888888888889,-0.722222222222223,12.9,NA,21.4,8.4,NA,485,"CO",2017,101,4,317.241379310345,3.1,143,0
833,2017-04-12,46.736,147.32,0,-0.722222222222223,10.6111111111111,3.38888888888889,14.2,NA,21.4,8.3,NA,485,"CO",2017,102,4,317.241379310345,1.3,143,0
834,2017-04-13,46.736,144.78,0,-0.777777777777777,12.7777777777778,3.88888888888889,18.3,NA,24.3,8.9,NA,485,"CO",2017,103,4,322.80701754386,4.1,143,0
835,2017-04-14,46.482,139.7,0,-0.722222222222223,10.2222222222222,3,22.4,NA,30.8,8.2,NA,485,"CO",2017,104,4,332.727272727273,4.1,143,0
836,2017-04-15,46.482,139.7,0,-2.38888888888889,7.5,0.999999999999998,23.6,NA,31.2,8.4,NA,485,"CO",2017,105,4,332.727272727273,1.2,143,0
837,2017-04-16,46.482,139.7,0,-2.38888888888889,8.77777777777778,2,21.9,NA,30.9,9.9,NA,485,"CO",2017,106,4,332.727272727273,-1.7,143,0
838,2017-04-17,46.482,134.62,0,-1.38888888888889,10.3888888888889,2.88888888888889,23.1,NA,30.3,9.8,NA,485,"CO",2017,107,4,345.283018867925,1.2,143,0
839,2017-04-18,46.228,134.62,0,0.722222222222221,12.1111111111111,5.11111111111111,22.9,NA,30.7,10.8,NA,485,"CO",2017,108,4,343.396226415094,-0.200000000000003,143,0
840,2017-04-19,45.974,132.08,0,2.27777777777778,6.5,0.722222222222221,24.7,NA,32.1,9.1,NA,485,"CO",2017,109,4,348.076923076923,1.8,143,0
841,2017-04-20,46.736,132.08,0.508,-3.72222222222222,6.72222222222222,-0.88888888888889,24,NA,32.4,10.8,NA,485,"CO",2017,110,4,353.846153846154,-0.699999999999999,143,0
842,2017-04-21,46.736,134.62,0.254,-4.22222222222222,0.499999999999999,-5.61111111111111,24.8,NA,32.6,10.5,NA,485,"CO",2017,111,4,347.169811320755,0.800000000000001,143,0
843,2017-04-22,46.99,139.7,0.254,-10.7222222222222,4,-4.5,24.3,NA,32.2,11.5,NA,485,"CO",2017,112,4,336.363636363636,-0.5,143,0
844,2017-04-23,47.244,137.16,0.254,-5.61111111111111,11.7777777777778,3.88888888888889,23.6,NA,32.1,9.7,NA,485,"CO",2017,113,4,344.444444444445,-0.699999999999999,143,0
845,2017-04-24,46.736,134.62,0.508,-1.11111111111111,5.77777777777778,0.277777777777778,24.6,NA,31.9,12,NA,485,"CO",2017,114,4,347.169811320755,1,143,0
846,2017-04-25,47.752,144.78,0.254,-5.38888888888889,0.388888888888891,-5.22222222222222,25,NA,32.5,11.7,NA,485,"CO",2017,115,4,329.824561403509,0.399999999999999,143,0
847,2017-04-26,48.26,139.7,0.254,-7.61111111111111,1.27777777777778,-5.38888888888889,23.7,NA,32.5,11.8,NA,485,"CO",2017,116,4,345.454545454545,-1.3,143,0
848,2017-04-27,48.514,147.32,1.016,-6,1.5,-5.72222222222222,24.3,NA,32.3,11.4,NA,485,"CO",2017,117,4,329.310344827586,0.600000000000001,143,0
849,2017-04-28,49.784,160.02,0.508,-11.2222222222222,-4.22222222222222,-9.27777777777778,24.2,NA,32.3,13.2,NA,485,"CO",2017,118,4,311.111111111111,-0.100000000000001,143,0
850,2017-04-29,50.292,165.1,0,-11.6111111111111,-7,-10,24.1,NA,31.9,11.3,NA,485,"CO",2017,119,4,304.615384615385,-0.0999999999999979,143,0
851,2017-04-30,50.546,160.02,0.762,-11.8888888888889,0.611111111111112,-6.38888888888889,23.8,NA,31.7,12.1,NA,485,"CO",2017,120,4,315.873015873016,-0.300000000000001,143,0
852,2017-05-01,51.054,160.02,0,-5,4.38888888888889,-1.27777777777778,23.3,NA,31.7,13.3,NA,485,"CO",2017,121,5,319.047619047619,-0.5,143,0
853,2017-05-02,51.054,152.4,0.762,-1,3.5,-1.5,24.4,NA,31.7,13.2,NA,485,"CO",2017,122,5,335,1.1,143,0
854,2017-05-03,52.324,157.48,0,-4.22222222222222,3.77777777777778,-2.22222222222222,23.7,NA,31.6,13.9,NA,485,"CO",2017,123,5,332.258064516129,-0.699999999999999,143,0
855,2017-05-04,52.324,160.02,0.254,-5.77777777777778,11.3888888888889,2.77777777777778,24.4,NA,31.5,13.7,NA,485,"CO",2017,124,5,326.984126984127,0.699999999999999,143,0
856,2017-05-05,52.07,149.86,0,-0.222222222222221,16,6,26.4,NA,33.5,13.5,NA,485,"CO",2017,125,5,347.457627118644,2,143,0
857,2017-05-06,51.562,144.78,0,0.722222222222221,15.2222222222222,6.61111111111111,25.5,NA,34.4,13.3,NA,485,"CO",2017,126,5,356.140350877193,-0.899999999999999,143,0
858,2017-05-07,51.054,142.24,0,3.61111111111111,11.6111111111111,3.72222222222222,26.5,NA,33.9,15.6,NA,485,"CO",2017,127,5,358.928571428571,1,143,0
859,2017-05-08,51.054,142.24,0.254,0.611111111111112,10.5,3.38888888888889,26.1,NA,34.4,23.2,NA,485,"CO",2017,128,5,358.928571428571,-0.399999999999999,143,0
860,2017-05-09,51.054,134.62,1.016,0,10.2222222222222,1.5,25,NA,34,22.4,NA,485,"CO",2017,129,5,379.245283018868,-1.1,143,0
861,2017-05-10,51.816,142.24,0.254,-0.722222222222223,6.72222222222222,0.388888888888891,25,NA,34,22.2,NA,485,"CO",2017,130,5,364.285714285714,0,143,0
862,2017-05-11,52.324,142.24,0,-2.11111111111111,10.7222222222222,2.72222222222222,25.1,NA,33.6,22.4,NA,485,"CO",2017,131,5,367.857142857143,0.100000000000001,143,0
863,2017-05-12,52.07,139.7,0,-0.388888888888889,14.6111111111111,6.11111111111111,26.1,NA,34.1,25,NA,485,"CO",2017,132,5,372.727272727273,1,143,0
864,2017-05-13,51.054,137.16,0,1.5,14.1111111111111,6.72222222222222,26.4,NA,35,34.3,NA,485,"CO",2017,133,5,372.222222222222,0.299999999999997,143,0
865,2017-05-14,50.038,132.08,0,2.72222222222222,12.7777777777778,6,27.3,NA,38.6,34.3,NA,485,"CO",2017,134,5,378.846153846154,0.900000000000002,143,0
866,2017-05-15,49.53,127,0,0.222222222222221,12.2777777777778,5.22222222222222,27.3,NA,38.2,34.6,NA,485,"CO",2017,135,5,390,0,143,0
867,2017-05-16,48.514,127,0,-1,8.61111111111111,0.722222222222221,27.4,NA,38.5,34.6,NA,485,"CO",2017,136,5,382,0.0999999999999979,143,0
868,2017-05-17,48.514,127,0.762,-3.11111111111111,6.88888888888889,0.277777777777778,26.9,NA,38.1,34.6,NA,485,"CO",2017,137,5,382,-0.5,143,0
869,2017-05-18,49.53,132.08,3.302,-6.61111111111111,-2.72222222222222,-5.72222222222222,27.3,NA,37.9,34.9,NA,485,"CO",2017,138,5,375,0.400000000000002,143,0
870,2017-05-19,52.578,167.64,0.508,-8.5,0.722222222222221,-5.38888888888889,27.5,NA,38.4,35.1,NA,485,"CO",2017,139,5,313.636363636364,0.199999999999999,143,0
871,2017-05-20,52.578,165.1,0,-6.72222222222222,2.72222222222222,-4.38888888888889,27.8,NA,38.4,35.3,NA,485,"CO",2017,140,5,318.461538461538,0.300000000000001,143,0
872,2017-05-21,52.324,157.48,0.508,-6.72222222222222,7.38888888888889,-0.277777777777778,27.7,NA,38.5,35.5,NA,485,"CO",2017,141,5,332.258064516129,-0.100000000000001,143,0
873,2017-05-22,52.07,152.4,1.27,-1.22222222222222,5.38888888888889,-0.88888888888889,27.4,NA,38.5,35.5,NA,485,"CO",2017,142,5,341.666666666667,-0.300000000000001,143,0
874,2017-05-23,53.594,165.1,0,-5.5,4,-2.27777777777778,27.3,NA,38.4,35.8,NA,485,"CO",2017,143,5,324.615384615385,-0.0999999999999979,143,0
875,2017-05-24,53.594,152.4,0.254,-4.11111111111111,13.3888888888889,5.5,27.5,NA,38.3,35.8,NA,485,"CO",2017,144,5,351.666666666667,0.199999999999999,143,0
876,2017-05-25,52.578,142.24,0,3.5,12.1111111111111,4.77777777777778,27.9,NA,38.6,35.9,NA,485,"CO",2017,145,5,369.642857142857,0.399999999999999,143,0
877,2017-05-26,51.816,134.62,0.254,0.222222222222221,12.2222222222222,4.72222222222222,28.8,NA,38.6,36.1,NA,485,"CO",2017,146,5,384.905660377358,0.900000000000002,143,0
878,2017-05-27,51.308,132.08,0.508,-0.222222222222221,5.5,-1.11111111111111,30.9,NA,38.7,36.3,NA,485,"CO",2017,147,5,388.461538461538,2.1,143,0
879,2017-05-28,52.07,132.08,0,-6.27777777777778,9.22222222222222,1.11111111111111,29.5,NA,38.8,36.5,NA,485,"CO",2017,148,5,394.230769230769,-1.4,143,0
880,2017-05-29,52.07,132.08,0,-1.38888888888889,12.3888888888889,3.72222222222222,30.5,NA,38.8,36.7,NA,485,"CO",2017,149,5,394.230769230769,1,143,0
881,2017-05-30,51.562,127,0,-0.777777777777777,13.2777777777778,4.77777777777778,30.6,NA,38.9,36.8,NA,485,"CO",2017,150,5,406,0.100000000000001,143,0
882,2017-05-31,50.292,124.46,0,2.5,14.3888888888889,6.38888888888889,41.2,NA,38.9,37.1,NA,485,"CO",2017,151,5,404.081632653061,10.6,143,0
883,2017-06-01,49.53,124.46,0,2.27777777777778,14.2777777777778,6.72222222222222,41.3,NA,39,37.2,NA,485,"CO",2017,152,6,397.959183673469,0.0999999999999943,143,0
884,2017-06-02,47.752,119.38,0,1.38888888888889,11.1111111111111,4.22222222222222,41.5,NA,39.2,37.4,NA,485,"CO",2017,153,6,400,0.200000000000003,143,0
885,2017-06-03,46.482,111.76,0,0.222222222222221,16,6.77777777777778,41.6,NA,39.2,37.5,NA,485,"CO",2017,154,6,415.909090909091,0.100000000000001,143,0
886,2017-06-04,44.45,106.68,0.254,3.77777777777778,16.2777777777778,8.61111111111111,41.7,NA,39.3,37.6,NA,485,"CO",2017,155,6,416.666666666667,0.100000000000001,143,0
887,2017-06-05,41.91,101.6,0,4.22222222222222,16.2777777777778,8.61111111111111,41.8,NA,39.3,37.7,NA,485,"CO",2017,156,6,412.5,0.0999999999999943,143,0
888,2017-06-06,39.878,93.98,0.762,3.72222222222222,14.7777777777778,6.11111111111111,41.9,NA,39.3,37.8,NA,485,"CO",2017,157,6,424.324324324324,0.100000000000001,143,0
889,2017-06-07,39.878,93.98,0,4,16.1111111111111,7.61111111111111,42,NA,39.4,37.9,NA,485,"CO",2017,158,6,424.324324324324,0.100000000000001,143,0
890,2017-06-08,38.354,88.9,0,3.61111111111111,17.7222222222222,10,42.1,NA,39.4,37.9,NA,485,"CO",2017,159,6,431.428571428571,0.100000000000001,143,0
891,2017-06-09,36.322,83.82,0,5.11111111111111,17.6111111111111,10.7222222222222,42.1,NA,39.4,38,NA,485,"CO",2017,160,6,433.333333333333,0,143,0
892,2017-06-10,34.29,76.2,0,9.38888888888889,18.8888888888889,12.2777777777778,42.1,NA,39.5,38,NA,485,"CO",2017,161,6,450,0,143,0
893,2017-06-11,31.75,68.58,0,8.22222222222222,17.7777777777778,11.2222222222222,42.2,NA,39.4,38,NA,485,"CO",2017,162,6,462.962962962963,0.100000000000001,143,0
894,2017-06-12,29.718,60.96,0,6.11111111111111,18,10,42.2,NA,39.5,38,NA,485,"CO",2017,163,6,487.5,0,143,0
895,2017-06-13,27.686,53.34,0,0.277777777777778,10.7222222222222,4.72222222222222,42.2,NA,39.5,38.1,NA,485,"CO",2017,164,6,519.047619047619,0,143,0
896,2017-06-14,26.924,50.8,0,1.11111111111111,14.7777777777778,6.88888888888889,42.3,NA,39.5,38.1,NA,485,"CO",2017,165,6,530,0.0999999999999943,143,0
897,2017-06-15,24.638,45.72,0,3.72222222222222,17.3888888888889,9.38888888888889,42.3,NA,39.5,38.1,NA,485,"CO",2017,166,6,538.888888888889,0,143,0
898,2017-06-16,21.844,43.18,0,4.38888888888889,18.6111111111111,10.8888888888889,42.3,NA,39.5,38.1,NA,485,"CO",2017,167,6,505.882352941176,0,143,0
899,2017-06-17,18.542,33.02,0,8,18.3888888888889,11.7777777777778,42.4,NA,39.5,38.1,NA,485,"CO",2017,168,6,561.538461538461,0.100000000000001,143,0
900,2017-06-18,15.24,27.94,0,5.5,17.2777777777778,9.88888888888889,42.4,NA,39.5,38.1,NA,485,"CO",2017,169,6,545.454545454545,0,143,0
901,2017-06-19,10.922,22.86,0,4,19.5,10.7222222222222,42.4,NA,39.5,38.1,NA,485,"CO",2017,170,6,477.777777777778,0,143,0
902,2017-06-20,7.112,12.7,0,6.88888888888889,21.5,13,42.5,NA,39.5,38.1,NA,485,"CO",2017,171,6,560,0.100000000000001,143,0
903,2017-06-21,3.556,7.62,0,9.5,20.6111111111111,12.3888888888889,42.6,NA,39.6,38.1,NA,485,"CO",2017,172,6,466.666666666667,0.100000000000001,143,0
904,2017-06-22,2.032,5.08,0,7,20.7777777777778,12,42.6,NA,39.6,38.2,NA,485,"CO",2017,173,6,400,0,143,0
905,2017-06-23,1.27,2.54,0,6.11111111111111,17.7222222222222,10.1111111111111,42.6,NA,39.6,38.1,NA,485,"CO",2017,174,6,500,0,143,0
906,2017-06-24,0,0,0,4.11111111111111,17,9.61111111111111,41.8,NA,39.6,38.2,NA,485,"CO",2017,175,6,NA,-0.800000000000004,143,0
907,2017-06-25,0,0,0,4.72222222222222,17.8888888888889,10.1111111111111,41.2,NA,39.6,38.2,NA,485,"CO",2017,176,6,NA,-0.599999999999994,143,0
908,2017-06-26,0,0,0,4.61111111111111,19.1111111111111,11.3888888888889,41,NA,39.6,38.2,NA,485,"CO",2017,177,6,NA,-0.200000000000003,143,0
909,2017-06-27,0,0,0,7.11111111111111,19,11.7777777777778,40.5,NA,39.6,38.2,NA,485,"CO",2017,178,6,NA,-0.5,143,0
910,2017-06-28,0,0,0,5.5,18.2222222222222,11.5,40.2,NA,39.6,38.2,NA,485,"CO",2017,179,6,NA,-0.299999999999997,143,0
911,2017-06-29,0,0,0,5.5,17,10.3888888888889,39.6,NA,39.6,38.1,NA,485,"CO",2017,180,6,NA,-0.600000000000001,143,0
912,2017-06-30,0,0,0,5.38888888888889,15.2222222222222,8.22222222222222,38.5,NA,39.6,38.2,NA,485,"CO",2017,181,6,NA,-1.1,143,0
913,2017-07-01,0,0,0,2.11111111111111,19,10.3888888888889,37.8,NA,39.6,38.2,NA,485,"CO",2017,182,7,NA,-0.700000000000003,143,0
914,2017-07-02,0,0,0,5.38888888888889,18.8888888888889,10.3888888888889,36.7,NA,39.6,38.2,NA,485,"CO",2017,183,7,NA,-1.09999999999999,143,0
915,2017-07-03,0,0,0,5.61111111111111,17.5,10.2222222222222,36.3,NA,39.4,38.1,NA,485,"CO",2017,184,7,NA,-0.400000000000006,143,0
916,2017-07-04,0,0,0,6.5,19.3888888888889,11.6111111111111,35.6,NA,39.3,38.1,NA,485,"CO",2017,185,7,NA,-0.699999999999996,143,0
917,2017-07-05,0,0,0,7,20.6111111111111,13,35,NA,38.4,38.2,NA,485,"CO",2017,186,7,NA,-0.600000000000001,143,0
918,2017-07-06,0,0,0,9.72222222222222,22,13.8888888888889,34.3,NA,38,38.1,NA,485,"CO",2017,187,7,NA,-0.700000000000003,143,0
919,2017-07-07,0,0,0,6.61111111111111,20.3888888888889,12.2222222222222,33.8,NA,37.7,38.1,NA,485,"CO",2017,188,7,NA,-0.5,143,0
920,2017-07-08,0,0,0,6.77777777777778,19,11.5,33.4,NA,36.9,38.1,NA,485,"CO",2017,189,7,NA,-0.399999999999999,143,0
921,2017-07-09,0,0,0,6.5,22,13.7222222222222,32.8,NA,36.8,38.2,NA,485,"CO",2017,190,7,NA,-0.600000000000001,143,0
922,2017-07-10,0,0,0,10.3888888888889,20.6111111111111,11.8888888888889,32.5,NA,36.4,38.2,NA,485,"CO",2017,191,7,NA,-0.299999999999997,143,0
923,2017-07-11,0,0,0.254,6,17.7222222222222,10.2222222222222,32.5,NA,36.5,38.2,NA,485,"CO",2017,192,7,NA,0,143,0
924,2017-07-12,0,0,1.27,7.38888888888889,14.1111111111111,8.77777777777778,32.6,NA,36.4,38.2,NA,485,"CO",2017,193,7,NA,0.100000000000001,143,0
925,2017-07-13,0,0,0,5.11111111111111,16.6111111111111,10.1111111111111,34.6,NA,38.9,38.2,NA,485,"CO",2017,194,7,NA,2,143,0
926,2017-07-14,0,0,0.254,7.61111111111111,18,9.77777777777778,33.3,NA,37.6,38.1,NA,485,"CO",2017,195,7,NA,-1.3,143,0
927,2017-07-15,0,0,0,5.77777777777778,19.6111111111111,11.5,33.1,NA,37.5,38.2,NA,485,"CO",2017,196,7,NA,-0.199999999999996,143,0
928,2017-07-16,0,0,0,6.22222222222222,20.1111111111111,11.7222222222222,32.4,NA,36.5,38.2,NA,485,"CO",2017,197,7,NA,-0.700000000000003,143,0
929,2017-07-17,0,0,0.254,6.61111111111111,19.5,11.1111111111111,32.1,NA,36.2,38.2,NA,485,"CO",2017,198,7,NA,-0.299999999999997,143,0
930,2017-07-18,0,0,0,8.22222222222222,20.2222222222222,11.8888888888889,32.3,NA,36,38.1,NA,485,"CO",2017,199,7,NA,0.199999999999996,143,0
931,2017-07-19,0,0,0.762,8.88888888888889,19.8888888888889,11.5,32,NA,36,38.2,NA,485,"CO",2017,200,7,NA,-0.299999999999997,143,0
932,2017-07-20,0,0,0.254,7,19.5,11.5,33,NA,36.8,38.2,NA,485,"CO",2017,201,7,NA,1,143,0
933,2017-07-21,0,0,0.762,7.77777777777778,18.6111111111111,10.6111111111111,32.5,NA,36.5,38.2,NA,485,"CO",2017,202,7,NA,-0.5,143,0
934,2017-07-22,0,0,0,7,18.5,10.8888888888889,33.4,NA,37.9,38.2,NA,485,"CO",2017,203,7,NA,0.899999999999999,143,0
935,2017-07-23,0,0,0.254,6.5,20.2222222222222,11.7222222222222,32.5,NA,37,38.2,NA,485,"CO",2017,204,7,NA,-0.899999999999999,143,0
936,2017-07-24,0,0,0,9,20.3888888888889,12.8888888888889,31.8,NA,36,38.2,NA,485,"CO",2017,205,7,NA,-0.699999999999999,143,0
937,2017-07-25,0,0,0.762,10.1111111111111,17.2777777777778,11,31.6,NA,35.7,38.1,NA,485,"CO",2017,206,7,NA,-0.199999999999999,143,0
938,2017-07-26,0,0,0,6.88888888888889,17.6111111111111,11.5,32.5,NA,36.4,38.1,NA,485,"CO",2017,207,7,NA,0.899999999999999,143,0
939,2017-07-27,0,0,0,9,20.2777777777778,13,32.1,NA,36.1,38.2,NA,485,"CO",2017,208,7,NA,-0.399999999999999,143,0
940,2017-07-28,0,0,0.254,8.11111111111111,17.8888888888889,10.7222222222222,31.2,NA,35.8,38.2,NA,485,"CO",2017,209,7,NA,-0.900000000000002,143,0
941,2017-07-29,0,0,1.016,8.11111111111111,12.6111111111111,8.72222222222222,31.7,NA,35.6,38.1,NA,485,"CO",2017,210,7,NA,0.5,143,0
942,2017-07-30,0,0,0.508,6.88888888888889,17.2222222222222,10.2222222222222,32.7,NA,36.5,38.2,NA,485,"CO",2017,211,7,NA,1,143,0
943,2017-07-31,0,0,0,5.88888888888889,18.2777777777778,10.3888888888889,33,NA,36.8,38.2,NA,485,"CO",2017,212,7,NA,0.299999999999997,143,0
944,2017-08-01,0,0,0,6.38888888888889,18,9.72222222222222,31.9,NA,36.3,38.2,NA,485,"CO",2017,213,8,NA,-1.1,143,0
945,2017-08-02,0,0,0,5.77777777777778,16.7777777777778,10.6111111111111,31.1,NA,35.5,38.2,NA,485,"CO",2017,214,8,NA,-0.799999999999997,143,0
1097,2018-01-01,17.018,78.74,0,-13.7777777777778,-3.38888888888889,-9.22222222222222,8.3,NA,16.8,12.3,NA,485,"CO",2018,1,1,216.129032258065,0,115,0
1098,2018-01-02,17.018,76.2,0,-12.2222222222222,-6.88888888888889,-11.8888888888889,8.3,NA,16.8,12.1,NA,485,"CO",2018,2,1,223.333333333333,0,115,0
1099,2018-01-03,17.018,76.2,0,-11.1111111111111,0.222222222222221,-7,8.5,NA,16.8,11.5,NA,485,"CO",2018,3,1,223.333333333333,0.199999999999999,115,0
1100,2018-01-04,17.018,76.2,0,-9.61111111111111,0.111111111111113,-6.61111111111111,7.9,NA,16.1,12.6,NA,485,"CO",2018,4,1,223.333333333333,-0.6,115,0
1101,2018-01-05,17.018,73.66,0,-8.27777777777778,0.388888888888891,-5,8.7,NA,15.9,11.2,NA,485,"CO",2018,5,1,231.034482758621,0.799999999999999,115,0
1102,2018-01-06,17.018,73.66,0.762,-6.38888888888889,0.722222222222221,-3.72222222222222,8.4,NA,15.7,11.4,NA,485,"CO",2018,6,1,231.034482758621,-0.299999999999999,115,0
1103,2018-01-07,17.526,78.74,0.254,-5.61111111111111,-5.5,-8.11111111111111,8.9,NA,15.8,12.1,NA,485,"CO",2018,7,1,222.58064516129,0.5,115,0
1104,2018-01-08,17.78,78.74,0.254,-10.6111111111111,4.11111111111111,-3.38888888888889,7.7,NA,15.7,11.3,NA,485,"CO",2018,8,1,225.806451612903,-1.2,115,0
1105,2018-01-09,18.034,78.74,0,-1.77777777777778,2.88888888888889,-1,9.2,NA,15.3,12,NA,485,"CO",2018,9,1,229.032258064516,1.5,115,0
1106,2018-01-10,18.034,81.28,0.762,-4.11111111111111,0.611111111111112,-5.77777777777778,7.5,NA,15.8,11.3,NA,485,"CO",2018,10,1,221.875,-1.7,115,0
1107,2018-01-11,18.796,86.36,0,-12.7222222222222,-10.5,-13.2777777777778,9.2,NA,15.8,10.6,NA,485,"CO",2018,11,1,217.647058823529,1.7,115,0
1108,2018-01-12,18.796,88.9,1.524,-11,-7,-9.11111111111111,9.1,NA,15.8,11.7,NA,485,"CO",2018,12,1,211.428571428571,-0.0999999999999996,115,0
1109,2018-01-13,20.32,109.22,0,-10.3888888888889,-5.77777777777778,-9.72222222222222,8,NA,15.5,10.7,NA,485,"CO",2018,13,1,186.046511627907,-1.1,115,0
1110,2018-01-14,20.32,99.06,0,-9.27777777777778,-2.38888888888889,-9.27777777777778,9.5,NA,15.6,11.5,NA,485,"CO",2018,14,1,205.128205128205,1.5,115,0
1111,2018-01-15,20.32,96.52,0,-11.2777777777778,-5.22222222222222,-11.5,9.2,NA,15.3,12.1,NA,485,"CO",2018,15,1,210.526315789474,-0.300000000000001,115,0
1112,2018-01-16,20.32,96.52,0,-18.3888888888889,-5.22222222222222,-13.5,9.1,NA,15.9,11.4,NA,485,"CO",2018,16,1,210.526315789474,-0.0999999999999996,115,0
1113,2018-01-17,20.32,93.98,0,-13.7777777777778,-2.72222222222222,-9.72222222222222,8.6,NA,15.6,11.5,NA,485,"CO",2018,17,1,216.216216216216,-0.5,115,0
1114,2018-01-18,20.32,91.44,0.254,-10.7222222222222,1.27777777777778,-5.22222222222222,7.5,NA,15.8,10.6,NA,485,"CO",2018,18,1,222.222222222222,-1.1,115,0
1115,2018-01-19,20.574,88.9,0,-3.61111111111111,4.77777777777778,-0.88888888888889,8.3,NA,15.1,11.5,NA,485,"CO",2018,19,1,231.428571428571,0.800000000000001,115,0
1116,2018-01-20,20.574,86.36,0.254,-4,1.5,-2.72222222222222,8.7,NA,15.4,10.3,NA,485,"CO",2018,20,1,238.235294117647,0.399999999999999,115,0
1117,2018-01-21,20.828,91.44,1.016,-7.38888888888889,-7.27777777777778,-12.6111111111111,7.8,NA,15.3,10.4,NA,485,"CO",2018,21,1,227.777777777778,-0.899999999999999,115,0
1118,2018-01-22,22.352,106.68,0,-17.7222222222222,-11.5,-16.7222222222222,8.5,NA,15.3,10.4,NA,485,"CO",2018,22,1,209.52380952381,0.7,115,0
1119,2018-01-23,22.352,106.68,0.254,-17.8888888888889,-9.77777777777778,-15.2777777777778,8.7,NA,15.1,10.1,NA,485,"CO",2018,23,1,209.52380952381,0.199999999999999,115,0
1120,2018-01-24,22.352,104.14,0.254,-16,-3,-10.2777777777778,7.7,NA,15.2,10.2,NA,485,"CO",2018,24,1,214.634146341463,-0.999999999999999,115,0
1121,2018-01-25,22.606,101.6,0.254,-8.77777777777778,0.777777777777777,-6.11111111111111,9.3,NA,15.1,11.8,NA,485,"CO",2018,25,1,222.5,1.6,115,0
1122,2018-01-26,22.86,99.06,0,-7.77777777777778,-7.61111111111111,-14.3888888888889,9,NA,14.9,11.5,NA,485,"CO",2018,26,1,230.769230769231,-0.300000000000001,115,0
1123,2018-01-27,22.86,101.6,0.254,-17.3888888888889,-6.61111111111111,-13.7777777777778,8,NA,15.1,10.2,NA,485,"CO",2018,27,1,225,-1,115,0
1124,2018-01-28,23.114,104.14,0,-14.3888888888889,-4.72222222222222,-10.5,7.5,NA,15,10.9,NA,485,"CO",2018,28,1,221.951219512195,-0.5,115,0
1125,2018-01-29,23.114,101.6,0.254,-11.6111111111111,-0.777777777777777,-6.77777777777778,9,NA,15,10.4,NA,485,"CO",2018,29,1,227.5,1.5,115,0
1126,2018-01-30,23.368,99.06,0,-7.77777777777778,2.77777777777778,-3.11111111111111,8.8,NA,15.1,11.1,NA,485,"CO",2018,30,1,235.897435897436,-0.199999999999999,115,0
1127,2018-01-31,23.368,99.06,0,-3.38888888888889,0.999999999999998,-2.5,8.6,NA,14.9,10.4,NA,485,"CO",2018,31,1,235.897435897436,-0.200000000000001,115,0
1128,2018-02-01,23.368,96.52,0,-4.61111111111111,-2.38888888888889,-5.61111111111111,7.6,NA,15.1,10.1,NA,485,"CO",2018,32,2,242.105263157895,-1,115,0
1129,2018-02-02,23.368,99.06,0,-8.27777777777778,0.277777777777778,-4.22222222222222,8.8,NA,15.2,9.9,NA,485,"CO",2018,33,2,235.897435897436,1.2,115,0
1130,2018-02-03,23.622,96.52,0.508,-5.77777777777778,-0.777777777777777,-4.61111111111111,7.1,NA,14.9,11.2,NA,485,"CO",2018,34,2,244.736842105263,-1.7,115,0
1131,2018-02-04,23.876,96.52,0,-5.61111111111111,0.777777777777777,-3.77777777777778,7.9,NA,15.2,10.3,NA,485,"CO",2018,35,2,247.368421052632,0.800000000000001,115,0
1132,2018-02-05,23.876,99.06,1.778,-4.5,-4.5,-6.11111111111111,9,NA,15.2,9.5,NA,485,"CO",2018,36,2,241.025641025641,1.1,115,0
1133,2018-02-06,25.654,121.92,0.254,-8.72222222222222,-5.61111111111111,-9.72222222222222,9.1,NA,14.7,10.1,NA,485,"CO",2018,37,2,210.416666666667,0.0999999999999996,115,0
1134,2018-02-07,26.162,116.84,0,-11.8888888888889,-3.77777777777778,-9.38888888888889,7.7,NA,15.2,10.8,NA,485,"CO",2018,38,2,223.913043478261,-1.4,115,0
1135,2018-02-08,26.162,114.3,0,-7.27777777777778,-1.5,-6.88888888888889,8.8,NA,14.6,10.8,NA,485,"CO",2018,39,2,228.888888888889,1.1,115,0
1136,2018-02-09,26.162,114.3,0,-8.77777777777778,0.277777777777778,-4.38888888888889,9.4,NA,15.3,9.7,NA,485,"CO",2018,40,2,228.888888888889,0.6,115,0
1137,2018-02-10,26.162,111.76,1.27,-5,-4.77777777777778,-10.2777777777778,7.5,NA,14.9,11.1,NA,485,"CO",2018,41,2,234.090909090909,-1.9,115,0
1138,2018-02-11,27.432,127,0,-18.2777777777778,-6.27777777777778,-14.7222222222222,7.3,NA,14.7,11.3,NA,485,"CO",2018,42,2,216,-0.2,115,0
1139,2018-02-12,27.432,121.92,0.508,-11.5,-2.5,-7.61111111111111,8.8,NA,15.1,9.8,NA,485,"CO",2018,43,2,225,1.5,115,0
1140,2018-02-13,27.94,116.84,0,-7.38888888888889,-1.77777777777778,-6.61111111111111,9.6,NA,14.8,9.5,NA,485,"CO",2018,44,2,239.130434782609,0.799999999999999,115,0
1141,2018-02-14,27.94,119.38,0,-7.22222222222222,-1.11111111111111,-4.88888888888889,7.7,NA,14.8,11.1,NA,485,"CO",2018,45,2,234.042553191489,-1.9,115,0
1142,2018-02-15,27.94,114.3,0.254,-6.77777777777778,-4.72222222222222,-9.27777777777778,7.4,NA,14.6,11.4,NA,485,"CO",2018,46,2,244.444444444444,-0.3,115,0
1143,2018-02-16,28.448,127,0.254,-17.3888888888889,-2.88888888888889,-11.1111111111111,8.6,NA,15.1,9.7,NA,485,"CO",2018,47,2,224,1.2,115,0
1144,2018-02-17,28.702,119.38,0,-11.1111111111111,-1.38888888888889,-8.5,9.4,NA,14.4,10.3,NA,485,"CO",2018,48,2,240.425531914894,0.800000000000001,115,0
1145,2018-02-18,28.702,119.38,0,-6.88888888888889,2.27777777777778,-3.5,9.2,NA,15.2,9.7,NA,485,"CO",2018,49,2,240.425531914894,-0.200000000000001,115,0
1146,2018-02-19,28.702,116.84,0.508,-6.27777777777778,-2.11111111111111,-7.27777777777778,7.4,NA,14.5,9.8,NA,485,"CO",2018,50,2,245.652173913043,-1.8,115,0
1147,2018-02-20,29.21,124.46,0,-14.8888888888889,-13.3888888888889,-18.2222222222222,7.6,NA,14.9,10.7,NA,485,"CO",2018,51,2,234.69387755102,0.199999999999999,115,0
1148,2018-02-21,29.21,124.46,0.254,-23,-7.22222222222222,-14.8888888888889,8.1,NA,14.6,10,NA,485,"CO",2018,52,2,234.69387755102,0.5,115,0
1149,2018-02-22,29.464,121.92,0,-11.5,-8.22222222222222,-12.3888888888889,7.1,NA,14.6,11.1,NA,485,"CO",2018,53,2,241.666666666667,-1,115,0
1150,2018-02-23,29.464,121.92,0.254,-15.2222222222222,-7.27777777777778,-12.8888888888889,7.9,NA,14.8,10.1,NA,485,"CO",2018,54,2,241.666666666667,0.800000000000001,115,0
1151,2018-02-24,29.718,116.84,0.254,-15.6111111111111,-12.5,-17.1111111111111,7.7,NA,14.3,11.2,NA,485,"CO",2018,55,2,254.347826086957,-0.2,115,0
1152,2018-02-25,29.972,121.92,0,-17.6111111111111,-10.7222222222222,-16.2222222222222,7.4,NA,14.7,10.2,NA,485,"CO",2018,56,2,245.833333333333,-0.3,115,0
1153,2018-02-26,29.972,124.46,0.254,-15,-1.77777777777778,-9,8.9,NA,14.1,10.8,NA,485,"CO",2018,57,2,240.816326530612,1.5,115,0
1154,2018-02-27,30.226,121.92,0,-9.72222222222222,-0.88888888888889,-8,9.1,NA,14.1,9.4,NA,485,"CO",2018,58,2,247.916666666667,0.199999999999999,115,0
1155,2018-02-28,30.226,119.38,0,-12.2222222222222,-4.72222222222222,-10.7222222222222,7.2,NA,14.4,10.2,NA,485,"CO",2018,59,2,253.191489361702,-1.9,115,0
1156,2018-03-01,30.226,119.38,0.254,-13.2222222222222,1.77777777777778,-6.77777777777778,8.4,NA,14.2,9.3,NA,485,"CO",2018,60,3,253.191489361702,1.2,115,0
1157,2018-03-02,30.48,119.38,0,-10.1111111111111,3.38888888888889,-4.11111111111111,8,NA,14.3,9.1,NA,485,"CO",2018,61,3,255.31914893617,-0.4,115,0
1158,2018-03-03,30.48,119.38,0,-3.5,5.38888888888889,-1,8.7,NA,14.3,9.3,NA,485,"CO",2018,62,3,255.31914893617,0.699999999999999,115,0
1159,2018-03-04,30.48,116.84,0.508,-2.77777777777778,0.999999999999998,-7.11111111111111,8.8,NA,14.1,9.8,NA,485,"CO",2018,63,3,260.869565217391,0.100000000000001,115,0
1160,2018-03-05,30.988,121.92,0.508,-17.1111111111111,-12.7777777777778,-15.7777777777778,8,NA,14.3,9.9,NA,485,"CO",2018,64,3,254.166666666667,-0.800000000000001,115,0
1161,2018-03-06,31.496,129.54,0,-16,-6.27777777777778,-14.5,8.6,NA,13.7,9.6,NA,485,"CO",2018,65,3,243.137254901961,0.6,115,0
1162,2018-03-07,31.496,129.54,0,-15.3888888888889,-0.777777777777777,-9.88888888888889,6.8,NA,13.9,10.3,NA,485,"CO",2018,66,3,243.137254901961,-1.8,115,0
1163,2018-03-08,31.496,124.46,0.254,-9.88888888888889,1.5,-5,7.3,NA,14,9.9,NA,485,"CO",2018,67,3,253.061224489796,0.5,115,0
1164,2018-03-09,31.75,124.46,0,-5,2.22222222222222,-3.38888888888889,8.8,NA,14.1,8.8,NA,485,"CO",2018,68,3,255.102040816327,1.5,115,0
1165,2018-03-10,31.75,124.46,0.508,-6.5,-2.27777777777778,-8,7.4,NA,13.8,10.1,NA,485,"CO",2018,69,3,255.102040816327,-1.4,115,0
1166,2018-03-11,32.258,132.08,0.254,-13.5,2.22222222222222,-7.11111111111111,7.5,NA,13.8,10.6,NA,485,"CO",2018,70,3,244.230769230769,0.0999999999999996,115,0
1167,2018-03-12,32.512,132.08,0,-9.61111111111111,1.61111111111111,-4.72222222222222,8.4,NA,14,9,NA,485,"CO",2018,71,3,246.153846153846,0.9,115,0
1168,2018-03-13,32.512,129.54,0,-9.72222222222222,3.22222222222222,-4.38888888888889,7.4,NA,14,10.2,NA,485,"CO",2018,72,3,250.980392156863,-1,115,0
1169,2018-03-14,32.512,127,0,-3.22222222222222,6.38888888888889,-0.277777777777778,7.4,NA,13.6,10.2,NA,485,"CO",2018,73,3,256,0,115,0
1170,2018-03-15,32.512,124.46,0.254,-2.22222222222222,5.11111111111111,-2.72222222222222,7.4,NA,14.1,10,NA,485,"CO",2018,74,3,261.224489795918,0,115,0
1171,2018-03-16,33.02,132.08,0.254,-8.88888888888889,-4.22222222222222,-8.72222222222222,8.8,NA,13.8,9.1,NA,485,"CO",2018,75,3,250,1.4,115,0
1172,2018-03-17,33.274,139.7,0,-12.2222222222222,3.27777777777778,-5.61111111111111,7.8,NA,14.3,9.8,NA,485,"CO",2018,76,3,238.181818181818,-1,115,0
1173,2018-03-18,33.274,134.62,1.016,-10.1111111111111,0.277777777777778,-8.11111111111111,8,NA,14.3,8.7,NA,485,"CO",2018,77,3,247.169811320755,0.2,115,0
1174,2018-03-19,34.29,144.78,0,-13.6111111111111,-4.77777777777778,-11.5,8.2,NA,13.6,8.5,NA,485,"CO",2018,78,3,236.842105263158,0.199999999999999,115,0
1175,2018-03-20,34.29,139.7,0.508,-16.8888888888889,-4,-10.2777777777778,8.2,NA,14.1,8.9,NA,485,"CO",2018,79,3,245.454545454545,0,115,0
1176,2018-03-21,34.798,142.24,0,-10.5,1.38888888888889,-3.88888888888889,8.8,NA,14.2,8.6,NA,485,"CO",2018,80,3,244.642857142857,0.600000000000001,115,0
1177,2018-03-22,34.798,137.16,0.254,-4.61111111111111,7.61111111111111,0.611111111111112,6.9,NA,13.9,9.7,NA,485,"CO",2018,81,3,253.703703703704,-1.9,115,0
1178,2018-03-23,35.052,132.08,1.778,0.277777777777778,2.27777777777778,-2,7.5,NA,13.6,9.7,NA,485,"CO",2018,82,3,265.384615384615,0.6,115,0
1179,2018-03-24,37.084,152.4,0,-7,4.38888888888889,-3.61111111111111,7.7,NA,13.9,9.6,NA,485,"CO",2018,83,3,243.333333333333,0.2,115,0
1180,2018-03-25,37.084,149.86,0,-4.27777777777778,5.22222222222222,-2.38888888888889,8.5,NA,13.9,9.9,NA,485,"CO",2018,84,3,247.457627118644,0.8,115,0
1181,2018-03-26,37.084,142.24,0,-8.61111111111111,2.5,-5.38888888888889,7.6,NA,14,10.4,NA,485,"CO",2018,85,3,260.714285714286,-0.9,115,0
1182,2018-03-27,37.084,139.7,0,-9.27777777777778,2.38888888888889,-7.11111111111111,9,NA,14.4,9.9,NA,485,"CO",2018,86,3,265.454545454545,1.4,115,0
1183,2018-03-28,37.084,144.78,0.762,-12.7777777777778,-2.11111111111111,-8.72222222222222,8.5,NA,14.1,10.3,NA,485,"CO",2018,87,3,256.140350877193,-0.5,115,0
1184,2018-03-29,37.846,152.4,0.254,-10.7222222222222,-2.61111111111111,-8.88888888888889,9.5,NA,14.1,8.8,NA,485,"CO",2018,88,3,248.333333333333,1,115,0
1185,2018-03-30,38.1,149.86,0.254,-11.5,3.61111111111111,-3.5,8,NA,14.5,9.1,NA,485,"CO",2018,89,3,254.237288135593,-1.5,115,0
1186,2018-03-31,38.354,147.32,0,-4.27777777777778,6,-0.388888888888889,8.7,NA,14.2,9.9,NA,485,"CO",2018,90,3,260.344827586207,0.699999999999999,115,0
1187,2018-04-01,38.354,142.24,0,0.499999999999999,6.77777777777778,1.11111111111111,8.9,NA,14.2,8.8,NA,485,"CO",2018,91,4,269.642857142857,0.200000000000001,115,0
1188,2018-04-02,38.354,139.7,0.508,-0.777777777777777,6.11111111111111,0.388888888888891,9.1,NA,14.4,8.5,NA,485,"CO",2018,92,4,274.545454545455,0.199999999999999,115,0
1189,2018-04-03,39.116,147.32,0,-6.77777777777778,-2.5,-9.77777777777778,8.9,NA,14.1,10.2,NA,485,"CO",2018,93,4,265.51724137931,-0.199999999999999,115,0
1190,2018-04-04,39.116,147.32,0,-9.72222222222222,3,-4.22222222222222,9.4,NA,14.1,9.6,NA,485,"CO",2018,94,4,265.51724137931,0.5,115,0
1191,2018-04-05,39.116,144.78,0.254,-8.38888888888889,5.11111111111111,-2.72222222222222,8.5,NA,14.5,8.8,NA,485,"CO",2018,95,4,270.175438596491,-0.9,115,0
1192,2018-04-06,39.37,139.7,2.286,-3.38888888888889,1.72222222222222,-1.38888888888889,8.1,NA,14.4,9,NA,485,"CO",2018,96,4,281.818181818182,-0.4,115,0
1193,2018-04-07,42.164,175.26,2.032,-2.27777777777778,4,-0.111111111111111,9.4,NA,14.1,8.8,NA,485,"CO",2018,97,4,240.579710144928,1.3,115,0
1194,2018-04-08,44.196,187.96,1.524,-0.611111111111112,0.388888888888891,-3.88888888888889,8.2,NA,14.8,8.6,NA,485,"CO",2018,98,4,235.135135135135,-1.2,115,0
1195,2018-04-09,46.228,195.58,0.508,-6.77777777777778,-0.222222222222221,-6.72222222222222,9.2,NA,14.3,9.2,NA,485,"CO",2018,99,4,236.363636363636,1,115,0
1196,2018-04-10,46.736,190.5,0.254,-10.7222222222222,5.5,-2.77777777777778,9.2,NA,14.5,10,NA,485,"CO",2018,100,4,245.333333333333,0,115,0
1197,2018-04-11,46.99,182.88,0,-3.38888888888889,9.72222222222222,2,8.1,NA,14.8,9,NA,485,"CO",2018,101,4,256.944444444444,-1.1,115,0
1198,2018-04-12,46.99,175.26,0.254,-0.777777777777777,7.5,0.499999999999999,7.8,NA,14.7,8.4,NA,485,"CO",2018,102,4,268.115942028986,-0.3,115,0
1199,2018-04-13,47.244,177.8,0.508,-10.2777777777778,-8.11111111111111,-11.1111111111111,7.7,NA,14,8.6,NA,485,"CO",2018,103,4,265.714285714286,-0.0999999999999996,115,0
1200,2018-04-14,48.006,185.42,0.508,-11.6111111111111,-3.22222222222222,-8.27777777777778,9.3,NA,14.4,9,NA,485,"CO",2018,104,4,258.904109589041,1.6,115,0
1201,2018-04-15,48.514,182.88,0.254,-8.22222222222222,5.61111111111111,-2.5,9.8,NA,14.5,9.5,NA,485,"CO",2018,105,4,265.277777777778,0.5,115,0
1202,2018-04-16,48.768,177.8,0,-4.77777777777778,8.5,2,9.9,NA,14.5,10.2,NA,485,"CO",2018,106,4,274.285714285714,0.0999999999999996,115,0
1203,2018-04-17,48.768,172.72,0.762,-0.88888888888889,2.88888888888889,-5.61111111111111,10,NA,15.2,10.7,NA,485,"CO",2018,107,4,282.352941176471,0.0999999999999996,115,0
1204,2018-04-18,49.53,182.88,0,-13.6111111111111,2.38888888888889,-6.72222222222222,8.8,NA,15.5,8.8,NA,485,"CO",2018,108,4,270.833333333333,-1.2,115,0
1205,2018-04-19,49.53,175.26,0,-5.88888888888889,7.77777777777778,0.222222222222221,9.7,NA,15.5,9.6,NA,485,"CO",2018,109,4,282.608695652174,0.899999999999999,115,0
1206,2018-04-20,49.53,172.72,0.762,-1.77777777777778,2.88888888888889,-2.5,8.4,NA,14.6,9.7,NA,485,"CO",2018,110,4,286.764705882353,-1.3,115,0
1207,2018-04-21,50.546,185.42,0.254,-6.61111111111111,-3,-4.88888888888889,9.6,NA,15.2,9.9,NA,485,"CO",2018,111,4,272.602739726027,1.2,115,1
1208,2018-04-22,50.8,182.88,0.254,-4.27777777777778,8.38888888888889,0.499999999999999,10.8,NA,15.5,10.5,NA,485,"CO",2018,112,4,277.777777777778,1.2,115,0
1209,2018-04-23,51.054,170.18,0,-2.61111111111111,10.6111111111111,2.11111111111111,10.8,NA,15.6,10.1,NA,485,"CO",2018,113,4,300,0,115,0
1210,2018-04-24,51.054,167.64,0.508,-1.5,7.11111111111111,-1.27777777777778,10.5,NA,15.5,10.4,NA,485,"CO",2018,114,4,304.545454545455,-0.300000000000001,115,0
1211,2018-04-25,51.816,170.18,0,-8.77777777777778,9.22222222222222,-0.777777777777777,11,NA,16,10.3,NA,485,"CO",2018,115,4,304.477611940298,0.5,115,0
1212,2018-04-26,51.816,165.1,0,-2.22222222222222,7.22222222222222,-0.111111111111111,10.5,NA,27.5,8.9,NA,485,"CO",2018,116,4,313.846153846154,-0.5,115,0
1213,2018-04-27,51.816,165.1,0,-3.77777777777778,11.1111111111111,3.27777777777778,11.7,NA,27.4,9.6,NA,485,"CO",2018,117,4,313.846153846154,1.2,115,0
1214,2018-04-28,51.562,162.56,0,-1,13.3888888888889,4.11111111111111,15.2,NA,28.3,24.1,NA,485,"CO",2018,118,4,317.1875,3.5,115,0
1215,2018-04-29,50.546,157.48,0,-1.22222222222222,11,3.61111111111111,19.4,NA,29.2,23.5,NA,485,"CO",2018,119,4,320.967741935484,4.2,115,0
1216,2018-04-30,50.546,157.48,0,-1,7.77777777777778,1.5,19.8,NA,29.9,24.1,NA,485,"CO",2018,120,4,320.967741935484,0.400000000000002,115,0
1217,2018-05-01,50.546,157.48,0,-2.11111111111111,6.38888888888889,0.999999999999998,22.3,NA,30.8,23.2,NA,485,"CO",2018,121,5,320.967741935484,2.5,115,0
1218,2018-05-02,49.784,154.94,0.254,-0.722222222222223,4.61111111111111,-0.722222222222223,22.5,NA,31,24,NA,485,"CO",2018,122,5,321.311475409836,0.199999999999999,115,0
1219,2018-05-03,50.038,157.48,1.27,-4.38888888888889,0.999999999999998,-2.88888888888889,24.1,NA,31.3,22.5,NA,485,"CO",2018,123,5,317.741935483871,1.6,115,0
1220,2018-05-04,51.562,162.56,0,-4.72222222222222,6.61111111111111,-0.611111111111112,24.4,NA,31.4,22.6,NA,485,"CO",2018,124,5,317.1875,0.299999999999997,115,0
1221,2018-05-05,51.816,162.56,0,-3.22222222222222,12,3.22222222222222,25.8,NA,31.9,21.6,NA,485,"CO",2018,125,5,318.75,1.4,115,0
1222,2018-05-06,51.308,157.48,0,0.277777777777778,13,5.77777777777778,26.7,NA,32.4,30.8,NA,485,"CO",2018,126,5,325.806451612903,0.899999999999999,115,0
1223,2018-05-07,51.054,152.4,0,2.61111111111111,12.8888888888889,6.88888888888889,26.7,NA,32.9,30.9,NA,485,"CO",2018,127,5,335,0,115,0
1224,2018-05-08,50.292,149.86,0,1.5,12.8888888888889,5.38888888888889,27.5,NA,33.9,30.8,NA,485,"CO",2018,128,5,335.593220338983,0.800000000000001,115,0
1225,2018-05-09,49.53,144.78,0,1.11111111111111,13.6111111111111,6.61111111111111,30.5,NA,36.2,31.3,NA,485,"CO",2018,129,5,342.105263157895,3,115,0
1226,2018-05-10,48.26,142.24,0,2.88888888888889,14.8888888888889,8.38888888888889,36.3,NA,36,31.5,NA,485,"CO",2018,130,5,339.285714285714,5.8,115,0
1227,2018-05-11,46.736,134.62,0,3.5,13.2222222222222,7.5,40.6,NA,36.1,31.5,NA,485,"CO",2018,131,5,347.169811320755,4.3,115,0
1228,2018-05-12,45.72,132.08,0,3.88888888888889,14.2222222222222,7.61111111111111,40.7,NA,36.2,31.5,NA,485,"CO",2018,132,5,346.153846153846,0.100000000000001,115,0
1229,2018-05-13,45.212,127,0,3.72222222222222,12.7777777777778,5.38888888888889,40.7,NA,36.2,31.6,NA,485,"CO",2018,133,5,356,0,115,0
1230,2018-05-14,43.942,124.46,0,-0.222222222222221,11.7777777777778,4.22222222222222,40.7,NA,36.4,31.5,NA,485,"CO",2018,134,5,353.061224489796,0,115,0
1231,2018-05-15,43.434,119.38,0,0,13.2222222222222,5,40.7,NA,36.4,31.8,NA,485,"CO",2018,135,5,363.829787234043,0,115,0
1232,2018-05-16,42.418,116.84,0,0.499999999999999,15,7.11111111111111,40.7,NA,36.5,31.8,NA,485,"CO",2018,136,5,363.04347826087,0,115,0
1233,2018-05-17,40.894,111.76,0,2.5,14.6111111111111,7,40.7,NA,36.5,32,NA,485,"CO",2018,137,5,365.909090909091,0,115,0
1234,2018-05-18,40.132,109.22,0,0.388888888888891,12.8888888888889,3.5,40.8,NA,36.5,32,NA,485,"CO",2018,138,5,367.441860465116,0.0999999999999943,115,0
1235,2018-05-19,39.116,101.6,0.508,-1.22222222222222,9.11111111111111,1.72222222222222,40.8,NA,36.6,32,NA,485,"CO",2018,139,5,385,0,115,0
1236,2018-05-20,39.37,104.14,0,-0.777777777777777,11.5,2.72222222222222,40.8,NA,36.8,32.1,NA,485,"CO",2018,140,5,378.048780487805,0,115,0
1237,2018-05-21,39.878,104.14,0,-0.111111111111111,14,5.61111111111111,40.8,NA,36.9,32.1,NA,485,"CO",2018,141,5,382.926829268293,0,115,0
1238,2018-05-22,38.1,101.6,0.254,0.611111111111112,12.6111111111111,4.77777777777778,40.8,NA,36.9,32.3,NA,485,"CO",2018,142,5,375,0,115,0
1239,2018-05-23,37.338,99.06,0,0.388888888888891,13.7777777777778,5.72222222222222,40.8,NA,36.9,32.4,NA,485,"CO",2018,143,5,376.923076923077,0,115,0
1240,2018-05-24,36.322,93.98,0,0.777777777777777,14.3888888888889,6.77777777777778,40.9,NA,37.1,32.4,NA,485,"CO",2018,144,5,386.486486486486,0.100000000000001,115,0
1241,2018-05-25,34.036,88.9,0,3.72222222222222,17.7222222222222,9.61111111111111,40.9,NA,37.1,32.5,NA,485,"CO",2018,145,5,382.857142857143,0,115,0
1242,2018-05-26,32.004,81.28,0,5,17.1111111111111,10.2222222222222,40.9,NA,37.1,32.6,NA,485,"CO",2018,146,5,393.75,0,115,0
1243,2018-05-27,30.988,76.2,0,6.22222222222222,17.3888888888889,9.38888888888889,40.9,NA,37.1,32.6,NA,485,"CO",2018,147,5,406.666666666667,0,115,0
1244,2018-05-28,29.464,73.66,0,2.38888888888889,11.8888888888889,5.77777777777778,41,NA,37.2,32.8,NA,485,"CO",2018,148,5,400,0.100000000000001,115,0
1245,2018-05-29,28.702,71.12,0,0.499999999999999,10.5,4.11111111111111,41,NA,37.1,32.8,NA,485,"CO",2018,149,5,403.571428571429,0,115,0
1246,2018-05-30,27.94,66.04,0,1.72222222222222,14.6111111111111,6.22222222222222,41.1,NA,37.1,33,NA,485,"CO",2018,150,5,423.076923076923,0.100000000000001,115,0
1247,2018-05-31,26.162,58.42,0,2.38888888888889,17.8888888888889,9.77777777777778,41.1,NA,37.1,33.1,NA,485,"CO",2018,151,5,447.826086956522,0,115,0
1248,2018-06-01,23.876,50.8,0,4.77777777777778,14.3888888888889,7.88888888888889,41.1,NA,37.2,33.2,NA,485,"CO",2018,152,6,470,0,115,0
1249,2018-06-02,21.59,48.26,0,0.777777777777777,17.2222222222222,7.88888888888889,41.1,NA,37.3,33.3,NA,485,"CO",2018,153,6,447.368421052632,0,115,0
1250,2018-06-03,18.796,38.1,0.762,4.72222222222222,14,6.5,41.2,NA,37.4,33.5,NA,485,"CO",2018,154,6,493.333333333333,0.100000000000001,115,0
1251,2018-06-04,18.034,35.56,0,0.611111111111112,17.2777777777778,8.5,42.1,NA,37.8,33.6,NA,485,"CO",2018,155,6,507.142857142857,0.899999999999999,115,0
1252,2018-06-05,14.986,30.48,0,6.11111111111111,18.2777777777778,11.2222222222222,42.9,NA,39.7,33.7,NA,485,"CO",2018,156,6,491.666666666667,0.799999999999997,115,0
1253,2018-06-06,12.7,25.4,0,5.5,18.7222222222222,10.8888888888889,42.9,NA,39.9,33.9,NA,485,"CO",2018,157,6,500,0,115,0
1254,2018-06-07,9.906,20.32,0,7,18.5,11.1111111111111,42.8,NA,39.8,34.1,NA,485,"CO",2018,158,6,487.5,-0.100000000000001,115,0
1255,2018-06-08,6.35,12.7,0,4.72222222222222,19.2222222222222,11.3888888888889,42,NA,39.7,34.1,NA,485,"CO",2018,159,6,500,-0.799999999999997,115,0
1256,2018-06-09,4.064,7.62,0,5.5,20.5,12.2777777777778,41.3,NA,39.7,34.4,NA,485,"CO",2018,160,6,533.333333333333,-0.700000000000003,115,0
1257,2018-06-10,2.794,5.08,0,6.38888888888889,19,11.8888888888889,41.1,NA,39.7,34.4,NA,485,"CO",2018,161,6,550,-0.199999999999996,115,0
1258,2018-06-11,1.778,2.54,0,3.72222222222222,18.6111111111111,10,40.8,NA,39.7,34.4,NA,485,"CO",2018,162,6,700,-0.300000000000004,115,0
1259,2018-06-12,1.27,2.54,0,5.38888888888889,18.8888888888889,11.7777777777778,38.8,NA,39.7,34.6,NA,485,"CO",2018,163,6,500,-2,115,0
1260,2018-06-13,0.508,2.54,0,8.61111111111111,21.1111111111111,13.2222222222222,37.8,NA,39.7,34.6,NA,485,"CO",2018,164,6,200,-1,115,0
1261,2018-06-14,0,0,0,8.38888888888889,18.6111111111111,12,36.9,NA,39.7,34.5,NA,485,"CO",2018,165,6,NA,-0.899999999999999,115,0
1262,2018-06-15,0,0,0,6.77777777777778,17.8888888888889,11.7777777777778,36.2,NA,39.7,34.7,NA,485,"CO",2018,166,6,NA,-0.699999999999996,115,0
1263,2018-06-16,0,0,0,8.11111111111111,15.1111111111111,10.2222222222222,35.6,NA,39.7,34.8,NA,485,"CO",2018,167,6,NA,-0.600000000000001,115,0
1264,2018-06-17,0,0,1.524,5.38888888888889,13.2777777777778,7.5,35.5,NA,39.7,34.8,NA,485,"CO",2018,168,6,NA,-0.100000000000001,115,0
1265,2018-06-18,0,0,0,4.5,17.3888888888889,9.72222222222222,42.5,NA,39.7,35,NA,485,"CO",2018,169,6,NA,7,115,0
1266,2018-06-19,0,0,0,4.5,16.7777777777778,9.88888888888889,38.3,NA,39.7,35,NA,485,"CO",2018,170,6,NA,-4.2,115,0
1267,2018-06-20,0,0,0,2.5,16.2777777777778,8.61111111111111,35.5,NA,39.7,35,NA,485,"CO",2018,171,6,NA,-2.8,115,0
1268,2018-06-21,0,0,0,4.88888888888889,19.1111111111111,11.7222222222222,33.9,NA,39.7,35.1,NA,485,"CO",2018,172,6,NA,-1.6,115,0
1269,2018-06-22,0,0,0,9.5,16.5,9.77777777777778,32.6,NA,39.7,35.2,NA,485,"CO",2018,173,6,NA,-1.3,115,0
1270,2018-06-23,0,0,0,2.5,17,10,31.7,NA,39.4,35.1,NA,485,"CO",2018,174,6,NA,-0.900000000000002,115,0
1271,2018-06-24,0,0,0,7.88888888888889,13.6111111111111,6.77777777777778,30.8,NA,39.4,35.1,NA,485,"CO",2018,175,6,NA,-0.899999999999999,115,0
1272,2018-06-25,0,0,0,0.222222222222221,17.1111111111111,8.77777777777778,30.4,NA,38.6,35.3,NA,485,"CO",2018,176,6,NA,-0.400000000000002,115,0
1273,2018-06-26,0,0,0,6,21.3888888888889,13.6111111111111,29.6,NA,38.3,35.3,NA,485,"CO",2018,177,6,NA,-0.799999999999997,115,0
1274,2018-06-27,0,0,0,9.77777777777778,22.7222222222222,15.3888888888889,28.6,NA,37.9,35.4,NA,485,"CO",2018,178,6,NA,-1,115,0
1275,2018-06-28,0,0,0,10.2222222222222,23,15.3888888888889,28.1,NA,37.6,35.4,NA,485,"CO",2018,179,6,NA,-0.5,115,0
1276,2018-06-29,0,0,0,9.22222222222222,20.5,13.2222222222222,27.7,NA,37.4,32.6,NA,485,"CO",2018,180,6,NA,-0.400000000000002,115,0
1277,2018-06-30,0,0,0,7.11111111111111,18.2777777777778,10.3888888888889,27.3,NA,36.5,31,NA,485,"CO",2018,181,6,NA,-0.399999999999999,115,0
1278,2018-07-01,0,0,0,2.27777777777778,19.1111111111111,10.7222222222222,26.6,NA,36.4,31.1,NA,485,"CO",2018,182,7,NA,-0.699999999999999,115,0
1279,2018-07-02,0,0,0,5.22222222222222,20.7777777777778,12.2222222222222,26.3,NA,36.3,31.1,NA,485,"CO",2018,183,7,NA,-0.300000000000001,115,0
1280,2018-07-03,0,0,0,8.22222222222222,20.6111111111111,12,25.7,NA,35.9,31.3,NA,485,"CO",2018,184,7,NA,-0.600000000000001,115,0
1281,2018-07-04,0,0,0,7.61111111111111,19.6111111111111,12.7222222222222,26.1,NA,35.7,31.3,NA,485,"CO",2018,185,7,NA,0.400000000000002,115,0
1282,2018-07-05,0,0,0,8.38888888888889,19.7222222222222,10.7222222222222,25.4,NA,35.8,31.3,NA,485,"CO",2018,186,7,NA,-0.700000000000003,115,0
1283,2018-07-06,0,0,0,4.88888888888889,20.7777777777778,12,25.5,NA,35.7,31.2,NA,485,"CO",2018,187,7,NA,0.100000000000001,115,0
1284,2018-07-07,0,0,0,8.61111111111111,21.2777777777778,12.6111111111111,25.8,NA,35.5,31.1,NA,485,"CO",2018,188,7,NA,0.300000000000001,115,0
1285,2018-07-08,0,0,0,7.22222222222222,22,12.7222222222222,25.3,NA,35.6,30.9,NA,485,"CO",2018,189,7,NA,-0.5,115,0
1286,2018-07-09,0,0,0,7.5,22.7222222222222,15.2222222222222,24.8,NA,35.6,31,NA,485,"CO",2018,190,7,NA,-0.5,115,0
1287,2018-07-10,0,0,0,9.22222222222222,22.1111111111111,13.8888888888889,24.1,NA,35.4,31.1,NA,485,"CO",2018,191,7,NA,-0.699999999999999,115,0
1288,2018-07-11,0,0,0,7.61111111111111,21.2777777777778,13.6111111111111,24,NA,35.1,28.7,NA,485,"CO",2018,192,7,NA,-0.100000000000001,115,0
1289,2018-07-12,0,0,0.254,7,19,10.1111111111111,22.8,NA,35.1,28.5,NA,485,"CO",2018,193,7,NA,-1.2,115,0
1290,2018-07-13,0,0,0,5.5,20.1111111111111,11.6111111111111,23.4,NA,35,28.3,NA,485,"CO",2018,194,7,NA,0.599999999999998,115,0
1291,2018-07-14,0,0,0,8.88888888888889,22,14.2777777777778,23.5,NA,34.6,27.6,NA,485,"CO",2018,195,7,NA,0.100000000000001,115,0
1292,2018-07-15,0,0,1.524,10.1111111111111,17.6111111111111,9.77777777777778,21.8,NA,34.4,26.2,NA,485,"CO",2018,196,7,NA,-1.7,115,0
1293,2018-07-16,0,0,0.254,6.61111111111111,20.7777777777778,11.7222222222222,24.6,NA,35.5,28.5,NA,485,"CO",2018,197,7,NA,2.8,115,0
1294,2018-07-17,0,0,0,7.61111111111111,19.2222222222222,12.2777777777778,24.3,NA,35.5,28.6,NA,485,"CO",2018,198,7,NA,-0.300000000000001,115,0
1295,2018-07-18,0,0,0,7.22222222222222,20.6111111111111,12.7777777777778,24.5,NA,35.2,28.7,NA,485,"CO",2018,199,7,NA,0.199999999999999,115,0
1296,2018-07-19,0,0,0,9.22222222222222,22.2222222222222,14.2777777777778,22.3,NA,34.9,27.8,NA,485,"CO",2018,200,7,NA,-2.2,115,0
1297,2018-07-20,0,0,0.254,10.7777777777778,21.6111111111111,12.8888888888889,20.5,NA,34.6,26.4,NA,485,"CO",2018,201,7,NA,-1.8,115,0
1298,2018-07-21,0,0,0.254,8.11111111111111,20.2777777777778,12.1111111111111,20.2,NA,34.4,25.9,NA,485,"CO",2018,202,7,NA,-0.300000000000001,115,0
1299,2018-07-22,0,0,0,9.5,22,13.8888888888889,18.9,NA,34.1,25.2,NA,485,"CO",2018,203,7,NA,-1.3,115,0
1300,2018-07-23,0,0,0.762,10.6111111111111,21.5,12.8888888888889,18.2,NA,33.6,24.1,NA,485,"CO",2018,204,7,NA,-0.699999999999999,115,0
1301,2018-07-24,0,0,0,8.72222222222222,19.8888888888889,12.3888888888889,16.5,NA,34.5,27.4,NA,485,"CO",2018,205,7,NA,-1.7,115,0
1302,2018-07-25,0,0,0,8.88888888888889,17.6111111111111,11.5,19,NA,34.3,25.7,NA,485,"CO",2018,206,7,NA,2.5,115,0
1303,2018-07-26,0,0,0,7,18.6111111111111,11.7777777777778,19.1,NA,33.9,24.7,NA,485,"CO",2018,207,7,NA,0.100000000000001,115,0
1304,2018-07-27,0,0,0,8.11111111111111,19.3888888888889,11.3888888888889,16.6,NA,33,23.8,NA,485,"CO",2018,208,7,NA,-2.5,115,0
1305,2018-07-28,0,0,0.254,6.38888888888889,17.8888888888889,9.38888888888889,15.9,NA,32.9,23.7,NA,485,"CO",2018,209,7,NA,-0.700000000000001,115,0
1306,2018-07-29,0,0,0,5.5,19,11.2222222222222,14.2,NA,32.4,22.9,NA,485,"CO",2018,210,7,NA,-1.7,115,0
1307,2018-07-30,0,0,0,8.61111111111111,16.7222222222222,9.77777777777778,14.2,NA,31.5,22.2,NA,485,"CO",2018,211,7,NA,0,115,0
1308,2018-07-31,0,0,0,3.77777777777778,19.8888888888889,11.2222222222222,10.7,NA,30.5,21.9,NA,485,"CO",2018,212,7,NA,-3.5,115,0
1309,2018-08-01,0,0,0,7.5,18.6111111111111,9.88888888888889,11,NA,29.6,21.8,NA,485,"CO",2018,213,8,NA,0.300000000000001,115,0
1310,2018-08-02,0,0,0,5.5,20.6111111111111,12.8888888888889,10,NA,28.3,20.6,NA,485,"CO",2018,214,8,NA,-1,115,0
1462,2019-01-01,21.844,93.98,0,-21,-8.88888888888889,-17.2777777777778,0.8,NA,13.7,7.6,NA,485,"CO",2019,1,1,232.432432432432,0,150,0
1463,2019-01-02,21.844,93.98,0,-19.2222222222222,-5.22222222222222,-14.1111111111111,1.1,NA,13.1,7.5,NA,485,"CO",2019,2,1,232.432432432432,0.3,150,0
1464,2019-01-03,21.844,93.98,0.508,-14,-2.11111111111111,-9.22222222222222,1.6,NA,13.3,7.9,NA,485,"CO",2019,3,1,232.432432432432,0.5,150,0
1465,2019-01-04,22.098,91.44,0,-9.27777777777778,1.38888888888889,-5.27777777777778,1.2,NA,13.4,7.7,NA,485,"CO",2019,4,1,241.666666666667,-0.4,150,0
1466,2019-01-05,22.098,91.44,0.254,-6.27777777777778,4.38888888888889,-2.61111111111111,1.4,NA,13,7.9,NA,485,"CO",2019,5,1,241.666666666667,0.2,150,0
1467,2019-01-06,22.352,91.44,0.254,-2.72222222222222,-1.77777777777778,-6,1.4,NA,13.2,8,NA,485,"CO",2019,6,1,244.444444444444,0,150,0
1468,2019-01-07,22.606,96.52,0.508,-11.5,-7.27777777777778,-10.1111111111111,0.8,NA,13.4,7.1,NA,485,"CO",2019,7,1,234.21052631579,-0.6,150,0
1469,2019-01-08,23.114,99.06,0,-9.27777777777778,-2.61111111111111,-8.5,1.4,NA,13.3,7.5,NA,485,"CO",2019,8,1,233.333333333333,0.6,150,0
1470,2019-01-09,23.114,96.52,0,-7.61111111111111,2.77777777777778,-4,1,NA,13.4,7.4,NA,485,"CO",2019,9,1,239.473684210526,-0.4,150,0
1471,2019-01-10,23.114,96.52,1.27,-6.27777777777778,1.22222222222222,-4.11111111111111,1.1,NA,13.6,7.5,NA,485,"CO",2019,10,1,239.473684210526,0.1,150,0
1472,2019-01-11,24.13,106.68,0.254,-5.77777777777778,-5.5,-7.77777777777778,1.5,NA,13.3,7.4,NA,485,"CO",2019,11,1,226.190476190476,0.4,150,0
1473,2019-01-12,24.638,114.3,0,-11.5,-5.61111111111111,-11.8888888888889,0.8,NA,13.2,7.1,NA,485,"CO",2019,12,1,215.555555555556,-0.7,150,0
1474,2019-01-13,24.638,111.76,0,-15.3888888888889,-5.88888888888889,-13.6111111111111,1.2,NA,13.3,7.6,NA,485,"CO",2019,13,1,220.454545454545,0.4,150,0
1475,2019-01-14,24.638,106.68,0,-15.7777777777778,-5.38888888888889,-12.7777777777778,1.5,NA,13.3,7.5,NA,485,"CO",2019,14,1,230.952380952381,0.3,150,0
1476,2019-01-15,24.892,109.22,0.508,-13.7777777777778,-0.777777777777777,-7.61111111111111,1.7,NA,13.1,7.9,NA,485,"CO",2019,15,1,227.906976744186,0.2,150,0
1477,2019-01-16,25.146,104.14,0.762,-6.11111111111111,-2.88888888888889,-6.77777777777778,1.9,NA,13,7.3,NA,485,"CO",2019,16,1,241.463414634146,0.2,150,0
1478,2019-01-17,25.908,119.38,0.254,-9,0.222222222222221,-6.11111111111111,1.3,NA,13.1,8,NA,485,"CO",2019,17,1,217.021276595745,-0.6,150,0
1479,2019-01-18,26.162,116.84,1.524,-6.5,-5.88888888888889,-9.27777777777778,1.8,NA,13,7.3,NA,485,"CO",2019,18,1,223.913043478261,0.5,150,0
1480,2019-01-19,27.94,144.78,0,-12.5,-6.72222222222222,-10.3888888888889,1.2,NA,13.1,7.1,NA,485,"CO",2019,19,1,192.982456140351,-0.6,150,0
1481,2019-01-20,28.194,139.7,0,-8.22222222222222,-1.27777777777778,-6.61111111111111,2,NA,13,7.3,NA,485,"CO",2019,20,1,201.818181818182,0.8,150,0
1482,2019-01-21,28.194,132.08,0.254,-6.88888888888889,-3.38888888888889,-8.11111111111111,1.4,NA,13.2,7.7,NA,485,"CO",2019,21,1,213.461538461538,-0.6,150,0
1483,2019-01-22,28.702,137.16,0,-11.7777777777778,-11.7777777777778,-16.2222222222222,1.5,NA,13,8.4,NA,485,"CO",2019,22,1,209.259259259259,0.1,150,0
1484,2019-01-23,28.702,134.62,0.762,-19.3888888888889,-8.77777777777778,-15,1.1,NA,13.5,7.7,NA,485,"CO",2019,23,1,213.207547169811,-0.4,150,0
1485,2019-01-24,29.464,142.24,0.508,-14.2222222222222,-10.7222222222222,-13.3888888888889,0.7,NA,13.4,7.8,NA,485,"CO",2019,24,1,207.142857142857,-0.4,150,0
1486,2019-01-25,30.48,147.32,0.508,-14.7777777777778,-10.3888888888889,-14.2777777777778,2.2,NA,13.2,7.5,NA,485,"CO",2019,25,1,206.896551724138,1.5,150,0
1487,2019-01-26,30.48,142.24,0,-13.7222222222222,-9.61111111111111,-13,1.6,NA,13.3,7.6,NA,485,"CO",2019,26,1,214.285714285714,-0.6,150,0
1488,2019-01-27,30.48,132.08,0,-14.2777777777778,-5.22222222222222,-9.72222222222222,2,NA,13.4,8.1,NA,485,"CO",2019,27,1,230.769230769231,0.4,150,0
1489,2019-01-28,30.734,129.54,0,-9.27777777777778,-9.22222222222222,-14.1111111111111,1.2,NA,13.5,7.6,NA,485,"CO",2019,28,1,237.254901960784,-0.8,150,0
1490,2019-01-29,30.734,139.7,0,-21.2222222222222,-8.5,-16,1.9,NA,13.2,8.2,NA,485,"CO",2019,29,1,220,0.7,150,0
1491,2019-01-30,30.734,137.16,0,-18.6111111111111,-6.22222222222222,-13.7222222222222,1.8,NA,13.6,7.3,NA,485,"CO",2019,30,1,224.074074074074,-0.0999999999999999,150,0
1492,2019-01-31,30.988,132.08,0.254,-15.3888888888889,-2.77777777777778,-11.1111111111111,2.3,NA,13.6,7.7,NA,485,"CO",2019,31,1,234.615384615385,0.5,150,0
1493,2019-02-01,30.988,129.54,0,-12.2777777777778,1.5,-8.22222222222222,1.3,NA,13.7,7.3,NA,485,"CO",2019,32,2,239.21568627451,-1,150,0
1494,2019-02-02,31.242,127,0.508,-11.5,0,-6.38888888888889,1.9,NA,13.2,7.2,NA,485,"CO",2019,33,2,246,0.6,150,0
1495,2019-02-03,31.242,121.92,0,-6.11111111111111,0.277777777777778,-4.77777777777778,1.7,NA,13.6,8,NA,485,"CO",2019,34,2,256.25,-0.2,150,0
1496,2019-02-04,31.242,124.46,0.254,-9.22222222222222,-0.88888888888889,-5.5,1.1,NA,13.4,7.9,NA,485,"CO",2019,35,2,251.020408163265,-0.6,150,0
1497,2019-02-05,31.75,124.46,0.254,-5.5,-4.61111111111111,-7,1.7,NA,13.6,7.4,NA,485,"CO",2019,36,2,255.102040816327,0.6,150,0
1498,2019-02-06,31.75,127,0.254,-9,-8.27777777777778,-12.2777777777778,0.8,NA,13.5,7.3,NA,485,"CO",2019,37,2,250,-0.9,150,0
1499,2019-02-07,32.258,137.16,0,-18.7777777777778,-17.2777777777778,-20.8888888888889,1.3,NA,13.5,7.3,NA,485,"CO",2019,38,2,235.185185185185,0.5,150,0
1500,2019-02-08,32.258,137.16,0.254,-23.7222222222222,-5.5,-14.3888888888889,1.5,NA,13.1,8,NA,485,"CO",2019,39,2,235.185185185185,0.2,150,0
1501,2019-02-09,32.766,134.62,0.254,-15.2777777777778,-4.11111111111111,-10.1111111111111,1.3,NA,13.8,7.3,NA,485,"CO",2019,40,2,243.396226415094,-0.2,150,0
1502,2019-02-10,32.766,134.62,0,-12.3888888888889,-3.38888888888889,-10.8888888888889,0.9,NA,13.2,7,NA,485,"CO",2019,41,2,243.396226415094,-0.4,150,0
1503,2019-02-11,32.766,132.08,0,-13.1111111111111,-10.5,-15,1.2,NA,13.3,7.5,NA,485,"CO",2019,42,2,248.076923076923,0.3,150,0
1504,2019-02-12,32.766,132.08,0.254,-19.2777777777778,-5.72222222222222,-12.2777777777778,1.6,NA,13.6,7.9,NA,485,"CO",2019,43,2,248.076923076923,0.4,150,0
1505,2019-02-13,33.02,129.54,0.762,-9.22222222222222,0.222222222222221,-5.27777777777778,1.4,NA,13.4,8.2,NA,485,"CO",2019,44,2,254.901960784314,-0.2,150,0
1506,2019-02-14,33.782,134.62,1.016,-4.88888888888889,-1,-3.77777777777778,1.3,NA,13.1,7.8,NA,485,"CO",2019,45,2,250.943396226415,-0.0999999999999999,150,0
1507,2019-02-15,34.798,142.24,0.254,-4.27777777777778,1.11111111111111,-6.72222222222222,0.9,NA,13.5,7.5,NA,485,"CO",2019,46,2,244.642857142857,-0.4,150,0
1508,2019-02-16,35.306,149.86,0.508,-13.7777777777778,-8.38888888888889,-14.3888888888889,2.1,NA,13,7.2,NA,485,"CO",2019,47,2,235.593220338983,1.2,150,0
1509,2019-02-17,35.814,157.48,0,-21.3888888888889,-9.77777777777778,-16.7222222222222,2.2,NA,12.9,7.5,NA,485,"CO",2019,48,2,227.41935483871,0.1,150,0
1510,2019-02-18,36.068,152.4,0,-16.6111111111111,-9.77777777777778,-15.2777777777778,1.1,NA,13,7.3,NA,485,"CO",2019,49,2,236.666666666667,-1.1,150,0
1511,2019-02-19,36.068,149.86,0,-14.8888888888889,-10.1111111111111,-17,2.2,NA,12.9,8.2,NA,485,"CO",2019,50,2,240.677966101695,1.1,150,0
1512,2019-02-20,36.068,149.86,0.254,-21.7222222222222,-13.2222222222222,-18.8888888888889,1.6,NA,13,7,NA,485,"CO",2019,51,2,240.677966101695,-0.6,150,0
1513,2019-02-21,36.322,149.86,0.254,-17.8888888888889,-9,-13.6111111111111,0.9,NA,13.4,7.4,NA,485,"CO",2019,52,2,242.372881355932,-0.7,150,0
1514,2019-02-22,36.576,147.32,0.762,-12.8888888888889,-4.88888888888889,-10.3888888888889,1.2,NA,13.5,7.2,NA,485,"CO",2019,53,2,248.275862068966,0.3,150,0
1515,2019-02-23,37.338,154.94,0,-12.3888888888889,-11.3888888888889,-15.7222222222222,1.3,NA,13.4,7.7,NA,485,"CO",2019,54,2,240.983606557377,0.1,150,0
1516,2019-02-24,37.592,154.94,0,-17.7222222222222,-5,-13.5,1.2,NA,13.8,7.7,NA,485,"CO",2019,55,2,242.622950819672,-0.1,150,0
1517,2019-02-25,37.592,152.4,0.254,-12.8888888888889,-1.38888888888889,-8.77777777777778,1.4,NA,13.2,7.9,NA,485,"CO",2019,56,2,246.666666666667,0.2,150,0
1518,2019-02-26,37.846,149.86,0.254,-10.7777777777778,3.38888888888889,-5.5,0.7,NA,13.5,7.3,NA,485,"CO",2019,57,2,252.542372881356,-0.7,150,0
1519,2019-02-27,37.846,149.86,0.508,-7.27777777777778,2.77777777777778,-4.38888888888889,1.4,NA,13.2,7.5,NA,485,"CO",2019,58,2,252.542372881356,0.7,150,0
1520,2019-02-28,38.1,144.78,0.254,-6.22222222222222,-0.222222222222221,-4.77777777777778,1.2,NA,13.4,6.6,NA,485,"CO",2019,59,2,263.157894736842,-0.2,150,0
1521,2019-03-01,38.354,152.4,1.524,-6.27777777777778,-2.61111111111111,-5.77777777777778,1.3,NA,13.1,8.1,NA,485,"CO",2019,60,3,251.666666666667,0.1,150,0
1522,2019-03-02,39.878,170.18,1.778,-6,-0.111111111111111,-4.11111111111111,1.7,NA,13.4,7,NA,485,"CO",2019,61,3,234.328358208955,0.4,150,0
1523,2019-03-03,41.656,182.88,1.27,-5.61111111111111,-3.77777777777778,-8,2.2,NA,13.1,8,NA,485,"CO",2019,62,3,227.777777777778,0.5,150,0
1524,2019-03-04,43.434,200.66,0,-12.3888888888889,-4.77777777777778,-12,1.8,NA,13.6,7.9,NA,485,"CO",2019,63,3,216.455696202532,-0.4,150,0
1525,2019-03-05,43.434,190.5,0,-17.8888888888889,-2.88888888888889,-9.5,0.8,NA,13.5,7.4,NA,485,"CO",2019,64,3,228,-1,150,0
1526,2019-03-06,43.688,182.88,2.54,-5.27777777777778,2.11111111111111,-1.77777777777778,1.3,NA,13.3,7,NA,485,"CO",2019,65,3,238.888888888889,0.5,150,0
1527,2019-03-07,46.228,208.28,1.778,-3.77777777777778,-0.88888888888889,-5.72222222222222,2.1,NA,13.3,8.2,NA,485,"CO",2019,66,3,221.951219512195,0.8,150,0
1528,2019-03-08,48.514,223.52,1.27,-10.5,0.222222222222221,-6.22222222222222,1.2,NA,13.4,7.2,NA,485,"CO",2019,67,3,217.045454545455,-0.9,150,0
1529,2019-03-09,50.038,231.14,0,-11,-6.5,-11,1,NA,13.4,7.4,NA,485,"CO",2019,68,3,216.483516483516,-0.2,150,0
1530,2019-03-10,50.292,226.06,0,-15.2222222222222,0.277777777777778,-8.88888888888889,2.1,NA,13.2,7.2,NA,485,"CO",2019,69,3,222.47191011236,1.1,150,0
1531,2019-03-11,50.546,215.9,0.254,-11.7222222222222,0.777777777777777,-6.22222222222222,1.3,NA,13.2,6.7,NA,485,"CO",2019,70,3,234.117647058824,-0.8,150,0
1532,2019-03-12,50.546,210.82,0.508,-5.88888888888889,4.22222222222222,-1.77777777777778,1.5,NA,13.2,6.6,NA,485,"CO",2019,71,3,239.759036144578,0.2,150,0
1533,2019-03-13,51.308,210.82,1.524,-1.77777777777778,-1.61111111111111,-8.72222222222222,1.1,NA,13.6,7.6,NA,485,"CO",2019,72,3,243.373493975904,-0.4,150,0
1534,2019-03-14,53.086,228.6,0.254,-14.7222222222222,-8.72222222222222,-14,2.7,NA,13,7.6,NA,485,"CO",2019,73,3,232.222222222222,1.6,150,0
1535,2019-03-15,53.34,220.98,0,-15.2777777777778,-3.88888888888889,-12.8888888888889,2.3,NA,13.7,7,NA,485,"CO",2019,74,3,241.379310344828,-0.4,150,0
1536,2019-03-16,53.34,215.9,0,-14.6111111111111,-0.88888888888889,-9.27777777777778,2.2,NA,13.4,7.5,NA,485,"CO",2019,75,3,247.058823529412,-0.0999999999999996,150,0
1537,2019-03-17,53.34,210.82,0,-12.2777777777778,2.61111111111111,-6.77777777777778,1.7,NA,13.4,6.8,NA,485,"CO",2019,76,3,253.012048192771,-0.5,150,0
1538,2019-03-18,53.34,208.28,0.254,-9.77777777777778,1.77777777777778,-5.27777777777778,3,NA,13.4,7.5,NA,485,"CO",2019,77,3,256.09756097561,1.3,150,0
1539,2019-03-19,53.594,203.2,0,-7.61111111111111,-4.38888888888889,-10,2.7,NA,13.8,7.7,NA,485,"CO",2019,78,3,263.75,-0.3,150,0
1540,2019-03-20,53.594,203.2,0,-16.6111111111111,4.22222222222222,-6.11111111111111,2.5,NA,13.9,8,NA,485,"CO",2019,79,3,263.75,-0.2,150,0
1541,2019-03-21,53.594,200.66,0.254,-7,2,-3.77777777777778,1.5,NA,13.8,7.7,NA,485,"CO",2019,80,3,267.088607594937,-1,150,0
1542,2019-03-22,53.848,198.12,0,-8.72222222222222,0.499999999999999,-6.22222222222222,2.8,NA,13.2,7.3,NA,485,"CO",2019,81,3,271.794871794872,1.3,150,0
1543,2019-03-23,53.848,198.12,0,-9.38888888888889,-0.222222222222221,-6.61111111111111,2.9,NA,13.3,7.2,NA,485,"CO",2019,82,3,271.794871794872,0.1,150,0
1544,2019-03-24,53.848,198.12,0.762,-9.5,-0.277777777777778,-5.88888888888889,1.8,NA,13.9,8.2,NA,485,"CO",2019,83,3,271.794871794872,-1.1,150,0
1545,2019-03-25,54.61,200.66,0.254,-7.27777777777778,1.61111111111111,-6,2,NA,13.4,7.3,NA,485,"CO",2019,84,3,272.151898734177,0.2,150,0
1546,2019-03-26,54.864,203.2,0,-8.61111111111111,7.77777777777778,-0.277777777777778,1.7,NA,13.5,8.2,NA,485,"CO",2019,85,3,270,-0.3,150,0
1547,2019-03-27,54.864,195.58,0,-0.277777777777778,10.7222222222222,2.77777777777778,2.8,NA,13.8,7.1,NA,485,"CO",2019,86,3,280.519480519481,1.1,150,0
1548,2019-03-28,55.118,193.04,0,-1.77777777777778,8.22222222222222,1.27777777777778,1.6,NA,13.3,8.1,NA,485,"CO",2019,87,3,285.526315789474,-1.2,150,0
1549,2019-03-29,55.118,193.04,0,-2.5,-1.61111111111111,-6.61111111111111,1.8,NA,14,7.9,NA,485,"CO",2019,88,3,285.526315789474,0.2,150,0
1550,2019-03-30,55.372,195.58,0.254,-11.2222222222222,-2.11111111111111,-8.22222222222222,1.8,NA,13.6,7.4,NA,485,"CO",2019,89,3,283.116883116883,0,150,0
1551,2019-03-31,55.88,198.12,0,-9.77777777777778,-0.777777777777777,-8.5,2.9,NA,14,7.3,NA,485,"CO",2019,90,3,282.051282051282,1.1,150,0
1552,2019-04-01,55.88,195.58,0,-11.8888888888889,0,-6.61111111111111,2.3,NA,13.9,7.9,NA,485,"CO",2019,91,4,285.714285714286,-0.6,150,0
1553,2019-04-02,55.88,195.58,0.254,-6.22222222222222,2.88888888888889,-3,3.5,NA,14,7.8,NA,485,"CO",2019,92,4,285.714285714286,1.2,150,0
1554,2019-04-03,56.388,198.12,0.254,-5.38888888888889,0.222222222222221,-4,2.6,NA,13.9,8.3,NA,485,"CO",2019,93,4,284.615384615385,-0.9,150,0
1555,2019-04-04,56.642,195.58,0,-4.77777777777778,6.61111111111111,-1.27777777777778,2.4,NA,13.7,7.1,NA,485,"CO",2019,94,4,289.61038961039,-0.2,150,0
1556,2019-04-05,56.642,193.04,0.254,-2.61111111111111,7.22222222222222,0,3,NA,13.8,8,NA,485,"CO",2019,95,4,293.421052631579,0.6,150,0
1557,2019-04-06,56.642,190.5,0,-4.88888888888889,5.11111111111111,-1.77777777777778,2.7,NA,13.6,6.8,NA,485,"CO",2019,96,4,297.333333333333,-0.3,150,0
1558,2019-04-07,56.896,187.96,0,-4.5,7.11111111111111,-1.27777777777778,2.8,NA,13.9,7.5,NA,485,"CO",2019,97,4,302.702702702703,0.0999999999999996,150,0
1559,2019-04-08,56.896,190.5,0.508,-4,8.61111111111111,0.999999999999998,1.4,NA,13.3,7.8,NA,485,"CO",2019,98,4,298.666666666667,-1.4,150,0
1560,2019-04-09,56.896,185.42,0.254,0.277777777777778,11.6111111111111,3.5,3.1,NA,13.7,8.3,NA,485,"CO",2019,99,4,306.849315068493,1.7,150,0
1561,2019-04-10,57.658,185.42,1.524,-1.22222222222222,0.722222222222221,-4.77777777777778,3.7,NA,13.4,7.5,NA,485,"CO",2019,100,4,310.958904109589,0.6,150,0
1562,2019-04-11,59.69,210.82,0.254,-12.6111111111111,-7.88888888888889,-12.2222222222222,3.6,NA,13.9,7,NA,485,"CO",2019,101,4,283.132530120482,-0.1,150,0
1563,2019-04-12,59.69,210.82,0,-15.2222222222222,-2.61111111111111,-10.5,4.5,NA,13.8,7.3,NA,485,"CO",2019,102,4,283.132530120482,0.9,150,0
1564,2019-04-13,59.69,200.66,0.254,-12.8888888888889,-3.22222222222222,-8.72222222222222,4,NA,13.5,7,NA,485,"CO",2019,103,4,297.46835443038,-0.5,150,0
1565,2019-04-14,59.944,203.2,0.254,-12.8888888888889,3.27777777777778,-4.11111111111111,4,NA,13.4,7.7,NA,485,"CO",2019,104,4,295,0,150,0
1566,2019-04-15,60.198,200.66,0,-2.5,8.5,1.27777777777778,3.9,NA,13.8,6.8,NA,485,"CO",2019,105,4,300,-0.1,150,0
1567,2019-04-16,60.198,195.58,0,-2.72222222222222,7.11111111111111,0.777777777777777,3.8,NA,14.2,7.4,NA,485,"CO",2019,106,4,307.792207792208,-0.1,150,0
1568,2019-04-17,60.198,193.04,0,-4.77777777777778,4.72222222222222,-1.22222222222222,2.1,NA,13.4,8.4,NA,485,"CO",2019,107,4,311.842105263158,-1.7,150,0
1569,2019-04-18,60.198,187.96,0.254,-4.77777777777778,2.77777777777778,-2.11111111111111,2.9,NA,13.7,8.5,NA,485,"CO",2019,108,4,320.27027027027,0.8,150,0
1570,2019-04-19,60.452,195.58,0.254,-2.22222222222222,10.1111111111111,1.77777777777778,3.2,NA,13.9,7.4,NA,485,"CO",2019,109,4,309.090909090909,0.3,150,0
1571,2019-04-20,60.706,190.5,0,-1.38888888888889,12.2222222222222,3.38888888888889,3.1,NA,14,8.4,NA,485,"CO",2019,110,4,318.666666666667,-0.1,150,1
1572,2019-04-21,60.706,187.96,0.254,-2,5.5,-0.222222222222221,5.8,NA,14.3,7.9,NA,485,"CO",2019,111,4,322.972972972973,2.7,150,0
1573,2019-04-22,60.706,190.5,1.27,-3.88888888888889,8,-0.111111111111111,9.5,NA,14.1,7.5,NA,485,"CO",2019,112,4,318.666666666667,3.7,150,0
1574,2019-04-23,61.976,200.66,0,-3.11111111111111,9.22222222222222,0.277777777777778,9.2,NA,14,7.2,NA,485,"CO",2019,113,4,308.860759493671,-0.300000000000001,150,0
1575,2019-04-24,61.976,190.5,0,-2.38888888888889,7.77777777777778,1.5,10.8,NA,14.4,8.4,NA,485,"CO",2019,114,4,325.333333333333,1.6,150,0
1576,2019-04-25,61.976,182.88,0,-0.222222222222221,9.88888888888889,2.61111111111111,11.1,NA,14.2,6.7,NA,485,"CO",2019,115,4,338.888888888889,0.299999999999999,150,0
1577,2019-04-26,61.976,185.42,1.27,-1.77777777777778,8.88888888888889,2.5,11.3,NA,14.3,7.4,NA,485,"CO",2019,116,4,334.246575342466,0.200000000000001,150,0
1578,2019-04-27,62.738,193.04,0.508,-1.27777777777778,8,2.11111111111111,12.6,NA,13.6,6.9,NA,485,"CO",2019,117,4,325,1.3,150,0
1579,2019-04-28,62.738,187.96,1.524,1.11111111111111,5.61111111111111,0.111111111111113,15.7,NA,14.4,8.4,NA,485,"CO",2019,118,4,333.783783783784,3.1,150,0
1580,2019-04-29,64.262,200.66,1.778,-3.5,4.61111111111111,-0.722222222222223,16.5,NA,14.2,7.4,NA,485,"CO",2019,119,4,320.253164556962,0.800000000000001,150,0
1581,2019-04-30,65.786,210.82,0.254,-2.72222222222222,4.22222222222222,-1.61111111111111,17.3,NA,14.4,8.1,NA,485,"CO",2019,120,4,312.048192771084,0.800000000000001,150,0
1582,2019-05-01,66.04,205.74,0.508,-3,1.11111111111111,-4.61111111111111,16.2,NA,13.5,7.2,NA,485,"CO",2019,121,5,320.987654320988,-1.1,150,0
1583,2019-05-02,66.548,208.28,0.254,-9.88888888888889,4.38888888888889,-3.61111111111111,16.2,NA,14.6,8.3,NA,485,"CO",2019,122,5,319.512195121951,0,150,0
1584,2019-05-03,66.294,200.66,0,-8.22222222222222,6.5,-2.27777777777778,17.3,NA,14.5,7.9,NA,485,"CO",2019,123,5,330.379746835443,1.1,150,0
1585,2019-05-04,66.294,200.66,0.254,-5.5,8.22222222222222,0.277777777777778,17.1,NA,13.8,8.3,NA,485,"CO",2019,124,5,330.379746835443,-0.199999999999999,150,0
1586,2019-05-05,66.04,198.12,0,-1.11111111111111,8.61111111111111,1.77777777777778,17.4,NA,14.6,7.2,NA,485,"CO",2019,125,5,333.333333333333,0.299999999999997,150,0
1587,2019-05-06,66.04,195.58,0,-2.11111111111111,11.7222222222222,3.88888888888889,17.5,NA,14.5,7.6,NA,485,"CO",2019,126,5,337.662337662338,0.100000000000001,150,0
1588,2019-05-07,65.786,193.04,0,1.72222222222222,9.38888888888889,2.27777777777778,18.2,NA,14.9,8.6,NA,485,"CO",2019,127,5,340.789473684211,0.699999999999999,150,0
1589,2019-05-08,65.786,187.96,1.778,-3.38888888888889,5.38888888888889,-2.61111111111111,19,NA,14.2,7.8,NA,485,"CO",2019,128,5,350,0.800000000000001,150,0
1590,2019-05-09,67.564,213.36,0.254,-7,-0.222222222222221,-5.5,19.4,NA,14.7,7.3,NA,485,"CO",2019,129,5,316.666666666667,0.399999999999999,150,0
1591,2019-05-10,67.818,203.2,0.254,-7.77777777777778,2.38888888888889,-3.38888888888889,20.3,NA,14.7,8.5,NA,485,"CO",2019,130,5,333.75,0.900000000000002,150,0
1592,2019-05-11,68.072,203.2,0,-8,4.5,-3,20.3,NA,14.3,8.5,NA,485,"CO",2019,131,5,335,0,150,0
1593,2019-05-12,68.072,200.66,0,-5.38888888888889,8.61111111111111,1.11111111111111,19.5,NA,15.6,7.9,NA,485,"CO",2019,132,5,339.240506329114,-0.800000000000001,150,0
1594,2019-05-13,68.072,193.04,0,-1.38888888888889,11.7222222222222,3.88888888888889,20.1,NA,16.1,7.4,NA,485,"CO",2019,133,5,352.631578947368,0.600000000000001,150,0
1595,2019-05-14,68.072,187.96,0,0,13,5,20.5,NA,16.3,7.4,NA,485,"CO",2019,134,5,362.162162162162,0.399999999999999,150,0
1596,2019-05-15,67.818,187.96,0,1.22222222222222,14.7777777777778,6.5,22.5,NA,17.2,9,NA,485,"CO",2019,135,5,360.810810810811,2,150,0
1597,2019-05-16,66.802,182.88,0,2.22222222222222,13.7777777777778,6.88888888888889,22.6,NA,27.2,9.3,NA,485,"CO",2019,136,5,365.277777777778,0.100000000000001,150,0
1598,2019-05-17,65.786,177.8,0.254,3.88888888888889,6,-0.222222222222221,22.1,NA,31.1,33.5,NA,485,"CO",2019,137,5,370,-0.5,150,0
1599,2019-05-18,66.04,182.88,0.508,-7.11111111111111,2.27777777777778,-4.5,22.1,NA,31.2,30,NA,485,"CO",2019,138,5,361.111111111111,0,150,0
1600,2019-05-19,66.548,182.88,0.254,-7.88888888888889,5.72222222222222,-0.777777777777777,21.8,NA,31.1,26.7,NA,485,"CO",2019,139,5,363.888888888889,-0.300000000000001,150,0
1601,2019-05-20,66.548,180.34,2.032,-1.61111111111111,2,-1.5,21.7,NA,31.2,25.7,NA,485,"CO",2019,140,5,369.014084507042,-0.100000000000001,150,0
1602,2019-05-21,68.326,200.66,0.762,-4.88888888888889,0.277777777777778,-3.77777777777778,21,NA,31.2,25.6,NA,485,"CO",2019,141,5,340.506329113924,-0.699999999999999,150,0
1603,2019-05-22,69.596,200.66,0.508,-5.77777777777778,5.38888888888889,-1.38888888888889,21.1,NA,31.2,25.7,NA,485,"CO",2019,142,5,346.835443037975,0.100000000000001,150,0
1604,2019-05-23,70.104,198.12,0.762,-1.5,2,-2.61111111111111,21.7,NA,31,24.8,NA,485,"CO",2019,143,5,353.846153846154,0.599999999999998,150,0
1605,2019-05-24,70.866,205.74,0,-8.38888888888889,6.77777777777778,-1.5,21.6,NA,31.1,24.4,NA,485,"CO",2019,144,5,344.444444444444,-0.0999999999999979,150,0
1606,2019-05-25,70.866,195.58,0,-4.22222222222222,10.7222222222222,2.77777777777778,21.9,NA,30.8,24.4,NA,485,"CO",2019,145,5,362.337662337662,0.299999999999997,150,0
1607,2019-05-26,70.358,187.96,0.254,0,12.1111111111111,3.22222222222222,21.3,NA,30.9,25.6,NA,485,"CO",2019,146,5,374.324324324324,-0.599999999999998,150,0
1608,2019-05-27,69.85,185.42,0,-2.11111111111111,8.61111111111111,0.999999999999998,21.1,NA,31.4,28.1,NA,485,"CO",2019,147,5,376.712328767123,-0.199999999999999,150,0
1609,2019-05-28,69.596,182.88,0.508,-3.77777777777778,-0.722222222222223,-3.61111111111111,22,NA,31,31.4,NA,485,"CO",2019,148,5,380.555555555556,0.899999999999999,150,0
1610,2019-05-29,70.104,187.96,1.016,-2.88888888888889,4.5,-0.88888888888889,22,NA,31.4,35.2,NA,485,"CO",2019,149,5,372.972972972973,0,150,0
1611,2019-05-30,71.374,190.5,0.254,-3,9.77777777777778,1.27777777777778,21.7,NA,31.8,35.2,NA,485,"CO",2019,150,5,374.666666666667,-0.300000000000001,150,0
1612,2019-05-31,71.374,187.96,0,-1.38888888888889,10.7222222222222,3.5,22.1,NA,31.3,30.4,NA,485,"CO",2019,151,5,379.72972972973,0.400000000000002,150,0
1613,2019-06-01,71.12,185.42,0,1.11111111111111,15.3888888888889,7.22222222222222,21.8,NA,31.6,31.8,NA,485,"CO",2019,152,6,383.561643835616,-0.300000000000001,150,0
1614,2019-06-02,70.612,180.34,0.254,3.5,14.1111111111111,4.72222222222222,23.5,NA,32,35.6,NA,485,"CO",2019,153,6,391.549295774648,1.7,150,0
1615,2019-06-03,70.104,177.8,0,2.88888888888889,13.1111111111111,6.11111111111111,23.2,NA,32.8,35.9,NA,485,"CO",2019,154,6,394.285714285714,-0.300000000000001,150,0
1616,2019-06-04,69.088,172.72,0,0.999999999999998,12.6111111111111,5.77777777777778,23.9,NA,39,36.2,NA,485,"CO",2019,155,6,400,0.699999999999999,150,0
1617,2019-06-05,68.834,170.18,0,1.77777777777778,13.7222222222222,6,24.2,NA,39.1,36.4,NA,485,"CO",2019,156,6,404.477611940299,0.300000000000001,150,0
1618,2019-06-06,67.564,162.56,0,1.22222222222222,15.8888888888889,7.5,40.8,NA,39.3,36.5,NA,485,"CO",2019,157,6,415.625,16.6,150,0
1619,2019-06-07,64.77,154.94,0,4.72222222222222,15.3888888888889,8.38888888888889,41.1,NA,39.3,36.6,NA,485,"CO",2019,158,6,418.032786885246,0.300000000000004,150,0
1620,2019-06-08,62.484,149.86,0,4.22222222222222,16.3888888888889,8.38888888888889,41.2,NA,39.4,36.7,NA,485,"CO",2019,159,6,416.949152542373,0.100000000000001,150,0
1621,2019-06-09,59.944,142.24,0,0.388888888888891,10,2.61111111111111,41.3,NA,39.5,36.9,NA,485,"CO",2019,160,6,421.428571428571,0.0999999999999943,150,0
1622,2019-06-10,58.674,134.62,0,-0.88888888888889,14,5.61111111111111,41.4,NA,39.5,36.9,NA,485,"CO",2019,161,6,435.849056603774,0.100000000000001,150,0
1623,2019-06-11,56.388,132.08,0,0.499999999999999,12.1111111111111,5.5,41.5,NA,39.5,37,NA,485,"CO",2019,162,6,426.923076923077,0.100000000000001,150,0
1624,2019-06-12,53.848,124.46,0,1.38888888888889,15.1111111111111,7.11111111111111,41.6,NA,39.5,37.1,NA,485,"CO",2019,163,6,432.65306122449,0.100000000000001,150,0
1625,2019-06-13,50.8,116.84,0,3,16.1111111111111,7.61111111111111,41.7,NA,39.5,37.2,NA,485,"CO",2019,164,6,434.782608695652,0.100000000000001,150,0
1626,2019-06-14,48.768,114.3,0,2.77777777777778,14.8888888888889,6.61111111111111,41.6,NA,39.5,37.2,NA,485,"CO",2019,165,6,426.666666666667,-0.100000000000001,150,0
1627,2019-06-15,47.244,109.22,0,1.27777777777778,13.7222222222222,4.72222222222222,41.8,NA,39.5,37.3,NA,485,"CO",2019,166,6,432.558139534884,0.199999999999996,150,0
1628,2019-06-16,45.974,104.14,0,1.11111111111111,14.2777777777778,6.88888888888889,41.7,NA,39.5,37.3,NA,485,"CO",2019,167,6,441.463414634146,-0.0999999999999943,150,0
1629,2019-06-17,43.434,93.98,0.762,3.22222222222222,12.6111111111111,4.88888888888889,41.8,NA,39.5,37.4,NA,485,"CO",2019,168,6,462.162162162162,0.0999999999999943,150,0
1630,2019-06-18,42.418,91.44,0.762,2.5,7.88888888888889,3.38888888888889,41.8,NA,39.5,37.4,NA,485,"CO",2019,169,6,463.888888888889,0,150,0
1631,2019-06-19,41.656,96.52,0.254,1.22222222222222,13.2777777777778,5.88888888888889,41.8,NA,39.5,37.5,NA,485,"CO",2019,170,6,431.578947368421,0,150,0
1632,2019-06-20,39.878,86.36,0,6.61111111111111,14.8888888888889,8,41.9,NA,39.5,37.5,NA,485,"CO",2019,171,6,461.764705882353,0.100000000000001,150,0
1633,2019-06-21,37.592,76.2,0,2,13.3888888888889,5.88888888888889,41.9,NA,39.5,37.5,NA,485,"CO",2019,172,6,493.333333333333,0,150,0
1634,2019-06-22,35.56,78.74,1.016,2.5,9.38888888888889,1.27777777777778,41.9,NA,39.5,37.5,NA,485,"CO",2019,173,6,451.612903225807,0,150,0
1635,2019-06-23,36.068,66.04,0.254,-3.88888888888889,4.22222222222222,-0.722222222222223,41.9,NA,39.5,37.6,NA,485,"CO",2019,174,6,546.153846153846,0,150,0
1636,2019-06-24,36.322,68.58,0,-0.777777777777777,12.6111111111111,5,41.9,NA,39.5,37.6,NA,485,"CO",2019,175,6,529.62962962963,0,150,0
1637,2019-06-25,35.306,71.12,0,1.61111111111111,15.6111111111111,8.22222222222222,41.9,NA,39.5,37.7,NA,485,"CO",2019,176,6,496.428571428571,0,150,0
1638,2019-06-26,33.02,71.12,0,4.61111111111111,17.1111111111111,10.2222222222222,41.9,NA,39.5,37.6,NA,485,"CO",2019,177,6,464.285714285714,0,150,0
1639,2019-06-27,30.48,60.96,0,4.61111111111111,18.8888888888889,11.2222222222222,41.9,NA,39.5,37.7,NA,485,"CO",2019,178,6,500,0,150,0
1640,2019-06-28,26.924,53.34,0,5.77777777777778,20,10.8888888888889,41.9,NA,39.5,37.7,NA,485,"CO",2019,179,6,504.761904761905,0,150,0
1641,2019-06-29,23.114,43.18,0,6.72222222222222,19,12.1111111111111,42,NA,39.6,37.7,NA,485,"CO",2019,180,6,535.294117647059,0.100000000000001,150,0
1642,2019-06-30,18.796,35.56,0.254,7.61111111111111,20,9.88888888888889,42,NA,39.6,37.8,NA,485,"CO",2019,181,6,528.571428571429,0,150,0
1643,2019-07-01,15.494,30.48,0,5.77777777777778,16.3888888888889,9.88888888888889,42,NA,39.6,37.7,NA,485,"CO",2019,182,7,508.333333333333,0,150,0
1644,2019-07-02,11.938,22.86,0,5.72222222222222,17.6111111111111,10.2222222222222,42.1,NA,39.6,37.8,NA,485,"CO",2019,183,7,522.222222222222,0.100000000000001,150,0
1645,2019-07-03,8.128,15.24,0,5.38888888888889,18.7777777777778,11.1111111111111,42.1,NA,39.6,37.8,NA,485,"CO",2019,184,7,533.333333333333,0,150,0
1646,2019-07-04,5.08,10.16,0,6.11111111111111,19.7222222222222,11.7222222222222,42.1,NA,39.6,37.8,NA,485,"CO",2019,185,7,500,0,150,0
1647,2019-07-05,3.81,7.62,0,5.61111111111111,18.6111111111111,11.6111111111111,42.1,NA,39.6,37.8,NA,485,"CO",2019,186,7,500,0,150,0
1648,2019-07-06,2.54,5.08,0,7.22222222222222,17.7777777777778,10.6111111111111,42.2,NA,39.6,37.8,NA,485,"CO",2019,187,7,500,0.100000000000001,150,0
1649,2019-07-07,1.778,5.08,0,4.5,16.3888888888889,9.22222222222222,42.2,NA,39.6,37.8,NA,485,"CO",2019,188,7,350,0,150,0
1650,2019-07-08,1.27,2.54,0,5.5,14.8888888888889,7.5,42.3,NA,39.6,37.9,NA,485,"CO",2019,189,7,500,0.0999999999999943,150,0
1651,2019-07-09,0.762,2.54,0,6.11111111111111,17.3888888888889,9.61111111111111,42.2,NA,39.6,38,NA,485,"CO",2019,190,7,300,-0.0999999999999943,150,0
1652,2019-07-10,0,0,0,5.11111111111111,20,12.3888888888889,41.2,NA,39.6,37.9,NA,485,"CO",2019,191,7,NA,-1,150,0
1653,2019-07-11,0,0,0,7,21.1111111111111,13.1111111111111,40.9,NA,39.6,38,NA,485,"CO",2019,192,7,NA,-0.300000000000004,150,0
1654,2019-07-12,0,0,0,7.77777777777778,18.6111111111111,12,40.4,NA,39.6,38,NA,485,"CO",2019,193,7,NA,-0.5,150,0
1655,2019-07-13,0,0,0,8.22222222222222,21.2222222222222,12.7777777777778,40,NA,39.6,38,NA,485,"CO",2019,194,7,NA,-0.399999999999999,150,0
1656,2019-07-14,0,0,0.254,8,20.1111111111111,11.5,39.5,NA,39.7,38,NA,485,"CO",2019,195,7,NA,-0.5,150,0
1657,2019-07-15,0,0,0,5.77777777777778,19,11.6111111111111,38.9,NA,39.6,38,NA,485,"CO",2019,196,7,NA,-0.600000000000001,150,0
1658,2019-07-16,0,0,0,7.11111111111111,20.5,13.2777777777778,38.2,NA,39.6,38,NA,485,"CO",2019,197,7,NA,-0.699999999999996,150,0
1659,2019-07-17,0,0,0,8.5,20.5,13.7222222222222,36.4,NA,39.7,38,NA,485,"CO",2019,198,7,NA,-1.8,150,0
1660,2019-07-18,0,0,0,8.88888888888889,20.3888888888889,13.6111111111111,34.2,NA,39.5,38,NA,485,"CO",2019,199,7,NA,-2.2,150,0
1661,2019-07-19,0,0,0,8.77777777777778,22.6111111111111,14.3888888888889,33.2,NA,39.4,38,NA,485,"CO",2019,200,7,NA,-1,150,0
1662,2019-07-20,0,0,0,8.61111111111111,19.8888888888889,11.7222222222222,31.8,NA,39.3,38,NA,485,"CO",2019,201,7,NA,-1.4,150,0
1663,2019-07-21,0,0,0,8.22222222222222,21.7777777777778,13.6111111111111,31.9,NA,38.6,38,NA,485,"CO",2019,202,7,NA,0.0999999999999979,150,0
1664,2019-07-22,0,0,0.508,9.22222222222222,19,10.7222222222222,31.1,NA,38.1,37.9,NA,485,"CO",2019,203,7,NA,-0.799999999999997,150,0
1665,2019-07-23,0,0,0,5.38888888888889,19.7777777777778,12.2777777777778,31.4,NA,38.3,38,NA,485,"CO",2019,204,7,NA,0.299999999999997,150,0
1666,2019-07-24,0,0,0,8.11111111111111,21.2222222222222,12.3888888888889,30.4,NA,38,37.9,NA,485,"CO",2019,205,7,NA,-1,150,0
1667,2019-07-25,0,0,0,7.38888888888889,17.1111111111111,10.3888888888889,30.2,NA,37.9,38,NA,485,"CO",2019,206,7,NA,-0.199999999999999,150,0
1668,2019-07-26,0,0,0.254,7.5,16.5,10,30.1,NA,37.8,38,NA,485,"CO",2019,207,7,NA,-0.0999999999999979,150,0
1669,2019-07-27,0,0,0,6.5,17.2777777777778,10.3888888888889,30.6,NA,37.7,37.9,NA,485,"CO",2019,208,7,NA,0.5,150,0
1670,2019-07-28,0,0,0,6.5,17.6111111111111,10.3888888888889,29.5,NA,37.7,37.9,NA,485,"CO",2019,209,7,NA,-1.1,150,0
1671,2019-07-29,0,0,0,6.11111111111111,20.7777777777778,12.7222222222222,29.5,NA,37.5,37.9,NA,485,"CO",2019,210,7,NA,0,150,0
1672,2019-07-30,0,0,0,8.61111111111111,20,12.6111111111111,29.1,NA,36.4,37.8,NA,485,"CO",2019,211,7,NA,-0.399999999999999,150,0
1673,2019-07-31,0,0,0.508,7.11111111111111,19.2222222222222,10.7222222222222,28.6,NA,36.3,37.8,NA,485,"CO",2019,212,7,NA,-0.5,150,0
1674,2019-08-01,0,0,0,8.77777777777778,16.2777777777778,11,28.9,NA,36.5,37.8,NA,485,"CO",2019,213,8,NA,0.299999999999997,150,0
1675,2019-08-02,0,0,0,7.22222222222222,18.8888888888889,12.1111111111111,28.9,NA,36.5,37.8,NA,485,"CO",2019,214,8,NA,0,150,0
1827,2020-01-01,18.542,81.28,1.27,-11.7222222222222,-5.27777777777778,-9.27777777777778,0.3,NA,12.3,7.9,NA,485,"CO",2020,1,1,228.125,0,116,0
1828,2020-01-02,19.812,93.98,0.254,-11,-10.2222222222222,-12.8888888888889,0.7,NA,12.4,7.7,NA,485,"CO",2020,2,1,210.810810810811,0.4,116,0
1829,2020-01-03,20.066,96.52,0,-15,-8.11111111111111,-12.2222222222222,0.8,NA,12.3,8.2,NA,485,"CO",2020,3,1,207.894736842105,0.1,116,0
1830,2020-01-04,20.066,93.98,0,-12.3888888888889,0.277777777777778,-6.88888888888889,0,NA,12.5,8.2,NA,485,"CO",2020,4,1,213.513513513514,-0.8,116,0
1831,2020-01-05,20.066,91.44,0,-12.5,-0.722222222222223,-8.72222222222222,0.6,NA,12.3,7.7,NA,485,"CO",2020,5,1,219.444444444444,0.6,116,0
1832,2020-01-06,20.066,91.44,0,-13.1111111111111,-10.5,-14.2777777777778,0.1,NA,12.6,8,NA,485,"CO",2020,6,1,219.444444444444,-0.5,116,0
1833,2020-01-07,20.066,91.44,0,-12.5,-2.88888888888889,-9.38888888888889,0.4,NA,11.8,7.7,NA,485,"CO",2020,7,1,219.444444444444,0.3,116,0
1834,2020-01-08,20.32,91.44,0.254,-9.38888888888889,-0.277777777777778,-7.11111111111111,0.5,NA,12.2,7.5,NA,485,"CO",2020,8,1,222.222222222222,0.1,116,0
1835,2020-01-09,20.574,88.9,0,-12.2222222222222,-6.88888888888889,-12.5,0.6,NA,12.5,7.6,NA,485,"CO",2020,9,1,231.428571428571,0.1,116,0
1836,2020-01-10,20.574,93.98,0,-16.1111111111111,-12.8888888888889,-16.8888888888889,1,NA,12.5,7.2,NA,485,"CO",2020,10,1,218.918918918919,0.4,116,0
1837,2020-01-11,20.574,91.44,0,-20,-5.72222222222222,-13.3888888888889,0,NA,12.4,7.5,NA,485,"CO",2020,11,1,225,-1,116,0
1838,2020-01-12,20.574,91.44,0.508,-17.8888888888889,-10.2222222222222,-14.8888888888889,0.8,NA,12.6,7.7,NA,485,"CO",2020,12,1,225,0.8,116,0
1839,2020-01-13,21.082,93.98,0.254,-15.5,-9.5,-12.7777777777778,0.5,NA,12.2,7.5,NA,485,"CO",2020,13,1,224.324324324324,-0.3,116,0
1840,2020-01-14,21.336,96.52,0,-10.7222222222222,-3.5,-7.77777777777778,0.3,NA,12.3,7.4,NA,485,"CO",2020,14,1,221.052631578947,-0.2,116,0
1841,2020-01-15,21.336,93.98,0,-9.38888888888889,-2.72222222222222,-9,0.6,NA,12.5,7.5,NA,485,"CO",2020,15,1,227.027027027027,0.3,116,0
1842,2020-01-16,21.336,93.98,0.508,-9.77777777777778,1.22222222222222,-4.5,0.2,NA,12,7.7,NA,485,"CO",2020,16,1,227.027027027027,-0.4,116,0
1843,2020-01-17,21.59,91.44,0.254,-7,-6.11111111111111,-10.7222222222222,0.6,NA,12,7.6,NA,485,"CO",2020,17,1,236.111111111111,0.4,116,0
1844,2020-01-18,22.098,99.06,0,-19,-8.11111111111111,-13.7777777777778,0,NA,12.1,7.3,NA,485,"CO",2020,18,1,223.076923076923,-0.6,116,0
1845,2020-01-19,22.098,96.52,0,-12.7777777777778,-6.22222222222222,-11.6111111111111,0.7,NA,12.5,7.1,NA,485,"CO",2020,19,1,228.947368421053,0.7,116,0
1846,2020-01-20,22.098,96.52,0.254,-13.7222222222222,1.27777777777778,-6.72222222222222,0.3,NA,12,7.7,NA,485,"CO",2020,20,1,228.947368421053,-0.4,116,0
1847,2020-01-21,22.352,93.98,0.508,-5.22222222222222,-0.388888888888889,-4.5,0,NA,12.3,7.8,NA,485,"CO",2020,21,1,237.837837837838,-0.3,116,0
1848,2020-01-22,22.606,96.52,0.508,-6.77777777777778,-5.38888888888889,-8.38888888888889,0,NA,12.2,7.4,NA,485,"CO",2020,22,1,234.21052631579,0,116,0
1849,2020-01-23,23.368,111.76,0.508,-11.2222222222222,-6.72222222222222,-9.61111111111111,0.2,NA,12.1,6.9,NA,485,"CO",2020,23,1,209.090909090909,0.2,116,0
1850,2020-01-24,23.876,116.84,0,-9.5,-2.5,-8.11111111111111,0.5,NA,12.4,7.5,NA,485,"CO",2020,24,1,204.347826086957,0.3,116,0
1851,2020-01-25,23.876,109.22,0,-8.27777777777778,-4.61111111111111,-8.38888888888889,0.5,NA,12.4,7.8,NA,485,"CO",2020,25,1,218.604651162791,0,116,0
1852,2020-01-26,24.13,106.68,0,-10.7222222222222,-1.77777777777778,-7.77777777777778,0.3,NA,12.4,7.3,NA,485,"CO",2020,26,1,226.190476190476,-0.2,116,0
1853,2020-01-27,24.13,104.14,0.254,-8.11111111111111,-3,-8.38888888888889,0.7,NA,12.1,7.1,NA,485,"CO",2020,27,1,231.707317073171,0.4,116,0
1854,2020-01-28,24.384,111.76,0,-13.7222222222222,-7.61111111111111,-12.7777777777778,0,NA,12.3,7.5,NA,485,"CO",2020,28,1,218.181818181818,-0.7,116,0
1855,2020-01-29,24.384,111.76,0.254,-12.2222222222222,-6.88888888888889,-11.2777777777778,0.8,NA,12.7,8.1,NA,485,"CO",2020,29,1,218.181818181818,0.8,116,0
1856,2020-01-30,24.638,104.14,0.508,-15.7777777777778,-9.5,-13.2222222222222,0.6,NA,12.3,7.2,NA,485,"CO",2020,30,1,236.585365853659,-0.2,116,0
1857,2020-01-31,25.146,114.3,0,-15.2222222222222,-7.27777777777778,-11.7222222222222,0,NA,12.3,7.5,NA,485,"CO",2020,31,1,220,-0.6,116,0
1858,2020-02-01,25.146,111.76,0,-7.38888888888889,-0.277777777777778,-5.77777777777778,0.3,NA,12.2,7.5,NA,485,"CO",2020,32,2,225,0.3,116,0
1859,2020-02-02,25.146,109.22,0,-7,5.88888888888889,-1.5,0,NA,12.6,7.5,NA,485,"CO",2020,33,2,230.232558139535,-0.3,116,0
1860,2020-02-03,25.146,106.68,0.508,-5.27777777777778,-2.27777777777778,-7.61111111111111,0,NA,12.3,7.1,NA,485,"CO",2020,34,2,235.714285714286,0,116,0
1861,2020-02-04,25.654,114.3,0,-15.8888888888889,-15.8888888888889,-19.7777777777778,0.6,NA,12.5,7.5,NA,485,"CO",2020,35,2,224.444444444444,0.6,116,0
1862,2020-02-05,25.654,114.3,0,-27,-17.6111111111111,-22,0.8,NA,12.9,8,NA,485,"CO",2020,36,2,224.444444444444,0.2,116,0
1863,2020-02-06,25.654,111.76,1.524,-18.6111111111111,-9.27777777777778,-13.2222222222222,0,NA,12.4,6.9,NA,485,"CO",2020,37,2,229.545454545455,-0.8,116,0
1864,2020-02-07,27.686,129.54,1.524,-9.27777777777778,-5.88888888888889,-7.77777777777778,0,NA,12.7,7.2,NA,485,"CO",2020,38,2,213.725490196078,0,116,0
1865,2020-02-08,29.972,152.4,0.762,-7.77777777777778,-1.77777777777778,-6.27777777777778,1,NA,12.2,7.7,NA,485,"CO",2020,39,2,196.666666666667,1,116,0
1866,2020-02-09,30.48,154.94,0.254,-10.5,-3.38888888888889,-9.38888888888889,0.9,NA,12.4,7.9,NA,485,"CO",2020,40,2,196.72131147541,-0.1,116,0
1867,2020-02-10,30.734,149.86,0.254,-10,-6,-10.6111111111111,0.8,NA,12.4,7.8,NA,485,"CO",2020,41,2,205.084745762712,-0.1,116,0
1868,2020-02-11,30.988,147.32,0,-15.7222222222222,-8.22222222222222,-15.2222222222222,0.7,NA,12.5,8.1,NA,485,"CO",2020,42,2,210.344827586207,-0.1,116,0
1869,2020-02-12,30.988,144.78,0.254,-13,-10.6111111111111,-14,1,NA,12.5,7.6,NA,485,"CO",2020,43,2,214.035087719298,0.3,116,0
1870,2020-02-13,31.242,142.24,0.508,-15.2222222222222,-10.6111111111111,-13.1111111111111,0,NA,12.7,8.1,NA,485,"CO",2020,44,2,219.642857142857,-1,116,0
1871,2020-02-14,31.75,139.7,0.254,-12.2222222222222,-1.77777777777778,-8,0.4,NA,12.4,6.9,NA,485,"CO",2020,45,2,227.272727272727,0.4,116,0
1872,2020-02-15,32.004,139.7,0.254,-8.38888888888889,-3.77777777777778,-8.27777777777778,0.7,NA,12.2,6.9,NA,485,"CO",2020,46,2,229.090909090909,0.3,116,0
1873,2020-02-16,32.258,142.24,1.016,-9.22222222222222,-2.88888888888889,-6.22222222222222,0.4,NA,12.5,7.3,NA,485,"CO",2020,47,2,226.785714285714,-0.3,116,0
1874,2020-02-17,33.274,147.32,0.254,-6.72222222222222,-4.77777777777778,-9.22222222222222,1.2,NA,12.5,7.4,NA,485,"CO",2020,48,2,225.862068965517,0.8,116,0
1875,2020-02-18,33.528,149.86,0,-14,-5.77777777777778,-12.1111111111111,0,NA,12.2,6.9,NA,485,"CO",2020,49,2,223.728813559322,-1.2,116,0
1876,2020-02-19,33.528,147.32,0,-11.6111111111111,-3.5,-10.3888888888889,1.2,NA,12.3,7.2,NA,485,"CO",2020,50,2,227.586206896552,1.2,116,0
1877,2020-02-20,33.528,144.78,0,-16.8888888888889,-3.38888888888889,-13.7222222222222,0.1,NA,12.3,7.7,NA,485,"CO",2020,51,2,231.578947368421,-1.1,116,0
1878,2020-02-21,33.528,142.24,0,-14.7222222222222,1.27777777777778,-7.61111111111111,0,NA,12.2,7.6,NA,485,"CO",2020,52,2,235.714285714286,-0.1,116,0
1879,2020-02-22,33.528,137.16,0.254,-6.88888888888889,2.88888888888889,-4,0,NA,12.5,7.3,NA,485,"CO",2020,53,2,244.444444444444,0,116,0
1880,2020-02-23,34.036,137.16,1.524,-5.38888888888889,-3.5,-6.61111111111111,0.9,NA,12.1,7.2,NA,485,"CO",2020,54,2,248.148148148148,0.9,116,0
1881,2020-02-24,35.56,157.48,0.508,-11.8888888888889,-9.5,-14.6111111111111,0,NA,12.7,7.8,NA,485,"CO",2020,55,2,225.806451612903,-0.9,116,0
1882,2020-02-25,36.322,162.56,0,-19.5,-15.2222222222222,-19.2222222222222,0,NA,12.9,8,NA,485,"CO",2020,56,2,223.4375,0,116,0
1883,2020-02-26,36.322,160.02,0.508,-24.3888888888889,-9,-15.7777777777778,0,NA,12.7,7.6,NA,485,"CO",2020,57,2,226.984126984127,0,116,0
1884,2020-02-27,36.83,154.94,0.254,-12.1111111111111,-5.88888888888889,-10.2777777777778,1,NA,12.3,6.7,NA,485,"CO",2020,58,2,237.704918032787,1,116,0
1885,2020-02-28,37.084,154.94,0,-12.2222222222222,0.499999999999999,-9,1.1,NA,12.3,6.9,NA,485,"CO",2020,59,2,239.344262295082,0.1,116,0
1886,2020-02-29,37.084,149.86,0,-11.1111111111111,0.388888888888891,-6.88888888888889,1.1,NA,12.7,7.1,NA,485,"CO",2020,60,2,247.457627118644,0,116,0
1887,2020-03-01,37.084,147.32,0.254,-9.38888888888889,-0.777777777777777,-6.5,0,NA,12.7,7.3,NA,485,"CO",2020,61,3,251.724137931034,-1.1,116,0
1888,2020-03-02,37.338,152.4,0.508,-8.5,-4.72222222222222,-9.61111111111111,0.8,NA,12.4,7,NA,485,"CO",2020,62,3,245,0.8,116,0
1889,2020-03-03,37.846,154.94,0,-15.2222222222222,-1.61111111111111,-9.38888888888889,1.1,NA,12.6,7.5,NA,485,"CO",2020,63,3,244.262295081967,0.3,116,0
1890,2020-03-04,37.846,152.4,0,-11.5,1.38888888888889,-6.22222222222222,0,NA,12.8,7.7,NA,485,"CO",2020,64,3,248.333333333333,-1.1,116,0
1891,2020-03-05,37.846,149.86,0.254,-10.7777777777778,2.27777777777778,-5.88888888888889,0.5,NA,12.3,7.5,NA,485,"CO",2020,65,3,252.542372881356,0.5,116,0
1892,2020-03-06,38.1,147.32,0,-8.38888888888889,6.5,-2.61111111111111,0.1,NA,12.3,7.8,NA,485,"CO",2020,66,3,258.620689655172,-0.4,116,0
1893,2020-03-07,38.1,144.78,0,-6.11111111111111,5.5,-2,0,NA,12.3,7.4,NA,485,"CO",2020,67,3,263.157894736842,-0.1,116,0
1894,2020-03-08,38.1,144.78,0.254,-3.11111111111111,4.38888888888889,-2,0,NA,12.7,8.1,NA,485,"CO",2020,68,3,263.157894736842,0,116,0
1895,2020-03-09,38.354,147.32,0.254,-5.77777777777778,0.388888888888891,-5,1.1,NA,12.8,7.6,NA,485,"CO",2020,69,3,260.344827586207,1.1,116,0
1896,2020-03-10,38.608,149.86,0,-5.77777777777778,-0.722222222222223,-4.61111111111111,0.8,NA,12.3,7.2,NA,485,"CO",2020,70,3,257.627118644068,-0.3,116,0
1897,2020-03-11,38.608,142.24,0.254,-9.11111111111111,3.88888888888889,-3.5,0,NA,12.7,7.9,NA,485,"CO",2020,71,3,271.428571428571,-0.8,116,0
1898,2020-03-12,38.862,142.24,0,-4.27777777777778,3.77777777777778,-2.38888888888889,0.4,NA,12.4,7.5,NA,485,"CO",2020,72,3,273.214285714286,0.4,116,0
1899,2020-03-13,38.862,144.78,0.762,-6.72222222222222,0.277777777777778,-5.77777777777778,0.5,NA,12.6,7.7,NA,485,"CO",2020,73,3,268.421052631579,0.1,116,0
1900,2020-03-14,39.624,154.94,0,-11.1111111111111,2.38888888888889,-5.22222222222222,0.1,NA,12.5,7.7,NA,485,"CO",2020,74,3,255.737704918033,-0.4,116,0
1901,2020-03-15,39.624,152.4,0,-9.38888888888889,4.38888888888889,-3.38888888888889,0.6,NA,12.6,7.6,NA,485,"CO",2020,75,3,260,0.5,116,0
1902,2020-03-16,39.624,149.86,0,-5.5,5.22222222222222,-2.27777777777778,0,NA,12.9,8,NA,485,"CO",2020,76,3,264.406779661017,-0.6,116,0
1903,2020-03-17,39.624,147.32,0.254,-2.88888888888889,5.77777777777778,-0.88888888888889,0,NA,12.8,7.9,NA,485,"CO",2020,77,3,268.965517241379,0,116,0
1904,2020-03-18,39.624,144.78,0,-7.77777777777778,3.5,-3,0.2,NA,12.9,7.8,NA,485,"CO",2020,78,3,273.684210526316,0.2,116,0
1905,2020-03-19,39.624,144.78,1.778,-4.61111111111111,-3,-5.61111111111111,0,NA,12.8,7.8,NA,485,"CO",2020,79,3,273.684210526316,-0.2,116,0
1906,2020-03-20,41.148,160.02,0.508,-8.72222222222222,-1.61111111111111,-8.38888888888889,0.2,NA,12.8,7.8,NA,485,"CO",2020,80,3,257.142857142857,0.2,116,0
1907,2020-03-21,41.656,165.1,0,-13,-0.222222222222221,-8.11111111111111,0,NA,13.1,8.2,NA,485,"CO",2020,81,3,252.307692307692,-0.2,116,0
1908,2020-03-22,41.656,160.02,0.254,-8.72222222222222,-2.5,-7.88888888888889,1.2,NA,13.3,7.5,NA,485,"CO",2020,82,3,260.31746031746,1.2,116,0
1909,2020-03-23,41.91,162.56,0.508,-12.1111111111111,0.722222222222221,-5.77777777777778,0,NA,12.8,7.7,NA,485,"CO",2020,83,3,257.8125,-1.2,116,0
1910,2020-03-24,42.418,165.1,0,-7.22222222222222,3.72222222222222,-3.72222222222222,0.4,NA,12.6,7.6,NA,485,"CO",2020,84,3,256.923076923077,0.4,116,0
1911,2020-03-25,42.418,157.48,0,-4,2.27777777777778,-2.27777777777778,0.9,NA,13.1,7.6,NA,485,"CO",2020,85,3,269.354838709677,0.5,116,0
1912,2020-03-26,42.418,154.94,0,-3.38888888888889,4.11111111111111,-1.38888888888889,0.4,NA,13.5,7.7,NA,485,"CO",2020,86,3,273.770491803279,-0.5,116,0
1913,2020-03-27,42.418,149.86,0.762,-6,0.277777777777778,-6.77777777777778,0,NA,13.3,8,NA,485,"CO",2020,87,3,283.050847457627,-0.4,116,0
1914,2020-03-28,43.18,162.56,0,-14,-6.22222222222222,-12.7777777777778,0.7,NA,13.2,7.3,NA,485,"CO",2020,88,3,265.625,0.7,116,0
1915,2020-03-29,43.18,160.02,0,-15.7777777777778,-2.5,-8.61111111111111,0,NA,13.3,8.3,NA,485,"CO",2020,89,3,269.84126984127,-0.7,116,0
1916,2020-03-30,43.18,154.94,0.254,-7.22222222222222,0,-6.22222222222222,0,NA,13,7.7,NA,485,"CO",2020,90,3,278.688524590164,0,116,0
1917,2020-03-31,43.434,154.94,0,-8.77777777777778,6.11111111111111,-1.77777777777778,1.5,NA,13.3,7.2,NA,485,"CO",2020,91,3,280.327868852459,1.5,116,0
1918,2020-04-01,43.434,154.94,0,-4.11111111111111,6.61111111111111,-0.611111111111112,1.2,NA,13.2,7.1,NA,485,"CO",2020,92,4,280.327868852459,-0.3,116,0
1919,2020-04-02,43.434,152.4,0,-2.5,3.72222222222222,-4,0.2,NA,13.5,7.8,NA,485,"CO",2020,93,4,285,-1,116,0
1920,2020-04-03,43.434,152.4,0,-13.6111111111111,-0.111111111111111,-7.38888888888889,1.3,NA,13.1,7.2,NA,485,"CO",2020,94,4,285,1.1,116,0
1921,2020-04-04,43.434,152.4,0,-8.77777777777778,3.27777777777778,-4,0,NA,13.2,7.8,NA,485,"CO",2020,95,4,285,-1.3,116,0
1922,2020-04-05,43.434,149.86,0,-7.27777777777778,6.72222222222222,-0.777777777777777,1,NA,13.2,7.2,NA,485,"CO",2020,96,4,289.830508474576,1,116,0
1923,2020-04-06,43.434,147.32,0,-4.38888888888889,7.88888888888889,0.388888888888891,1.6,NA,13.6,6.9,NA,485,"CO",2020,97,4,294.827586206897,0.6,116,0
1924,2020-04-07,43.434,147.32,0,-2.22222222222222,7.38888888888889,0.277777777777778,0,NA,13,8,NA,485,"CO",2020,98,4,294.827586206897,-1.6,116,0
1925,2020-04-08,43.434,147.32,0,-4.72222222222222,7.11111111111111,-0.388888888888889,1.2,NA,13.3,7.4,NA,485,"CO",2020,99,4,294.827586206897,1.2,116,0
1926,2020-04-09,43.434,144.78,0.254,-2.72222222222222,10.5,1.61111111111111,1.6,NA,13.3,6.8,NA,485,"CO",2020,100,4,300,0.4,116,0
1927,2020-04-10,43.688,144.78,0,-2,6.11111111111111,-1.11111111111111,1.4,NA,13.4,7.5,NA,485,"CO",2020,101,4,301.754385964912,-0.2,116,0
1928,2020-04-11,43.688,144.78,0,-4.61111111111111,6.11111111111111,-1.27777777777778,0,NA,13.7,7.2,NA,485,"CO",2020,102,4,301.754385964912,-1.4,116,0
1929,2020-04-12,43.688,142.24,1.524,-4,-2.5,-7.22222222222222,0.1,NA,13.7,7.8,NA,485,"CO",2020,103,4,307.142857142857,0.1,116,0
1930,2020-04-13,45.212,167.64,0.762,-12,-6.61111111111111,-12.7222222222222,1.2,NA,14,7.2,NA,485,"CO",2020,104,4,269.69696969697,1.1,116,0
1931,2020-04-14,46.228,170.18,0,-17.8888888888889,-6.5,-14.2777777777778,1.5,NA,14,7.3,NA,485,"CO",2020,105,4,271.641791044776,0.3,116,0
1932,2020-04-15,46.228,165.1,0.254,-13.6111111111111,-1.27777777777778,-7.88888888888889,1.5,NA,13.9,7.8,NA,485,"CO",2020,106,4,280,0,116,0
1933,2020-04-16,46.482,160.02,1.524,-6.38888888888889,-0.777777777777777,-6.38888888888889,0.3,NA,13.6,8.2,NA,485,"CO",2020,107,4,290.47619047619,-1.2,116,0
1934,2020-04-17,48.514,177.8,0,-10.5,1.38888888888889,-7.27777777777778,0.1,NA,14.2,7.7,NA,485,"CO",2020,108,4,272.857142857143,-0.2,116,0
1935,2020-04-18,48.514,175.26,0.254,-9.22222222222222,4.22222222222222,-3.38888888888889,1.9,NA,14,7,NA,485,"CO",2020,109,4,276.811594202899,1.8,116,0
1936,2020-04-19,49.022,177.8,0,-5,1.22222222222222,-4.38888888888889,0,NA,14.3,8.1,NA,485,"CO",2020,110,4,275.714285714286,-1.9,116,0
1937,2020-04-20,49.022,172.72,0,-7.88888888888889,4.77777777777778,-2.77777777777778,1.4,NA,14.2,7.1,NA,485,"CO",2020,111,4,283.823529411765,1.4,116,0
1938,2020-04-21,49.022,172.72,0,-5,6.61111111111111,-0.88888888888889,2,NA,14,6.8,NA,485,"CO",2020,112,4,283.823529411765,0.6,116,0
1939,2020-04-22,49.022,167.64,0,-2.77777777777778,5.22222222222222,-1.27777777777778,1,NA,14,7.3,NA,485,"CO",2020,113,4,292.424242424242,-1,116,0
1940,2020-04-23,49.022,167.64,1.524,-3.77777777777778,4.38888888888889,-2.11111111111111,0.7,NA,14.1,8.5,NA,485,"CO",2020,114,4,292.424242424242,-0.3,116,0
1941,2020-04-24,50.546,180.34,0.762,-5.5,0.999999999999998,-4.5,2,NA,14.4,7.2,NA,485,"CO",2020,115,4,280.281690140845,1.3,116,0
1942,2020-04-25,51.308,182.88,0,-5.77777777777778,5,-1.5,1.2,NA,14.2,7.8,NA,485,"CO",2020,116,4,280.555555555556,-0.8,116,0
1943,2020-04-26,51.308,175.26,0,-2.22222222222222,9.61111111111111,0.499999999999999,2.4,NA,14.4,7,NA,485,"CO",2020,117,4,292.753623188406,1.2,116,0
1944,2020-04-27,51.308,167.64,0,-3.88888888888889,11.8888888888889,3.27777777777778,1.8,NA,14.1,7,NA,485,"CO",2020,118,4,306.060606060606,-0.6,116,0
1945,2020-04-28,51.308,167.64,0,0.388888888888891,8.38888888888889,2.22222222222222,1.5,NA,14.5,8.4,NA,485,"CO",2020,119,4,306.060606060606,-0.3,116,0
1946,2020-04-29,51.308,162.56,0,-2.61111111111111,13,4.22222222222222,0,NA,14.6,7.6,NA,485,"CO",2020,120,4,315.625,-1.5,116,1
1947,2020-04-30,50.8,157.48,0,2.38888888888889,15,7.22222222222222,8.1,NA,14.3,8.6,NA,485,"CO",2020,121,4,322.58064516129,8.1,116,0
1948,2020-05-01,50.038,154.94,0,1.5,15,7.5,11.6,NA,16.4,7.8,NA,485,"CO",2020,122,5,322.950819672131,3.5,116,0
1949,2020-05-02,49.276,149.86,0,4.22222222222222,13.1111111111111,5.22222222222222,12.8,NA,30.6,8.2,NA,485,"CO",2020,123,5,328.813559322034,1.2,116,0
1950,2020-05-03,49.022,144.78,0,0.722222222222221,13.1111111111111,6.11111111111111,13.5,NA,32.3,14.4,NA,485,"CO",2020,124,5,338.59649122807,0.699999999999999,116,0
1951,2020-05-04,48.514,144.78,0,2.5,7.5,1.11111111111111,13.8,NA,33.1,21.7,NA,485,"CO",2020,125,5,335.087719298246,0.300000000000001,116,0
1952,2020-05-05,48.514,144.78,0,-6,7.61111111111111,0,14,NA,32.8,20.2,NA,485,"CO",2020,126,5,335.087719298246,0.199999999999999,116,0
1953,2020-05-06,48.514,142.24,0.254,-2.61111111111111,12.1111111111111,4.22222222222222,14.9,NA,32.9,22,NA,485,"CO",2020,127,5,341.071428571429,0.9,116,0
1954,2020-05-07,48.006,139.7,0,0.499999999999999,8.88888888888889,1.5,16,NA,33,21.9,NA,485,"CO",2020,128,5,343.636363636364,1.1,116,0
1955,2020-05-08,48.006,139.7,0,-6.72222222222222,8.88888888888889,0.611111111111112,15.9,NA,32.9,23.5,NA,485,"CO",2020,129,5,343.636363636364,-0.0999999999999996,116,0
1956,2020-05-09,47.752,137.16,0,-0.388888888888889,8.61111111111111,1.22222222222222,15.7,NA,32.7,23.3,NA,485,"CO",2020,130,5,348.148148148148,-0.200000000000001,116,0
1957,2020-05-10,47.244,137.16,0,-2.38888888888889,11.7222222222222,3.38888888888889,15.6,NA,33.3,26.1,NA,485,"CO",2020,131,5,344.444444444445,-0.0999999999999996,116,0
1958,2020-05-11,47.244,134.62,1.524,0.499999999999999,4.77777777777778,1.27777777777778,16.6,NA,33.4,29.5,NA,485,"CO",2020,132,5,350.943396226415,1,116,0
1959,2020-05-12,48.768,142.24,0.254,-0.722222222222223,10.1111111111111,4.11111111111111,15.5,NA,33.3,27.7,NA,485,"CO",2020,133,5,342.857142857143,-1.1,116,0
1960,2020-05-13,49.022,134.62,0,3.38888888888889,10.7222222222222,4.5,17.1,NA,33.3,36.5,NA,485,"CO",2020,134,5,364.150943396226,1.6,116,0
1961,2020-05-14,49.022,134.62,0,1.11111111111111,10.7777777777778,4.5,17.5,NA,33.7,36.9,NA,485,"CO",2020,135,5,364.150943396226,0.399999999999999,116,0
1962,2020-05-15,48.768,132.08,0,0.222222222222221,10.7222222222222,3.88888888888889,18,NA,34,36.8,NA,485,"CO",2020,136,5,369.230769230769,0.5,116,0
1963,2020-05-16,48.514,129.54,0,0.611111111111112,10.8888888888889,4.5,18.5,NA,34,37,NA,485,"CO",2020,137,5,374.509803921569,0.5,116,0
1964,2020-05-17,47.498,124.46,0,1.72222222222222,15.7777777777778,7.72222222222222,18,NA,34.4,36.9,NA,485,"CO",2020,138,5,381.632653061224,-0.5,116,0
1965,2020-05-18,45.974,121.92,0,5.5,18.2777777777778,9.72222222222222,19.1,NA,38.9,37.1,NA,485,"CO",2020,139,5,377.083333333333,1.1,116,0
1966,2020-05-19,45.212,114.3,0,4.5,16.5,9.72222222222222,30.6,NA,38.9,37.2,NA,485,"CO",2020,140,5,395.555555555556,11.5,116,0
1967,2020-05-20,43.688,111.76,0,6.22222222222222,13.2222222222222,5.88888888888889,40.4,NA,39.1,37.4,NA,485,"CO",2020,141,5,390.909090909091,9.8,116,0
1968,2020-05-21,43.434,109.22,0,-2.38888888888889,10.5,2.22222222222222,40.7,NA,39.2,37.6,NA,485,"CO",2020,142,5,397.674418604651,0.300000000000004,116,0
1969,2020-05-22,42.926,99.06,0,-2.11111111111111,13.2222222222222,5.22222222222222,40.8,NA,39.3,37.6,NA,485,"CO",2020,143,5,433.333333333333,0.0999999999999943,116,0
1970,2020-05-23,41.148,99.06,0,0.777777777777777,10.7777777777778,4.22222222222222,40.8,NA,39.3,37.7,NA,485,"CO",2020,144,5,415.384615384615,0,116,0
1971,2020-05-24,40.64,99.06,1.27,-0.388888888888889,6.38888888888889,-0.611111111111112,40.8,NA,39.4,37.8,NA,485,"CO",2020,145,5,410.25641025641,0,116,0
1972,2020-05-25,41.402,104.14,0.254,-5.5,6.38888888888889,-1,38.3,NA,39.4,37.8,NA,485,"CO",2020,146,5,397.560975609756,-2.5,116,0
1973,2020-05-26,41.656,101.6,0,-3.72222222222222,11.6111111111111,3.72222222222222,37.1,NA,39.4,37.8,NA,485,"CO",2020,147,5,410,-1.2,116,0
1974,2020-05-27,40.64,99.06,0,1.61111111111111,13.6111111111111,5.5,40.7,NA,39.4,37.9,NA,485,"CO",2020,148,5,410.25641025641,3.6,116,0
1975,2020-05-28,39.37,96.52,0,2.27777777777778,17,8.22222222222222,40.9,NA,39.4,38,NA,485,"CO",2020,149,5,407.894736842105,0.199999999999996,116,0
1976,2020-05-29,37.338,93.98,0,4,17.3888888888889,9.61111111111111,41,NA,39.4,37.9,NA,485,"CO",2020,150,5,397.297297297297,0.100000000000001,116,0
1977,2020-05-30,34.798,86.36,0,4.22222222222222,17.3888888888889,9.11111111111111,41.1,NA,39.5,38,NA,485,"CO",2020,151,5,402.941176470588,0.100000000000001,116,0
1978,2020-05-31,32.258,78.74,0,4.61111111111111,16.3888888888889,9,41.1,NA,39.5,38,NA,485,"CO",2020,152,5,409.677419354839,0,116,0
1979,2020-06-01,29.972,73.66,0,3.72222222222222,16.7222222222222,9.11111111111111,41.2,NA,39.5,38,NA,485,"CO",2020,153,6,406.896551724138,0.100000000000001,116,0
1980,2020-06-02,27.94,68.58,0,5.11111111111111,16.2777777777778,9.77777777777778,41.2,NA,39.5,38.1,NA,485,"CO",2020,154,6,407.407407407407,0,116,0
1981,2020-06-03,25.654,66.04,0,5.61111111111111,16.7222222222222,9,41.3,NA,39.5,38.1,NA,485,"CO",2020,155,6,388.461538461538,0.0999999999999943,116,0
1982,2020-06-04,23.876,58.42,0.254,5.22222222222222,17.1111111111111,8.61111111111111,41.3,NA,39.5,38.1,NA,485,"CO",2020,156,6,408.695652173913,0,116,0
1983,2020-06-05,22.098,53.34,0,6,20.6111111111111,12.1111111111111,41.4,NA,39.5,38.1,NA,485,"CO",2020,157,6,414.285714285714,0.100000000000001,116,0
1984,2020-06-06,19.304,45.72,0,8.77777777777778,12.7777777777778,8,41.4,NA,39.5,38.1,NA,485,"CO",2020,158,6,422.222222222222,0,116,0
1985,2020-06-07,17.018,38.1,0,6.11111111111111,15.2222222222222,9.61111111111111,41.4,NA,39.5,38.1,NA,485,"CO",2020,159,6,446.666666666667,0,116,0
1986,2020-06-08,14.478,27.94,0.762,4.5,14.8888888888889,5.11111111111111,41.4,NA,39.5,38.1,NA,485,"CO",2020,160,6,518.181818181818,0,116,0
1987,2020-06-09,12.7,25.4,0.762,-4.77777777777778,1.38888888888889,-2.5,41.5,NA,39.5,38.1,NA,485,"CO",2020,161,6,500,0.100000000000001,116,0
1988,2020-06-10,14.224,27.94,0,-1.5,10.5,3.22222222222222,41.4,NA,39.5,38.1,NA,485,"CO",2020,162,6,509.090909090909,-0.100000000000001,116,0
1989,2020-06-11,13.462,25.4,0.254,0.777777777777777,15.8888888888889,7.5,41.6,NA,39.5,38.2,NA,485,"CO",2020,163,6,530,0.200000000000003,116,0
1990,2020-06-12,10.414,22.86,0,5,19.2222222222222,11.2222222222222,41.6,NA,39.5,38.1,NA,485,"CO",2020,164,6,455.555555555556,0,116,0
1991,2020-06-13,7.874,17.78,0.254,8.61111111111111,17.3888888888889,9.22222222222222,41.6,NA,39.5,38.1,NA,485,"CO",2020,165,6,442.857142857143,0,116,0
1992,2020-06-14,5.842,10.16,0,3.22222222222222,16.6111111111111,8.88888888888889,41.6,NA,39.6,38.1,NA,485,"CO",2020,166,6,575,0,116,0
1993,2020-06-15,3.81,7.62,0,4.61111111111111,18.6111111111111,10.7777777777778,41.2,NA,39.6,38.1,NA,485,"CO",2020,167,6,500,-0.399999999999999,116,0
1994,2020-06-16,2.794,5.08,0,6.61111111111111,18.3888888888889,10.8888888888889,40.3,NA,39.6,38.1,NA,485,"CO",2020,168,6,550,-0.900000000000006,116,0
1995,2020-06-17,2.032,5.08,0,5.88888888888889,18.2777777777778,10.7222222222222,39.9,NA,39.6,38.1,NA,485,"CO",2020,169,6,400,-0.399999999999999,116,0
1996,2020-06-18,1.016,2.54,1.016,3.27777777777778,14.6111111111111,5.88888888888889,38.3,NA,39.6,38.1,NA,485,"CO",2020,170,6,400,-1.6,116,0
1997,2020-06-19,1.016,2.54,0,2.5,9.77777777777778,3.88888888888889,41.3,NA,39.5,38.1,NA,485,"CO",2020,171,6,400,3,116,0
1998,2020-06-20,0.762,2.54,0,0,15.1111111111111,7.61111111111111,41,NA,39.6,38.1,NA,485,"CO",2020,172,6,300,-0.299999999999997,116,0
1999,2020-06-21,0.254,2.54,0,4,15.3888888888889,8.5,38.6,NA,39.5,38.1,NA,485,"CO",2020,173,6,100,-2.4,116,0
2000,2020-06-22,0,0,0,5,16.2222222222222,9.61111111111111,37,NA,39.6,38.1,NA,485,"CO",2020,174,6,NA,-1.6,116,0
2001,2020-06-23,0,0,0,5.77777777777778,19,10.7777777777778,35.6,NA,39.5,38.1,NA,485,"CO",2020,175,6,NA,-1.4,116,0
2002,2020-06-24,0,0,0,5.72222222222222,19.6111111111111,11.1111111111111,34.2,NA,39.6,38.1,NA,485,"CO",2020,176,6,NA,-1.4,116,0
2003,2020-06-25,0,0,0.254,9.22222222222222,18.2222222222222,9.88888888888889,33.1,NA,39.4,38.1,NA,485,"CO",2020,177,6,NA,-1.1,116,0
2004,2020-06-26,0,0,0,4.88888888888889,19.7222222222222,10.7222222222222,32.4,NA,39.3,38.1,NA,485,"CO",2020,178,6,NA,-0.700000000000003,116,0
2005,2020-06-27,0,0,0,3.38888888888889,17.7777777777778,9.61111111111111,31.9,NA,39.3,38.2,NA,485,"CO",2020,179,6,NA,-0.5,116,0
2006,2020-06-28,0,0,0,5.61111111111111,18.7222222222222,11.3888888888889,30.9,NA,38.4,38.1,NA,485,"CO",2020,180,6,NA,-1,116,0
2007,2020-06-29,0,0,0,7.72222222222222,18.6111111111111,11.1111111111111,30.3,NA,38,38.1,NA,485,"CO",2020,181,6,NA,-0.599999999999998,116,0
2008,2020-06-30,0,0,0,7.61111111111111,12.7777777777778,5.5,29.6,NA,37.7,38.1,NA,485,"CO",2020,182,6,NA,-0.699999999999999,116,0
2009,2020-07-01,0,0,0,1.38888888888889,18,9.61111111111111,29.3,NA,36.5,38.1,NA,485,"CO",2020,183,7,NA,-0.300000000000001,116,0
2010,2020-07-02,0,0,0,5.5,19.5,11.2222222222222,28.7,NA,36.2,38.1,NA,485,"CO",2020,184,7,NA,-0.600000000000001,116,0
2011,2020-07-03,0,0,1.016,9,19.7777777777778,10.8888888888889,28.5,NA,35.9,38.2,NA,485,"CO",2020,185,7,NA,-0.199999999999999,116,0
2012,2020-07-04,0,0,0,6.38888888888889,16.7777777777778,8.88888888888889,29.4,NA,37.1,38.1,NA,485,"CO",2020,186,7,NA,0.899999999999999,116,0
2013,2020-07-05,0,0,0.254,5.77777777777778,18.7777777777778,10.2222222222222,29.3,NA,37.1,38.1,NA,485,"CO",2020,187,7,NA,-0.0999999999999979,116,0
2014,2020-07-06,0,0,0,5.77777777777778,20.2222222222222,12.7777777777778,28.6,NA,36.1,38.1,NA,485,"CO",2020,188,7,NA,-0.699999999999999,116,0
2015,2020-07-07,0,0,0,10.2222222222222,20.8888888888889,13.8888888888889,27.4,NA,35.7,38.1,NA,485,"CO",2020,189,7,NA,-1.2,116,0
2016,2020-07-08,0,0,0,8,20,12.8888888888889,27,NA,35.2,38.1,NA,485,"CO",2020,190,7,NA,-0.399999999999999,116,0
2017,2020-07-09,0,0,0,8.61111111111111,21.7222222222222,13.7222222222222,26.4,NA,35.2,38,NA,485,"CO",2020,191,7,NA,-0.600000000000001,116,0
2018,2020-07-10,0,0,0,7.72222222222222,22.5,14.2222222222222,26.2,NA,34.6,38.1,NA,485,"CO",2020,192,7,NA,-0.199999999999999,116,0
2019,2020-07-11,0,0,0,7.61111111111111,22.8888888888889,15.1111111111111,25.6,NA,34.5,30.7,NA,485,"CO",2020,193,7,NA,-0.599999999999998,116,0
2020,2020-07-12,0,0,0,9.61111111111111,19.5,12.7777777777778,25.4,NA,34.5,29.8,NA,485,"CO",2020,194,7,NA,-0.200000000000003,116,0
2021,2020-07-13,0,0,0,9,21.7222222222222,13.3888888888889,24.3,NA,34.3,29.3,NA,485,"CO",2020,195,7,NA,-1.1,116,0
2022,2020-07-14,0,0,0,7.88888888888889,20.7777777777778,11.8888888888889,23.9,NA,34,28.8,NA,485,"CO",2020,196,7,NA,-0.400000000000002,116,0
2023,2020-07-15,0,0,0.254,5,18.8888888888889,11.2222222222222,23.4,NA,34.2,28.1,NA,485,"CO",2020,197,7,NA,-0.5,116,0
2024,2020-07-16,0,0,0,8.11111111111111,18.2777777777778,9.61111111111111,23.5,NA,33.9,27.6,NA,485,"CO",2020,198,7,NA,0.100000000000001,116,0
2025,2020-07-17,0,0,0,5.5,18.7777777777778,10.1111111111111,23.3,NA,33.5,26.9,NA,485,"CO",2020,199,7,NA,-0.199999999999999,116,0
2026,2020-07-18,0,0,0,5.88888888888889,20.2222222222222,11.8888888888889,22.5,NA,33.5,26.5,NA,485,"CO",2020,200,7,NA,-0.800000000000001,116,0
2027,2020-07-19,0,0,0,8,18.3888888888889,11,22.3,NA,32.9,25.9,NA,485,"CO",2020,201,7,NA,-0.199999999999999,116,0
2028,2020-07-20,0,0,0,6.22222222222222,19.7222222222222,12.3888888888889,21.5,NA,33,25.2,NA,485,"CO",2020,202,7,NA,-0.800000000000001,116,0
2029,2020-07-21,0,0,0,9.77777777777778,19.7777777777778,12.7777777777778,20.2,NA,32.3,25.1,NA,485,"CO",2020,203,7,NA,-1.3,116,0
2030,2020-07-22,0,0,0.254,7.38888888888889,19.1111111111111,11.5,19.7,NA,31.2,24.5,NA,485,"CO",2020,204,7,NA,-0.5,116,0
2031,2020-07-23,0,0,0.254,6.72222222222222,17.7777777777778,10.1111111111111,17.6,NA,30.8,24.1,NA,485,"CO",2020,205,7,NA,-2.1,116,0
2032,2020-07-24,0,0,0,7.61111111111111,15.2777777777778,10.2222222222222,17.8,NA,30.6,23.6,NA,485,"CO",2020,206,7,NA,0.199999999999999,116,0
2033,2020-07-25,0,0,2.286,8.38888888888889,12.2777777777778,9.11111111111111,16.5,NA,30.5,23.4,NA,485,"CO",2020,207,7,NA,-1.3,116,0
2034,2020-07-26,0,0,0.762,7.61111111111111,17.8888888888889,9.72222222222222,20.9,NA,34.1,33.2,NA,485,"CO",2020,208,7,NA,4.4,116,0
2035,2020-07-27,0,0,0,5.72222222222222,19,10.7222222222222,25,NA,35.1,33.6,NA,485,"CO",2020,209,7,NA,4.1,116,0
2036,2020-07-28,0,0,0.254,7.77777777777778,15.5,8.77777777777778,24.2,NA,34.6,33.7,NA,485,"CO",2020,210,7,NA,-0.800000000000001,116,0
2037,2020-07-29,0,0,0,6.11111111111111,17.7777777777778,9.72222222222222,24.6,NA,34.5,33.9,NA,485,"CO",2020,211,7,NA,0.400000000000002,116,0
2038,2020-07-30,0,0,0,6.88888888888889,17.5,10.6111111111111,23.4,NA,34.1,28.2,NA,485,"CO",2020,212,7,NA,-1.2,116,0
2039,2020-07-31,0,0,0,5.77777777777778,19.3888888888889,11.5,23.6,NA,33.3,25.7,NA,485,"CO",2020,213,7,NA,0.200000000000003,116,0
2040,2020-08-01,0,0,0,6.11111111111111,19.1111111111111,11.5,22.2,NA,32.5,24.6,NA,485,"CO",2020,214,8,NA,-1.4,116,0
2041,2020-08-02,0,0,0,6.72222222222222,19.7222222222222,12.1111111111111,21.1,NA,32.1,23.9,NA,485,"CO",2020,215,8,NA,-1.1,116,0
2193,2021-01-01,12.954,63.5,0,-13.2222222222222,-3.61111111111111,-10.3888888888889,0.3,NA,10.6,7.1,NA,485,"CO",2021,1,1,204,0,133,0
2194,2021-01-02,12.954,60.96,0,-14.7777777777778,-8.11111111111111,-13,0,NA,10.6,6.2,NA,485,"CO",2021,2,1,212.5,-0.3,133,0
2195,2021-01-03,12.954,60.96,0.508,-13.3888888888889,-5.88888888888889,-10.5,0,NA,11,6.7,NA,485,"CO",2021,3,1,212.5,0,133,0
2196,2021-01-04,13.462,66.04,0.254,-10.7222222222222,-2.22222222222222,-8.11111111111111,0,NA,10.4,6.5,NA,485,"CO",2021,4,1,203.846153846154,0,133,0
2197,2021-01-05,13.716,66.04,0.508,-4.11111111111111,-3.22222222222222,-8.72222222222222,0,NA,10.7,6.7,NA,485,"CO",2021,5,1,207.692307692308,0,133,0
2198,2021-01-06,14.224,78.74,0,-13.7777777777778,-6.61111111111111,-12.5,0,NA,10.8,7.1,NA,485,"CO",2021,6,1,180.645161290323,0,133,0
2199,2021-01-07,14.224,73.66,0,-10.6111111111111,-2.61111111111111,-9.72222222222222,0,NA,11.3,6.7,NA,485,"CO",2021,7,1,193.103448275862,0,133,0
2200,2021-01-08,14.224,71.12,0,-16.2222222222222,-6.61111111111111,-12.8888888888889,0,NA,10.5,6.3,NA,485,"CO",2021,8,1,200,0,133,0
2201,2021-01-09,14.224,71.12,0,-14.5,-7.22222222222222,-12.8888888888889,0,NA,11,6.7,NA,485,"CO",2021,9,1,200,0,133,0
2202,2021-01-10,14.224,68.58,0,-17.3888888888889,-8.22222222222222,-15.3888888888889,0.2,NA,10.4,6.1,NA,485,"CO",2021,10,1,207.407407407407,0.2,133,0
2203,2021-01-11,14.224,68.58,0,-18.5,-3.5,-13.5,0,NA,10.8,6.9,NA,485,"CO",2021,11,1,207.407407407407,-0.2,133,0
2204,2021-01-12,14.224,66.04,0,-13.5,-2,-8.72222222222222,0.4,NA,11.1,6.9,NA,485,"CO",2021,12,1,215.384615384615,0.4,133,0
2205,2021-01-13,14.224,66.04,0,-7,-1,-5,0,NA,11.3,7,NA,485,"CO",2021,13,1,215.384615384615,-0.4,133,0
2206,2021-01-14,14.224,66.04,0,-8.61111111111111,-8.61111111111111,-13.7777777777778,0,NA,11.1,6.6,NA,485,"CO",2021,14,1,215.384615384615,0,133,0
2207,2021-01-15,14.224,66.04,0,-17,-5.61111111111111,-12.3888888888889,0.3,NA,10.8,7.1,NA,485,"CO",2021,15,1,215.384615384615,0.3,133,0
2208,2021-01-16,14.224,66.04,0.254,-10.2777777777778,-6.22222222222222,-9.22222222222222,0,NA,11.1,6.6,NA,485,"CO",2021,16,1,215.384615384615,-0.3,133,0
2209,2021-01-17,14.478,68.58,0.762,-10.1111111111111,-3,-7.11111111111111,0,NA,10.3,6.4,NA,485,"CO",2021,17,1,211.111111111111,0,133,0
2210,2021-01-18,14.986,78.74,0,-7.88888888888889,-7.77777777777778,-10.6111111111111,0,NA,10.8,6.4,NA,485,"CO",2021,18,1,190.322580645161,0,133,0
2211,2021-01-19,14.986,76.2,0,-13.6111111111111,-6.22222222222222,-12,0,NA,11,6.6,NA,485,"CO",2021,19,1,196.666666666667,0,133,0
2212,2021-01-20,14.986,73.66,0,-12.7222222222222,-2.5,-8.5,0.2,NA,10.8,6.4,NA,485,"CO",2021,20,1,203.448275862069,0.2,133,0
2213,2021-01-21,15.24,66.04,0.254,-9.88888888888889,-2.77777777777778,-8.27777777777778,0,NA,10.6,6.8,NA,485,"CO",2021,21,1,230.769230769231,-0.2,133,0
2214,2021-01-22,15.24,73.66,0,-8.38888888888889,-2.27777777777778,-7.11111111111111,0,NA,10.8,6.4,NA,485,"CO",2021,22,1,206.896551724138,0,133,0
2215,2021-01-23,15.24,73.66,0,-10.7222222222222,-2.88888888888889,-9,0,NA,10.9,6.5,NA,485,"CO",2021,23,1,206.896551724138,0,133,0
2216,2021-01-24,15.24,73.66,0,-15.8888888888889,-5.5,-11.1111111111111,0,NA,11,6.5,NA,485,"CO",2021,24,1,206.896551724138,0,133,0
2217,2021-01-25,15.748,73.66,0,-12.7222222222222,-9.61111111111111,-14,0,NA,10.8,6.5,NA,485,"CO",2021,25,1,213.793103448276,0,133,0
2218,2021-01-26,15.494,73.66,0.508,-16.7777777777778,-10,-14.8888888888889,0.1,NA,11.2,6.2,NA,485,"CO",2021,26,1,210.344827586207,0.1,133,0
2219,2021-01-27,15.748,78.74,0,-18.1111111111111,-5.77777777777778,-12.2777777777778,0.5,NA,10.7,6.4,NA,485,"CO",2021,27,1,200,0.4,133,0
2220,2021-01-28,16.002,76.2,0,-10.5,0.777777777777777,-5.22222222222222,0,NA,10.3,6.2,NA,485,"CO",2021,28,1,210,-0.5,133,0
2221,2021-01-29,16.002,73.66,0,-5.88888888888889,1.61111111111111,-4.72222222222222,0,NA,10.6,7.1,NA,485,"CO",2021,29,1,217.241379310345,0,133,0
2222,2021-01-30,16.002,73.66,0.762,-11.5,-6.61111111111111,-9.77777777777778,0,NA,10.6,6.7,NA,485,"CO",2021,30,1,217.241379310345,0,133,0
2223,2021-01-31,16.764,81.28,0,-12.7777777777778,-2.27777777777778,-11.2777777777778,0,NA,10.4,6.6,NA,485,"CO",2021,31,1,206.25,0,133,0
2224,2021-02-01,16.51,78.74,0,-10,2.38888888888889,-4,0,NA,11,6.5,NA,485,"CO",2021,32,2,209.677419354839,0,133,0
2225,2021-02-02,16.764,76.2,0.254,-6.38888888888889,2.72222222222222,-3.61111111111111,0,NA,10.9,6.1,NA,485,"CO",2021,33,2,220,0,133,0
2226,2021-02-03,16.764,78.74,2.032,-2.5,1.27777777777778,-4.72222222222222,0,NA,10.9,6.1,NA,485,"CO",2021,34,2,212.903225806452,0,133,0
2227,2021-02-04,19.304,104.14,0.508,-13.5,-12.5,-14.8888888888889,0,NA,10.7,6,NA,485,"CO",2021,35,2,185.365853658537,0,133,0
2228,2021-02-05,19.812,104.14,1.524,-14.8888888888889,-9.77777777777778,-13.1111111111111,0,NA,10.6,5.9,NA,485,"CO",2021,36,2,190.243902439024,0,133,0
2229,2021-02-06,21.082,109.22,0.508,-13.6111111111111,-9.72222222222222,-11.8888888888889,0,NA,10.7,5.9,NA,485,"CO",2021,37,2,193.023255813953,0,133,0
2230,2021-02-07,21.59,109.22,0,-10,-5.61111111111111,-8.72222222222222,0,NA,10.6,5.6,NA,485,"CO",2021,38,2,197.674418604651,0,133,0
2231,2021-02-08,21.59,106.68,0,-9.72222222222222,-3.77777777777778,-6.77777777777778,0,NA,10.7,6.4,NA,485,"CO",2021,39,2,202.380952380952,0,133,0
2232,2021-02-09,21.59,101.6,0.254,-5.88888888888889,-2.5,-6.27777777777778,0.4,NA,10.5,6,NA,485,"CO",2021,40,2,212.5,0.4,133,0
2233,2021-02-10,21.844,106.68,0.508,-8,-4.5,-7.88888888888889,0,NA,10.4,5.5,NA,485,"CO",2021,41,2,204.761904761905,-0.4,133,0
2234,2021-02-11,22.352,106.68,0.254,-8.72222222222222,-2.27777777777778,-7,0,NA,10.6,6.4,NA,485,"CO",2021,42,2,209.52380952381,0,133,0
2235,2021-02-12,22.606,106.68,0.762,-7.11111111111111,-2.27777777777778,-6,0,NA,11,6.1,NA,485,"CO",2021,43,2,211.904761904762,0,133,0
2236,2021-02-13,23.368,116.84,1.016,-7.88888888888889,-3,-7.61111111111111,0,NA,10.6,6.2,NA,485,"CO",2021,44,2,200,0,133,0
2237,2021-02-14,23.622,116.84,0,-15.2222222222222,-7.61111111111111,-16.2222222222222,0,NA,10.6,5.2,NA,485,"CO",2021,45,2,202.173913043478,0,133,0
2238,2021-02-15,23.876,111.76,0,-16.5,-10.7777777777778,-15.7222222222222,0.3,NA,10.7,5.6,NA,485,"CO",2021,46,2,213.636363636364,0.3,133,0
2239,2021-02-16,24.13,109.22,0,-14.3888888888889,-9,-13.5,0,NA,10.9,5.9,NA,485,"CO",2021,47,2,220.93023255814,-0.3,133,0
2240,2021-02-17,24.384,109.22,0,-15.2777777777778,-9.38888888888889,-14.7777777777778,0.2,NA,10.7,6.2,NA,485,"CO",2021,48,2,223.255813953488,0.2,133,0
2241,2021-02-18,24.384,109.22,0,-16.2222222222222,-12.6111111111111,-17.7777777777778,0.1,NA,11,6.1,NA,485,"CO",2021,49,2,223.255813953488,-0.1,133,0
2242,2021-02-19,24.384,109.22,0.508,-21.5,-7.38888888888889,-11.7777777777778,0,NA,10.8,5.8,NA,485,"CO",2021,50,2,223.255813953488,-0.1,133,0
2243,2021-02-20,24.892,111.76,0.254,-9.72222222222222,-2.27777777777778,-9,0,NA,11.1,6.3,NA,485,"CO",2021,51,2,222.727272727273,0,133,0
2244,2021-02-21,25.146,111.76,0.254,-15.2222222222222,-11.2777777777778,-14.2222222222222,0,NA,10.9,6,NA,485,"CO",2021,52,2,225,0,133,0
2245,2021-02-22,25.4,109.22,0,-11.8888888888889,-0.88888888888889,-8.72222222222222,0,NA,11.1,6.1,NA,485,"CO",2021,53,2,232.558139534884,0,133,0
2246,2021-02-23,25.146,106.68,0,-8.5,-0.222222222222221,-6.38888888888889,0,NA,10.8,5.9,NA,485,"CO",2021,54,2,235.714285714286,0,133,0
2247,2021-02-24,25.4,106.68,0,-9.11111111111111,-2.88888888888889,-9.77777777777778,0,NA,10.7,6.2,NA,485,"CO",2021,55,2,238.095238095238,0,133,0
2248,2021-02-25,25.4,106.68,0,-13.5,-5.22222222222222,-12.2222222222222,0.3,NA,10.6,6.2,NA,485,"CO",2021,56,2,238.095238095238,0.3,133,0
2249,2021-02-26,25.146,106.68,0,-14.7222222222222,-6,-10.7777777777778,0,NA,10.9,5.7,NA,485,"CO",2021,57,2,235.714285714286,-0.3,133,0
2250,2021-02-27,25.4,106.68,0,-9.72222222222222,-8.77777777777778,-14.2777777777778,0,NA,10.9,6.6,NA,485,"CO",2021,58,2,238.095238095238,0,133,0
2251,2021-02-28,25.4,106.68,0,-22,-11.3888888888889,-19.2222222222222,0.2,NA,11,5.7,NA,485,"CO",2021,59,2,238.095238095238,0.2,133,0
2252,2021-03-01,25.4,106.68,0.254,-20.3888888888889,4,-9.72222222222222,0.3,NA,10.5,6.3,NA,485,"CO",2021,60,3,238.095238095238,0.1,133,0
2253,2021-03-02,25.654,104.14,0,-9.61111111111111,2.27777777777778,-6.38888888888889,0,NA,10.5,6,NA,485,"CO",2021,61,3,246.341463414634,-0.3,133,0
2254,2021-03-03,25.654,104.14,0,-8.72222222222222,6.11111111111111,-3.88888888888889,0.2,NA,10.4,5.4,NA,485,"CO",2021,62,3,246.341463414634,0.2,133,0
2255,2021-03-04,25.654,104.14,1.016,-4.77777777777778,-4.11111111111111,-6.27777777777778,0.1,NA,10.8,5.2,NA,485,"CO",2021,63,3,246.341463414634,-0.1,133,0
2256,2021-03-05,26.924,116.84,0,-9.5,2.5,-7.22222222222222,0,NA,11,5.5,NA,485,"CO",2021,64,3,230.434782608696,-0.1,133,0
2257,2021-03-06,26.67,116.84,0,-9.72222222222222,5.72222222222222,-3.38888888888889,0.4,NA,10.3,5.7,NA,485,"CO",2021,65,3,228.260869565217,0.4,133,0
2258,2021-03-07,26.67,114.3,0,-6.22222222222222,6.77777777777778,-1.27777777777778,0,NA,10.9,5.3,NA,485,"CO",2021,66,3,233.333333333333,-0.4,133,0
2259,2021-03-08,26.924,111.76,0,-4.27777777777778,4.88888888888889,-2.11111111111111,0,NA,10.8,5.8,NA,485,"CO",2021,67,3,240.909090909091,0,133,0
2260,2021-03-09,26.67,109.22,0,-4.5,4.88888888888889,-1.77777777777778,0,NA,10.7,4.9,NA,485,"CO",2021,68,3,244.186046511628,0,133,0
2261,2021-03-10,26.924,104.14,0,-6,-6,-10.6111111111111,0,NA,10.7,5.5,NA,485,"CO",2021,69,3,258.536585365854,0,133,0
2262,2021-03-11,26.924,104.14,0.254,-14.8888888888889,-0.88888888888889,-8.77777777777778,0.6,NA,10.8,5,NA,485,"CO",2021,70,3,258.536585365854,0.6,133,0
2263,2021-03-12,27.178,111.76,0,-9.38888888888889,0.611111111111112,-5.88888888888889,0,NA,10.5,5.7,NA,485,"CO",2021,71,3,243.181818181818,-0.6,133,0
2264,2021-03-13,27.178,109.22,1.524,-8.61111111111111,-2.88888888888889,-7.11111111111111,0,NA,10.7,4.5,NA,485,"CO",2021,72,3,248.837209302326,0,133,0
2265,2021-03-14,28.702,129.54,1.016,-10.1111111111111,-6.5,-10.3888888888889,0,NA,10.7,4.5,NA,485,"CO",2021,73,3,221.56862745098,0,133,0
2266,2021-03-15,30.226,144.78,0.508,-13.3888888888889,-1,-8.72222222222222,0,NA,11.1,5.7,NA,485,"CO",2021,74,3,208.771929824561,0,133,0
2267,2021-03-16,30.48,137.16,0.254,-11.2777777777778,-0.277777777777778,-8.11111111111111,0,NA,10.9,5,NA,485,"CO",2021,75,3,222.222222222222,0,133,0
2268,2021-03-17,30.734,137.16,0,-9.11111111111111,-1.77777777777778,-8.88888888888889,0.5,NA,10.7,4.9,NA,485,"CO",2021,76,3,224.074074074074,0.5,133,0
2269,2021-03-18,30.988,134.62,0.254,-13.6111111111111,1.77777777777778,-6.77777777777778,0,NA,10.4,6,NA,485,"CO",2021,77,3,230.188679245283,-0.5,133,0
2270,2021-03-19,30.988,134.62,0,-8.11111111111111,5.77777777777778,-2.88888888888889,0.1,NA,11,5.2,NA,485,"CO",2021,78,3,230.188679245283,0.1,133,0
2271,2021-03-20,30.988,129.54,0.254,-5.5,7.5,-0.722222222222223,0,NA,11.1,5.7,NA,485,"CO",2021,79,3,239.21568627451,-0.1,133,0
2272,2021-03-21,31.242,127,0.508,-4.22222222222222,-0.722222222222223,-6,0,NA,10.8,5.4,NA,485,"CO",2021,80,3,246,0,133,0
2273,2021-03-22,31.75,132.08,0.254,-8.88888888888889,0.388888888888891,-7.61111111111111,0.5,NA,10.7,5.2,NA,485,"CO",2021,81,3,240.384615384615,0.5,133,0
2274,2021-03-23,32.004,132.08,0,-13.1111111111111,-2.72222222222222,-9.72222222222222,0,NA,11.2,5.5,NA,485,"CO",2021,82,3,242.307692307692,-0.5,133,0
2275,2021-03-24,32.258,129.54,0.254,-12.1111111111111,-1.77777777777778,-9.11111111111111,0.5,NA,10.9,5.1,NA,485,"CO",2021,83,3,249.019607843137,0.5,133,0
2276,2021-03-25,32.258,132.08,0.254,-12.5,-2.5,-9.22222222222222,0,NA,10.6,5.5,NA,485,"CO",2021,84,3,244.230769230769,-0.5,133,0
2277,2021-03-26,32.512,132.08,0.254,-12.3888888888889,-2,-8.61111111111111,0,NA,10.7,5.6,NA,485,"CO",2021,85,3,246.153846153846,0,133,0
2278,2021-03-27,33.02,132.08,0.254,-9.72222222222222,-2.61111111111111,-8.38888888888889,0,NA,10.9,5,NA,485,"CO",2021,86,3,250,0,133,0
2279,2021-03-28,33.02,129.54,0,-10.1111111111111,5.11111111111111,-4,0,NA,11.2,5.5,NA,485,"CO",2021,87,3,254.901960784314,0,133,0
2280,2021-03-29,33.02,129.54,0.508,-6.72222222222222,6.11111111111111,-1.27777777777778,0,NA,11,5.4,NA,485,"CO",2021,88,3,254.901960784314,0,133,0
2281,2021-03-30,33.528,134.62,0,-7.22222222222222,-6.61111111111111,-11.7777777777778,0.1,NA,10.8,4.9,NA,485,"CO",2021,89,3,249.056603773585,0.1,133,0
2282,2021-03-31,33.528,137.16,0,-18.2777777777778,0.277777777777778,-10,0,NA,11.2,5.5,NA,485,"CO",2021,90,3,244.444444444444,-0.1,133,0
2283,2021-04-01,33.782,132.08,0.254,-8.88888888888889,9,-2.11111111111111,0.1,NA,11.2,5.2,NA,485,"CO",2021,91,4,255.769230769231,0.1,133,0
2284,2021-04-02,33.782,129.54,0,-4,9.5,1.22222222222222,0.4,NA,11,5.6,NA,485,"CO",2021,92,4,260.78431372549,0.3,133,0
2285,2021-04-03,33.782,127,0,-2.27777777777778,12.2222222222222,2.72222222222222,0,NA,11.3,5.5,NA,485,"CO",2021,93,4,266,-0.4,133,0
2286,2021-04-04,33.782,124.46,0,-0.777777777777777,11.2222222222222,3.61111111111111,0,NA,11.3,5.3,NA,485,"CO",2021,94,4,271.428571428571,0,133,0
2287,2021-04-05,33.782,121.92,0,-1,11.3888888888889,3.61111111111111,0,NA,10.9,4.7,NA,485,"CO",2021,95,4,277.083333333333,0,133,0
2288,2021-04-06,33.528,119.38,0,0,3.5,-3.77777777777778,0.8,NA,11.3,5.6,NA,485,"CO",2021,96,4,280.851063829787,0.8,133,0
2289,2021-04-07,33.528,119.38,0.254,-9.22222222222222,2.61111111111111,-4.27777777777778,0,NA,11.3,5.1,NA,485,"CO",2021,97,4,280.851063829787,-0.8,133,0
2290,2021-04-08,33.782,121.92,0,-7.22222222222222,7,-0.88888888888889,1.3,NA,11.2,5.9,NA,485,"CO",2021,98,4,277.083333333333,1.3,133,0
2291,2021-04-09,33.782,119.38,0,-4,0.777777777777777,-5.38888888888889,0.5,NA,11.3,4.9,NA,485,"CO",2021,99,4,282.978723404255,-0.8,133,0
2292,2021-04-10,33.782,119.38,0,-8.88888888888889,5,-2.22222222222222,1.2,NA,11.7,6.3,NA,485,"CO",2021,100,4,282.978723404255,0.7,133,0
2293,2021-04-11,33.782,119.38,0,-2.88888888888889,7.61111111111111,0.111111111111113,1.3,NA,11.8,6.3,NA,485,"CO",2021,101,4,282.978723404255,0.1,133,0
2294,2021-04-12,33.782,116.84,0,-4.77777777777778,6.22222222222222,-2.22222222222222,0,NA,11.4,5.3,NA,485,"CO",2021,102,4,289.130434782609,-1.3,133,0
2295,2021-04-13,33.782,116.84,0,-6.88888888888889,4.11111111111111,-3.77777777777778,1.1,NA,11.9,6.7,NA,485,"CO",2021,103,4,289.130434782609,1.1,133,0
2296,2021-04-14,33.782,114.3,0.254,-5.72222222222222,4.88888888888889,-2.72222222222222,1.3,NA,12,6.4,NA,485,"CO",2021,104,4,295.555555555556,0.2,133,0
2297,2021-04-15,34.036,116.84,0.254,-4.88888888888889,1.72222222222222,-4.61111111111111,0.1,NA,11.5,5.5,NA,485,"CO",2021,105,4,291.304347826087,-1.2,133,0
2298,2021-04-16,34.29,121.92,0.254,-7.88888888888889,-1.5,-7.38888888888889,0,NA,11.5,5.6,NA,485,"CO",2021,106,4,281.25,-0.1,133,0
2299,2021-04-17,34.544,129.54,0,-10.8888888888889,-3.38888888888889,-10,1.5,NA,11.8,6.7,NA,485,"CO",2021,107,4,266.666666666667,1.5,133,0
2300,2021-04-18,34.544,127,0.254,-14.8888888888889,1.27777777777778,-7.61111111111111,1.8,NA,12.2,6.6,NA,485,"CO",2021,108,4,272,0.3,133,0
2301,2021-04-19,34.798,124.46,1.016,-9.27777777777778,4.5,-3.88888888888889,0.7,NA,12.1,7.3,NA,485,"CO",2021,109,4,279.591836734694,-1.1,133,0
2302,2021-04-20,35.814,132.08,0,-10.6111111111111,-1.27777777777778,-9.5,1.2,NA,12.4,7.4,NA,485,"CO",2021,110,4,271.153846153846,0.5,133,0
2303,2021-04-21,35.814,129.54,0.254,-12.1111111111111,3.27777777777778,-3.88888888888889,0.1,NA,12.4,7.4,NA,485,"CO",2021,111,4,276.470588235294,-1.1,133,0
2304,2021-04-22,36.068,127,0,-5.77777777777778,2.77777777777778,-4.22222222222222,0.3,NA,11.9,7,NA,485,"CO",2021,112,4,284,0.2,133,0
2305,2021-04-23,36.068,127,0.508,-8.22222222222222,0.777777777777777,-5.77777777777778,0.9,NA,11.8,6.4,NA,485,"CO",2021,113,4,284,0.6,133,0
2306,2021-04-24,36.576,132.08,0,-8,7.61111111111111,-0.722222222222223,1.5,NA,12.2,6.4,NA,485,"CO",2021,114,4,276.923076923077,0.6,133,0
2307,2021-04-25,36.576,127,0,-2.11111111111111,11.3888888888889,3.77777777777778,1.4,NA,12,6.2,NA,485,"CO",2021,115,4,288,-0.1,133,0
2308,2021-04-26,36.576,119.38,0,1.27777777777778,9.11111111111111,2.72222222222222,1.4,NA,12.2,6.5,NA,485,"CO",2021,116,4,306.382978723404,0,133,0
2309,2021-04-27,36.576,119.38,0.254,-2.61111111111111,3.5,-2.72222222222222,1.4,NA,12.4,7,NA,485,"CO",2021,117,4,306.382978723404,0,133,0
2310,2021-04-28,36.83,119.38,0.254,-4.61111111111111,4.11111111111111,-1.77777777777778,0.6,NA,12.2,7.3,NA,485,"CO",2021,118,4,308.510638297872,-0.8,133,0
2311,2021-04-29,37.084,119.38,0,-5,11.2222222222222,2.22222222222222,0.5,NA,12.1,7.4,NA,485,"CO",2021,119,4,310.63829787234,-0.1,133,0
2312,2021-04-30,36.83,116.84,0,-1.22222222222222,16.2777777777778,5.5,0.8,NA,12.6,6.5,NA,485,"CO",2021,120,4,315.217391304348,0.3,133,0
2313,2021-05-01,36.322,114.3,0,1.61111111111111,14.8888888888889,6.88888888888889,1.9,NA,12.7,7.8,NA,485,"CO",2021,121,5,317.777777777778,1.1,133,1
2314,2021-05-02,35.814,111.76,0.254,2.88888888888889,7.88888888888889,1.61111111111111,6.1,NA,12.6,6.8,NA,485,"CO",2021,122,5,320.454545454545,4.2,133,0
2315,2021-05-03,36.068,116.84,0.508,-1.5,3,-2.11111111111111,7.8,NA,12.8,6.3,NA,485,"CO",2021,123,5,308.695652173913,1.7,133,0
2316,2021-05-04,36.068,109.22,0.762,-4.72222222222222,4.5,-2,8.9,NA,12.7,7.1,NA,485,"CO",2021,124,5,330.232558139535,1.1,133,0
2317,2021-05-05,37.084,114.3,0.254,-3,5,-1.77777777777778,10,NA,13.2,6.6,NA,485,"CO",2021,125,5,324.444444444444,1.1,133,0
2318,2021-05-06,37.338,119.38,0,-4.22222222222222,12.1111111111111,3.72222222222222,11.1,NA,13,7.3,NA,485,"CO",2021,126,5,312.765957446808,1.1,133,0
2319,2021-05-07,37.338,111.76,0,1.22222222222222,13.8888888888889,6.61111111111111,12.2,NA,13.1,7.8,NA,485,"CO",2021,127,5,334.090909090909,1.1,133,0
2320,2021-05-08,37.338,111.76,0,1.11111111111111,7.38888888888889,1.22222222222222,13.4,NA,13.7,7.5,NA,485,"CO",2021,128,5,334.090909090909,1.2,133,0
2321,2021-05-09,37.338,109.22,0,-6,4.11111111111111,-2.22222222222222,14,NA,15.5,7.5,NA,485,"CO",2021,129,5,341.860465116279,0.6,133,0
2322,2021-05-10,37.338,109.22,0.508,-4.72222222222222,2,-2.88888888888889,13.7,NA,21.2,7.9,NA,485,"CO",2021,130,5,341.860465116279,-0.300000000000001,133,0
2323,2021-05-11,38.354,116.84,0.508,-7.22222222222222,0.722222222222221,-5,14.6,NA,22.8,6.9,NA,485,"CO",2021,131,5,328.260869565217,0.9,133,0
2324,2021-05-12,38.862,121.92,0.254,-8.61111111111111,6.72222222222222,-1.11111111111111,14.1,NA,23.5,8.2,NA,485,"CO",2021,132,5,318.75,-0.5,133,0
2325,2021-05-13,39.37,114.3,0,-2.72222222222222,11,3.77777777777778,13.7,NA,23.6,9.1,NA,485,"CO",2021,133,5,344.444444444444,-0.4,133,0
2326,2021-05-14,39.116,109.22,0,0,12.2222222222222,4.88888888888889,14.7,NA,23.8,7.7,NA,485,"CO",2021,134,5,358.139534883721,1,133,0
2327,2021-05-15,38.862,109.22,0,0.499999999999999,14.3888888888889,6.22222222222222,15,NA,25,8.5,NA,485,"CO",2021,135,5,355.813953488372,0.300000000000001,133,0
2328,2021-05-16,38.354,106.68,0,1.77777777777778,12.8888888888889,4.88888888888889,16,NA,30.8,9,NA,485,"CO",2021,136,5,359.523809523809,1,133,0
2329,2021-05-17,37.846,101.6,0.254,1.11111111111111,9.11111111111111,1.61111111111111,16.1,NA,31,9.8,NA,485,"CO",2021,137,5,372.5,0.100000000000001,133,0
2330,2021-05-18,37.338,106.68,0.762,-1.77777777777778,7.72222222222222,1.27777777777778,16.8,NA,30.9,10.7,NA,485,"CO",2021,138,5,350,0.699999999999999,133,0
2331,2021-05-19,37.846,96.52,0.254,-0.777777777777777,12.2777777777778,3.38888888888889,15.8,NA,31,12.3,NA,485,"CO",2021,139,5,392.105263157895,-1,133,0
2332,2021-05-20,37.338,91.44,0,-0.277777777777778,13.7777777777778,6.61111111111111,17.2,NA,31.6,15.5,NA,485,"CO",2021,140,5,408.333333333333,1.4,133,0
2333,2021-05-21,36.068,93.98,0,6.61111111111111,9.88888888888889,5.5,18.1,NA,32,36,NA,485,"CO",2021,141,5,383.783783783784,0.900000000000002,133,0
2334,2021-05-22,35.306,91.44,0.254,2.38888888888889,12,4.88888888888889,17.7,NA,32.3,36.3,NA,485,"CO",2021,142,5,386.111111111111,-0.400000000000002,133,0
2335,2021-05-23,34.29,88.9,0.254,3.22222222222222,7.88888888888889,2.38888888888889,18.5,NA,37.7,36.5,NA,485,"CO",2021,143,5,385.714285714286,0.800000000000001,133,0
2336,2021-05-24,34.29,88.9,0,-3.22222222222222,10.5,2.38888888888889,19.2,NA,38.8,36.7,NA,485,"CO",2021,144,5,385.714285714286,0.699999999999999,133,0
2337,2021-05-25,33.782,78.74,0,-2,12.2222222222222,4.22222222222222,20.6,NA,39.1,36.8,NA,485,"CO",2021,145,5,429.032258064516,1.4,133,0
2338,2021-05-26,31.75,76.2,0,2.72222222222222,12.2777777777778,5.22222222222222,40.7,NA,39.2,37,NA,485,"CO",2021,146,5,416.666666666667,20.1,133,0
2339,2021-05-27,31.242,68.58,0,0.111111111111113,12.8888888888889,5,40.8,NA,39.3,37.2,NA,485,"CO",2021,147,5,455.555555555556,0.0999999999999943,133,0
2340,2021-05-28,29.972,68.58,0,-0.388888888888889,14.2777777777778,7,40.8,NA,39.3,37.3,NA,485,"CO",2021,148,5,437.037037037037,0,133,0
2341,2021-05-29,27.686,63.5,0,4,15.2222222222222,7.22222222222222,40.9,NA,39.3,37.3,NA,485,"CO",2021,149,5,436,0.100000000000001,133,0
2342,2021-05-30,25.908,58.42,0.508,1.27777777777778,12.6111111111111,3.5,40.9,NA,39.3,37.5,NA,485,"CO",2021,150,5,443.478260869565,0,133,0
2343,2021-05-31,25.146,66.04,0,0.222222222222221,9.77777777777778,2.38888888888889,40.9,NA,39.4,37.5,NA,485,"CO",2021,151,5,380.769230769231,0,133,0
2344,2021-06-01,25.146,55.88,0,-1.11111111111111,10.7777777777778,3.61111111111111,40.9,NA,39.4,37.6,NA,485,"CO",2021,152,6,450,0,133,0
2345,2021-06-02,23.876,55.88,0,0.111111111111113,12.6111111111111,6.11111111111111,41,NA,39.4,37.7,NA,485,"CO",2021,153,6,427.272727272727,0.100000000000001,133,0
2346,2021-06-03,21.844,45.72,0,1.77777777777778,16.6111111111111,8.5,41,NA,39.4,37.7,NA,485,"CO",2021,154,6,477.777777777778,0,133,0
2347,2021-06-04,19.304,38.1,0,4.72222222222222,19,10.8888888888889,41.1,NA,39.4,37.8,NA,485,"CO",2021,155,6,506.666666666667,0.100000000000001,133,0
2348,2021-06-05,16.256,38.1,0,6.11111111111111,19.7777777777778,9.5,41.1,NA,39.4,37.8,NA,485,"CO",2021,156,6,426.666666666667,0,133,0
2349,2021-06-06,13.716,30.48,0,4.72222222222222,15.7777777777778,8.38888888888889,41.2,NA,39.4,37.9,NA,485,"CO",2021,157,6,450,0.100000000000001,133,0
2350,2021-06-07,11.938,25.4,0,5.11111111111111,18,10.3888888888889,41.2,NA,39.4,37.9,NA,485,"CO",2021,158,6,470,0,133,0
2351,2021-06-08,9.144,15.24,0,6.11111111111111,20,11.7222222222222,41.2,NA,39.5,38,NA,485,"CO",2021,159,6,600,0,133,0
2352,2021-06-09,5.842,7.62,0,5.61111111111111,21,12.3888888888889,41.2,NA,39.5,38,NA,485,"CO",2021,160,6,766.666666666667,0,133,0
2353,2021-06-10,3.81,2.54,0,7.88888888888889,20.3888888888889,13.2222222222222,40.9,NA,39.5,38.1,NA,485,"CO",2021,161,6,1500,-0.300000000000004,133,0
2354,2021-06-11,2.286,0,0,5.77777777777778,19.2222222222222,11,40.7,NA,39.5,38.1,NA,485,"CO",2021,162,6,Inf,-0.199999999999996,133,0
2355,2021-06-12,1.27,0,0,5.5,21.1111111111111,12.7222222222222,39.6,NA,39.5,38.1,NA,485,"CO",2021,163,6,Inf,-1.1,133,0
2356,2021-06-13,0.762,0,0,7.72222222222222,23.1111111111111,14.7777777777778,38,NA,39.5,38.1,NA,485,"CO",2021,164,6,Inf,-1.6,133,0
2357,2021-06-14,0.254,0,0,10.1111111111111,23.2777777777778,15.5,36.6,NA,39.5,38.1,NA,485,"CO",2021,165,6,Inf,-1.4,133,0
2358,2021-06-15,0,0,0,9.22222222222222,23.6111111111111,15.8888888888889,34.9,NA,39.5,38.2,NA,485,"CO",2021,166,6,NA,-1.7,133,0
2359,2021-06-16,0,0,0,10.7222222222222,23.2777777777778,15.8888888888889,33.4,NA,39.4,38.2,NA,485,"CO",2021,167,6,NA,-1.5,133,0
2360,2021-06-17,0,0,0,10.8888888888889,22.7222222222222,15.1111111111111,32,NA,38.8,38.1,NA,485,"CO",2021,168,6,NA,-1.4,133,0
2361,2021-06-18,0,0,0.254,9.22222222222222,20,11.6111111111111,31.1,NA,38.5,38.1,NA,485,"CO",2021,169,6,NA,-0.899999999999999,133,0
2362,2021-06-19,0,0,0,4.61111111111111,18.7222222222222,9.38888888888889,31.2,NA,38.4,38.2,NA,485,"CO",2021,170,6,NA,0.0999999999999979,133,0
2363,2021-06-20,0,0,0,5,19.6111111111111,12.7222222222222,30.5,NA,38.3,38.2,NA,485,"CO",2021,171,6,NA,-0.699999999999999,133,0
2364,2021-06-21,0,0,0.762,7.88888888888889,17.7777777777778,11.6111111111111,29.7,NA,37.8,38.2,NA,485,"CO",2021,172,6,NA,-0.800000000000001,133,0
2365,2021-06-22,0,0,0,7.5,20.1111111111111,12.8888888888889,28.8,NA,37.6,38.2,NA,485,"CO",2021,173,6,NA,-0.899999999999999,133,0
2366,2021-06-23,0,0,0,8.77777777777778,17,11.5,28.3,NA,37.4,38.3,NA,485,"CO",2021,174,6,NA,-0.5,133,0
2367,2021-06-24,0,0,0.762,5.88888888888889,15.2222222222222,6.77777777777778,28.1,NA,36.1,38.2,NA,485,"CO",2021,175,6,NA,-0.199999999999999,133,0
2368,2021-06-25,0,0,0.508,2.5,13.3888888888889,6.61111111111111,29,NA,37.1,38.2,NA,485,"CO",2021,176,6,NA,0.899999999999999,133,0
2369,2021-06-26,0,0,1.524,3.61111111111111,9.72222222222222,3.88888888888889,29.4,NA,37.4,38.3,NA,485,"CO",2021,177,6,NA,0.399999999999999,133,0
2370,2021-06-27,0,0,0.254,1.27777777777778,12.2222222222222,4.61111111111111,31.9,NA,39.3,38.2,NA,485,"CO",2021,178,6,NA,2.5,133,0
2371,2021-06-28,0,0,0,1.38888888888889,12.7777777777778,5.77777777777778,30.6,NA,39,38.2,NA,485,"CO",2021,179,6,NA,-1.3,133,0
2372,2021-06-29,0,0,0,3.72222222222222,14.7222222222222,7.5,30.2,NA,38.6,38.2,NA,485,"CO",2021,180,6,NA,-0.400000000000002,133,0
2373,2021-06-30,0,0,1.016,2.77777777777778,16.7777777777778,7.77777777777778,30.2,NA,38.5,38.3,NA,485,"CO",2021,181,6,NA,0,133,0
2374,2021-07-01,0,0,0.254,5.5,15,9.11111111111111,32.6,NA,39.4,38.3,NA,485,"CO",2021,182,7,NA,2.4,133,0
2375,2021-07-02,0,0,0,5.22222222222222,18,10.6111111111111,31.1,NA,39.4,38.2,NA,485,"CO",2021,183,7,NA,-1.5,133,0
2376,2021-07-03,0,0,0,6.88888888888889,19.3888888888889,12.2222222222222,30.3,NA,38.4,38.3,NA,485,"CO",2021,184,7,NA,-0.800000000000001,133,0
2377,2021-07-04,0,0,0,8.22222222222222,21.7222222222222,13.6111111111111,29.2,NA,37.7,38.2,NA,485,"CO",2021,185,7,NA,-1.1,133,0
2378,2021-07-05,0,0,0,7.72222222222222,20,11.5,28.6,NA,36.2,38.2,NA,485,"CO",2021,186,7,NA,-0.599999999999998,133,0
2379,2021-07-06,0,0,0,6.5,19.3888888888889,12.6111111111111,28.6,NA,36.2,38.3,NA,485,"CO",2021,187,7,NA,0,133,0
2380,2021-07-07,0,0,0,8,21.1111111111111,13,27.6,NA,35.9,38.2,NA,485,"CO",2021,188,7,NA,-1,133,0
2381,2021-07-08,0,0,0,9.77777777777778,21.8888888888889,14.2222222222222,27.6,NA,35.4,38.3,NA,485,"CO",2021,189,7,NA,0,133,0
2382,2021-07-09,0,0,0,9.88888888888889,22.7222222222222,15.8888888888889,26.9,NA,35.2,38.2,NA,485,"CO",2021,190,7,NA,-0.700000000000003,133,0
2383,2021-07-10,0,0,0,9.5,19.5,12.7222222222222,26.4,NA,34.8,38.3,NA,485,"CO",2021,191,7,NA,-0.5,133,0
2384,2021-07-11,0,0,0,6,19.7777777777778,12.2222222222222,24.7,NA,34.1,30.4,NA,485,"CO",2021,192,7,NA,-1.7,133,0
2385,2021-07-12,0,0,0.254,7.38888888888889,20.2222222222222,12.7222222222222,23.7,NA,34.1,29.1,NA,485,"CO",2021,193,7,NA,-1,133,0
2386,2021-07-13,0,0,0.254,10,19.6111111111111,11.3888888888889,23.3,NA,33.8,28.4,NA,485,"CO",2021,194,7,NA,-0.399999999999999,133,0
2387,2021-07-14,0,0,0.254,5.72222222222222,10.2222222222222,6.22222222222222,21.9,NA,33.4,28.5,NA,485,"CO",2021,195,7,NA,-1.4,133,0
2388,2021-07-15,0,0,0,3,18.2222222222222,10.6111111111111,24.2,NA,33.7,28.6,NA,485,"CO",2021,196,7,NA,2.3,133,0
2389,2021-07-16,0,0,0,7.77777777777778,17.8888888888889,11.1111111111111,22.9,NA,33.5,28.1,NA,485,"CO",2021,197,7,NA,-1.3,133,0
2390,2021-07-17,0,0,0.254,8.11111111111111,19.7777777777778,10.1111111111111,21.9,NA,33,26.5,NA,485,"CO",2021,198,7,NA,-1,133,0
2391,2021-07-18,0,0,0,6.5,21.8888888888889,13.3888888888889,22.7,NA,33.3,26.2,NA,485,"CO",2021,199,7,NA,0.800000000000001,133,0
2392,2021-07-19,0,0,0,9,21.8888888888889,14.2222222222222,21.7,NA,32.4,25.6,NA,485,"CO",2021,200,7,NA,-1,133,0
2393,2021-07-20,0,0,0.254,8.77777777777778,22.7222222222222,13.2777777777778,19.9,NA,32.1,24.6,NA,485,"CO",2021,201,7,NA,-1.8,133,0
2394,2021-07-21,0,0,0,8.61111111111111,20.7777777777778,12.3888888888889,19.1,NA,31.2,24.3,NA,485,"CO",2021,202,7,NA,-0.799999999999997,133,0
2395,2021-07-22,0,0,1.778,7.61111111111111,21,10.6111111111111,17.1,NA,30.7,23.8,NA,485,"CO",2021,203,7,NA,-2,133,0
2396,2021-07-23,0,0,1.778,7.77777777777778,18.2777777777778,10.2222222222222,18,NA,32.3,29.5,NA,485,"CO",2021,204,7,NA,0.899999999999999,133,0
2397,2021-07-24,0,0,0,7.72222222222222,15,10.1111111111111,25.4,NA,37.8,30.4,NA,485,"CO",2021,205,7,NA,7.4,133,0
2398,2021-07-25,0,0,0.508,6.77777777777778,18.7777777777778,10.7222222222222,24.5,NA,35.7,30.7,NA,485,"CO",2021,206,7,NA,-0.899999999999999,133,0
2399,2021-07-26,0,0,0,5.72222222222222,18.8888888888889,12,26,NA,35.3,30.8,NA,485,"CO",2021,207,7,NA,1.5,133,0
2400,2021-07-27,0,0,0,7.5,21.2777777777778,13.2777777777778,24.4,NA,34.7,30.8,NA,485,"CO",2021,208,7,NA,-1.6,133,0
2401,2021-07-28,0,0,0,9.38888888888889,22.5,14.7222222222222,23.2,NA,33.6,27.6,NA,485,"CO",2021,209,7,NA,-1.2,133,0
2402,2021-07-29,0,0,0,10.5,21.7222222222222,14.8888888888889,22.6,NA,33.1,25.8,NA,485,"CO",2021,210,7,NA,-0.599999999999998,133,0
2403,2021-07-30,0,0,2.032,10.7222222222222,21,10.8888888888889,21.6,NA,32.4,24.8,NA,485,"CO",2021,211,7,NA,-1,133,0
2404,2021-07-31,0,0,1.524,7,16.2222222222222,8.5,24.8,NA,33.9,29.6,NA,485,"CO",2021,212,7,NA,3.2,133,0
2405,2021-08-01,0,0,0.254,6.77777777777778,13.8888888888889,8.72222222222222,27.4,NA,37.7,30.3,NA,485,"CO",2021,213,8,NA,2.6,133,0
2406,2021-08-02,0,0,0.762,5.11111111111111,14.8888888888889,8.61111111111111,27.4,NA,36.6,30.4,NA,485,"CO",2021,214,8,NA,0,133,0
2558,2022-01-01,20.574,101.6,0,-14.5,-14.3888888888889,-19,2,NA,13.4,8.2,NA,485,"CO",2022,1,1,202.5,0,126,0
2559,2022-01-02,20.574,104.14,0.254,-23.2222222222222,-4.72222222222222,-14.3888888888889,2,NA,13.5,8.2,NA,485,"CO",2022,2,1,197.560975609756,0,126,0
2560,2022-01-03,20.828,101.6,0,-13.3888888888889,-2.5,-8.88888888888889,2.2,NA,13.6,8,NA,485,"CO",2022,3,1,205,0.2,126,0
2561,2022-01-04,20.828,96.52,0.254,-7.22222222222222,-6.61111111111111,-9.22222222222222,2.4,NA,13.5,8.2,NA,485,"CO",2022,4,1,215.789473684211,0.2,126,0
2562,2022-01-05,21.082,96.52,1.27,-10.7222222222222,-6.88888888888889,-8.27777777777778,2.1,NA,13.5,8.3,NA,485,"CO",2022,5,1,218.421052631579,-0.3,126,0
2563,2022-01-06,22.352,101.6,1.016,-7.27777777777778,-2.22222222222222,-5.22222222222222,1.9,NA,13.6,7.6,NA,485,"CO",2022,6,1,220,-0.2,126,0
2564,2022-01-07,23.368,114.3,0,-4.5,0.722222222222221,-4.72222222222222,2.5,NA,13.8,7.9,NA,485,"CO",2022,7,1,204.444444444444,0.6,126,0
2565,2022-01-08,23.368,116.84,0.254,-7.22222222222222,-3,-9.77777777777778,2.5,NA,13.8,7.7,NA,485,"CO",2022,8,1,200,0,126,0
2566,2022-01-09,23.368,114.3,0,-17.2777777777778,-7.27777777777778,-14.3888888888889,2.1,NA,13.6,8.5,NA,485,"CO",2022,9,1,204.444444444444,-0.4,126,0
2567,2022-01-10,23.368,114.3,0,-13.8888888888889,0.388888888888891,-9.38888888888889,2.2,NA,13.6,8.5,NA,485,"CO",2022,10,1,204.444444444444,0.1,126,0
2568,2022-01-11,23.368,101.6,0.254,-11.3888888888889,-0.777777777777777,-9.27777777777778,1.9,NA,13.8,8.1,NA,485,"CO",2022,11,1,230,-0.3,126,0
2569,2022-01-12,23.622,101.6,0,-11.2222222222222,-2.11111111111111,-7.38888888888889,1.8,NA,13.5,8.5,NA,485,"CO",2022,12,1,232.5,-0.0999999999999999,126,0
2570,2022-01-13,23.622,99.06,0,-9.88888888888889,4.72222222222222,-3.77777777777778,1.9,NA,13.3,8.2,NA,485,"CO",2022,13,1,238.461538461539,0.0999999999999999,126,0
2571,2022-01-14,23.622,93.98,0.508,-3.72222222222222,-2.22222222222222,-9,1.9,NA,13.4,8,NA,485,"CO",2022,14,1,251.351351351351,0,126,0
2572,2022-01-15,24.13,96.52,0,-14.8888888888889,-5,-12.3888888888889,2.6,NA,13.4,7.7,NA,485,"CO",2022,15,1,250,0.7,126,0
2573,2022-01-16,24.13,106.68,0,-11.7222222222222,-1.77777777777778,-8.72222222222222,2.1,NA,13.8,8.1,NA,485,"CO",2022,16,1,226.190476190476,-0.5,126,0
2574,2022-01-17,24.13,106.68,0,-10.2777777777778,0,-6.72222222222222,2.2,NA,13.7,8,NA,485,"CO",2022,17,1,226.190476190476,0.1,126,0
2575,2022-01-18,24.13,104.14,0,-9.27777777777778,-2.72222222222222,-8,2.1,NA,13.4,8,NA,485,"CO",2022,18,1,231.707317073171,-0.1,126,0
2576,2022-01-19,24.13,104.14,0,-11.7222222222222,-5.38888888888889,-10.7777777777778,1.8,NA,13.5,8.2,NA,485,"CO",2022,19,1,231.707317073171,-0.3,126,0
2577,2022-01-20,24.13,101.6,0,-12.7777777777778,-7.22222222222222,-12.1111111111111,2.1,NA,13.7,8.1,NA,485,"CO",2022,20,1,237.5,0.3,126,0
2578,2022-01-21,24.384,101.6,0.508,-10.7222222222222,-7.11111111111111,-9.72222222222222,2.1,NA,13.6,8.5,NA,485,"CO",2022,21,1,240,0,126,0
2579,2022-01-22,24.638,104.14,0,-13.2222222222222,-4.77777777777778,-11.5,1.8,NA,13.7,8.2,NA,485,"CO",2022,22,1,236.585365853659,-0.3,126,0
2580,2022-01-23,24.638,104.14,0,-13.7222222222222,-2.5,-9.27777777777778,2.3,NA,13.5,8.1,NA,485,"CO",2022,23,1,236.585365853659,0.5,126,0
2581,2022-01-24,24.638,104.14,0,-13.2777777777778,-4.61111111111111,-10.6111111111111,1.6,NA,13.4,8.3,NA,485,"CO",2022,24,1,236.585365853659,-0.7,126,0
2582,2022-01-25,24.638,101.6,0.254,-10.6111111111111,-9.72222222222222,-13.5,2.6,NA,13.8,7.6,NA,485,"CO",2022,25,1,242.5,1,126,0
2583,2022-01-26,24.892,104.14,0,-19.8888888888889,-9.22222222222222,-15.2222222222222,2.4,NA,13.3,8,NA,485,"CO",2022,26,1,239.024390243902,-0.2,126,0
2584,2022-01-27,24.892,104.14,0,-14.7222222222222,-10.7777777777778,-15.5,2.1,NA,13.2,8,NA,485,"CO",2022,27,1,239.024390243902,-0.3,126,0
2585,2022-01-28,24.892,106.68,0,-20.3888888888889,-6.38888888888889,-14.2777777777778,2.2,NA,13.6,7.6,NA,485,"CO",2022,28,1,233.333333333333,0.1,126,0
2586,2022-01-29,24.892,106.68,0,-13.2222222222222,0,-7.77777777777778,1.9,NA,13.5,8.4,NA,485,"CO",2022,29,1,233.333333333333,-0.3,126,0
2587,2022-01-30,25.146,104.14,0,-10.1111111111111,0.611111111111112,-6.5,2.3,NA,13.6,8,NA,485,"CO",2022,30,1,241.463414634146,0.4,126,0
2588,2022-01-31,25.146,104.14,0,-10.3888888888889,0.222222222222221,-6.5,2.4,NA,13.4,7.9,NA,485,"CO",2022,31,1,241.463414634146,0.1,126,0
2589,2022-02-01,25.146,104.14,0.254,-10.7777777777778,-6.22222222222222,-11.1111111111111,1.6,NA,13.2,7.9,NA,485,"CO",2022,32,2,241.463414634146,-0.8,126,0
2590,2022-02-02,25.4,111.76,0,-15.7777777777778,-13.3888888888889,-18.8888888888889,1.8,NA,13.1,7.9,NA,485,"CO",2022,33,2,227.272727272727,0.2,126,0
2591,2022-02-03,25.4,111.76,0,-25.6111111111111,-15.2222222222222,-22.3888888888889,2.3,NA,12.9,7.9,NA,485,"CO",2022,34,2,227.272727272727,0.5,126,0
2592,2022-02-04,25.4,111.76,0.254,-23.8888888888889,-7,-15.2222222222222,2.4,NA,13.1,7.8,NA,485,"CO",2022,35,2,227.272727272727,0.1,126,0
2593,2022-02-05,25.654,109.22,0.254,-13.8888888888889,-5.77777777777778,-12.1111111111111,2,NA,12.8,8.3,NA,485,"CO",2022,36,2,234.883720930233,-0.4,126,0
2594,2022-02-06,25.654,109.22,0,-14,-9.5,-14.5,2.1,NA,12.9,7.9,NA,485,"CO",2022,37,2,234.883720930233,0.1,126,0
2595,2022-02-07,25.908,109.22,0,-16.7777777777778,-3.22222222222222,-11.6111111111111,2.3,NA,13,7.8,NA,485,"CO",2022,38,2,237.209302325581,0.2,126,0
2596,2022-02-08,25.908,109.22,0,-11.5,-3.5,-9.72222222222222,1.9,NA,12.9,7.6,NA,485,"CO",2022,39,2,237.209302325581,-0.4,126,0
2597,2022-02-09,25.908,109.22,0.254,-13.1111111111111,-2.22222222222222,-7.77777777777778,1.7,NA,12.6,8,NA,485,"CO",2022,40,2,237.209302325581,-0.2,126,0
2598,2022-02-10,26.162,111.76,0,-9.38888888888889,-1.22222222222222,-7.38888888888889,2.1,NA,12.4,7.7,NA,485,"CO",2022,41,2,234.090909090909,0.4,126,0
2599,2022-02-11,26.162,111.76,0,-9.38888888888889,-3.38888888888889,-8.72222222222222,2.1,NA,12.6,7.7,NA,485,"CO",2022,42,2,234.090909090909,0,126,0
2600,2022-02-12,26.162,111.76,0,-16,-5.38888888888889,-13.6111111111111,1.4,NA,12.3,8.1,NA,485,"CO",2022,43,2,234.090909090909,-0.7,126,0
2601,2022-02-13,26.162,111.76,0,-14.3888888888889,-1.61111111111111,-9.38888888888889,2,NA,12.4,7.8,NA,485,"CO",2022,44,2,234.090909090909,0.6,126,0
2602,2022-02-14,26.162,109.22,0.254,-11.2777777777778,1.38888888888889,-6.72222222222222,2.1,NA,12.8,7.3,NA,485,"CO",2022,45,2,239.53488372093,0.1,126,0
2603,2022-02-15,26.162,109.22,0.254,-8,1.77777777777778,-4.38888888888889,1.8,NA,12.6,7.7,NA,485,"CO",2022,46,2,239.53488372093,-0.3,126,0
2604,2022-02-16,26.416,106.68,0,-7,-3.77777777777778,-9.27777777777778,2.2,NA,12.7,6.8,NA,485,"CO",2022,47,2,247.619047619048,0.4,126,0
2605,2022-02-17,26.67,111.76,0,-14.2777777777778,-9.27777777777778,-14.8888888888889,2.3,NA,12.2,7.4,NA,485,"CO",2022,48,2,238.636363636364,0.0999999999999996,126,0
2606,2022-02-18,26.67,111.76,0,-13.5,-5.5,-11.5,1.9,NA,12.7,7.5,NA,485,"CO",2022,49,2,238.636363636364,-0.4,126,0
2607,2022-02-19,26.67,111.76,0,-14.6111111111111,-1.11111111111111,-9.61111111111111,2.2,NA,12.5,7.2,NA,485,"CO",2022,50,2,238.636363636364,0.3,126,0
2608,2022-02-20,26.67,111.76,0.254,-12.7777777777778,1.5,-6.5,2,NA,12.5,7.6,NA,485,"CO",2022,51,2,238.636363636364,-0.2,126,0
2609,2022-02-21,26.67,109.22,0.254,-8.5,-3.22222222222222,-7.11111111111111,1.8,NA,12.5,7.9,NA,485,"CO",2022,52,2,244.186046511628,-0.2,126,0
2610,2022-02-22,26.924,111.76,0.508,-11.2777777777778,-10.2222222222222,-12.5,2.1,NA,12.4,7.7,NA,485,"CO",2022,53,2,240.909090909091,0.3,126,0
2611,2022-02-23,27.686,116.84,0.508,-18.3888888888889,-6.27777777777778,-12.1111111111111,2.3,NA,12.6,7.2,NA,485,"CO",2022,54,2,236.95652173913,0.2,126,0
2612,2022-02-24,28.194,121.92,0,-13.5,-11.7777777777778,-16.5,1.6,NA,12.7,7.4,NA,485,"CO",2022,55,2,231.25,-0.7,126,0
2613,2022-02-25,28.194,121.92,0,-19.6111111111111,-10,-17.3888888888889,1.8,NA,12.7,7.3,NA,485,"CO",2022,56,2,231.25,0.2,126,0
2614,2022-02-26,28.194,121.92,0,-21.1111111111111,-8.88888888888889,-17.7222222222222,2.3,NA,12.3,7.1,NA,485,"CO",2022,57,2,231.25,0.5,126,0
2615,2022-02-27,28.194,119.38,0.508,-17,1.22222222222222,-9.27777777777778,2.1,NA,12.7,7.1,NA,485,"CO",2022,58,2,236.170212765957,-0.2,126,0
2616,2022-02-28,28.194,119.38,0,-11.6111111111111,1.61111111111111,-6.72222222222222,1.7,NA,12.3,7.5,NA,485,"CO",2022,59,2,236.170212765957,-0.4,126,0
2617,2022-03-01,28.448,116.84,0,-9.22222222222222,5.11111111111111,-3.72222222222222,2.1,NA,11.9,7.1,NA,485,"CO",2022,60,3,243.478260869565,0.4,126,0
2618,2022-03-02,28.448,116.84,0.254,-6.38888888888889,8,-1.27777777777778,2.4,NA,12.6,6.9,NA,485,"CO",2022,61,3,243.478260869565,0.3,126,0
2619,2022-03-03,28.448,116.84,0,-4.22222222222222,8.5,0.277777777777778,2.2,NA,12.2,6.5,NA,485,"CO",2022,62,3,243.478260869565,-0.2,126,0
2620,2022-03-04,28.448,114.3,0,-3.88888888888889,2.5,-2.88888888888889,2.3,NA,12.2,7.3,NA,485,"CO",2022,63,3,248.888888888889,0.0999999999999996,126,0
2621,2022-03-05,28.702,111.76,0.254,-8.61111111111111,-2.72222222222222,-8.5,2.7,NA,12.1,7.8,NA,485,"CO",2022,64,3,256.818181818182,0.4,126,0
2622,2022-03-06,28.956,119.38,0.762,-12,-8.11111111111111,-12.3888888888889,1.6,NA,12.2,7,NA,485,"CO",2022,65,3,242.553191489362,-1.1,126,0
2623,2022-03-07,29.464,124.46,0,-16.7222222222222,-8.72222222222222,-15.2777777777778,1.5,NA,12.6,7.1,NA,485,"CO",2022,66,3,236.734693877551,-0.1,126,0
2624,2022-03-08,29.718,127,0,-19.7777777777778,-9.11111111111111,-16.8888888888889,2.3,NA,12.5,6.8,NA,485,"CO",2022,67,3,234,0.8,126,0
2625,2022-03-09,29.718,124.46,1.016,-14.3888888888889,-6.27777777777778,-11.7777777777778,2.5,NA,12.7,7.5,NA,485,"CO",2022,68,3,238.775510204082,0.2,126,0
2626,2022-03-10,30.988,137.16,0,-15.2222222222222,-11.3888888888889,-17.6111111111111,2.2,NA,12.3,7.2,NA,485,"CO",2022,69,3,225.925925925926,-0.3,126,0
2627,2022-03-11,30.988,134.62,0.254,-25.6111111111111,-11.3888888888889,-17.8888888888889,1.7,NA,12.5,6.7,NA,485,"CO",2022,70,3,230.188679245283,-0.5,126,0
2628,2022-03-12,31.242,132.08,0,-12.8888888888889,-1,-8.38888888888889,2.8,NA,12.5,7.7,NA,485,"CO",2022,71,3,236.538461538462,1.1,126,0
2629,2022-03-13,31.242,129.54,0.508,-10.3888888888889,2.72222222222222,-5.61111111111111,1.9,NA,12.7,7.6,NA,485,"CO",2022,72,3,241.176470588235,-0.9,126,0
2630,2022-03-14,31.496,132.08,0,-10.3888888888889,-0.222222222222221,-9,1.6,NA,12.6,7.3,NA,485,"CO",2022,73,3,238.461538461538,-0.3,126,0
2631,2022-03-15,31.75,134.62,0.254,-12,5.11111111111111,-3.5,2.2,NA,12.4,7.5,NA,485,"CO",2022,74,3,235.849056603774,0.6,126,0
2632,2022-03-16,31.75,132.08,0.762,-5.61111111111111,2.88888888888889,-4,1.7,NA,12.4,6.7,NA,485,"CO",2022,75,3,240.384615384615,-0.5,126,0
2633,2022-03-17,32.512,139.7,0.508,-9,-4.77777777777778,-9.72222222222222,2.6,NA,12.2,7.5,NA,485,"CO",2022,76,3,232.727272727273,0.9,126,0
2634,2022-03-18,33.02,142.24,0,-14.5,-4.22222222222222,-11.5,2.1,NA,12.5,7.4,NA,485,"CO",2022,77,3,232.142857142857,-0.5,126,0
2635,2022-03-19,33.02,142.24,0,-11.5,3.38888888888889,-6.22222222222222,1.8,NA,12.7,6.7,NA,485,"CO",2022,78,3,232.142857142857,-0.3,126,0
2636,2022-03-20,33.02,139.7,0,-7.88888888888889,4.88888888888889,-3.11111111111111,2.3,NA,12.5,6.7,NA,485,"CO",2022,79,3,236.363636363636,0.5,126,0
2637,2022-03-21,33.02,137.16,0.254,-6.27777777777778,-2.88888888888889,-7.77777777777778,2.2,NA,12.5,6.4,NA,485,"CO",2022,80,3,240.740740740741,-0.0999999999999996,126,0
2638,2022-03-22,33.274,142.24,0.508,-14.1111111111111,-8.38888888888889,-12.7222222222222,2.1,NA,12,7.4,NA,485,"CO",2022,81,3,233.928571428571,-0.1,126,0
2639,2022-03-23,34.036,147.32,0.508,-13.6111111111111,-3.77777777777778,-10.1111111111111,2.2,NA,12.8,7.4,NA,485,"CO",2022,82,3,231.034482758621,0.1,126,0
2640,2022-03-24,34.29,147.32,0,-7.61111111111111,3.27777777777778,-3.88888888888889,1.8,NA,12.6,6.8,NA,485,"CO",2022,83,3,232.758620689655,-0.4,126,0
2641,2022-03-25,34.29,142.24,0,-4.72222222222222,5.11111111111111,-1.5,2.2,NA,12.3,7.5,NA,485,"CO",2022,84,3,241.071428571429,0.4,126,0
2642,2022-03-26,34.29,139.7,0,-3.77777777777778,9.88888888888889,1.72222222222222,3.2,NA,13,7.5,NA,485,"CO",2022,85,3,245.454545454545,1,126,0
2643,2022-03-27,34.29,137.16,0,-2.11111111111111,11.5,2.88888888888889,2.7,NA,12.6,6.6,NA,485,"CO",2022,86,3,250,-0.5,126,0
2644,2022-03-28,34.29,132.08,0,-1.77777777777778,10.2222222222222,2.72222222222222,1.9,NA,12.8,7.4,NA,485,"CO",2022,87,3,259.615384615385,-0.8,126,0
2645,2022-03-29,34.29,132.08,0.762,-3.5,0.611111111111112,-3.5,2.3,NA,12.9,7.3,NA,485,"CO",2022,88,3,259.615384615385,0.4,126,0
2646,2022-03-30,35.052,142.24,0,-6.38888888888889,-6,-8.5,3.9,NA,12.8,6.3,NA,485,"CO",2022,89,3,246.428571428571,1.6,126,0
2647,2022-03-31,35.306,137.16,0,-10.3888888888889,3.38888888888889,-4.72222222222222,4.2,NA,13.4,7.5,NA,485,"CO",2022,90,3,257.407407407407,0.3,126,0
2648,2022-04-01,35.306,139.7,0.254,-6.22222222222222,0.388888888888891,-6.11111111111111,3.1,NA,13.6,7.6,NA,485,"CO",2022,91,4,252.727272727273,-1.1,126,0
2649,2022-04-02,35.56,142.24,0.254,-9.11111111111111,6.22222222222222,-1.5,4.8,NA,13.5,7.4,NA,485,"CO",2022,92,4,250,1.7,126,0
2650,2022-04-03,35.56,137.16,0.254,-1.22222222222222,0.277777777777778,-3.77777777777778,5.2,NA,13.5,7,NA,485,"CO",2022,93,4,259.259259259259,0.4,126,0
2651,2022-04-04,36.068,144.78,0.254,-5.61111111111111,3.72222222222222,-2.38888888888889,4.4,NA,13.6,8.1,NA,485,"CO",2022,94,4,249.122807017544,-0.8,126,0
2652,2022-04-05,36.068,139.7,0.254,-0.388888888888889,0,-4.77777777777778,4.4,NA,13.5,6.5,NA,485,"CO",2022,95,4,258.181818181818,0,126,0
2653,2022-04-06,36.576,144.78,0,-14.7222222222222,-6.77777777777778,-12.2777777777778,3.8,NA,13.7,7.4,NA,485,"CO",2022,96,4,252.631578947368,-0.600000000000001,126,0
2654,2022-04-07,36.576,144.78,0,-14.1111111111111,-1,-8.5,4.6,NA,14.5,6.7,NA,485,"CO",2022,97,4,252.631578947368,0.8,126,0
2655,2022-04-08,36.576,142.24,0,-10.2222222222222,6.5,-2.72222222222222,5.2,NA,13.7,6.8,NA,485,"CO",2022,98,4,257.142857142857,0.600000000000001,126,0
2656,2022-04-09,36.576,142.24,0.508,-3.5,8.77777777777778,1.72222222222222,4.4,NA,14,7.4,NA,485,"CO",2022,99,4,257.142857142857,-0.8,126,0
2657,2022-04-10,36.83,142.24,0,-3.22222222222222,-3.11111111111111,-7.11111111111111,3.6,NA,14.3,7.7,NA,485,"CO",2022,100,4,258.928571428571,-0.8,126,0
2658,2022-04-11,37.084,144.78,0.254,-9.72222222222222,3.5,-3,4.6,NA,14.1,6.9,NA,485,"CO",2022,101,4,256.140350877193,1,126,0
2659,2022-04-12,37.338,139.7,0.762,-2.72222222222222,-2.5,-9.5,4.2,NA,14.1,7.2,NA,485,"CO",2022,102,4,267.272727272727,-0.399999999999999,126,0
2660,2022-04-13,38.1,149.86,0.254,-16,-11.6111111111111,-14.8888888888889,4.2,NA,14.5,7.4,NA,485,"CO",2022,103,4,254.237288135593,0,126,0
2661,2022-04-14,38.608,152.4,0.254,-14.7222222222222,-1.5,-8.72222222222222,4.6,NA,14.6,7.4,NA,485,"CO",2022,104,4,253.333333333333,0.399999999999999,126,0
2662,2022-04-15,38.608,147.32,0.508,-7.77777777777778,3.72222222222222,-3.61111111111111,5.1,NA,14.4,6.8,NA,485,"CO",2022,105,4,262.068965517241,0.5,126,0
2663,2022-04-16,39.116,149.86,0.508,-6.72222222222222,6.88888888888889,-0.611111111111112,4.5,NA,14.7,7.4,NA,485,"CO",2022,106,4,261.016949152542,-0.6,126,0
2664,2022-04-17,39.624,152.4,0.254,-4.88888888888889,0.999999999999998,-2.77777777777778,3.3,NA,14.6,8,NA,485,"CO",2022,107,4,260,-1.2,126,0
2665,2022-04-18,39.878,154.94,0.254,-5.5,10.2222222222222,2.11111111111111,4.4,NA,14.3,8,NA,485,"CO",2022,108,4,257.377049180328,1.1,126,0
2666,2022-04-19,40.132,147.32,0,0.611111111111112,10.1111111111111,4.22222222222222,3.4,NA,14.5,7.1,NA,485,"CO",2022,109,4,272.413793103448,-1,126,0
2667,2022-04-20,39.878,144.78,0,-2.11111111111111,7.72222222222222,1.27777777777778,4.6,NA,14.2,7.2,NA,485,"CO",2022,110,4,275.438596491228,1.2,126,0
2668,2022-04-21,39.878,144.78,0,-1.77777777777778,12.6111111111111,4.77777777777778,4.7,NA,14.7,7.6,NA,485,"CO",2022,111,4,275.438596491228,0.100000000000001,126,0
2669,2022-04-22,39.878,139.7,0.508,3,11.7222222222222,1.61111111111111,4.3,NA,14.9,7.5,NA,485,"CO",2022,112,4,285.454545454545,-0.4,126,0
2670,2022-04-23,39.624,149.86,1.524,-6.72222222222222,-1.77777777777778,-6.5,4.5,NA,14.8,7.9,NA,485,"CO",2022,113,4,264.406779661017,0.2,126,0
2671,2022-04-24,41.402,157.48,0.762,-8.38888888888889,-1.5,-6.61111111111111,5.9,NA,14.5,7.3,NA,485,"CO",2022,114,4,262.903225806452,1.4,126,0
2672,2022-04-25,42.418,162.56,0.254,-7.61111111111111,0.999999999999998,-5.5,5.3,NA,15.2,7.8,NA,485,"CO",2022,115,4,260.9375,-0.600000000000001,126,0
2673,2022-04-26,42.926,162.56,0.254,-9.38888888888889,8.5,0.111111111111113,6.6,NA,14.5,7.4,NA,485,"CO",2022,116,4,264.0625,1.3,126,0
2674,2022-04-27,42.926,154.94,0,0.222222222222221,10.7222222222222,2,5.5,NA,15,7.9,NA,485,"CO",2022,117,4,277.049180327869,-1.1,126,0
2675,2022-04-28,42.926,152.4,0,-2.27777777777778,9.11111111111111,3.22222222222222,6.5,NA,15.2,7.9,NA,485,"CO",2022,118,4,281.666666666667,1,126,1
2676,2022-04-29,42.926,147.32,0,-1.22222222222222,2,-3.61111111111111,8.5,NA,15.2,7.1,NA,485,"CO",2022,119,4,291.379310344828,2,126,0
2677,2022-04-30,42.926,149.86,0.254,-8.61111111111111,7.22222222222222,-1.5,9.9,NA,15.2,6.9,NA,485,"CO",2022,120,4,286.440677966102,1.4,126,0
2678,2022-05-01,42.926,144.78,0,-1.27777777777778,8.11111111111111,1.72222222222222,11.3,NA,15.4,7.3,NA,485,"CO",2022,121,5,296.491228070175,1.4,126,0
2679,2022-05-02,42.926,144.78,0.508,-1.38888888888889,5.61111111111111,-1.5,11.7,NA,15.2,7.2,NA,485,"CO",2022,122,5,296.491228070175,0.399999999999999,126,0
2680,2022-05-03,43.942,147.32,0.508,-4.11111111111111,9.72222222222222,1.38888888888889,12.3,NA,15.2,7.2,NA,485,"CO",2022,123,5,298.275862068966,0.600000000000001,126,0
2681,2022-05-04,43.942,147.32,0.254,-3.38888888888889,0.277777777777778,-4.22222222222222,13.3,NA,15.5,7.8,NA,485,"CO",2022,124,5,298.275862068966,1,126,0
2682,2022-05-05,44.196,144.78,0.254,-5.88888888888889,6.61111111111111,-0.88888888888889,13.2,NA,15.4,8,NA,485,"CO",2022,125,5,305.263157894737,-0.100000000000001,126,0
2683,2022-05-06,44.704,147.32,0,-1,13.2222222222222,5.5,14.7,NA,15.6,7.3,NA,485,"CO",2022,126,5,303.448275862069,1.5,126,0
2684,2022-05-07,44.196,142.24,0,1.61111111111111,13.1111111111111,6.77777777777778,15,NA,15.3,7.4,NA,485,"CO",2022,127,5,310.714285714286,0.300000000000001,126,0
2685,2022-05-08,42.926,137.16,0,0.722222222222221,11.5,5.72222222222222,16.3,NA,20.4,7.5,NA,485,"CO",2022,128,5,312.962962962963,1.3,126,0
2686,2022-05-09,42.672,137.16,0,2.72222222222222,9.38888888888889,3.88888888888889,17.3,NA,22.4,8.3,NA,485,"CO",2022,129,5,311.111111111111,1,126,0
2687,2022-05-10,41.91,132.08,0,2.38888888888889,13.6111111111111,6.77777777777778,18.1,NA,25.1,9.3,NA,485,"CO",2022,130,5,317.307692307692,0.800000000000001,126,0
2688,2022-05-11,40.894,127,0,3.77777777777778,14.2777777777778,8,20.1,NA,27.5,17.7,NA,485,"CO",2022,131,5,322,2,126,0
2689,2022-05-12,39.37,121.92,0,5.22222222222222,5.22222222222222,1.22222222222222,19.7,NA,31.7,36,NA,485,"CO",2022,132,5,322.916666666667,-0.400000000000002,126,0
2690,2022-05-13,39.37,121.92,0,-4.72222222222222,8.22222222222222,1.11111111111111,20.1,NA,37.1,36.2,NA,485,"CO",2022,133,5,322.916666666667,0.400000000000002,126,0
2691,2022-05-14,39.116,119.38,0,-1.11111111111111,12.7222222222222,5,20.4,NA,37.9,36.3,NA,485,"CO",2022,134,5,327.659574468085,0.299999999999997,126,0
2692,2022-05-15,37.338,111.76,0,0.222222222222221,14.3888888888889,6.22222222222222,22.2,NA,38.6,36.1,NA,485,"CO",2022,135,5,334.090909090909,1.8,126,0
2693,2022-05-16,35.56,104.14,0,3,14.6111111111111,7.72222222222222,38.5,NA,38.8,36.2,NA,485,"CO",2022,136,5,341.463414634146,16.3,126,0
2694,2022-05-17,34.544,101.6,0,2.77777777777778,14.7222222222222,7.11111111111111,38.6,NA,38.9,35.8,NA,485,"CO",2022,137,5,340,0.100000000000001,126,0
2695,2022-05-18,33.528,99.06,0,0.111111111111113,13.2222222222222,6.22222222222222,40.7,NA,39,36,NA,485,"CO",2022,138,5,338.461538461538,2.1,126,0
2696,2022-05-19,31.75,91.44,0,4.22222222222222,13.2777777777778,7.77777777777778,40.8,NA,39.1,36.3,NA,485,"CO",2022,139,5,347.222222222222,0.0999999999999943,126,0
2697,2022-05-20,30.226,88.9,2.286,6.61111111111111,6.77777777777778,-3.88888888888889,40.9,NA,39.1,36.3,NA,485,"CO",2022,140,5,340,0.100000000000001,126,0
2698,2022-05-21,33.528,129.54,0.508,-8.77777777777778,1.11111111111111,-5,40.9,NA,39.1,36.6,NA,485,"CO",2022,141,5,258.823529411765,0,126,0
2699,2022-05-22,33.782,111.76,0.254,-6.88888888888889,4.22222222222222,-1.77777777777778,40.4,NA,39.2,36.9,NA,485,"CO",2022,142,5,302.272727272727,-0.5,126,0
2700,2022-05-23,34.036,101.6,0.508,-3.88888888888889,5.22222222222222,-0.611111111111112,38.9,NA,39.2,36.9,NA,485,"CO",2022,143,5,335,-1.5,126,0
2701,2022-05-24,34.036,109.22,0.762,-3.5,2.38888888888889,-2.72222222222222,37.8,NA,39.1,37.1,NA,485,"CO",2022,144,5,311.627906976744,-1.1,126,0
2702,2022-05-25,35.052,106.68,0,-6,7.5,0.111111111111113,36.4,NA,39.1,37.1,NA,485,"CO",2022,145,5,328.571428571429,-1.4,126,0
2703,2022-05-26,34.798,104.14,0,-1.77777777777778,14.7222222222222,6,36.9,NA,39.1,37.3,NA,485,"CO",2022,146,5,334.146341463415,0.5,126,0
2704,2022-05-27,33.528,96.52,0,3.22222222222222,17.8888888888889,9,41,NA,39.2,37.4,NA,485,"CO",2022,147,5,347.368421052632,4.1,126,0
2705,2022-05-28,32.258,91.44,0,4.11111111111111,13.7222222222222,7,41,NA,39.2,37.6,NA,485,"CO",2022,148,5,352.777777777778,0,126,0
2706,2022-05-29,31.242,86.36,0.762,1.5,9.72222222222222,1.77777777777778,41.1,NA,39.2,37.7,NA,485,"CO",2022,149,5,361.764705882353,0.100000000000001,126,0
2707,2022-05-30,30.988,88.9,0,-4.72222222222222,2.61111111111111,-3.22222222222222,41.1,NA,39.2,37.8,NA,485,"CO",2022,150,5,348.571428571429,0,126,0
2708,2022-05-31,32.004,91.44,0.254,-6.22222222222222,8.5,0.499999999999999,41,NA,39.3,37.9,NA,485,"CO",2022,151,5,350,-0.100000000000001,126,0
2709,2022-06-01,31.496,88.9,0,-1.11111111111111,12.1111111111111,3.88888888888889,40.7,NA,39.2,37.9,NA,485,"CO",2022,152,6,354.285714285714,-0.299999999999997,126,0
2710,2022-06-02,30.48,83.82,0,-1.22222222222222,13.2222222222222,5.88888888888889,41.1,NA,39.3,38,NA,485,"CO",2022,153,6,363.636363636364,0.399999999999999,126,0
2711,2022-06-03,28.448,76.2,0,0.722222222222221,14.2222222222222,6.77777777777778,41.2,NA,39.2,38.1,NA,485,"CO",2022,154,6,373.333333333333,0.100000000000001,126,0
2712,2022-06-04,26.416,73.66,0,3.72222222222222,14.3888888888889,8.11111111111111,41.2,NA,39.2,38.1,NA,485,"CO",2022,155,6,358.620689655172,0,126,0
2713,2022-06-05,24.638,58.42,0,4.11111111111111,13.7222222222222,7.22222222222222,41.2,NA,39.3,38.1,NA,485,"CO",2022,156,6,421.739130434783,0,126,0
2714,2022-06-06,22.098,50.8,0.254,2.72222222222222,13,5.38888888888889,41.3,NA,39.3,38.1,NA,485,"CO",2022,157,6,435,0.0999999999999943,126,0
2715,2022-06-07,20.828,50.8,0,2.38888888888889,15.2777777777778,7.61111111111111,41.3,NA,39.3,38.2,NA,485,"CO",2022,158,6,410,0,126,0
2716,2022-06-08,18.542,40.64,0,2.88888888888889,16.7777777777778,9.11111111111111,41.3,NA,39.3,38.2,NA,485,"CO",2022,159,6,456.25,0,126,0
2717,2022-06-09,15.494,27.94,0,5.77777777777778,17.3888888888889,10.7222222222222,41.4,NA,39.3,38.2,NA,485,"CO",2022,160,6,554.545454545455,0.100000000000001,126,0
2718,2022-06-10,12.192,22.86,0,5.72222222222222,19.7222222222222,12,41.4,NA,39.4,38.2,NA,485,"CO",2022,161,6,533.333333333333,0,126,0
2719,2022-06-11,8.382,12.7,0,7.38888888888889,21.1111111111111,13.7777777777778,41.4,NA,39.4,38.2,NA,485,"CO",2022,162,6,660,0,126,0
2720,2022-06-12,5.08,5.08,0,9.11111111111111,19.5,12.7777777777778,41.5,NA,39.4,38.2,NA,485,"CO",2022,163,6,1000,0.100000000000001,126,0
2721,2022-06-13,3.302,2.54,0,6.38888888888889,19.7222222222222,12.7222222222222,41.5,NA,39.4,38.2,NA,485,"CO",2022,164,6,1300,0,126,0
2722,2022-06-14,1.778,2.54,0,6.61111111111111,13.8888888888889,7.5,41.4,NA,39.4,38.1,NA,485,"CO",2022,165,6,700,-0.100000000000001,126,0
2723,2022-06-15,0.762,2.54,0,1.61111111111111,NA,NA,41.2,NA,39.4,38.2,NA,485,"CO",2022,166,6,300,-0.199999999999996,126,0
2724,2022-06-16,0.508,0,0,NA,NA,NA,41.2,NA,NA,NA,NA,485,"CO",2022,167,6,Inf,0,126,0
2725,2022-06-17,0.254,0,0,NA,NA,NA,41.2,NA,NA,NA,NA,485,"CO",2022,168,6,Inf,0,126,0
2726,2022-06-18,0,0,0.508,NA,NA,NA,41.2,NA,NA,NA,NA,485,"CO",2022,169,6,NA,0,126,0
2727,2022-06-19,0,0,0,NA,NA,NA,41.2,NA,NA,NA,NA,485,"CO",2022,170,6,NA,0,126,0
2728,2022-06-20,0,0,0,NA,NA,NA,41.2,NA,NA,NA,NA,485,"CO",2022,171,6,NA,0,126,0
2729,2022-06-21,0,0,0.508,NA,16.2777777777778,10.5,41.2,NA,NA,NA,NA,485,"CO",2022,172,6,NA,0,126,0
2730,2022-06-22,0,0,0.254,3.88888888888889,14.2222222222222,8.61111111111111,36.7,NA,39.4,38.2,NA,485,"CO",2022,173,6,NA,-4.5,126,0
2731,2022-06-23,0,0,0.254,2.27777777777778,16.1111111111111,6.72222222222222,36,NA,39.4,38.2,NA,485,"CO",2022,174,6,NA,-0.700000000000003,126,0
2732,2022-06-24,0,0,0.254,2.27777777777778,13.6111111111111,6.38888888888889,36.6,NA,39.4,38.3,NA,485,"CO",2022,175,6,NA,0.600000000000001,126,0
2733,2022-06-25,0,0,0.508,2.22222222222222,14.7777777777778,7.11111111111111,36.2,NA,39.4,38.2,NA,485,"CO",2022,176,6,NA,-0.399999999999999,126,0
2734,2022-06-26,0,0,0.762,3.77777777777778,11.2222222222222,4.5,36.4,NA,39.4,38.2,NA,485,"CO",2022,177,6,NA,0.199999999999996,126,0
2735,2022-06-27,0,0,0.254,1.61111111111111,16.2222222222222,6.88888888888889,40.4,NA,39.4,38.2,NA,485,"CO",2022,178,6,NA,4,126,0
2736,2022-06-28,0,0,0.254,3.61111111111111,17.7777777777778,9.38888888888889,37.8,NA,39.4,38.2,NA,485,"CO",2022,179,6,NA,-2.6,126,0
2737,2022-06-29,0,0,0,6.22222222222222,17.6111111111111,10.6111111111111,36.3,NA,39.5,38.2,NA,485,"CO",2022,180,6,NA,-1.5,126,0
2738,2022-06-30,0,0,1.27,6,11.5,6.72222222222222,35.4,NA,39.2,38.2,NA,485,"CO",2022,181,6,NA,-0.899999999999999,126,0
2739,2022-07-01,0,0,0.254,3.77777777777778,15.5,8.11111111111111,38.3,NA,39.4,38.3,NA,485,"CO",2022,182,7,NA,2.9,126,0
2740,2022-07-02,0,0,0.508,3.38888888888889,17,8.22222222222222,36.4,NA,39.5,38.2,NA,485,"CO",2022,183,7,NA,-1.9,126,0
2741,2022-07-03,0,0,1.27,5.38888888888889,15.7777777777778,8.61111111111111,37.1,NA,39.4,38.2,NA,485,"CO",2022,184,7,NA,0.700000000000003,126,0
2742,2022-07-04,0,0,0,5.11111111111111,17.5,9.61111111111111,37.1,NA,39.5,38.2,NA,485,"CO",2022,185,7,NA,0,126,0
2743,2022-07-05,0,0,2.032,7,15.6111111111111,8,36,NA,39.4,38.2,NA,485,"CO",2022,186,7,NA,-1.1,126,0
2744,2022-07-06,0,0,1.778,4.72222222222222,15.3888888888889,7.22222222222222,41.2,NA,39.5,38.3,NA,485,"CO",2022,187,7,NA,5.2,126,0
2745,2022-07-07,0,0,0,4.11111111111111,16.2222222222222,9.11111111111111,41.4,NA,39.5,38.3,NA,485,"CO",2022,188,7,NA,0.199999999999996,126,0
2746,2022-07-08,0,0,0,5.77777777777778,19.8888888888889,12.1111111111111,40.1,NA,39.5,38.2,NA,485,"CO",2022,189,7,NA,-1.3,126,0
2747,2022-07-09,0,0,0,8.77777777777778,21.1111111111111,13.8888888888889,38.2,NA,39.5,38.2,NA,485,"CO",2022,190,7,NA,-1.9,126,0
2748,2022-07-10,0,0,0.762,10,20,11,37,NA,39.5,38.2,NA,485,"CO",2022,191,7,NA,-1.2,126,0
2749,2022-07-11,0,0,0,5.38888888888889,20.1111111111111,10.8888888888889,38.5,NA,39.5,38.3,NA,485,"CO",2022,192,7,NA,1.5,126,0
2750,2022-07-12,0,0,0,6.11111111111111,19.6111111111111,11.6111111111111,36.4,NA,39.5,38.2,NA,485,"CO",2022,193,7,NA,-2.1,126,0
2751,2022-07-13,0,0,0,8.88888888888889,18.5,11.2222222222222,35.5,NA,39.2,38.3,NA,485,"CO",2022,194,7,NA,-0.899999999999999,126,0
2752,2022-07-14,0,0,0,8.77777777777778,19.7222222222222,11.7222222222222,34.8,NA,38.6,38.3,NA,485,"CO",2022,195,7,NA,-0.700000000000003,126,0
2753,2022-07-15,0,0,0.254,7.61111111111111,18.7777777777778,11.1111111111111,34.1,NA,38.2,38.2,NA,485,"CO",2022,196,7,NA,-0.699999999999996,126,0
2754,2022-07-16,0,0,0,7.38888888888889,17.7777777777778,11.7222222222222,34.1,NA,38.1,38.3,NA,485,"CO",2022,197,7,NA,0,126,0
2755,2022-07-17,0,0,0,7.5,21.7222222222222,13.8888888888889,33.5,NA,37.9,38.2,NA,485,"CO",2022,198,7,NA,-0.600000000000001,126,0
2756,2022-07-18,0,0,0,10.5,19.7222222222222,13.3888888888889,33,NA,36.9,38.2,NA,485,"CO",2022,199,7,NA,-0.5,126,0
2757,2022-07-19,0,0,0,9.11111111111111,20,12.2222222222222,32.1,NA,36.3,38.2,NA,485,"CO",2022,200,7,NA,-0.899999999999999,126,0
2758,2022-07-20,0,0,0,7,19.5,10.7222222222222,31.8,NA,36,38.2,NA,485,"CO",2022,201,7,NA,-0.300000000000001,126,0
2759,2022-07-21,0,0,0,6.22222222222222,20.2222222222222,12.3888888888889,31.3,NA,36,38.2,NA,485,"CO",2022,202,7,NA,-0.5,126,0
2760,2022-07-22,0,0,0,8.11111111111111,20.7777777777778,13.2222222222222,30.6,NA,35.6,38.2,NA,485,"CO",2022,203,7,NA,-0.699999999999999,126,0
2761,2022-07-23,0,0,0,11.2222222222222,20.3888888888889,13.1111111111111,29.5,NA,35.1,31.7,NA,485,"CO",2022,204,7,NA,-1.1,126,0
2762,2022-07-24,0,0,1.27,8,17.7222222222222,9.72222222222222,29.3,NA,35,30.2,NA,485,"CO",2022,205,7,NA,-0.199999999999999,126,0
2763,2022-07-25,0,0,0,6.22222222222222,17.7222222222222,10.6111111111111,31.7,NA,36,32,NA,485,"CO",2022,206,7,NA,2.4,126,0
2764,2022-07-26,0,0,0,7.11111111111111,18.2222222222222,11.7777777777778,31.1,NA,35.4,32.3,NA,485,"CO",2022,207,7,NA,-0.599999999999998,126,0
2765,2022-07-27,0,0,0,7.72222222222222,19.5,12.2777777777778,29.4,NA,34.9,32.6,NA,485,"CO",2022,208,7,NA,-1.7,126,0
2766,2022-07-28,0,0,0,8.38888888888889,12.7777777777778,9.11111111111111,28.1,NA,34.7,28.3,NA,485,"CO",2022,209,7,NA,-1.3,126,0
2767,2022-07-29,0,0,0.508,4.77777777777778,15.8888888888889,8,27.5,NA,34.4,27.6,NA,485,"CO",2022,210,7,NA,-0.600000000000001,126,0
2768,2022-07-30,0,0,0,4.77777777777778,17.7777777777778,8.88888888888889,28.9,NA,34.2,27.1,NA,485,"CO",2022,211,7,NA,1.4,126,0
2769,2022-07-31,0,0,0.508,7.61111111111111,17.2777777777778,9.38888888888889,28.4,NA,34.1,26.6,NA,485,"CO",2022,212,7,NA,-0.5,126,0
2770,2022-08-01,0,0,2.286,6.88888888888889,18.7222222222222,10,27.3,NA,33.5,26.5,NA,485,"CO",2022,213,8,NA,-1.1,126,0
2771,2022-08-02,0,0,0,5.5,16.1111111111111,10.1111111111111,32.4,NA,36.6,30.6,NA,485,"CO",2022,214,8,NA,5.1,126,0
2923,2023-01-01,15.494,78.74,0,-5,-2.72222222222222,-4.88888888888889,6.4,NA,16.7,14,NA,485,"CO",2023,1,1,196.774193548387,0,133,0
2924,2023-01-02,16.002,81.28,0,-5.61111111111111,-5.38888888888889,-9.77777777777778,6.5,NA,16.2,13.5,NA,485,"CO",2023,2,1,196.875,0.0999999999999996,133,0
2925,2023-01-03,16.002,81.28,0.508,-13.8888888888889,-9.88888888888889,-12.7222222222222,6.1,NA,16.7,13.3,NA,485,"CO",2023,3,1,196.875,-0.4,133,0
2926,2023-01-04,17.018,86.36,1.016,-15,-11.8888888888889,-16.3888888888889,7.2,NA,16.9,13.4,NA,485,"CO",2023,4,1,197.058823529412,1.1,133,0
2927,2023-01-05,17.272,88.9,0.508,-19.5,-3.77777777777778,-11,7,NA,16.6,13.9,NA,485,"CO",2023,5,1,194.285714285714,-0.2,133,0
2928,2023-01-06,17.272,88.9,0,-10.7222222222222,-6.38888888888889,-10,6,NA,17.2,13.2,NA,485,"CO",2023,6,1,194.285714285714,-1,133,0
2929,2023-01-07,17.78,88.9,0,-10.8888888888889,-7,-11.7777777777778,8,NA,16.8,13.6,NA,485,"CO",2023,7,1,200,2,133,0
2930,2023-01-08,17.78,88.9,0,-14.3888888888889,-3.22222222222222,-9.5,6.4,NA,17.2,13.8,NA,485,"CO",2023,8,1,200,-1.6,133,0
2931,2023-01-09,17.78,86.36,0,-10.8888888888889,-3.22222222222222,-7.22222222222222,7.1,NA,17.2,14,NA,485,"CO",2023,9,1,205.882352941176,0.699999999999999,133,0
2932,2023-01-10,18.034,83.82,0.508,-6.61111111111111,-2,-5.38888888888889,7.1,NA,16.9,13.2,NA,485,"CO",2023,10,1,215.151515151515,0,133,0
2933,2023-01-11,18.288,78.74,0.508,-7.61111111111111,-7.61111111111111,-10.1111111111111,7.7,NA,16.7,13.9,NA,485,"CO",2023,11,1,232.258064516129,0.600000000000001,133,0
2934,2023-01-12,18.796,86.36,0,-12.2222222222222,-5.27777777777778,-11.8888888888889,7,NA,17.3,13.2,NA,485,"CO",2023,12,1,217.647058823529,-0.7,133,0
2935,2023-01-13,18.796,83.82,0,-9.27777777777778,0.999999999999998,-5.27777777777778,6.5,NA,17.5,13.2,NA,485,"CO",2023,13,1,224.242424242424,-0.5,133,0
2936,2023-01-14,18.796,83.82,0,-5.77777777777778,0.999999999999998,-4.5,7.9,NA,17.2,13.3,NA,485,"CO",2023,14,1,224.242424242424,1.4,133,0
2937,2023-01-15,18.796,83.82,0.254,-8.88888888888889,-3.72222222222222,-8.38888888888889,6.5,NA,17.2,12.9,NA,485,"CO",2023,15,1,224.242424242424,-1.4,133,0
2938,2023-01-16,19.304,91.44,0.508,-11.2777777777778,-6.22222222222222,-10.5,7.5,NA,17.6,13.1,NA,485,"CO",2023,16,1,211.111111111111,1,133,0
2939,2023-01-17,19.558,96.52,0,-11.2222222222222,-4.72222222222222,-9.77777777777778,7.5,NA,17.4,13.1,NA,485,"CO",2023,17,1,202.631578947368,0,133,0
2940,2023-01-18,20.32,101.6,1.524,-12.1111111111111,-11.8888888888889,-14,6.8,NA,17.6,13.5,NA,485,"CO",2023,18,1,200,-0.7,133,0
2941,2023-01-19,21.082,101.6,0,-16.7777777777778,-8.27777777777778,-15.2222222222222,7.7,NA,17.7,13.8,NA,485,"CO",2023,19,1,207.5,0.9,133,0
2942,2023-01-20,21.082,99.06,0,-14.3888888888889,-9.38888888888889,-14.3888888888889,8.4,NA,17.7,13.1,NA,485,"CO",2023,20,1,212.820512820513,0.7,133,0
2943,2023-01-21,21.082,93.98,0,-18.1111111111111,-12.7222222222222,-16,7.4,NA,17.9,13.8,NA,485,"CO",2023,21,1,224.324324324324,-1,133,0
2944,2023-01-22,21.336,96.52,0,-15.2777777777778,-6.11111111111111,-12.2222222222222,7.8,NA,17.3,13.7,NA,485,"CO",2023,22,1,221.052631578947,0.399999999999999,133,0
2945,2023-01-23,21.336,96.52,0,-12.8888888888889,-7.77777777777778,-13,7.1,NA,17.7,13.4,NA,485,"CO",2023,23,1,221.052631578947,-0.7,133,0
2946,2023-01-24,21.336,93.98,0,-16.2222222222222,-11.7222222222222,-15.5,7.8,NA,17.2,13.5,NA,485,"CO",2023,24,1,227.027027027027,0.7,133,0
2947,2023-01-25,21.336,91.44,0,-20,-15.2222222222222,-18.7222222222222,7.9,NA,17.3,13.6,NA,485,"CO",2023,25,1,233.333333333333,0.100000000000001,133,0
2948,2023-01-26,21.59,96.52,0.254,-21.6111111111111,-13.7222222222222,-17.2777777777778,7.4,NA,17,13,NA,485,"CO",2023,26,1,223.684210526316,-0.5,133,0
2949,2023-01-27,21.844,93.98,0.254,-15.5,-5.27777777777778,-11.3888888888889,7.2,NA,17.2,13.5,NA,485,"CO",2023,27,1,232.432432432432,-0.2,133,0
2950,2023-01-28,22.606,99.06,1.016,-12,-9,-12.6111111111111,6.2,NA,17.3,12.9,NA,485,"CO",2023,28,1,228.205128205128,-1,133,0
2951,2023-01-29,22.86,106.68,0.508,-16.7777777777778,-7.22222222222222,-12.1111111111111,7.6,NA,16.7,13,NA,485,"CO",2023,29,1,214.285714285714,1.4,133,0
2952,2023-01-30,23.114,101.6,0,-11.7777777777778,-8.72222222222222,-12.5,7.6,NA,16.6,12.7,NA,485,"CO",2023,30,1,227.5,0,133,0
2953,2023-01-31,23.622,109.22,0,-17.3888888888889,-12.2777777777778,-18.2777777777778,7.7,NA,16.9,13.2,NA,485,"CO",2023,31,1,216.279069767442,0.100000000000001,133,0
2954,2023-02-01,23.622,101.6,0.254,-19.2777777777778,-6.61111111111111,-14.3888888888889,7.9,NA,16.6,12.5,NA,485,"CO",2023,32,2,232.5,0.2,133,0
2955,2023-02-02,23.622,101.6,0,-12.8888888888889,-4.27777777777778,-12.1111111111111,8.6,NA,16.6,12.9,NA,485,"CO",2023,33,2,232.5,0.699999999999999,133,0
2956,2023-02-03,23.622,101.6,0.254,-15.2777777777778,-0.777777777777777,-9.5,7.5,NA,17,12.9,NA,485,"CO",2023,34,2,232.5,-1.1,133,0
2957,2023-02-04,23.622,99.06,0,-10.7777777777778,-3.72222222222222,-8.88888888888889,7.4,NA,16.9,12.8,NA,485,"CO",2023,35,2,238.461538461539,-0.0999999999999996,133,0
2958,2023-02-05,23.622,99.06,0,-9.61111111111111,1.61111111111111,-5.88888888888889,7.2,NA,16.7,12.3,NA,485,"CO",2023,36,2,238.461538461539,-0.2,133,0
2959,2023-02-06,23.622,99.06,0,-8.22222222222222,-8.22222222222222,-14,7.5,NA,16.3,11.9,NA,485,"CO",2023,37,2,238.461538461539,0.3,133,0
2960,2023-02-07,24.13,101.6,0.254,-19.3888888888889,-6.22222222222222,-14.8888888888889,7.5,NA,16.6,12.7,NA,485,"CO",2023,38,2,237.5,0,133,0
2961,2023-02-08,24.13,104.14,0,-17,-7.22222222222222,-12.6111111111111,7.8,NA,16.6,12.2,NA,485,"CO",2023,39,2,231.707317073171,0.3,133,0
2962,2023-02-09,24.638,109.22,0,-20.7222222222222,-13.2222222222222,-18.5,7.1,NA,16.7,12,NA,485,"CO",2023,40,2,225.581395348837,-0.7,133,0
2963,2023-02-10,24.638,106.68,1.016,-22.2777777777778,-2.5,-12.2777777777778,6.8,NA,16.7,11.9,NA,485,"CO",2023,41,2,230.952380952381,-0.3,133,0
2964,2023-02-11,24.892,106.68,0,-10.2777777777778,3.5,-4.77777777777778,7.7,NA,16.7,12,NA,485,"CO",2023,42,2,233.333333333333,0.9,133,0
2965,2023-02-12,24.892,104.14,0,-9.61111111111111,-2.27777777777778,-8.38888888888889,8,NA,16.1,11.6,NA,485,"CO",2023,43,2,239.024390243902,0.3,133,0
2966,2023-02-13,24.892,101.6,0,-12,0.388888888888891,-7.61111111111111,7.6,NA,16,11.9,NA,485,"CO",2023,44,2,245,-0.4,133,0
2967,2023-02-14,24.892,101.6,0,-12.2222222222222,-7.61111111111111,-11.3888888888889,7.6,NA,16.6,11.6,NA,485,"CO",2023,45,2,245,0,133,0
2968,2023-02-15,25.4,106.68,0,-14.8888888888889,-14.5,-17.2777777777778,7.8,NA,15.8,11.7,NA,485,"CO",2023,46,2,238.095238095238,0.2,133,0
2969,2023-02-16,25.4,104.14,0,-20.7777777777778,-14.2222222222222,-20,8.7,NA,16,11.5,NA,485,"CO",2023,47,2,243.90243902439,0.899999999999999,133,0
2970,2023-02-17,25.4,106.68,0.254,-19.3888888888889,-2,-10.7222222222222,7.7,NA,16.1,11.4,NA,485,"CO",2023,48,2,238.095238095238,-0.999999999999999,133,0
2971,2023-02-18,25.4,104.14,0,-11.6111111111111,-3.38888888888889,-10.1111111111111,7.1,NA,16.6,11.8,NA,485,"CO",2023,49,2,243.90243902439,-0.600000000000001,133,0
2972,2023-02-19,25.4,104.14,0.254,-11.1111111111111,-7.22222222222222,-9.77777777777778,7.6,NA,16,11.5,NA,485,"CO",2023,50,2,243.90243902439,0.5,133,0
2973,2023-02-20,25.654,104.14,0,-9.27777777777778,-4.27777777777778,-7.61111111111111,7.2,NA,16.4,11.2,NA,485,"CO",2023,51,2,246.341463414634,-0.399999999999999,133,0
2974,2023-02-21,25.654,101.6,0,-9.5,0.999999999999998,-5,7.2,NA,16.3,11.8,NA,485,"CO",2023,52,2,252.5,0,133,0
2975,2023-02-22,25.654,104.14,0,-6.61111111111111,-4.38888888888889,-10.7222222222222,8.4,NA,15.7,11,NA,485,"CO",2023,53,2,246.341463414634,1.2,133,0
2976,2023-02-23,26.416,111.76,0,-18.7222222222222,-11.8888888888889,-15.8888888888889,7.9,NA,16.2,10.9,NA,485,"CO",2023,54,2,236.363636363636,-0.5,133,0
2977,2023-02-24,26.416,109.22,0.508,-16,-9.38888888888889,-12.5,7.3,NA,16.3,11.6,NA,485,"CO",2023,55,2,241.860465116279,-0.600000000000001,133,0
2978,2023-02-25,26.67,109.22,0.762,-10.5,1.27777777777778,-6,8.7,NA,15.7,10.8,NA,485,"CO",2023,56,2,244.186046511628,1.4,133,0
2979,2023-02-26,26.67,109.22,0,-8.72222222222222,-1.5,-7.22222222222222,7.9,NA,16,11.4,NA,485,"CO",2023,57,2,244.186046511628,-0.799999999999999,133,0
2980,2023-02-27,27.178,114.3,0.254,-12,-5.61111111111111,-12.2222222222222,7.9,NA,15.6,11.7,NA,485,"CO",2023,58,2,237.777777777778,0,133,0
2981,2023-02-28,27.178,116.84,0,-12.7777777777778,-9.11111111111111,-13.5,7.1,NA,16.2,11,NA,485,"CO",2023,59,2,232.608695652174,-0.800000000000001,133,0
2982,2023-03-01,27.432,116.84,0.254,-18.5,-6.72222222222222,-11.8888888888889,8.2,NA,15.8,11.2,NA,485,"CO",2023,60,3,234.782608695652,1.1,133,0
2983,2023-03-02,27.432,114.3,0.254,-13.5,-5.5,-12.7777777777778,7.9,NA,15.6,11,NA,485,"CO",2023,61,3,240,-0.299999999999999,133,0
2984,2023-03-03,27.432,114.3,0.508,-16.8888888888889,-3.11111111111111,-11.7777777777778,8.5,NA,15.7,10.6,NA,485,"CO",2023,62,3,240,0.6,133,0
2985,2023-03-04,27.94,116.84,0,-14.2222222222222,-2.61111111111111,-9.61111111111111,8.4,NA,15.6,11.1,NA,485,"CO",2023,63,3,239.130434782609,-0.0999999999999996,133,0
2986,2023-03-05,27.94,116.84,0,-8.27777777777778,-4.61111111111111,-8.77777777777778,7.7,NA,16.2,10.8,NA,485,"CO",2023,64,3,239.130434782609,-0.7,133,0
2987,2023-03-06,27.94,114.3,0,-8.61111111111111,0.999999999999998,-5.22222222222222,8.4,NA,15.5,10.4,NA,485,"CO",2023,65,3,244.444444444444,0.7,133,0
2988,2023-03-07,27.94,114.3,0,-6.77777777777778,0.499999999999999,-5.5,7.2,NA,16.2,10.3,NA,485,"CO",2023,66,3,244.444444444444,-1.2,133,0
2989,2023-03-08,27.94,111.76,0,-11.2222222222222,-1.27777777777778,-6.88888888888889,8.6,NA,15.8,10.5,NA,485,"CO",2023,67,3,250,1.4,133,0
2990,2023-03-09,27.94,109.22,0.254,-9.88888888888889,-2.38888888888889,-9.22222222222222,8.1,NA,15.8,10.3,NA,485,"CO",2023,68,3,255.813953488372,-0.5,133,0
2991,2023-03-10,27.94,111.76,0.254,-11.1111111111111,-0.388888888888889,-4.72222222222222,8.3,NA,15.5,10.3,NA,485,"CO",2023,69,3,250,0.200000000000001,133,0
2992,2023-03-11,29.972,137.16,2.032,-4.11111111111111,-2.38888888888889,-6.5,7.2,NA,15.7,10.1,NA,485,"CO",2023,70,3,218.518518518519,-1.1,133,0
2993,2023-03-12,30.988,142.24,1.016,-9.22222222222222,-1.77777777777778,-7.77777777777778,8.6,NA,16.2,10.8,NA,485,"CO",2023,71,3,217.857142857143,1.4,133,0
2994,2023-03-13,32.004,147.32,0,-9.61111111111111,-1.77777777777778,-8,7.4,NA,16.2,10.1,NA,485,"CO",2023,72,3,217.241379310345,-1.2,133,0
2995,2023-03-14,32.004,144.78,0.254,-9.22222222222222,1.77777777777778,-6,8.7,NA,15.5,10.5,NA,485,"CO",2023,73,3,221.052631578947,1.3,133,0
2996,2023-03-15,32.004,142.24,0.254,-5.38888888888889,3.88888888888889,-2.61111111111111,8.4,NA,16.1,11,NA,485,"CO",2023,74,3,225,-0.299999999999999,133,0
2997,2023-03-16,32.258,134.62,0,-7.11111111111111,-6.61111111111111,-11.1111111111111,7.6,NA,15.7,10.6,NA,485,"CO",2023,75,3,239.622641509434,-0.800000000000001,133,0
2998,2023-03-17,32.258,139.7,0,-15.7222222222222,-7.11111111111111,-15.6111111111111,8.4,NA,16.3,9.9,NA,485,"CO",2023,76,3,230.909090909091,0.800000000000001,133,0
2999,2023-03-18,32.258,137.16,0,-21.2777777777778,-7,-16.1111111111111,7.9,NA,15.8,10.8,NA,485,"CO",2023,77,3,235.185185185185,-0.5,133,0
3000,2023-03-19,32.258,134.62,0,-18.1111111111111,-2.88888888888889,-11.2222222222222,8,NA,16,10.8,NA,485,"CO",2023,78,3,239.622641509434,0.0999999999999996,133,0
3001,2023-03-20,32.258,132.08,0.254,-13.2222222222222,-1.5,-8,8.6,NA,16.4,10.7,NA,485,"CO",2023,79,3,244.230769230769,0.6,133,0
3002,2023-03-21,32.512,134.62,0.508,-8.61111111111111,-4.27777777777778,-8.11111111111111,8.6,NA,16.4,9.9,NA,485,"CO",2023,80,3,241.509433962264,0,133,0
3003,2023-03-22,33.274,139.7,0.508,-6.38888888888889,0.222222222222221,-6.5,8.1,NA,16.1,10.9,NA,485,"CO",2023,81,3,238.181818181818,-0.5,133,0
3004,2023-03-23,34.036,142.24,0.508,-15.2777777777778,-3.77777777777778,-10.6111111111111,8.3,NA,15.9,10.4,NA,485,"CO",2023,82,3,239.285714285714,0.200000000000001,133,0
3005,2023-03-24,34.544,147.32,0.508,-12.8888888888889,-4.88888888888889,-11.5,7.7,NA,15.9,10.8,NA,485,"CO",2023,83,3,234.48275862069,-0.600000000000001,133,0
3006,2023-03-25,35.052,152.4,0.254,-17,-13.6111111111111,-18.2777777777778,8.3,NA,16.4,11,NA,485,"CO",2023,84,3,230,0.600000000000001,133,0
3007,2023-03-26,35.306,149.86,0,-20.7222222222222,-9.38888888888889,-16.6111111111111,8.7,NA,15.8,10.6,NA,485,"CO",2023,85,3,235.593220338983,0.399999999999999,133,0
3008,2023-03-27,35.306,147.32,0.254,-16,-14.5,-18.2777777777778,7.5,NA,16,10.6,NA,485,"CO",2023,86,3,239.655172413793,-1.2,133,0
3009,2023-03-28,35.56,147.32,0.254,-23.2777777777778,0.777777777777777,-9.5,8.6,NA,16.1,10.7,NA,485,"CO",2023,87,3,241.379310344828,1.1,133,0
3010,2023-03-29,35.814,144.78,0,-8.72222222222222,4.5,-3,8.4,NA,16.4,11,NA,485,"CO",2023,88,3,247.368421052632,-0.199999999999999,133,0
3011,2023-03-30,35.814,142.24,0.508,-3.38888888888889,1.38888888888889,-5.61111111111111,9.3,NA,16.5,10.1,NA,485,"CO",2023,89,3,251.785714285714,0.9,133,0
3012,2023-03-31,36.322,147.32,0.762,-12.5,-6.77777777777778,-11.5,8.6,NA,15.8,10.8,NA,485,"CO",2023,90,3,246.551724137931,-0.700000000000001,133,0
3013,2023-04-01,37.084,154.94,0.254,-11,1.5,-5.88888888888889,8.6,NA,16.5,9.8,NA,485,"CO",2023,91,4,239.344262295082,0,133,0
3014,2023-04-02,37.338,149.86,0,-7.61111111111111,3.61111111111111,-3.22222222222222,8.1,NA,15.7,10.1,NA,485,"CO",2023,92,4,249.152542372881,-0.5,133,0
3015,2023-04-03,37.338,147.32,0,-4.72222222222222,3.72222222222222,-2,8,NA,16.4,10.5,NA,485,"CO",2023,93,4,253.448275862069,-0.0999999999999996,133,0
3016,2023-04-04,37.338,144.78,0,-5.27777777777778,-5.27777777777778,-12.2222222222222,9.2,NA,16.4,10.3,NA,485,"CO",2023,94,4,257.894736842105,1.2,133,0
3017,2023-04-05,37.338,147.32,0,-17.3888888888889,-9.11111111111111,-16.3888888888889,9.2,NA,16,10.2,NA,485,"CO",2023,95,4,253.448275862069,0,133,0
3018,2023-04-06,37.338,147.32,0.254,-19.7777777777778,-0.388888888888889,-11.5,9.3,NA,16.2,10.3,NA,485,"CO",2023,96,4,253.448275862069,0.100000000000001,133,0
3019,2023-04-07,37.592,144.78,0,-10.6111111111111,5.11111111111111,-3.72222222222222,9.4,NA,16.1,9.9,NA,485,"CO",2023,97,4,259.649122807018,0.0999999999999996,133,0
3020,2023-04-08,37.592,142.24,0,-5.61111111111111,2.77777777777778,-3.5,8.6,NA,16.2,10.8,NA,485,"CO",2023,98,4,264.285714285714,-0.800000000000001,133,0
3021,2023-04-09,37.592,139.7,0,-7.61111111111111,4.22222222222222,-3.22222222222222,8.8,NA,16.3,9.8,NA,485,"CO",2023,99,4,269.090909090909,0.200000000000001,133,0
3022,2023-04-10,37.592,139.7,0,-6.38888888888889,14,0.777777777777777,8.7,NA,16.4,10.8,NA,485,"CO",2023,100,4,269.090909090909,-0.100000000000001,133,0
3023,2023-04-11,37.592,137.16,0,-1.61111111111111,12.7222222222222,4,8.1,NA,16,10.3,NA,485,"CO",2023,101,4,274.074074074074,-0.6,133,0
3024,2023-04-12,37.338,134.62,0,-0.388888888888889,11.1111111111111,3.88888888888889,8.6,NA,16.6,9.7,NA,485,"CO",2023,102,4,277.358490566038,0.5,133,0
3025,2023-04-13,37.084,132.08,0,-0.388888888888889,8,1.5,9.2,NA,16.7,10,NA,485,"CO",2023,103,4,280.769230769231,0.6,133,0
3026,2023-04-14,37.338,132.08,0,-4.27777777777778,2.88888888888889,-4.61111111111111,10.5,NA,17.1,10.8,NA,485,"CO",2023,104,4,282.692307692308,1.3,133,0
3027,2023-04-15,37.592,134.62,0.254,-10.3888888888889,-4.61111111111111,-11,10.1,NA,16.5,10.7,NA,485,"CO",2023,105,4,279.245283018868,-0.4,133,0
3028,2023-04-16,38.1,137.16,0.254,-14.5,4,-4.72222222222222,9.4,NA,17.2,10.3,NA,485,"CO",2023,106,4,277.777777777778,-0.699999999999999,133,0
3029,2023-04-17,38.1,134.62,0,-6.5,7.88888888888889,-0.611111111111112,10.4,NA,17.5,10.9,NA,485,"CO",2023,107,4,283.018867924528,1,133,0
3030,2023-04-18,38.1,132.08,0,-3.5,6.61111111111111,0.722222222222221,10.2,NA,18,10.2,NA,485,"CO",2023,108,4,288.461538461538,-0.200000000000001,133,0
3031,2023-04-19,38.1,129.54,0,-2.22222222222222,1.38888888888889,-6.22222222222222,11,NA,18.2,10.6,NA,485,"CO",2023,109,4,294.117647058824,0.800000000000001,133,0
3032,2023-04-20,38.354,134.62,0.508,-14.1111111111111,-8,-13.6111111111111,12,NA,18.1,10.2,NA,485,"CO",2023,110,4,284.905660377358,1,133,0
3033,2023-04-21,38.862,134.62,0.254,-16.6111111111111,-6.72222222222222,-11.2222222222222,12.4,NA,18.1,10.2,NA,485,"CO",2023,111,4,288.679245283019,0.4,133,0
3034,2023-04-22,39.624,149.86,0.254,-9.77777777777778,-4.38888888888889,-8.27777777777778,12.2,NA,18.4,10,NA,485,"CO",2023,112,4,264.406779661017,-0.200000000000001,133,0
3035,2023-04-23,40.132,149.86,0.762,-12.1111111111111,2.72222222222222,-6.27777777777778,11.5,NA,19.2,10.4,NA,485,"CO",2023,113,4,267.796610169492,-0.699999999999999,133,0
3036,2023-04-24,40.132,147.32,0.762,-8.11111111111111,3.5,-2.88888888888889,11.4,NA,18.8,10.1,NA,485,"CO",2023,114,4,272.413793103448,-0.0999999999999996,133,0
3037,2023-04-25,40.894,149.86,0.254,-5.5,2.11111111111111,-4.38888888888889,11.6,NA,19.6,10.6,NA,485,"CO",2023,115,4,272.881355932203,0.199999999999999,133,0
3038,2023-04-26,41.656,152.4,0.254,-5.88888888888889,3.77777777777778,-2.77777777777778,12.5,NA,19.3,10.2,NA,485,"CO",2023,116,4,273.333333333333,0.9,133,0
3039,2023-04-27,41.656,149.86,0.762,-6.38888888888889,4.77777777777778,-2.61111111111111,13.1,NA,19.6,10.9,NA,485,"CO",2023,117,4,277.966101694915,0.6,133,0
3040,2023-04-28,42.164,149.86,0,-7,-0.222222222222221,-6,12.1,NA,20.2,11,NA,485,"CO",2023,118,4,281.35593220339,-1,133,0
3041,2023-04-29,42.418,152.4,0,-8.38888888888889,8.22222222222222,-0.277777777777778,12.2,NA,20.2,10.8,NA,485,"CO",2023,119,4,278.333333333333,0.0999999999999996,133,0
3042,2023-04-30,42.672,147.32,0,-2.88888888888889,9.38888888888889,1.5,12.5,NA,20.2,11.1,NA,485,"CO",2023,120,4,289.655172413793,0.300000000000001,133,0
3043,2023-05-01,42.164,142.24,0,-1.5,12.7222222222222,4.38888888888889,13.2,NA,20.4,11.2,NA,485,"CO",2023,121,5,296.428571428571,0.699999999999999,133,0
3044,2023-05-02,41.91,139.7,0,0.388888888888891,10.6111111111111,3.38888888888889,13.1,NA,20.9,10.8,NA,485,"CO",2023,122,5,300,-0.0999999999999996,133,0
3045,2023-05-03,41.148,137.16,0,-1.61111111111111,11.6111111111111,3.5,12.7,NA,21.4,11.3,NA,485,"CO",2023,123,5,300,-0.4,133,0
3046,2023-05-04,40.64,134.62,0,1.5,8.88888888888889,2.61111111111111,13.5,NA,22.4,10.6,NA,485,"CO",2023,124,5,301.88679245283,0.800000000000001,133,1
3047,2023-05-05,40.894,132.08,0,-2.22222222222222,7.72222222222222,0.277777777777778,18.4,NA,23.1,12.1,NA,485,"CO",2023,125,5,309.615384615385,4.9,133,0
3048,2023-05-06,41.656,132.08,0.254,-4.77777777777778,6.77777777777778,-0.388888888888889,20,NA,24.2,14.2,NA,485,"CO",2023,126,5,315.384615384615,1.6,133,0
3049,2023-05-07,41.402,132.08,0,-3,5.72222222222222,-0.222222222222221,22.8,NA,24.7,14.9,NA,485,"CO",2023,127,5,313.461538461538,2.8,133,0
3050,2023-05-08,41.402,127,0,-2.11111111111111,10.6111111111111,2.72222222222222,23.4,NA,26,15.6,NA,485,"CO",2023,128,5,326,0.599999999999998,133,0
3051,2023-05-09,40.894,127,0,-1.77777777777778,11.8888888888889,4.11111111111111,25.1,NA,26.8,18.5,NA,485,"CO",2023,129,5,322,1.7,133,0
3052,2023-05-10,40.64,127,1.016,0.222222222222221,11.6111111111111,3.22222222222222,27,NA,29.7,33.4,NA,485,"CO",2023,130,5,320,1.9,133,0
3053,2023-05-11,41.148,139.7,1.524,-2.22222222222222,1.11111111111111,-1,26.3,NA,29.4,36,NA,485,"CO",2023,131,5,294.545454545455,-0.699999999999999,133,0
3054,2023-05-12,43.18,139.7,0.508,-1.38888888888889,4.72222222222222,0.277777777777778,25.7,NA,29.7,36.1,NA,485,"CO",2023,132,5,309.090909090909,-0.600000000000001,133,0
3055,2023-05-13,43.434,134.62,0.254,-2,10.2222222222222,0.777777777777777,25.6,NA,30,36.2,NA,485,"CO",2023,133,5,322.641509433962,-0.0999999999999979,133,0
3056,2023-05-14,43.434,134.62,0,-0.88888888888889,10.1111111111111,3.22222222222222,26.3,NA,30.5,36.2,NA,485,"CO",2023,134,5,322.641509433962,0.699999999999999,133,0
3057,2023-05-15,43.18,129.54,0,0.388888888888891,10.1111111111111,2.88888888888889,28,NA,31.1,36.4,NA,485,"CO",2023,135,5,333.333333333333,1.7,133,0
3058,2023-05-16,43.434,124.46,0.254,-1,10,2.77777777777778,29,NA,32.1,36.5,NA,485,"CO",2023,136,5,348.979591836735,1,133,0
3059,2023-05-17,43.18,121.92,0,-0.777777777777777,12,4,34.2,NA,32.4,36.7,NA,485,"CO",2023,137,5,354.166666666667,5.2,133,0
3060,2023-05-18,42.418,121.92,0,0.111111111111113,7.61111111111111,2.5,39.7,NA,32.8,37,NA,485,"CO",2023,138,5,347.916666666667,5.5,133,0
3061,2023-05-19,42.164,119.38,1.016,-1.27777777777778,8.77777777777778,1.72222222222222,39.9,NA,33,37.1,NA,485,"CO",2023,139,5,353.191489361702,0.199999999999996,133,0
3062,2023-05-20,41.91,114.3,0,-0.222222222222221,9.77777777777778,2.5,40.1,NA,33.2,37.3,NA,485,"CO",2023,140,5,366.666666666667,0.200000000000003,133,0
3063,2023-05-21,41.148,111.76,0,-1.22222222222222,11.3888888888889,4,40.1,NA,33.4,37.4,NA,485,"CO",2023,141,5,368.181818181818,0,133,0
3064,2023-05-22,39.878,109.22,0,-0.388888888888889,12.8888888888889,3.27777777777778,40.2,NA,33.6,37.5,NA,485,"CO",2023,142,5,365.116279069767,0.100000000000001,133,0
3065,2023-05-23,39.116,106.68,0.254,-1.27777777777778,13.1111111111111,3.88888888888889,40.2,NA,33.8,37.6,NA,485,"CO",2023,143,5,366.666666666667,0,133,0
3066,2023-05-24,37.846,104.14,0.508,-0.277777777777778,9,2.38888888888889,40.2,NA,34,37.7,NA,485,"CO",2023,144,5,363.414634146341,0,133,0
3067,2023-05-25,38.1,104.14,0,0.388888888888891,13.2777777777778,5.61111111111111,40.3,NA,34.3,37.7,NA,485,"CO",2023,145,5,365.853658536585,0.0999999999999943,133,0
3068,2023-05-26,36.576,101.6,0,1.5,12.2777777777778,5.38888888888889,40.3,NA,34.5,37.7,NA,485,"CO",2023,146,5,360,0,133,0
3069,2023-05-27,35.56,96.52,0,2,11.8888888888889,4,40.3,NA,35,37.8,NA,485,"CO",2023,147,5,368.421052631579,0,133,0
3070,2023-05-28,34.798,91.44,0,-1.27777777777778,11.3888888888889,4.11111111111111,40.3,NA,35.6,37.8,NA,485,"CO",2023,148,5,380.555555555556,0,133,0
3071,2023-05-29,33.782,88.9,0,0.388888888888891,14,6.38888888888889,40.4,NA,36.1,37.9,NA,485,"CO",2023,149,5,380,0.100000000000001,133,0
3072,2023-05-30,32.004,86.36,0,2,13.7222222222222,5.72222222222222,40.4,NA,36.4,37.9,NA,485,"CO",2023,150,5,370.588235294118,0,133,0
3073,2023-05-31,30.988,78.74,0.254,1.5,11.8888888888889,4,40.4,NA,36.8,38,NA,485,"CO",2023,151,5,393.548387096774,0,133,0
3074,2023-06-01,30.226,76.2,0.254,-0.222222222222221,8.11111111111111,2.38888888888889,40.4,NA,37.1,38,NA,485,"CO",2023,152,6,396.666666666667,0,133,0
3075,2023-06-02,29.21,73.66,0.762,-1.38888888888889,4.77777777777778,0.388888888888891,40.4,NA,37.5,38,NA,485,"CO",2023,153,6,396.551724137931,0,133,0
3076,2023-06-03,29.464,73.66,0.508,-0.222222222222221,6.61111111111111,1.77777777777778,40.5,NA,37.7,38.1,NA,485,"CO",2023,154,6,400,0.100000000000001,133,0
3077,2023-06-04,29.21,68.58,1.778,0.277777777777778,9.72222222222222,2.61111111111111,40.5,NA,38,38.1,NA,485,"CO",2023,155,6,425.925925925926,0,133,0
3078,2023-06-05,29.21,73.66,0,0.222222222222221,10.6111111111111,3.61111111111111,40.6,NA,38.4,38.1,NA,485,"CO",2023,156,6,396.551724137931,0.100000000000001,133,0
3079,2023-06-06,28.702,71.12,0,-0.111111111111111,13,5.11111111111111,40.6,NA,38.8,38.1,NA,485,"CO",2023,157,6,403.571428571429,0,133,0
3080,2023-06-07,26.67,68.58,0.254,2.27777777777778,11,3.61111111111111,40.7,NA,39.3,38.1,NA,485,"CO",2023,158,6,388.888888888889,0.100000000000001,133,0
3081,2023-06-08,25.4,58.42,0,0.722222222222221,13.7222222222222,5.11111111111111,40.8,NA,39.6,38.1,NA,485,"CO",2023,159,6,434.782608695652,0.0999999999999943,133,0
3082,2023-06-09,23.622,55.88,0,1.61111111111111,11.2222222222222,4.61111111111111,41,NA,39.6,38.1,NA,485,"CO",2023,160,6,422.727272727273,0.200000000000003,133,0
3083,2023-06-10,22.352,53.34,0,0.277777777777778,12.1111111111111,4.77777777777778,41.3,NA,39.6,38.1,NA,485,"CO",2023,161,6,419.047619047619,0.299999999999997,133,0
3084,2023-06-11,21.336,43.18,0,0.111111111111113,13.1111111111111,5.22222222222222,41.5,NA,39.6,38.1,NA,485,"CO",2023,162,6,494.117647058824,0.200000000000003,133,0
3085,2023-06-12,19.304,40.64,0,2,8.77777777777778,2.77777777777778,41.8,NA,39.6,38.2,NA,485,"CO",2023,163,6,475,0.299999999999997,133,0
3086,2023-06-13,18.288,35.56,0.254,-1.11111111111111,6.72222222222222,1.5,42,NA,39.6,38.2,NA,485,"CO",2023,164,6,514.285714285714,0.200000000000003,133,0
3087,2023-06-14,17.526,33.02,0,0.222222222222221,11.7222222222222,4.11111111111111,42,NA,39.6,38.2,NA,485,"CO",2023,165,6,530.769230769231,0,133,0
3088,2023-06-15,16.002,30.48,0.508,-0.722222222222223,10.8888888888889,3.72222222222222,42,NA,39.6,38.2,NA,485,"CO",2023,166,6,525,0,133,0
3089,2023-06-16,14.224,20.32,0.762,0,7.11111111111111,1.5,42,NA,39.6,38.2,NA,485,"CO",2023,167,6,700,0,133,0
3090,2023-06-17,14.224,17.78,0.508,-0.722222222222223,4.5,0.388888888888891,42,NA,39.6,38.2,NA,485,"CO",2023,168,6,800,0,133,0
3091,2023-06-18,14.224,12.7,0,-0.222222222222221,13.8888888888889,6.11111111111111,42,NA,39.6,38.2,NA,485,"CO",2023,169,6,1120,0,133,0
3092,2023-06-19,12.192,12.7,0,5.5,18,9.61111111111111,42.1,NA,39.6,38.2,NA,485,"CO",2023,170,6,960,0.100000000000001,133,0
3093,2023-06-20,8.636,10.16,0,4.11111111111111,16.7222222222222,9,42.2,NA,39.7,38.2,NA,485,"CO",2023,171,6,850,0.100000000000001,133,0
3094,2023-06-21,5.588,7.62,0,3.61111111111111,18.5,10.1111111111111,42.2,NA,39.7,38.2,NA,485,"CO",2023,172,6,733.333333333333,0,133,0
3095,2023-06-22,3.81,2.54,0,4.61111111111111,17.1111111111111,9.61111111111111,42.2,NA,39.7,38.2,NA,485,"CO",2023,173,6,1500,0,133,0
3096,2023-06-23,2.286,2.54,0,4.38888888888889,16.5,9.22222222222222,42.2,NA,39.7,38.2,NA,485,"CO",2023,174,6,900,0,133,0
3097,2023-06-24,1.27,2.54,0,0.499999999999999,14.7222222222222,6.77777777777778,41.3,NA,39.7,38.2,NA,485,"CO",2023,175,6,500,-0.900000000000006,133,0
3098,2023-06-25,0.508,0,0,2.77777777777778,17.8888888888889,9.72222222222222,40.6,NA,39.6,38.2,NA,485,"CO",2023,176,6,Inf,-0.699999999999996,133,0
3099,2023-06-26,0,0,0,4.88888888888889,18.8888888888889,11.7777777777778,40.1,NA,39.7,38.2,NA,485,"CO",2023,177,6,NA,-0.5,133,0
3100,2023-06-27,0,0,0,10.2222222222222,17.7777777777778,11.7777777777778,39.4,NA,39.6,38.2,NA,485,"CO",2023,178,6,NA,-0.700000000000003,133,0
3101,2023-06-28,0,0,0,5.22222222222222,18.8888888888889,10.7777777777778,38.7,NA,39.7,38.1,NA,485,"CO",2023,179,6,NA,-0.699999999999996,133,0
3102,2023-06-29,0,0,0,5.77777777777778,17.5,9.61111111111111,37.8,NA,39.7,38.2,NA,485,"CO",2023,180,6,NA,-0.900000000000006,133,0
3103,2023-06-30,0,0,0,2.27777777777778,12.6111111111111,4.77777777777778,37.3,NA,39.6,38.2,NA,485,"CO",2023,181,6,NA,-0.5,133,0
3104,2023-07-01,0,0,0,0.611111111111112,15.6111111111111,7.61111111111111,37.5,NA,39.6,38.2,NA,485,"CO",2023,182,7,NA,0.200000000000003,133,0
3105,2023-07-02,0,0,0,4.61111111111111,16.5,9,37,NA,39.6,38.2,NA,485,"CO",2023,183,7,NA,-0.5,133,0
3106,2023-07-03,0,0,0,4.72222222222222,18.8888888888889,10.7222222222222,36.5,NA,39.5,38.2,NA,485,"CO",2023,184,7,NA,-0.5,133,0
3107,2023-07-04,0,0,0,5.88888888888889,17.8888888888889,10.8888888888889,35.8,NA,39.5,38.2,NA,485,"CO",2023,185,7,NA,-0.700000000000003,133,0
3108,2023-07-05,0,0,0,6.88888888888889,17.6111111111111,10.1111111111111,35.7,NA,39.5,38.2,NA,485,"CO",2023,186,7,NA,-0.0999999999999943,133,0
3109,2023-07-06,0,0,0,5.61111111111111,19.1111111111111,10.7777777777778,34.9,NA,39.4,38.2,NA,485,"CO",2023,187,7,NA,-0.800000000000004,133,0
3110,2023-07-07,0,0,0,3.72222222222222,18.7222222222222,11,34.3,NA,38.5,38.1,NA,485,"CO",2023,188,7,NA,-0.600000000000001,133,0
3111,2023-07-08,0,0,0,6.61111111111111,18.6111111111111,10.6111111111111,33.3,NA,38.1,38.2,NA,485,"CO",2023,189,7,NA,-1,133,0
3112,2023-07-09,0,0,0,5.5,19.7777777777778,11.8888888888889,32.8,NA,37.6,38.2,NA,485,"CO",2023,190,7,NA,-0.5,133,0
3113,2023-07-10,0,0,0.254,7.61111111111111,18.5,11.7222222222222,32,NA,36.6,38.1,NA,485,"CO",2023,191,7,NA,-0.799999999999997,133,0
3114,2023-07-11,0,0,0,8.38888888888889,20.3888888888889,13.1111111111111,32,NA,36.3,38.1,NA,485,"CO",2023,192,7,NA,0,133,0
3115,2023-07-12,0,0,0,8.38888888888889,20.2222222222222,12.7777777777778,31.2,NA,35.9,38.2,NA,485,"CO",2023,193,7,NA,-0.800000000000001,133,0
3116,2023-07-13,0,0,0,8.38888888888889,20,12.7222222222222,30.9,NA,35.4,38.2,NA,485,"CO",2023,194,7,NA,-0.300000000000001,133,0
3117,2023-07-14,0,0,0,9.5,18.6111111111111,11.5,29.6,NA,35.1,38.1,NA,485,"CO",2023,195,7,NA,-1.3,133,0
3118,2023-07-15,0,0,0,6.38888888888889,18.7222222222222,11.2222222222222,29.5,NA,34.7,38.2,NA,485,"CO",2023,196,7,NA,-0.100000000000001,133,0
3119,2023-07-16,0,0,0,6.11111111111111,20.5,12.1111111111111,28.1,NA,34.8,32.6,NA,485,"CO",2023,197,7,NA,-1.4,133,0
3120,2023-07-17,0,0,0,8.5,22.7777777777778,14.6111111111111,26.4,NA,33.8,31.8,NA,485,"CO",2023,198,7,NA,-1.7,133,0
3121,2023-07-18,0,0,0,11.7777777777778,20.6111111111111,13.7222222222222,24.3,NA,34,29.8,NA,485,"CO",2023,199,7,NA,-2.1,133,0
3122,2023-07-19,0,0,0,9.38888888888889,20,12.2777777777778,23,NA,33.8,28.4,NA,485,"CO",2023,200,7,NA,-1.3,133,0
3123,2023-07-20,0,0,0.508,8.88888888888889,19,10.7222222222222,21.8,NA,32.6,27.8,NA,485,"CO",2023,201,7,NA,-1.2,133,0
3124,2023-07-21,0,0,0,6,18.6111111111111,10.5,19.8,NA,33,29.5,NA,485,"CO",2023,202,7,NA,-2,133,0
3125,2023-07-22,0,0,0,6.77777777777778,20,11.8888888888889,19.9,NA,32.9,27.5,NA,485,"CO",2023,203,7,NA,0.0999999999999979,133,0
3126,2023-07-23,0,0,0,8.38888888888889,21.6111111111111,13.3888888888889,18.7,NA,32.2,27.1,NA,485,"CO",2023,204,7,NA,-1.2,133,0
3127,2023-07-24,0,0,0,9,23.2777777777778,15.1111111111111,15,NA,30.5,25.9,NA,485,"CO",2023,205,7,NA,-3.7,133,0
3128,2023-07-25,0,0,0,11.3888888888889,20.3888888888889,13.2222222222222,13,NA,28.5,25.2,NA,485,"CO",2023,206,7,NA,-2,133,0
3129,2023-07-26,0,0,0,10.1111111111111,21,13,10.9,NA,27.9,24.2,NA,485,"CO",2023,207,7,NA,-2.1,133,0
3130,2023-07-27,0,0,0.762,7.11111111111111,20.1111111111111,10.8888888888889,12,NA,25.5,24,NA,485,"CO",2023,208,7,NA,1.1,133,0
3131,2023-07-28,0,0,0.254,6.72222222222222,19.7222222222222,12.7222222222222,9.5,NA,25.5,26.5,NA,485,"CO",2023,209,7,NA,-2.5,133,0
3132,2023-07-29,0,0,0,8.88888888888889,20.7777777777778,13.2777777777778,8.9,NA,24,24.7,NA,485,"CO",2023,210,7,NA,-0.6,133,0
3133,2023-07-30,0,0,0.254,9.22222222222222,19.1111111111111,10.8888888888889,8.3,NA,24.6,23.4,NA,485,"CO",2023,211,7,NA,-0.6,133,0
3134,2023-07-31,0,0,1.27,7.22222222222222,20.2777777777778,10.6111111111111,10.1,NA,24.8,22.9,NA,485,"CO",2023,212,7,NA,1.8,133,0
3135,2023-08-01,0,0,0.762,7.5,16.2222222222222,9.22222222222222,10.3,NA,24.2,23.2,NA,485,"CO",2023,213,8,NA,0.200000000000001,133,0
3136,2023-08-02,0,0,0.762,6.38888888888889,17.6111111111111,8.88888888888889,15.3,NA,28,24.8,NA,485,"CO",2023,214,8,NA,5,133,0
3288,2024-01-01,10.668,50.8,0,-11.5,-3.11111111111111,-9.27777777777778,1.4,NA,12.6,8.5,NA,485,"CO",2024,1,1,210,0,136,0
3289,2024-01-02,10.668,50.8,0,-12.2222222222222,-4.61111111111111,-11,1.5,NA,12.5,8.3,NA,485,"CO",2024,2,1,210,0.1,136,0
3290,2024-01-03,10.668,50.8,0,-13.7222222222222,-3.72222222222222,-10.2222222222222,2,NA,12.6,8.3,NA,485,"CO",2024,3,1,210,0.5,136,0
3291,2024-01-04,10.668,50.8,0.508,-11.2777777777778,-6,-10.2222222222222,0.7,NA,12.3,8.3,NA,485,"CO",2024,4,1,210,-1.3,136,0
3292,2024-01-05,11.176,55.88,0,-13.1111111111111,-10.8888888888889,-14,1.3,NA,12.2,8.1,NA,485,"CO",2024,5,1,200,0.6,136,0
3293,2024-01-06,11.176,55.88,0,-16.7777777777778,-12.3888888888889,-16.5,1.9,NA,12.2,8.2,NA,485,"CO",2024,6,1,200,0.6,136,0
3294,2024-01-07,11.176,55.88,0.254,-18.1111111111111,-10.8888888888889,-15.3888888888889,1.7,NA,12.5,8,NA,485,"CO",2024,7,1,200,-0.2,136,0
3295,2024-01-08,11.43,60.96,0,-16.7777777777778,-15,-18.3888888888889,1.7,NA,12.1,8,NA,485,"CO",2024,8,1,187.5,0,136,0
3296,2024-01-09,11.43,60.96,0.762,-23,-9.88888888888889,-15.5,1.8,NA,12.2,7.9,NA,485,"CO",2024,9,1,187.5,0.1,136,0
3297,2024-01-10,12.192,66.04,0.254,-13.2222222222222,-13.2222222222222,-16,0.9,NA,12.2,7.9,NA,485,"CO",2024,10,1,184.615384615385,-0.9,136,0
3298,2024-01-11,12.446,66.04,0.762,-14.7777777777778,-14.2222222222222,-18.2777777777778,2.3,NA,12,7.9,NA,485,"CO",2024,11,1,188.461538461538,1.4,136,0
3299,2024-01-12,13.208,68.58,0.508,-22.2222222222222,-14.2777777777778,-18.2222222222222,1.6,NA,12.2,7.8,NA,485,"CO",2024,12,1,192.592592592593,-0.7,136,0
3300,2024-01-13,13.716,71.12,0.762,-14.3888888888889,-11.8888888888889,-14.2222222222222,1.3,NA,12.3,7.8,NA,485,"CO",2024,13,1,192.857142857143,-0.3,136,0
3301,2024-01-14,13.97,66.04,2.286,-12,-7.22222222222222,-10.2777777777778,1.8,NA,12.1,7.8,NA,485,"CO",2024,14,1,211.538461538462,0.5,136,0
3302,2024-01-15,16.256,104.14,0.508,-11.5,-11.3888888888889,-17,1.5,NA,12.3,7.7,NA,485,"CO",2024,15,1,156.09756097561,-0.3,136,0
3303,2024-01-16,16.764,101.6,0,-22.3888888888889,-12.3888888888889,-18,1.9,NA,12.3,7.8,NA,485,"CO",2024,16,1,165,0.4,136,0
3304,2024-01-17,16.764,93.98,1.524,-14.7777777777778,-5.22222222222222,-9.5,2,NA,12.2,7.4,NA,485,"CO",2024,17,1,178.378378378378,0.1,136,0
3305,2024-01-18,18.288,104.14,0.762,-9.88888888888889,-4.88888888888889,-9.88888888888889,1.6,NA,12,7.1,NA,485,"CO",2024,18,1,175.609756097561,-0.4,136,0
3306,2024-01-19,18.796,109.22,0.254,-13.8888888888889,-3.72222222222222,-8.61111111111111,1.9,NA,12.3,7.5,NA,485,"CO",2024,19,1,172.093023255814,0.3,136,0
3307,2024-01-20,19.05,96.52,0,-9.27777777777778,-0.611111111111112,-5.77777777777778,2.1,NA,11.9,7.9,NA,485,"CO",2024,20,1,197.368421052632,0.2,136,0
3308,2024-01-21,19.05,96.52,0.254,-9,-2.61111111111111,-6.5,2.2,NA,12,7.6,NA,485,"CO",2024,21,1,197.368421052632,0.1,136,0
3309,2024-01-22,19.304,93.98,0,-9,-3.77777777777778,-7.27777777777778,1.8,NA,12.3,7.4,NA,485,"CO",2024,22,1,205.405405405405,-0.4,136,0
3310,2024-01-23,19.304,88.9,0,-7.61111111111111,-3.38888888888889,-8.88888888888889,2.2,NA,12.6,7.6,NA,485,"CO",2024,23,1,217.142857142857,0.4,136,0
3311,2024-01-24,19.304,88.9,0,-9.88888888888889,-4,-9,2.5,NA,12.1,7.9,NA,485,"CO",2024,24,1,217.142857142857,0.3,136,0
3312,2024-01-25,19.304,88.9,0,-10.8888888888889,-5.72222222222222,-9.61111111111111,2.1,NA,12.3,7.9,NA,485,"CO",2024,25,1,217.142857142857,-0.4,136,0
3313,2024-01-26,19.304,88.9,0,-12.2777777777778,-6.88888888888889,-10.6111111111111,1.6,NA,12.7,7.3,NA,485,"CO",2024,26,1,217.142857142857,-0.5,136,0
3314,2024-01-27,19.304,86.36,0,-11.5,-5.5,-11.5,2.4,NA,12.4,7.7,NA,485,"CO",2024,27,1,223.529411764706,0.8,136,0
3315,2024-01-28,19.304,81.28,0.254,-11.2222222222222,-0.277777777777778,-6.61111111111111,2.2,NA,12,8,NA,485,"CO",2024,28,1,237.5,-0.2,136,0
3316,2024-01-29,19.558,81.28,0,-8.22222222222222,-1.27777777777778,-6,2.5,NA,12.4,7.4,NA,485,"CO",2024,29,1,240.625,0.3,136,0
3317,2024-01-30,19.558,81.28,0,-8.61111111111111,2.11111111111111,-6.22222222222222,2.4,NA,12.3,7.7,NA,485,"CO",2024,30,1,240.625,-0.1,136,0
3318,2024-01-31,19.558,81.28,0,-9,1.72222222222222,-5.38888888888889,1.7,NA,12.6,7.8,NA,485,"CO",2024,31,1,240.625,-0.7,136,0
3319,2024-02-01,19.558,81.28,0,-8.77777777777778,-0.777777777777777,-6.38888888888889,2.6,NA,12.4,7.5,NA,485,"CO",2024,32,2,240.625,0.9,136,0
3320,2024-02-02,19.558,81.28,1.524,-7,-0.722222222222223,-4.61111111111111,2.3,NA,12.1,7.1,NA,485,"CO",2024,33,2,240.625,-0.3,136,0
3321,2024-02-03,20.828,96.52,0.762,-7.27777777777778,-7,-9.22222222222222,2,NA,11.8,8.1,NA,485,"CO",2024,34,2,215.789473684211,-0.3,136,0
3322,2024-02-04,22.098,111.76,0,-11.7777777777778,-6,-12.2222222222222,2.9,NA,12.1,7.2,NA,485,"CO",2024,35,2,197.727272727273,0.9,136,0
3323,2024-02-05,22.098,109.22,0.254,-11.5,2.22222222222222,-5.72222222222222,2.8,NA,12.1,8,NA,485,"CO",2024,36,2,202.325581395349,-0.1,136,0
3324,2024-02-06,22.352,99.06,0,-7.38888888888889,1.38888888888889,-3.5,1.6,NA,12.6,7.3,NA,485,"CO",2024,37,2,225.641025641026,-1.2,136,0
3325,2024-02-07,22.352,101.6,0.254,-4.27777777777778,-3.88888888888889,-8,2.1,NA,12.7,7.5,NA,485,"CO",2024,38,2,220,0.5,136,0
3326,2024-02-08,22.606,99.06,0,-11.7222222222222,-8,-11.8888888888889,2.9,NA,12,8.1,NA,485,"CO",2024,39,2,228.205128205128,0.8,136,0
3327,2024-02-09,22.86,104.14,0.762,-15,-6.88888888888889,-12.3888888888889,1.5,NA,12.4,7.1,NA,485,"CO",2024,40,2,219.512195121951,-1.4,136,0
3328,2024-02-10,23.368,106.68,0,-15,-8.77777777777778,-13.7777777777778,2.4,NA,12.1,7.2,NA,485,"CO",2024,41,2,219.047619047619,0.9,136,0
3329,2024-02-11,23.622,106.68,0,-18,-9.72222222222222,-16.3888888888889,2.1,NA,12.4,7.6,NA,485,"CO",2024,42,2,221.428571428571,-0.3,136,0
3330,2024-02-12,23.622,104.14,0,-17.3888888888889,-4.5,-10.3888888888889,2.5,NA,12.2,7.1,NA,485,"CO",2024,43,2,226.829268292683,0.4,136,0
3331,2024-02-13,23.622,101.6,0,-12.3888888888889,-3.5,-10.7222222222222,1.4,NA,12.7,7.8,NA,485,"CO",2024,44,2,232.5,-1.1,136,0
3332,2024-02-14,23.622,101.6,0.508,-13.2777777777778,-5.88888888888889,-9.77777777777778,2.4,NA,12.3,7.4,NA,485,"CO",2024,45,2,232.5,1,136,0
3333,2024-02-15,23.876,101.6,0.762,-12.7222222222222,-1.5,-8.5,2.6,NA,12.2,7.3,NA,485,"CO",2024,46,2,235,0.2,136,0
3334,2024-02-16,24.638,111.76,0.762,-10.6111111111111,-6,-10.1111111111111,2.2,NA,12.1,7.8,NA,485,"CO",2024,47,2,220.454545454545,-0.4,136,0
3335,2024-02-17,25.654,127,0,-14.1111111111111,-8,-14.6111111111111,2.4,NA,12.5,7.3,NA,485,"CO",2024,48,2,202,0.2,136,0
3336,2024-02-18,25.654,119.38,0.762,-17.2777777777778,-3.22222222222222,-9.88888888888889,2.1,NA,12,7.8,NA,485,"CO",2024,49,2,214.893617021277,-0.3,136,0
3337,2024-02-19,26.416,124.46,0,-10.2777777777778,-0.777777777777777,-8.61111111111111,2.4,NA,12.6,8,NA,485,"CO",2024,50,2,212.244897959184,0.3,136,0
3338,2024-02-20,26.416,119.38,0,-7.77777777777778,0.722222222222221,-4.27777777777778,2.2,NA,12.5,7.8,NA,485,"CO",2024,51,2,221.276595744681,-0.2,136,0
3339,2024-02-21,26.416,116.84,0,-6.61111111111111,-0.388888888888889,-6.22222222222222,2.5,NA,12.2,7.2,NA,485,"CO",2024,52,2,226.086956521739,0.3,136,0
3340,2024-02-22,26.416,114.3,0,-10.3888888888889,-6.38888888888889,-9.61111111111111,3,NA,12.1,8,NA,485,"CO",2024,53,2,231.111111111111,0.5,136,0
3341,2024-02-23,26.67,114.3,0,-12,-4.5,-11.7777777777778,1.8,NA,12.7,7.5,NA,485,"CO",2024,54,2,233.333333333333,-1.2,136,0
3342,2024-02-24,26.67,114.3,0.254,-13.6111111111111,-0.611111111111112,-8.22222222222222,2.7,NA,12.2,7.3,NA,485,"CO",2024,55,2,233.333333333333,0.9,136,0
3343,2024-02-25,26.67,111.76,0.254,-9,1.72222222222222,-5.27777777777778,2.5,NA,12.2,7.7,NA,485,"CO",2024,56,2,238.636363636364,-0.2,136,0
3344,2024-02-26,26.924,111.76,0.254,-4.61111111111111,-0.388888888888889,-4.22222222222222,1.9,NA,12.4,7.2,NA,485,"CO",2024,57,2,240.909090909091,-0.6,136,0
3345,2024-02-27,26.924,111.76,2.54,-6.77777777777778,-6.5,-13.1111111111111,2.6,NA,12.6,7.8,NA,485,"CO",2024,58,2,240.909090909091,0.7,136,0
3346,2024-02-28,29.718,139.7,0,-23,-2.38888888888889,-14.1111111111111,3.4,NA,12.4,7.7,NA,485,"CO",2024,59,2,212.727272727273,0.8,136,0
3347,2024-02-29,29.718,132.08,0,-13.1111111111111,-0.722222222222223,-8.61111111111111,2.2,NA,12.7,7.9,NA,485,"CO",2024,60,2,225,-1.2,136,0
3348,2024-03-01,29.718,127,0,-10.2222222222222,0.999999999999998,-6.72222222222222,2.5,NA,12.4,7.2,NA,485,"CO",2024,61,3,234,0.3,136,0
3349,2024-03-02,29.718,124.46,1.016,-8.77777777777778,1.11111111111111,-4.72222222222222,2.7,NA,12.1,7.3,NA,485,"CO",2024,62,3,238.775510204082,0.2,136,0
3350,2024-03-03,30.48,127,1.524,-7,-6.38888888888889,-10.1111111111111,3.3,NA,12.5,7.6,NA,485,"CO",2024,63,3,240,0.6,136,0
3351,2024-03-04,32.004,142.24,0,-9.72222222222222,-4.61111111111111,-9.5,2.4,NA,12,7.5,NA,485,"CO",2024,64,3,225,-0.9,136,0
3352,2024-03-05,32.004,139.7,0,-9.77777777777778,-3.5,-8.27777777777778,3.3,NA,12.8,7.5,NA,485,"CO",2024,65,3,229.090909090909,0.9,136,0
3353,2024-03-06,32.004,134.62,0,-11.5,-2,-8.11111111111111,2.8,NA,12.7,7.5,NA,485,"CO",2024,66,3,237.735849056604,-0.5,136,0
3354,2024-03-07,32.004,132.08,0.508,-10.2222222222222,-2.77777777777778,-9,2.7,NA,12.2,7.8,NA,485,"CO",2024,67,3,242.307692307692,-0.0999999999999996,136,0
3355,2024-03-08,32.512,132.08,0.254,-12.5,-5,-11.1111111111111,2.9,NA,12.1,7.3,NA,485,"CO",2024,68,3,246.153846153846,0.2,136,0
3356,2024-03-09,33.274,139.7,0,-17.1111111111111,-1.5,-11.8888888888889,3.1,NA,12.7,7.6,NA,485,"CO",2024,69,3,238.181818181818,0.2,136,0
3357,2024-03-10,33.274,134.62,0,-14.2777777777778,2.61111111111111,-7.61111111111111,2.4,NA,12.4,7.9,NA,485,"CO",2024,70,3,247.169811320755,-0.7,136,0
3358,2024-03-11,33.274,132.08,0,-9.5,3,-4.77777777777778,1.8,NA,12.3,7.9,NA,485,"CO",2024,71,3,251.923076923077,-0.6,136,0
3359,2024-03-12,33.274,129.54,0.762,-7.11111111111111,1.22222222222222,-4.61111111111111,2.6,NA,12.6,7.9,NA,485,"CO",2024,72,3,256.862745098039,0.8,136,0
3360,2024-03-13,34.036,134.62,0.762,-6.38888888888889,-0.88888888888889,-6.77777777777778,2.7,NA,12.3,7.8,NA,485,"CO",2024,73,3,252.830188679245,0.1,136,0
3361,2024-03-14,34.544,139.7,1.016,-10.1111111111111,-5.72222222222222,-9.27777777777778,1.9,NA,12.2,7.8,NA,485,"CO",2024,74,3,247.272727272727,-0.8,136,0
3362,2024-03-15,35.56,144.78,0,-10.2777777777778,0.277777777777778,-7.11111111111111,2.8,NA,12.7,7.8,NA,485,"CO",2024,75,3,245.614035087719,0.9,136,0
3363,2024-03-16,35.56,139.7,0,-9.27777777777778,-0.222222222222221,-6.22222222222222,2.2,NA,12.9,8.1,NA,485,"CO",2024,76,3,254.545454545455,-0.6,136,0
3364,2024-03-17,35.56,137.16,0,-9.27777777777778,-1.27777777777778,-7.22222222222222,2.4,NA,12.5,7.9,NA,485,"CO",2024,77,3,259.259259259259,0.2,136,0
3365,2024-03-18,35.56,134.62,0,-11.8888888888889,3.77777777777778,-5.88888888888889,2,NA,12.4,7.9,NA,485,"CO",2024,78,3,264.150943396226,-0.4,136,0
3366,2024-03-19,35.56,134.62,0,-8.77777777777778,4.61111111111111,-4.27777777777778,3,NA,12.2,7.5,NA,485,"CO",2024,79,3,264.150943396226,1,136,0
3367,2024-03-20,35.56,132.08,0,-8.61111111111111,3.27777777777778,-4.5,3,NA,12.9,7.7,NA,485,"CO",2024,80,3,269.230769230769,0,136,0
3368,2024-03-21,35.56,132.08,0.254,-8.38888888888889,3.22222222222222,-4.11111111111111,3.4,NA,12.8,7,NA,485,"CO",2024,81,3,269.230769230769,0.4,136,0
3369,2024-03-22,35.814,132.08,0,-5.5,3.27777777777778,-3.61111111111111,3.2,NA,12.8,7.6,NA,485,"CO",2024,82,3,271.153846153846,-0.2,136,0
3370,2024-03-23,35.814,132.08,0.762,-6,3.77777777777778,-2.88888888888889,2,NA,12.4,7.7,NA,485,"CO",2024,83,3,271.153846153846,-1.2,136,0
3371,2024-03-24,36.322,139.7,1.524,-6.22222222222222,-0.277777777777778,-6.5,3.3,NA,12.9,7.3,NA,485,"CO",2024,84,3,260,1.3,136,0
3372,2024-03-25,38.1,160.02,0.254,-10.1111111111111,-6.77777777777778,-11.3888888888889,2.5,NA,12.9,8,NA,485,"CO",2024,85,3,238.095238095238,-0.8,136,0
3373,2024-03-26,38.354,157.48,0,-14.8888888888889,-5.72222222222222,-12.6111111111111,3,NA,12.9,7.8,NA,485,"CO",2024,86,3,243.548387096774,0.5,136,0
3374,2024-03-27,38.608,154.94,0.254,-13.2777777777778,-4.61111111111111,-11.2222222222222,3.5,NA,12.8,7.5,NA,485,"CO",2024,87,3,249.180327868852,0.5,136,0
3375,2024-03-28,38.862,152.4,0.254,-13.3888888888889,2,-5.77777777777778,3.8,NA,13.1,7.3,NA,485,"CO",2024,88,3,255,0.3,136,0
3376,2024-03-29,38.862,149.86,0.762,-5.38888888888889,0.722222222222221,-4.27777777777778,3.7,NA,13.1,7.5,NA,485,"CO",2024,89,3,259.322033898305,-0.0999999999999996,136,0
3377,2024-03-30,39.624,154.94,0,-6.22222222222222,2.61111111111111,-2.61111111111111,2.7,NA,12.4,7.5,NA,485,"CO",2024,90,3,255.737704918033,-1,136,0
3378,2024-03-31,39.624,149.86,0.762,-4.72222222222222,2.11111111111111,-4.5,2.9,NA,12.5,8.1,NA,485,"CO",2024,91,3,264.406779661017,0.2,136,0
3379,2024-04-01,40.386,154.94,0.254,-9.72222222222222,-2.5,-8.22222222222222,3.3,NA,12.6,8,NA,485,"CO",2024,92,4,260.655737704918,0.4,136,0
3380,2024-04-02,40.64,152.4,0,-9.22222222222222,0,-7,3.2,NA,12.8,8,NA,485,"CO",2024,93,4,266.666666666667,-0.0999999999999996,136,0
3381,2024-04-03,40.64,152.4,0,-6.38888888888889,5.38888888888889,-2.72222222222222,3.4,NA,12.6,7.9,NA,485,"CO",2024,94,4,266.666666666667,0.2,136,0
3382,2024-04-04,40.64,149.86,0.254,-6.5,9.22222222222222,0.722222222222221,2.8,NA,12.9,7.3,NA,485,"CO",2024,95,4,271.186440677966,-0.6,136,0
3383,2024-04-05,40.64,147.32,0,0,7.38888888888889,1.11111111111111,3.6,NA,12.8,7.8,NA,485,"CO",2024,96,4,275.862068965517,0.8,136,0
3384,2024-04-06,40.894,147.32,0.762,-4.22222222222222,-4.11111111111111,-10.5,3.6,NA,12.6,8,NA,485,"CO",2024,97,4,277.586206896552,0,136,0
3385,2024-04-07,41.656,157.48,0,-14.2222222222222,-2.72222222222222,-10.7222222222222,3.6,NA,12.6,8.2,NA,485,"CO",2024,98,4,264.516129032258,0,136,0
3386,2024-04-08,41.656,152.4,0,-12.6111111111111,-1.38888888888889,-8.72222222222222,3.3,NA,13,7.9,NA,485,"CO",2024,99,4,273.333333333333,-0.3,136,0
3387,2024-04-09,41.656,149.86,0,-10.7222222222222,2.27777777777778,-5.88888888888889,3.3,NA,12.9,8.2,NA,485,"CO",2024,100,4,277.966101694915,0,136,0
3388,2024-04-10,41.656,147.32,0.254,-10,1.22222222222222,-5.61111111111111,4.2,NA,13,7.7,NA,485,"CO",2024,101,4,282.758620689655,0.9,136,0
3389,2024-04-11,41.91,144.78,0,-8.5,4.38888888888889,-3.38888888888889,2.8,NA,13.4,7.6,NA,485,"CO",2024,102,4,289.473684210526,-1.4,136,0
3390,2024-04-12,41.91,144.78,0,-4.72222222222222,9.88888888888889,1.11111111111111,4.3,NA,13,7.8,NA,485,"CO",2024,103,4,289.473684210526,1.5,136,0
3391,2024-04-13,41.91,142.24,0,-0.777777777777777,8.72222222222222,1.5,2.7,NA,12.8,7.6,NA,485,"CO",2024,104,4,294.642857142857,-1.6,136,0
3392,2024-04-14,41.91,142.24,0,-2.5,9.88888888888889,2.88888888888889,3.2,NA,13.4,7.6,NA,485,"CO",2024,105,4,294.642857142857,0.5,136,0
3393,2024-04-15,41.91,139.7,1.016,-0.111111111111111,5.72222222222222,-2.27777777777778,3.3,NA,13.5,8,NA,485,"CO",2024,106,4,300,0.0999999999999996,136,0
3394,2024-04-16,42.672,149.86,1.524,-6.61111111111111,1.5,-3.5,4.2,NA,13,7.7,NA,485,"CO",2024,107,4,284.745762711864,0.9,136,0
3395,2024-04-17,44.45,160.02,0,-5.61111111111111,6.22222222222222,0.222222222222221,4.3,NA,13.7,8,NA,485,"CO",2024,108,4,277.777777777778,0.0999999999999996,136,0
3396,2024-04-18,44.45,154.94,0.254,-2.38888888888889,4.61111111111111,0,4.9,NA,13.4,7.6,NA,485,"CO",2024,109,4,286.885245901639,0.600000000000001,136,0
3397,2024-04-19,44.704,152.4,0.254,-1.38888888888889,4.22222222222222,-0.388888888888889,4,NA,14,8.2,NA,485,"CO",2024,110,4,293.333333333333,-0.9,136,0
3398,2024-04-20,44.704,152.4,0.508,-4.61111111111111,3.88888888888889,-2.61111111111111,4.6,NA,13.4,7.8,NA,485,"CO",2024,111,4,293.333333333333,0.6,136,0
3399,2024-04-21,45.212,152.4,0,-4.72222222222222,7.11111111111111,-0.277777777777778,4.8,NA,13.5,8.2,NA,485,"CO",2024,112,4,296.666666666667,0.2,136,0
3400,2024-04-22,45.212,149.86,0,-2,8.22222222222222,2.5,5.1,NA,13.7,7.8,NA,485,"CO",2024,113,4,301.694915254237,0.3,136,0
3401,2024-04-23,45.212,147.32,0,-2.11111111111111,10.5,2.22222222222222,5.3,NA,13.8,8.2,NA,485,"CO",2024,114,4,306.896551724138,0.2,136,0
3402,2024-04-24,45.212,144.78,0.254,0.222222222222221,11.6111111111111,4.38888888888889,4.4,NA,14.3,7.7,NA,485,"CO",2024,115,4,312.280701754386,-0.899999999999999,136,0
3403,2024-04-25,45.212,142.24,1.27,-0.388888888888889,9.61111111111111,0.611111111111112,5.2,NA,14.4,7.7,NA,485,"CO",2024,116,4,317.857142857143,0.8,136,1
3404,2024-04-26,46.228,152.4,0.254,-3.72222222222222,4,-2.11111111111111,7.8,NA,14,8.1,NA,485,"CO",2024,117,4,303.333333333333,2.6,136,0
3405,2024-04-27,46.736,149.86,1.778,-5,2.77777777777778,-3.22222222222222,7.8,NA,14.6,7.9,NA,485,"CO",2024,118,4,311.864406779661,0,136,0
3406,2024-04-28,48.514,157.48,0.762,-5.38888888888889,1.5,-4,9.7,NA,14.2,8.2,NA,485,"CO",2024,119,4,308.064516129032,1.9,136,0
3407,2024-04-29,49.53,167.64,0,-4.61111111111111,4,-2,9,NA,14.8,7.8,NA,485,"CO",2024,120,4,295.454545454545,-0.699999999999999,136,0
3408,2024-04-30,49.53,160.02,0,-4,8.61111111111111,0.777777777777777,10.2,NA,14.8,8.3,NA,485,"CO",2024,121,4,309.52380952381,1.2,136,0
3409,2024-05-01,49.276,154.94,0.254,-1.77777777777778,7.72222222222222,-0.277777777777778,9.2,NA,15,8.4,NA,485,"CO",2024,122,5,318.032786885246,-1,136,0
3410,2024-05-02,49.53,149.86,0,-7,3.77777777777778,-3.22222222222222,10.7,NA,14.5,8.4,NA,485,"CO",2024,123,5,330.508474576271,1.5,136,0
3411,2024-05-03,49.53,152.4,0,-3.77777777777778,6.61111111111111,0.111111111111113,11.1,NA,14.8,8.4,NA,485,"CO",2024,124,5,325,0.4,136,0
3412,2024-05-04,49.53,152.4,0,-4.5,9.38888888888889,1.22222222222222,11.2,NA,15.1,8.7,NA,485,"CO",2024,125,5,325,0.0999999999999996,136,0
3413,2024-05-05,49.022,147.32,0,-2,10.1111111111111,3,10.4,NA,15.6,8.9,NA,485,"CO",2024,126,5,332.758620689655,-0.799999999999999,136,0
3414,2024-05-06,48.768,147.32,0.508,0.777777777777777,0.777777777777777,-6.77777777777778,10.5,NA,15.4,9.2,NA,485,"CO",2024,127,5,331.034482758621,0.0999999999999996,136,0
3415,2024-05-07,49.784,152.4,1.524,-8.27777777777778,-2.11111111111111,-7.22222222222222,11.4,NA,15.6,9,NA,485,"CO",2024,128,5,326.666666666667,0.9,136,0
3416,2024-05-08,51.562,167.64,0.254,-11.2222222222222,-4.5,-9.61111111111111,12.3,NA,16.2,8.6,NA,485,"CO",2024,129,5,307.575757575758,0.9,136,0
3417,2024-05-09,51.562,165.1,0.254,-10.1111111111111,0,-5,11.8,NA,16.4,9.1,NA,485,"CO",2024,130,5,312.307692307692,-0.5,136,0
3418,2024-05-10,51.816,160.02,0.254,-5.38888888888889,3.77777777777778,-2.11111111111111,12.6,NA,16.2,8.6,NA,485,"CO",2024,131,5,323.809523809524,0.799999999999999,136,0
3419,2024-05-11,52.07,149.86,2.54,-6.11111111111111,5.22222222222222,-1.5,11.6,NA,17,9.6,NA,485,"CO",2024,132,5,347.457627118644,-1,136,0
3420,2024-05-12,54.356,177.8,1.524,-3,5.11111111111111,-0.777777777777777,12.4,NA,17.1,9.4,NA,485,"CO",2024,133,5,305.714285714286,0.800000000000001,136,0
3421,2024-05-13,55.88,175.26,0,-3.61111111111111,9.61111111111111,1.77777777777778,13.5,NA,16.7,9.1,NA,485,"CO",2024,134,5,318.840579710145,1.1,136,0
3422,2024-05-14,56.134,170.18,0.508,-1.77777777777778,9.72222222222222,1.11111111111111,13.1,NA,17.2,9.5,NA,485,"CO",2024,135,5,329.850746268657,-0.4,136,0
3423,2024-05-15,56.388,162.56,0,-1.11111111111111,9.22222222222222,1.61111111111111,12.9,NA,17,9.4,NA,485,"CO",2024,136,5,346.875,-0.199999999999999,136,0
3424,2024-05-16,56.388,162.56,0,-2.38888888888889,11,2.77777777777778,13.6,NA,17.2,9.8,NA,485,"CO",2024,137,5,346.875,0.699999999999999,136,0
3425,2024-05-17,55.88,157.48,0,-1.11111111111111,12.1111111111111,4.61111111111111,13.9,NA,23.8,10,NA,485,"CO",2024,138,5,354.838709677419,0.300000000000001,136,0
3426,2024-05-18,55.118,152.4,0,0,11.2222222222222,3.77777777777778,14.5,NA,24.8,10.8,NA,485,"CO",2024,139,5,361.666666666667,0.6,136,0
3427,2024-05-19,54.864,149.86,0,0.111111111111113,11.7222222222222,4.61111111111111,15.5,NA,25.7,23.8,NA,485,"CO",2024,140,5,366.101694915254,1,136,0
3428,2024-05-20,54.61,149.86,0,-0.722222222222223,12.7777777777778,4.88888888888889,17.8,NA,26.5,28.2,NA,485,"CO",2024,141,5,364.406779661017,2.3,136,0
3429,2024-05-21,53.848,144.78,0.762,0,2.27777777777778,-3.88888888888889,19.2,NA,27.3,29.8,NA,485,"CO",2024,142,5,371.929824561404,1.4,136,0
3430,2024-05-22,54.356,152.4,0,-10.6111111111111,6.88888888888889,-0.611111111111112,19.6,NA,28.5,27.4,NA,485,"CO",2024,143,5,356.666666666667,0.400000000000002,136,0
3431,2024-05-23,54.61,147.32,0.508,0.722222222222221,10.3888888888889,1.72222222222222,18.8,NA,29.3,27,NA,485,"CO",2024,144,5,370.689655172414,-0.800000000000001,136,0
3432,2024-05-24,53.848,147.32,0,-7.11111111111111,6.88888888888889,-0.777777777777777,20.4,NA,29.5,35.1,NA,485,"CO",2024,145,5,365.51724137931,1.6,136,0
3433,2024-05-25,53.848,144.78,0.508,2,8.77777777777778,1.72222222222222,20.6,NA,30.2,35.4,NA,485,"CO",2024,146,5,371.929824561404,0.200000000000003,136,0
3434,2024-05-26,53.594,144.78,0,-4,6.11111111111111,-0.388888888888889,20.9,NA,30.3,35.4,NA,485,"CO",2024,147,5,370.175438596491,0.299999999999997,136,0
3435,2024-05-27,53.848,142.24,0,-1.22222222222222,11,3.77777777777778,20.9,NA,30.8,35.5,NA,485,"CO",2024,148,5,378.571428571429,0,136,0
3436,2024-05-28,53.086,139.7,0,0.388888888888891,13.3888888888889,5.5,21.2,NA,31.1,35.6,NA,485,"CO",2024,149,5,380,0.300000000000001,136,0
3437,2024-05-29,52.324,137.16,0,1.22222222222222,13.7777777777778,6.11111111111111,23.2,NA,38.1,35.9,NA,485,"CO",2024,150,5,381.481481481482,2,136,0
3438,2024-05-30,51.308,129.54,0,1.72222222222222,14.1111111111111,5.22222222222222,28.8,NA,38.7,36.1,NA,485,"CO",2024,151,5,396.078431372549,5.6,136,0
3439,2024-05-31,50.546,127,0,0,11.5,4.38888888888889,40.3,NA,39,36.3,NA,485,"CO",2024,152,5,398,11.5,136,0
3440,2024-06-01,49.53,121.92,0,0.111111111111113,14.2777777777778,6.38888888888889,40.5,NA,39.3,36.6,NA,485,"CO",2024,153,6,406.25,0.200000000000003,136,0
3441,2024-06-02,47.498,116.84,0,2.11111111111111,14.6111111111111,7.38888888888889,40.7,NA,39.4,36.7,NA,485,"CO",2024,154,6,406.521739130435,0.200000000000003,136,0
3442,2024-06-03,45.212,111.76,0.254,2.72222222222222,13.3888888888889,7.22222222222222,40.9,NA,39.4,36.8,NA,485,"CO",2024,155,6,404.545454545455,0.199999999999996,136,0
3443,2024-06-04,43.434,106.68,0,1.77777777777778,11.7777777777778,5.38888888888889,41.1,NA,39.4,37,NA,485,"CO",2024,156,6,407.142857142857,0.200000000000003,136,0
3444,2024-06-05,40.894,101.6,0,2,15.8888888888889,7.5,41.2,NA,39.5,37.1,NA,485,"CO",2024,157,6,402.5,0.100000000000001,136,0
3445,2024-06-06,38.354,93.98,0,4.11111111111111,19.3888888888889,10.6111111111111,41.3,NA,39.5,37.3,NA,485,"CO",2024,158,6,408.108108108108,0.0999999999999943,136,0
3446,2024-06-07,35.306,86.36,0,6.5,17.2222222222222,9.5,41.4,NA,39.5,37.4,NA,485,"CO",2024,159,6,408.823529411765,0.100000000000001,136,0
3447,2024-06-08,32.512,78.74,0,3.61111111111111,17.6111111111111,8.22222222222222,41.4,NA,39.5,37.4,NA,485,"CO",2024,160,6,412.903225806452,0,136,0
3448,2024-06-09,30.226,73.66,0.254,3.77777777777778,17.8888888888889,8.38888888888889,41.5,NA,39.5,37.5,NA,485,"CO",2024,161,6,410.344827586207,0.100000000000001,136,0
3449,2024-06-10,27.686,66.04,0,3.5,15.1111111111111,7.38888888888889,41.5,NA,39.5,37.6,NA,485,"CO",2024,162,6,419.230769230769,0,136,0
3450,2024-06-11,25.654,63.5,0,2.88888888888889,16.7222222222222,8.88888888888889,41.5,NA,39.5,37.6,NA,485,"CO",2024,163,6,404,0,136,0
3451,2024-06-12,23.368,55.88,0,6.61111111111111,17.2222222222222,10.3888888888889,41.6,NA,39.5,37.7,NA,485,"CO",2024,164,6,418.181818181818,0.100000000000001,136,0
3452,2024-06-13,20.828,48.26,0,7.5,20.1111111111111,12.6111111111111,41.6,NA,39.5,37.7,NA,485,"CO",2024,165,6,431.578947368421,0,136,0
3453,2024-06-14,17.272,40.64,0,7.77777777777778,11.3888888888889,7,41.7,NA,39.5,37.8,NA,485,"CO",2024,166,6,425,0.100000000000001,136,0
3454,2024-06-15,15.494,35.56,0,1.61111111111111,16.7222222222222,8.61111111111111,41.7,NA,39.5,37.8,NA,485,"CO",2024,167,6,435.714285714286,0,136,0
3455,2024-06-16,12.7,27.94,0,6.38888888888889,19.1111111111111,11.3888888888889,41.8,NA,39.5,37.9,NA,485,"CO",2024,168,6,454.545454545454,0.0999999999999943,136,0
3456,2024-06-17,9.144,20.32,0,5.77777777777778,18.5,11.8888888888889,42,NA,39.6,37.9,NA,485,"CO",2024,169,6,450,0.200000000000003,136,0
3457,2024-06-18,6.096,15.24,0,8.72222222222222,14.7777777777778,7.61111111111111,42.1,NA,39.6,37.9,NA,485,"CO",2024,170,6,400,0.100000000000001,136,0
3458,2024-06-19,4.318,10.16,0,2.77777777777778,12.2222222222222,6,41.5,NA,39.6,38,NA,485,"CO",2024,171,6,425,-0.600000000000001,136,0
3459,2024-06-20,3.048,7.62,1.016,4.22222222222222,14.6111111111111,7.61111111111111,41.6,NA,39.6,38,NA,485,"CO",2024,172,6,400,0.100000000000001,136,0
3460,2024-06-21,2.032,5.08,0.508,4.61111111111111,14.3888888888889,7.61111111111111,41.8,NA,39.6,37.9,NA,485,"CO",2024,173,6,400,0.199999999999996,136,0
3461,2024-06-22,0.762,2.54,0,2,16.5,7.77777777777778,41.7,NA,39.6,38,NA,485,"CO",2024,174,6,300,-0.0999999999999943,136,0
3462,2024-06-23,0.254,2.54,0,4.61111111111111,18.7222222222222,10.8888888888889,41.5,NA,39.6,38,NA,485,"CO",2024,175,6,100,-0.200000000000003,136,0
3463,2024-06-24,0,0,0,7.22222222222222,19.1111111111111,11.7222222222222,41.1,NA,39.6,38,NA,485,"CO",2024,176,6,NA,-0.399999999999999,136,0
3464,2024-06-25,0,0,0,6.22222222222222,20.6111111111111,12.6111111111111,40.7,NA,39.7,38,NA,485,"CO",2024,177,6,NA,-0.399999999999999,136,0
3465,2024-06-26,0,0,0,9.11111111111111,20.3888888888889,11.7777777777778,40.1,NA,39.7,38,NA,485,"CO",2024,178,6,NA,-0.600000000000001,136,0
3466,2024-06-27,0,0,0.762,7,16.6111111111111,8.88888888888889,39.9,NA,39.6,38,NA,485,"CO",2024,179,6,NA,-0.200000000000003,136,0
3467,2024-06-28,0,0,0,3.38888888888889,16.2222222222222,9.5,42.2,NA,39.7,38,NA,485,"CO",2024,180,6,NA,2.3,136,0
3468,2024-06-29,0,0,0,6.61111111111111,19.7777777777778,11.5,40,NA,39.6,38,NA,485,"CO",2024,181,6,NA,-2.2,136,0
3469,2024-06-30,0,0,0.508,8.11111111111111,19.6111111111111,11,38.8,NA,39.6,38,NA,485,"CO",2024,182,6,NA,-1.2,136,0
3470,2024-07-01,0,0,1.524,6.88888888888889,14.7777777777778,8.61111111111111,40.1,NA,39.6,38,NA,485,"CO",2024,183,7,NA,1.3,136,0
3471,2024-07-02,0,0,0,4.61111111111111,14.8888888888889,7.61111111111111,42.4,NA,39.7,38,NA,485,"CO",2024,184,7,NA,2.3,136,0
3472,2024-07-03,0,0,0,3.88888888888889,16.7222222222222,9.77777777777778,40,NA,39.7,38,NA,485,"CO",2024,185,7,NA,-2.4,136,0
3473,2024-07-04,0,0,0,3,15.7777777777778,7.88888888888889,38.5,NA,39.6,38,NA,485,"CO",2024,186,7,NA,-1.5,136,0
3474,2024-07-05,0,0,0,3,14.2222222222222,7.38888888888889,37.5,NA,39.7,38,NA,485,"CO",2024,187,7,NA,-1,136,0
3475,2024-07-06,0,0,0,4.72222222222222,16.2777777777778,9.11111111111111,36.3,NA,39.5,38,NA,485,"CO",2024,188,7,NA,-1.2,136,0
3476,2024-07-07,0,0,0,4.5,16.3888888888889,8.72222222222222,35.4,NA,39.5,38,NA,485,"CO",2024,189,7,NA,-0.899999999999999,136,0
3477,2024-07-08,0,0,0,4.11111111111111,16.2222222222222,8.38888888888889,34.7,NA,38.4,38,NA,485,"CO",2024,190,7,NA,-0.699999999999996,136,0
3478,2024-07-09,0,0,0,3.77777777777778,17,8.61111111111111,33.7,NA,38.1,38,NA,485,"CO",2024,191,7,NA,-1,136,0
3479,2024-07-10,0,0,0.254,4,16.5,9.22222222222222,33.2,NA,37.6,38,NA,485,"CO",2024,192,7,NA,-0.5,136,0
3480,2024-07-11,0,0,0,5,20.5,12,33.1,NA,36.7,38,NA,485,"CO",2024,193,7,NA,-0.100000000000001,136,0
3481,2024-07-12,0,0,0,8.5,21.5,14,32.3,NA,36.5,38,NA,485,"CO",2024,194,7,NA,-0.800000000000004,136,0
3482,2024-07-13,0,0,0,8.77777777777778,22.5,14.2222222222222,31.6,NA,35.8,38,NA,485,"CO",2024,195,7,NA,-0.699999999999996,136,0
3483,2024-07-14,0,0,0.254,8.77777777777778,20.7777777777778,11.8888888888889,30.8,NA,35.6,38,NA,485,"CO",2024,196,7,NA,-0.800000000000001,136,0
3484,2024-07-15,0,0,0.254,8.22222222222222,19.8888888888889,10.3888888888889,31.1,NA,35.4,38,NA,485,"CO",2024,197,7,NA,0.300000000000001,136,0
3485,2024-07-16,0,0,1.016,5.77777777777778,16.7777777777778,8.11111111111111,32.1,NA,35.4,38,NA,485,"CO",2024,198,7,NA,1,136,0
3486,2024-07-17,0,0,0,3.72222222222222,18.7777777777778,10.5,33.5,NA,36.3,37.7,NA,485,"CO",2024,199,7,NA,1.4,136,0
3487,2024-07-18,0,0,0,5.61111111111111,18.7222222222222,10.6111111111111,32.4,NA,35.9,37.8,NA,485,"CO",2024,200,7,NA,-1.1,136,0
3488,2024-07-19,0,0,0,6.72222222222222,17.7777777777778,10.2222222222222,31.6,NA,35.7,37.8,NA,485,"CO",2024,201,7,NA,-0.799999999999997,136,0
3489,2024-07-20,0,0,0,5.61111111111111,17.8888888888889,10.7222222222222,30.4,NA,35.1,37.8,NA,485,"CO",2024,202,7,NA,-1.2,136,0
3490,2024-07-21,0,0,0,6.5,16.7222222222222,8.88888888888889,30.2,NA,34.6,32.1,NA,485,"CO",2024,203,7,NA,-0.199999999999999,136,0
3491,2024-07-22,0,0,0,4.61111111111111,16.5,8,29.4,NA,34.4,32.2,NA,485,"CO",2024,204,7,NA,-0.800000000000001,136,0
3492,2024-07-23,0,0,0,3.27777777777778,18.7222222222222,10.2222222222222,28.2,NA,34.3,31.3,NA,485,"CO",2024,205,7,NA,-1.2,136,0
3493,2024-07-24,0,0,0.508,6.22222222222222,19.8888888888889,10.2222222222222,27.2,NA,34.4,29.5,NA,485,"CO",2024,206,7,NA,-1,136,0
3494,2024-07-25,0,0,0,4.88888888888889,21.6111111111111,12.7222222222222,27.8,NA,33.8,29.5,NA,485,"CO",2024,207,7,NA,0.600000000000001,136,0
3495,2024-07-26,0,0,0.762,9.11111111111111,17.3888888888889,9.88888888888889,26.5,NA,33.8,28.9,NA,485,"CO",2024,208,7,NA,-1.3,136,0
3496,2024-07-27,0,0,0.254,5.88888888888889,17.8888888888889,10.7222222222222,26.2,NA,34.1,28.7,NA,485,"CO",2024,209,7,NA,-0.300000000000001,136,0
3497,2024-07-28,0,0,0,6.61111111111111,18.2777777777778,11.5,29.4,NA,34.5,31.3,NA,485,"CO",2024,210,7,NA,3.2,136,0
3498,2024-07-29,0,0,0,7.88888888888889,20.1111111111111,12.3888888888889,27.7,NA,33.9,28.3,NA,485,"CO",2024,211,7,NA,-1.7,136,0
3499,2024-07-30,0,0,0,7.88888888888889,20.2222222222222,12.3888888888889,25.7,NA,33.2,27,NA,485,"CO",2024,212,7,NA,-2,136,0
3500,2024-07-31,0,0,0,6.77777777777778,20.3888888888889,12.2777777777778,24.2,NA,32,25.9,NA,485,"CO",2024,213,7,NA,-1.5,136,0
3501,2024-08-01,0,0,0,7.61111111111111,NA,NA,19.8,NA,29.7,25.6,NA,485,"CO",2024,214,8,NA,-4.4,136,0
