"X","date","swe","snow_depth","precip","airtemp","airtemp_max","airtemp_avg","soilm_p2","soilm_p4","soilm_p8","soilm_p20","soilm_p40","site_code","state","year","doy","month","density_calc","d_soilm_p2","peak_swe","sm_pulse_flag"
1,2015-01-01,23.622,93.98,0.254,-12.5,-7.61111111111111,-12.2222222222222,NA,NA,NA,NA,NA,505,"CO",2015,1,1,251.351351351351,0,144,0
2,2015-01-02,23.876,96.52,0,-16,-4.38888888888889,-13.1111111111111,NA,NA,NA,NA,NA,505,"CO",2015,2,1,247.368421052632,NA,144,0
3,2015-01-03,23.876,93.98,0.508,-13.7777777777778,-8.11111111111111,-12.6111111111111,NA,NA,NA,NA,NA,505,"CO",2015,3,1,254.054054054054,NA,144,0
4,2015-01-04,24.638,104.14,0.254,-18,-8.77777777777778,-12.3888888888889,NA,NA,NA,NA,NA,505,"CO",2015,4,1,236.585365853659,NA,144,0
5,2015-01-05,24.638,99.06,0.508,-10.6111111111111,0.499999999999999,-4.22222222222222,NA,NA,NA,NA,NA,505,"CO",2015,5,1,248.717948717949,NA,144,0
6,2015-01-06,24.638,96.52,0,-3.22222222222222,1.27777777777778,-2.5,NA,NA,NA,NA,NA,505,"CO",2015,6,1,255.263157894737,NA,144,0
7,2015-01-07,24.638,93.98,0,-3.5,2.5,-3.5,NA,NA,NA,NA,NA,505,"CO",2015,7,1,262.162162162162,NA,144,0
8,2015-01-08,24.638,93.98,0,-5.61111111111111,2.5,-3.5,NA,NA,NA,NA,NA,505,"CO",2015,8,1,262.162162162162,NA,144,0
9,2015-01-09,24.638,91.44,0,-6.72222222222222,1.11111111111111,-5.77777777777778,NA,NA,NA,NA,NA,505,"CO",2015,9,1,269.444444444444,NA,144,0
10,2015-01-10,24.638,88.9,0,-8.22222222222222,-0.611111111111112,-5.27777777777778,NA,NA,NA,NA,NA,505,"CO",2015,10,1,277.142857142857,NA,144,0
11,2015-01-11,24.638,88.9,0.254,-6.72222222222222,-3.22222222222222,-6.11111111111111,NA,NA,NA,NA,NA,505,"CO",2015,11,1,277.142857142857,NA,144,0
12,2015-01-12,25.4,96.52,0,-8.22222222222222,-4,-8.11111111111111,NA,NA,NA,NA,NA,505,"CO",2015,12,1,263.157894736842,NA,144,0
13,2015-01-13,25.4,96.52,0,-8.5,-3.38888888888889,-7.61111111111111,NA,NA,NA,NA,NA,505,"CO",2015,13,1,263.157894736842,NA,144,0
14,2015-01-14,25.4,93.98,0,-11.5,-2.27777777777778,-9.88888888888889,NA,NA,NA,NA,NA,505,"CO",2015,14,1,270.27027027027,NA,144,0
15,2015-01-15,25.4,91.44,0.254,-11.7222222222222,-0.222222222222221,-6.88888888888889,NA,NA,NA,NA,NA,505,"CO",2015,15,1,277.777777777778,NA,144,0
16,2015-01-16,25.654,88.9,0.254,-7.61111111111111,1.77777777777778,-4.22222222222222,NA,NA,NA,NA,NA,505,"CO",2015,16,1,288.571428571429,NA,144,0
17,2015-01-17,25.908,88.9,0,-6.88888888888889,-4.11111111111111,-9,NA,NA,NA,NA,NA,505,"CO",2015,17,1,291.428571428571,NA,144,0
18,2015-01-18,25.908,91.44,0.254,-5.61111111111111,1.61111111111111,-4.11111111111111,NA,NA,NA,NA,NA,505,"CO",2015,18,1,283.333333333333,NA,144,0
19,2015-01-19,25.908,93.98,0.508,-7.61111111111111,0,-4.88888888888889,NA,NA,NA,NA,NA,505,"CO",2015,19,1,275.675675675676,NA,144,0
20,2015-01-20,26.67,104.14,0.254,-8.11111111111111,-7.61111111111111,-10.6111111111111,NA,NA,NA,NA,NA,505,"CO",2015,20,1,256.09756097561,NA,144,0
21,2015-01-21,26.924,106.68,0.254,-11.3888888888889,-6,-14.2222222222222,NA,NA,NA,NA,NA,505,"CO",2015,21,1,252.380952380952,NA,144,0
22,2015-01-22,27.178,109.22,0,-21.1111111111111,-8.72222222222222,-16.8888888888889,NA,NA,NA,NA,NA,505,"CO",2015,22,1,248.837209302326,NA,144,0
23,2015-01-23,27.178,104.14,0,-16.5,-4.11111111111111,-11.1111111111111,NA,NA,NA,NA,NA,505,"CO",2015,23,1,260.975609756098,NA,144,0
24,2015-01-24,27.178,104.14,0,-13.2777777777778,-3.11111111111111,-7.77777777777778,NA,NA,NA,NA,NA,505,"CO",2015,24,1,260.975609756098,NA,144,0
25,2015-01-25,27.178,101.6,0.254,-6.72222222222222,-0.111111111111111,-4.61111111111111,NA,NA,NA,NA,NA,505,"CO",2015,25,1,267.5,NA,144,0
26,2015-01-26,27.178,101.6,0.254,-4.22222222222222,7.72222222222222,-0.88888888888889,NA,NA,NA,NA,NA,505,"CO",2015,26,1,267.5,NA,144,0
27,2015-01-27,27.178,101.6,0,-1.27777777777778,8.11111111111111,0.111111111111113,NA,NA,NA,NA,NA,505,"CO",2015,27,1,267.5,NA,144,0
28,2015-01-28,27.178,99.06,0,-5.61111111111111,-2.5,-4.72222222222222,NA,NA,NA,NA,NA,505,"CO",2015,28,1,274.358974358974,NA,144,0
29,2015-01-29,27.432,99.06,0,-6.38888888888889,1.61111111111111,-4.72222222222222,NA,NA,NA,NA,NA,505,"CO",2015,29,1,276.923076923077,NA,144,0
30,2015-01-30,27.432,99.06,0,-5.22222222222222,-0.388888888888889,-4.27777777777778,NA,NA,NA,NA,NA,505,"CO",2015,30,1,276.923076923077,NA,144,0
31,2015-01-31,27.432,99.06,0,-6.11111111111111,-2.72222222222222,-6.11111111111111,NA,NA,NA,NA,NA,505,"CO",2015,31,1,276.923076923077,NA,144,0
32,2015-02-01,27.686,99.06,0,-12.2222222222222,-8.27777777777778,-11.7222222222222,NA,NA,NA,NA,NA,505,"CO",2015,32,2,279.48717948718,NA,144,0
33,2015-02-02,27.686,99.06,0.254,-10.7222222222222,-4.22222222222222,-7.88888888888889,NA,NA,NA,NA,NA,505,"CO",2015,33,2,279.48717948718,NA,144,0
34,2015-02-03,27.94,99.06,0.508,-6.5,-0.722222222222223,-4.77777777777778,NA,NA,NA,NA,NA,505,"CO",2015,34,2,282.051282051282,NA,144,0
35,2015-02-04,28.448,106.68,2.54,-5.22222222222222,-3,-4.72222222222222,NA,NA,NA,NA,NA,505,"CO",2015,35,2,266.666666666667,NA,144,0
36,2015-02-05,31.242,129.54,0,-6.27777777777778,0.722222222222221,-4.61111111111111,NA,NA,NA,NA,NA,505,"CO",2015,36,2,241.176470588235,NA,144,0
37,2015-02-06,31.242,129.54,0,-4.5,5.5,-0.777777777777777,NA,NA,NA,NA,NA,505,"CO",2015,37,2,241.176470588235,NA,144,0
38,2015-02-07,31.242,121.92,0,-1.5,5.77777777777778,-0.777777777777777,NA,NA,NA,NA,NA,505,"CO",2015,38,2,256.25,NA,144,0
39,2015-02-08,31.242,121.92,0.254,-4.88888888888889,3.38888888888889,-1.77777777777778,NA,NA,NA,NA,NA,505,"CO",2015,39,2,256.25,NA,144,0
40,2015-02-09,31.242,119.38,0,-4.38888888888889,6.77777777777778,-0.88888888888889,NA,NA,NA,NA,NA,505,"CO",2015,40,2,261.702127659575,NA,144,0
41,2015-02-10,31.242,116.84,0,-2.77777777777778,-1.77777777777778,-4.38888888888889,NA,NA,NA,NA,NA,505,"CO",2015,41,2,267.391304347826,NA,144,0
42,2015-02-11,31.496,114.3,0,-7.22222222222222,-1.38888888888889,-6.72222222222222,NA,NA,NA,NA,NA,505,"CO",2015,42,2,275.555555555556,NA,144,0
43,2015-02-12,31.496,119.38,0,-9,1.22222222222222,-4.72222222222222,NA,NA,NA,NA,NA,505,"CO",2015,43,2,263.829787234043,NA,144,0
44,2015-02-13,31.496,116.84,0,-4.22222222222222,3.77777777777778,-2.5,NA,NA,NA,NA,NA,505,"CO",2015,44,2,269.565217391304,NA,144,0
45,2015-02-14,31.496,111.76,0,-4.72222222222222,7,-0.88888888888889,NA,NA,NA,NA,NA,505,"CO",2015,45,2,281.818181818182,NA,144,0
46,2015-02-15,31.496,109.22,0,-3,-0.277777777777778,-5.72222222222222,NA,NA,NA,NA,NA,505,"CO",2015,46,2,288.372093023256,NA,144,0
47,2015-02-16,32.004,116.84,0,-11.1111111111111,-6.61111111111111,-13.5,NA,NA,NA,NA,NA,505,"CO",2015,47,2,273.913043478261,NA,144,0
48,2015-02-17,32.258,119.38,0.508,-16.1111111111111,-9.5,-13.8888888888889,NA,NA,NA,NA,NA,505,"CO",2015,48,2,270.212765957447,NA,144,0
49,2015-02-18,32.512,121.92,0.254,-13.2777777777778,-1.5,-8,NA,NA,NA,NA,NA,505,"CO",2015,49,2,266.666666666667,NA,144,0
50,2015-02-19,32.512,119.38,0.254,-9,1.27777777777778,-4.11111111111111,NA,NA,NA,NA,NA,505,"CO",2015,50,2,272.340425531915,NA,144,0
51,2015-02-20,32.512,116.84,0.254,-5.5,-2.22222222222222,-7.88888888888889,NA,NA,NA,NA,NA,505,"CO",2015,51,2,278.260869565217,NA,144,0
52,2015-02-21,33.274,121.92,0.254,-11.7777777777778,-6.61111111111111,-12,NA,NA,NA,NA,NA,505,"CO",2015,52,2,272.916666666667,NA,144,0
53,2015-02-22,33.782,129.54,0.254,-14.7777777777778,-10.7777777777778,-14.3888888888889,NA,NA,NA,NA,NA,505,"CO",2015,53,2,260.78431372549,NA,144,0
54,2015-02-23,33.782,124.46,0.508,-13.3888888888889,-2.11111111111111,-8.27777777777778,NA,NA,NA,NA,NA,505,"CO",2015,54,2,271.428571428571,NA,144,0
55,2015-02-24,33.782,124.46,0,-14.3888888888889,0.499999999999999,-9,NA,NA,NA,NA,NA,505,"CO",2015,55,2,271.428571428571,NA,144,0
56,2015-02-25,33.782,124.46,0.508,-8.38888888888889,-5.5,-9.72222222222222,NA,NA,NA,NA,NA,505,"CO",2015,56,2,271.428571428571,NA,144,0
57,2015-02-26,34.544,129.54,0.254,-16,-10.3888888888889,-13.7777777777778,NA,NA,NA,NA,NA,505,"CO",2015,57,2,266.666666666667,NA,144,0
58,2015-02-27,35.306,134.62,0.508,-13.7777777777778,-7.77777777777778,-13.1111111111111,NA,NA,NA,NA,NA,505,"CO",2015,58,2,262.264150943396,NA,144,0
59,2015-02-28,35.56,132.08,0.254,-14.8888888888889,-5,-11.1111111111111,NA,NA,NA,NA,NA,505,"CO",2015,59,2,269.230769230769,NA,144,0
60,2015-03-01,35.814,134.62,0.762,-9.77777777777778,-3.77777777777778,-7.38888888888889,NA,NA,NA,NA,NA,505,"CO",2015,60,3,266.037735849057,NA,144,0
61,2015-03-02,36.322,137.16,0.254,-5.61111111111111,2.61111111111111,-3.22222222222222,NA,NA,NA,NA,NA,505,"CO",2015,61,3,264.814814814815,NA,144,0
62,2015-03-03,36.83,142.24,0.254,-9.5,-5.77777777777778,-10,NA,NA,NA,NA,NA,505,"CO",2015,62,3,258.928571428571,NA,144,0
63,2015-03-04,37.338,147.32,0,-14.3888888888889,-12.8888888888889,-17.2222222222222,NA,NA,NA,NA,NA,505,"CO",2015,63,3,253.448275862069,NA,144,0
64,2015-03-05,37.846,144.78,0.508,-20.7777777777778,-3.72222222222222,-13.3888888888889,NA,NA,NA,NA,NA,505,"CO",2015,64,3,261.40350877193,NA,144,0
65,2015-03-06,37.846,142.24,0.254,-13.8888888888889,0.222222222222221,-7.22222222222222,NA,NA,NA,NA,NA,505,"CO",2015,65,3,266.071428571429,NA,144,0
66,2015-03-07,37.846,139.7,0,-9.77777777777778,4.72222222222222,-4,NA,NA,NA,NA,NA,505,"CO",2015,66,3,270.909090909091,NA,144,0
67,2015-03-08,37.846,134.62,0,-8.22222222222222,2.11111111111111,-4.5,NA,NA,NA,NA,NA,505,"CO",2015,67,3,281.132075471698,NA,144,0
68,2015-03-09,37.846,132.08,0,-8.77777777777778,0.277777777777778,-5.77777777777778,NA,NA,NA,NA,NA,505,"CO",2015,68,3,286.538461538462,NA,144,0
69,2015-03-10,37.846,132.08,0,-8.77777777777778,3.61111111111111,-4,NA,NA,NA,NA,NA,505,"CO",2015,69,3,286.538461538462,NA,144,0
70,2015-03-11,37.846,129.54,0,-6.72222222222222,5.88888888888889,-1.61111111111111,NA,NA,NA,NA,NA,505,"CO",2015,70,3,292.156862745098,NA,144,0
71,2015-03-12,37.846,127,0.254,-3.22222222222222,5.5,-1.61111111111111,NA,NA,NA,NA,NA,505,"CO",2015,71,3,298,NA,144,0
72,2015-03-13,37.846,127,0.254,-4.61111111111111,0.277777777777778,-3.88888888888889,NA,NA,NA,NA,NA,505,"CO",2015,72,3,298,NA,144,0
73,2015-03-14,38.608,137.16,0.254,-8.38888888888889,6.77777777777778,-2.27777777777778,NA,NA,NA,NA,NA,505,"CO",2015,73,3,281.481481481481,NA,144,0
74,2015-03-15,38.608,129.54,0.254,-2.72222222222222,12.7777777777778,3.27777777777778,NA,NA,NA,NA,NA,505,"CO",2015,74,3,298.039215686275,NA,144,0
75,2015-03-16,38.608,124.46,0,1.11111111111111,10.2222222222222,3.5,NA,NA,NA,NA,NA,505,"CO",2015,75,3,310.204081632653,NA,144,0
76,2015-03-17,38.608,121.92,0,0.388888888888891,9.88888888888889,3,NA,NA,NA,NA,NA,505,"CO",2015,76,3,316.666666666667,NA,144,0
77,2015-03-18,38.608,116.84,0,1.5,5.22222222222222,0.722222222222221,NA,NA,NA,NA,NA,505,"CO",2015,77,3,330.434782608696,NA,144,0
78,2015-03-19,38.608,119.38,0,-3.38888888888889,0.277777777777778,-3.77777777777778,NA,NA,NA,NA,NA,505,"CO",2015,78,3,323.404255319149,NA,144,0
79,2015-03-20,38.608,114.3,0,-8.72222222222222,6.72222222222222,-2.5,NA,NA,NA,NA,NA,505,"CO",2015,79,3,337.777777777778,NA,144,0
80,2015-03-21,38.608,116.84,0,-4.38888888888889,7.11111111111111,-0.611111111111112,NA,NA,NA,NA,NA,505,"CO",2015,80,3,330.434782608696,NA,144,0
81,2015-03-22,38.608,114.3,0,-2.5,7.22222222222222,0.277777777777778,NA,NA,NA,NA,NA,505,"CO",2015,81,3,337.777777777778,NA,144,0
82,2015-03-23,38.608,114.3,0.254,-1.38888888888889,5.88888888888889,-0.611111111111112,NA,NA,NA,NA,NA,505,"CO",2015,82,3,337.777777777778,NA,144,0
83,2015-03-24,39.116,119.38,0.762,-5.88888888888889,-0.388888888888889,-5.27777777777778,NA,NA,NA,NA,NA,505,"CO",2015,83,3,327.659574468085,NA,144,0
84,2015-03-25,39.624,119.38,0.508,-5.22222222222222,-3.38888888888889,-7.38888888888889,NA,NA,NA,NA,NA,505,"CO",2015,84,3,331.914893617021,NA,144,0
85,2015-03-26,40.132,124.46,0.254,-9.88888888888889,1.22222222222222,-4.38888888888889,NA,NA,NA,NA,NA,505,"CO",2015,85,3,322.448979591837,NA,144,0
86,2015-03-27,40.132,124.46,0,-2.88888888888889,5.77777777777778,-0.777777777777777,NA,NA,NA,NA,NA,505,"CO",2015,86,3,322.448979591837,NA,144,0
87,2015-03-28,40.132,119.38,0.254,-1.27777777777778,8.88888888888889,2.38888888888889,NA,NA,NA,NA,NA,505,"CO",2015,87,3,336.170212765958,NA,144,0
88,2015-03-29,40.132,116.84,0,-2,7.22222222222222,0.222222222222221,NA,NA,NA,NA,NA,505,"CO",2015,88,3,343.478260869565,NA,144,0
89,2015-03-30,40.132,116.84,0,-2.11111111111111,8.11111111111111,1.22222222222222,NA,NA,NA,NA,NA,505,"CO",2015,89,3,343.478260869565,NA,144,0
90,2015-03-31,40.132,114.3,0,-2.5,9.72222222222222,2.61111111111111,NA,NA,NA,NA,NA,505,"CO",2015,90,3,351.111111111111,NA,144,0
91,2015-04-01,39.878,114.3,0,-0.222222222222221,5.22222222222222,-0.222222222222221,NA,NA,NA,NA,NA,505,"CO",2015,91,4,348.888888888889,NA,144,0
92,2015-04-02,39.878,111.76,0,-4.27777777777778,3.27777777777778,-4.11111111111111,NA,NA,NA,NA,NA,505,"CO",2015,92,4,356.818181818182,NA,144,0
93,2015-04-03,39.878,116.84,0.254,-10.7222222222222,-2.77777777777778,-8.61111111111111,NA,NA,NA,NA,NA,505,"CO",2015,93,4,341.304347826087,NA,144,0
94,2015-04-04,40.132,119.38,0.254,-10.3888888888889,5.72222222222222,-2.72222222222222,NA,NA,NA,NA,NA,505,"CO",2015,94,4,336.170212765958,NA,144,0
95,2015-04-05,40.386,111.76,0,-4.38888888888889,7.88888888888889,0.277777777777778,NA,NA,NA,NA,NA,505,"CO",2015,95,4,361.363636363636,NA,144,0
96,2015-04-06,39.624,111.76,0,-3,8.72222222222222,1.27777777777778,NA,NA,NA,NA,NA,505,"CO",2015,96,4,354.545454545455,NA,144,0
97,2015-04-07,39.624,106.68,0,-2.77777777777778,6.88888888888889,0.277777777777778,NA,NA,NA,NA,NA,505,"CO",2015,97,4,371.428571428571,NA,144,0
98,2015-04-08,39.624,104.14,0,-2.72222222222222,6,-1.61111111111111,NA,NA,NA,NA,NA,505,"CO",2015,98,4,380.487804878049,NA,144,0
99,2015-04-09,39.624,104.14,0.254,-9,0.999999999999998,-5,NA,NA,NA,NA,NA,505,"CO",2015,99,4,380.487804878049,NA,144,0
100,2015-04-10,39.878,106.68,0,-7.38888888888889,7.11111111111111,-2.11111111111111,NA,NA,NA,NA,NA,505,"CO",2015,100,4,373.809523809524,NA,144,0
101,2015-04-11,39.878,104.14,0,-4.72222222222222,7.5,-0.222222222222221,NA,NA,NA,NA,NA,505,"CO",2015,101,4,382.926829268293,NA,144,0
102,2015-04-12,39.624,104.14,0,-2.72222222222222,4.38888888888889,-1.77777777777778,NA,NA,NA,NA,NA,505,"CO",2015,102,4,380.487804878049,NA,144,0
103,2015-04-13,39.37,101.6,0.254,-5.38888888888889,7.22222222222222,0.111111111111113,NA,NA,NA,NA,NA,505,"CO",2015,103,4,387.5,NA,144,0
104,2015-04-14,38.862,99.06,0,-2.27777777777778,10.7222222222222,2.61111111111111,NA,NA,NA,NA,NA,505,"CO",2015,104,4,392.307692307692,NA,144,0
105,2015-04-15,38.354,93.98,0,-1,5.11111111111111,-2.27777777777778,NA,NA,NA,NA,NA,505,"CO",2015,105,4,408.108108108108,NA,144,0
106,2015-04-16,37.846,96.52,0.508,-6.72222222222222,-1.27777777777778,-5.77777777777778,NA,NA,NA,NA,NA,505,"CO",2015,106,4,392.105263157895,NA,144,0
107,2015-04-17,37.846,104.14,1.778,-6.22222222222222,-1.27777777777778,-6.22222222222222,NA,NA,NA,NA,NA,505,"CO",2015,107,4,363.414634146341,NA,144,0
108,2015-04-18,39.116,116.84,1.27,-8.22222222222222,1.61111111111111,-6,NA,NA,NA,NA,NA,505,"CO",2015,108,4,334.782608695652,NA,144,0
109,2015-04-19,39.878,111.76,0.254,-8.72222222222222,-1.27777777777778,-5.72222222222222,NA,NA,NA,NA,NA,505,"CO",2015,109,4,356.818181818182,NA,144,0
110,2015-04-20,39.878,109.22,0.762,-7.38888888888889,1.38888888888889,-4.5,NA,NA,NA,NA,NA,505,"CO",2015,110,4,365.116279069767,NA,144,0
111,2015-04-21,40.64,127,0.254,-7,4.72222222222222,-1.61111111111111,NA,NA,NA,NA,NA,505,"CO",2015,111,4,320,NA,144,0
112,2015-04-22,40.64,121.92,0.254,-3.77777777777778,6.72222222222222,-0.277777777777778,NA,NA,NA,NA,NA,505,"CO",2015,112,4,333.333333333333,NA,144,0
113,2015-04-23,40.64,119.38,0.508,-4.22222222222222,6.22222222222222,-0.88888888888889,NA,NA,NA,NA,NA,505,"CO",2015,113,4,340.425531914894,NA,144,0
114,2015-04-24,40.386,111.76,0,-4.88888888888889,4.11111111111111,-2.22222222222222,NA,NA,NA,NA,NA,505,"CO",2015,114,4,361.363636363636,NA,144,0
115,2015-04-25,40.386,111.76,0.508,-3.72222222222222,7.38888888888889,-0.777777777777777,NA,NA,NA,NA,NA,505,"CO",2015,115,4,361.363636363636,NA,144,0
116,2015-04-26,40.894,119.38,0.762,-2.38888888888889,0.222222222222221,-2.27777777777778,NA,NA,NA,NA,NA,505,"CO",2015,116,4,342.553191489362,NA,144,0
117,2015-04-27,41.402,124.46,0.254,-4.38888888888889,5.11111111111111,-1.77777777777778,NA,NA,NA,NA,NA,505,"CO",2015,117,4,332.65306122449,NA,144,0
118,2015-04-28,41.148,114.3,0.254,-6.11111111111111,7.61111111111111,-0.111111111111111,NA,NA,NA,NA,NA,505,"CO",2015,118,4,360,NA,144,0
119,2015-04-29,40.132,109.22,0,-1.77777777777778,10,3,NA,NA,NA,NA,NA,505,"CO",2015,119,4,367.441860465116,NA,144,0
120,2015-04-30,38.862,106.68,0,0.111111111111113,10.6111111111111,4.11111111111111,NA,NA,NA,NA,NA,505,"CO",2015,120,4,364.285714285714,NA,144,0
121,2015-05-01,38.1,99.06,0,0.722222222222221,10.7222222222222,2.38888888888889,NA,NA,NA,NA,NA,505,"CO",2015,121,5,384.615384615385,NA,144,0
122,2015-05-02,37.592,101.6,0,-1,11.1111111111111,3.22222222222222,NA,NA,NA,NA,NA,505,"CO",2015,122,5,370,NA,144,0
123,2015-05-03,37.084,99.06,0,-0.722222222222223,11.2222222222222,2.88888888888889,NA,NA,NA,NA,NA,505,"CO",2015,123,5,374.358974358974,NA,144,0
124,2015-05-04,36.322,99.06,0,0.499999999999999,9.61111111111111,2.5,NA,NA,NA,NA,NA,505,"CO",2015,124,5,366.666666666667,NA,144,0
125,2015-05-05,35.814,91.44,0.254,-1.11111111111111,5.77777777777778,1.61111111111111,NA,NA,NA,NA,NA,505,"CO",2015,125,5,391.666666666667,NA,144,0
126,2015-05-06,35.56,93.98,0.762,-0.222222222222221,4.77777777777778,0.499999999999999,NA,NA,NA,NA,NA,505,"CO",2015,126,5,378.378378378378,NA,144,0
127,2015-05-07,36.322,99.06,0.254,-1.77777777777778,9.11111111111111,0.999999999999998,NA,NA,NA,NA,NA,505,"CO",2015,127,5,366.666666666667,NA,144,0
128,2015-05-08,36.322,99.06,1.778,-1.5,6.22222222222222,0.499999999999999,NA,NA,NA,NA,NA,505,"CO",2015,128,5,366.666666666667,NA,144,0
129,2015-05-09,37.846,101.6,1.778,-1.11111111111111,5.61111111111111,-2.22222222222222,NA,NA,NA,NA,NA,505,"CO",2015,129,5,372.5,NA,144,0
130,2015-05-10,39.37,114.3,0.508,-6.88888888888889,-0.111111111111111,-5.38888888888889,NA,NA,NA,NA,NA,505,"CO",2015,130,5,344.444444444444,NA,144,0
131,2015-05-11,39.116,101.6,0.508,-6.27777777777778,4.22222222222222,-2.22222222222222,NA,NA,NA,NA,NA,505,"CO",2015,131,5,385,NA,144,0
132,2015-05-12,39.37,101.6,0,-2.61111111111111,11.1111111111111,3.61111111111111,NA,NA,NA,NA,NA,505,"CO",2015,132,5,387.5,NA,144,0
133,2015-05-13,38.1,99.06,0.254,0.722222222222221,4.88888888888889,1.27777777777778,NA,NA,NA,NA,NA,505,"CO",2015,133,5,384.615384615385,NA,144,0
134,2015-05-14,38.354,101.6,0.254,-0.777777777777777,8.88888888888889,3,NA,NA,NA,NA,NA,505,"CO",2015,134,5,377.5,NA,144,0
135,2015-05-15,38.1,96.52,0.762,0.499999999999999,6.11111111111111,-0.611111111111112,NA,NA,NA,NA,NA,505,"CO",2015,135,5,394.736842105263,NA,144,0
136,2015-05-16,38.608,101.6,0.762,-6.38888888888889,4.77777777777778,-2.38888888888889,NA,NA,NA,NA,NA,505,"CO",2015,136,5,380,NA,144,0
137,2015-05-17,39.37,111.76,1.778,-3.72222222222222,4.38888888888889,-0.722222222222223,NA,NA,NA,NA,NA,505,"CO",2015,137,5,352.272727272727,NA,144,0
138,2015-05-18,40.894,114.3,0.508,-2.22222222222222,7.72222222222222,1.22222222222222,NA,NA,NA,NA,NA,505,"CO",2015,138,5,357.777777777778,NA,144,0
139,2015-05-19,40.894,116.84,1.27,-0.777777777777777,4.61111111111111,-0.277777777777778,NA,NA,NA,NA,NA,505,"CO",2015,139,5,350,NA,144,0
140,2015-05-20,41.656,119.38,0.254,-2.72222222222222,6.11111111111111,0.499999999999999,NA,NA,NA,NA,NA,505,"CO",2015,140,5,348.936170212766,NA,144,0
141,2015-05-21,41.402,114.3,0.254,-1.27777777777778,10.2222222222222,2.22222222222222,NA,NA,NA,NA,NA,505,"CO",2015,141,5,362.222222222222,NA,144,0
142,2015-05-22,40.894,111.76,0.254,0.611111111111112,7.61111111111111,1.27777777777778,NA,NA,NA,NA,NA,505,"CO",2015,142,5,365.909090909091,NA,144,0
143,2015-05-23,41.402,111.76,0.508,-1.5,5.38888888888889,-1.27777777777778,NA,NA,NA,NA,NA,505,"CO",2015,143,5,370.454545454545,NA,144,0
144,2015-05-24,42.164,109.22,0.254,-5.38888888888889,7.38888888888889,-0.222222222222221,NA,NA,NA,NA,NA,505,"CO",2015,144,5,386.046511627907,NA,144,0
145,2015-05-25,41.656,106.68,0,-2.22222222222222,6.11111111111111,0.499999999999999,NA,NA,NA,NA,NA,505,"CO",2015,145,5,390.47619047619,NA,144,0
146,2015-05-26,41.148,106.68,0.254,-1,7.61111111111111,2.11111111111111,NA,NA,NA,NA,NA,505,"CO",2015,146,5,385.714285714286,NA,144,0
147,2015-05-27,40.894,104.14,0.254,0.999999999999998,9.61111111111111,3.27777777777778,NA,NA,NA,NA,NA,505,"CO",2015,147,5,392.682926829268,NA,144,0
148,2015-05-28,40.386,101.6,0.254,-1,9.72222222222222,2.22222222222222,NA,NA,NA,NA,NA,505,"CO",2015,148,5,397.5,NA,144,0
149,2015-05-29,39.37,96.52,0.254,-1.61111111111111,5.88888888888889,0.722222222222221,NA,NA,NA,NA,NA,505,"CO",2015,149,5,407.894736842105,NA,144,0
150,2015-05-30,38.862,96.52,0.508,-2.5,10.5,4.22222222222222,NA,NA,NA,NA,NA,505,"CO",2015,150,5,402.631578947368,NA,144,0
151,2015-05-31,37.084,93.98,0,3.88888888888889,13.1111111111111,6.61111111111111,NA,NA,NA,NA,NA,505,"CO",2015,151,5,394.594594594595,NA,144,0
152,2015-06-01,35.052,88.9,0,3.38888888888889,14.1111111111111,7.5,NA,NA,NA,NA,NA,505,"CO",2015,152,6,394.285714285714,NA,144,0
153,2015-06-02,32.512,83.82,0,4.77777777777778,16.2222222222222,8.77777777777778,NA,NA,NA,NA,NA,505,"CO",2015,153,6,387.878787878788,NA,144,0
154,2015-06-03,28.956,73.66,0,4.5,15.3888888888889,8.38888888888889,NA,NA,NA,NA,NA,505,"CO",2015,154,6,393.103448275862,NA,144,0
155,2015-06-04,26.162,66.04,0,4.72222222222222,16.1111111111111,9.11111111111111,NA,NA,NA,NA,NA,505,"CO",2015,155,6,396.153846153846,NA,144,0
156,2015-06-05,22.352,55.88,0.254,3.38888888888889,11.7777777777778,5.5,NA,NA,NA,NA,NA,505,"CO",2015,156,6,400,NA,144,0
157,2015-06-06,20.32,48.26,0.254,1.27777777777778,12.3888888888889,4.88888888888889,NA,NA,NA,NA,NA,505,"CO",2015,157,6,421.052631578947,NA,144,0
158,2015-06-07,17.78,45.72,0.254,1.22222222222222,11.3888888888889,5,NA,NA,NA,NA,NA,505,"CO",2015,158,6,388.888888888889,NA,144,0
159,2015-06-08,15.24,38.1,0,1.27777777777778,13.6111111111111,6.88888888888889,NA,NA,NA,NA,NA,505,"CO",2015,159,6,400,NA,144,0
160,2015-06-09,11.176,25.4,0,4.5,16.5,9.11111111111111,NA,NA,NA,NA,NA,505,"CO",2015,160,6,440,NA,144,0
161,2015-06-10,7.62,15.24,0,6.38888888888889,13,7.22222222222222,NA,NA,NA,NA,NA,505,"CO",2015,161,6,500,NA,144,0
162,2015-06-11,5.08,10.16,0.508,4.22222222222222,12,4.77777777777778,NA,NA,NA,NA,NA,505,"CO",2015,162,6,500,NA,144,0
163,2015-06-12,2.54,7.62,0.508,2.38888888888889,12,5.77777777777778,NA,NA,NA,NA,NA,505,"CO",2015,163,6,333.333333333333,NA,144,0
164,2015-06-13,0,0,0.254,3.22222222222222,15.5,7,NA,NA,NA,NA,NA,505,"CO",2015,164,6,NA,NA,144,0
165,2015-06-14,0,0,0,4,13.3888888888889,7.61111111111111,NA,NA,NA,NA,NA,505,"CO",2015,165,6,NA,NA,144,0
166,2015-06-15,0,0,0,4.11111111111111,16.2222222222222,8.38888888888889,NA,NA,NA,NA,NA,505,"CO",2015,166,6,NA,NA,144,0
167,2015-06-16,0,0,0,4.88888888888889,14.7777777777778,8.11111111111111,NA,NA,NA,NA,NA,505,"CO",2015,167,6,NA,NA,144,0
168,2015-06-17,0,0,0,4.5,18.5,10.6111111111111,NA,NA,NA,NA,NA,505,"CO",2015,168,6,NA,NA,144,0
169,2015-06-18,0,0,0,6.72222222222222,19.5,12.1111111111111,NA,NA,NA,NA,NA,505,"CO",2015,169,6,NA,NA,144,0
170,2015-06-19,0,0,0,7.5,20.8888888888889,13.2222222222222,NA,NA,NA,NA,NA,505,"CO",2015,170,6,NA,NA,144,0
171,2015-06-20,0,0,0,9,21.3888888888889,13.7222222222222,NA,NA,NA,NA,NA,505,"CO",2015,171,6,NA,NA,144,0
172,2015-06-21,0,0,0,8.61111111111111,22.5,14.6111111111111,NA,NA,NA,NA,NA,505,"CO",2015,172,6,NA,NA,144,0
173,2015-06-22,0,0,0,10.5,22.6111111111111,14.8888888888889,NA,NA,NA,NA,NA,505,"CO",2015,173,6,NA,NA,144,0
174,2015-06-23,0,0,0,8.5,22.1111111111111,14.1111111111111,NA,NA,NA,NA,NA,505,"CO",2015,174,6,NA,NA,144,0
175,2015-06-24,0,0,0,9.72222222222222,21.1111111111111,12,NA,NA,NA,NA,NA,505,"CO",2015,175,6,NA,NA,144,0
176,2015-06-25,0,0,0,6.88888888888889,20.2777777777778,11.5,NA,NA,NA,NA,NA,505,"CO",2015,176,6,NA,NA,144,0
177,2015-06-26,0,0,0,7.5,19.1111111111111,11.7777777777778,NA,NA,NA,NA,NA,505,"CO",2015,177,6,NA,NA,144,0
178,2015-06-27,0,0,0,6.61111111111111,20,12.2777777777778,NA,NA,NA,NA,NA,505,"CO",2015,178,6,NA,NA,144,0
179,2015-06-28,0,0,0,8,21,11.8888888888889,NA,NA,NA,NA,NA,505,"CO",2015,179,6,NA,NA,144,0
180,2015-06-29,0,0,0,7.72222222222222,20.1111111111111,12,NA,NA,NA,NA,NA,505,"CO",2015,180,6,NA,NA,144,0
181,2015-06-30,0,0,0,7.77777777777778,22.2222222222222,13.6111111111111,NA,NA,NA,NA,NA,505,"CO",2015,181,6,NA,NA,144,0
182,2015-07-01,0,0,0,7,20.5,11.8888888888889,NA,NA,NA,NA,NA,505,"CO",2015,182,7,NA,NA,144,0
183,2015-07-02,0,0,0.254,8.5,19.3888888888889,11.7222222222222,NA,NA,NA,NA,NA,505,"CO",2015,183,7,NA,NA,144,0
184,2015-07-03,0,0,0,8.38888888888889,20.1111111111111,12.6111111111111,NA,NA,NA,NA,NA,505,"CO",2015,184,7,NA,NA,144,0
185,2015-07-04,0,0,0,7.88888888888889,20.6111111111111,13,NA,NA,NA,NA,NA,505,"CO",2015,185,7,NA,NA,144,0
186,2015-07-05,0,0,0,8.88888888888889,16.7777777777778,10.7222222222222,NA,NA,NA,NA,NA,505,"CO",2015,186,7,NA,NA,144,0
187,2015-07-06,0,0,0.254,6.88888888888889,14.8888888888889,8.11111111111111,NA,NA,NA,NA,NA,505,"CO",2015,187,7,NA,NA,144,0
188,2015-07-07,0,0,0.508,6,13.2222222222222,7.61111111111111,NA,NA,NA,NA,NA,505,"CO",2015,188,7,NA,NA,144,0
189,2015-07-08,0,0,1.016,5.38888888888889,8.5,5.61111111111111,NA,NA,NA,NA,NA,505,"CO",2015,189,7,NA,NA,144,0
190,2015-07-09,0,0,0.254,4,14.1111111111111,6.72222222222222,NA,NA,NA,NA,NA,505,"CO",2015,190,7,NA,NA,144,0
191,2015-07-10,0,0,0.254,4,13.7777777777778,7.38888888888889,NA,NA,NA,NA,NA,505,"CO",2015,191,7,NA,NA,144,0
192,2015-07-11,0,0,0,4.88888888888889,17.2777777777778,9.38888888888889,NA,NA,NA,NA,NA,505,"CO",2015,192,7,NA,NA,144,0
193,2015-07-12,0,0,0.254,7,19,11.8888888888889,NA,NA,NA,NA,NA,505,"CO",2015,193,7,NA,NA,144,0
194,2015-07-13,0,0,0,9.5,17.6111111111111,10.1111111111111,NA,NA,NA,NA,NA,505,"CO",2015,194,7,NA,NA,144,0
195,2015-07-14,0,0,0.762,6.11111111111111,16.3888888888889,7.77777777777778,NA,NA,NA,NA,NA,505,"CO",2015,195,7,NA,NA,144,0
196,2015-07-15,0,0,0.254,4.88888888888889,14.8888888888889,7.38888888888889,NA,NA,NA,NA,NA,505,"CO",2015,196,7,NA,NA,144,0
197,2015-07-16,0,0,0,3.72222222222222,16.6111111111111,9.22222222222222,NA,NA,NA,NA,NA,505,"CO",2015,197,7,NA,NA,144,0
198,2015-07-17,0,0,0,7.22222222222222,17.8888888888889,10.6111111111111,NA,NA,NA,NA,NA,505,"CO",2015,198,7,NA,NA,144,0
199,2015-07-18,0,0,0,8,18,9.22222222222222,NA,NA,NA,NA,NA,505,"CO",2015,199,7,NA,NA,144,0
200,2015-07-19,0,0,0,5.11111111111111,11.5,7.72222222222222,NA,NA,NA,NA,NA,505,"CO",2015,200,7,NA,NA,144,0
201,2015-07-20,0,0,0.762,4.72222222222222,14.7222222222222,7.72222222222222,NA,NA,NA,NA,NA,505,"CO",2015,201,7,NA,NA,144,0
202,2015-07-21,0,0,0.254,6,15,7.61111111111111,NA,NA,NA,NA,NA,505,"CO",2015,202,7,NA,NA,144,0
203,2015-07-22,0,0,0,3.88888888888889,15.6111111111111,8.77777777777778,NA,NA,NA,NA,NA,505,"CO",2015,203,7,NA,NA,144,0
204,2015-07-23,0,0,0,7.72222222222222,18.7777777777778,12.1111111111111,0,0,0,0,NA,505,"CO",2015,204,7,NA,NA,144,0
205,2015-07-24,0,0,1.016,9.77777777777778,15.5,9.11111111111111,0,0,0,0,NA,505,"CO",2015,205,7,NA,0,144,0
206,2015-07-25,0,0,0,5,19.1111111111111,11.5,0,0,0,0,NA,505,"CO",2015,206,7,NA,0,144,0
207,2015-07-26,0,0,0,8,18.7777777777778,12.2777777777778,0,0,0,0,NA,505,"CO",2015,207,7,NA,0,144,0
208,2015-07-27,0,0,0,9.77777777777778,20.1111111111111,13.2222222222222,0,0,0,0,NA,505,"CO",2015,208,7,NA,0,144,0
209,2015-07-28,0,0,0,8.11111111111111,19.1111111111111,11.7777777777778,0,0,0,0,NA,505,"CO",2015,209,7,NA,0,144,0
210,2015-07-29,0,0,0,8.38888888888889,19.8888888888889,11.8888888888889,0,0,0,0,NA,505,"CO",2015,210,7,NA,0,144,0
211,2015-07-30,0,0,0,7.5,21.3888888888889,12.7777777777778,0,0,0,0,NA,505,"CO",2015,211,7,NA,0,144,0
212,2015-07-31,0,0,0,9.88888888888889,18.3888888888889,11.8888888888889,0,0,0,0,NA,505,"CO",2015,212,7,NA,0,144,0
213,2015-08-01,0,0,0,8,21.1111111111111,13.2222222222222,0,0,0,0,NA,505,"CO",2015,213,8,NA,0,144,0
214,2015-08-02,0,0,0,10.1111111111111,19.6111111111111,11.6111111111111,0,0,0,0,NA,505,"CO",2015,214,8,NA,0,144,0
366,2016-01-01,23.114,93.98,0,-19.7777777777778,-4.77777777777778,-14,0,0,0,0,NA,505,"CO",2016,1,1,245.945945945946,0,109,0
367,2016-01-02,23.114,91.44,0.254,-13,-1.77777777777778,-8.72222222222222,0,0,0,0,NA,505,"CO",2016,2,1,252.777777777778,0,109,0
368,2016-01-03,23.114,91.44,0,-9.22222222222222,0.722222222222221,-6.22222222222222,0,0,0,0,NA,505,"CO",2016,3,1,252.777777777778,0,109,0
369,2016-01-04,23.114,91.44,0.254,-6.22222222222222,1.77777777777778,-4.5,0,0,0,0,NA,505,"CO",2016,4,1,252.777777777778,0,109,0
370,2016-01-05,23.114,91.44,0,-5.88888888888889,0,-5.77777777777778,0,0,0,0,NA,505,"CO",2016,5,1,252.777777777778,0,109,0
371,2016-01-06,23.114,91.44,0,-8.77777777777778,-2.5,-7.27777777777778,0,0,0,0,NA,505,"CO",2016,6,1,252.777777777778,0,109,0
372,2016-01-07,23.114,88.9,0,-8.72222222222222,-5.38888888888889,-8.72222222222222,0,0,0,0,NA,505,"CO",2016,7,1,260,0,109,0
373,2016-01-08,23.368,93.98,0,-12,-6.61111111111111,-11.1111111111111,0,0,0,0,NA,505,"CO",2016,8,1,248.648648648649,0,109,0
374,2016-01-09,23.368,91.44,0,-12.2222222222222,-10.2222222222222,-13.2777777777778,0,0,0,0,NA,505,"CO",2016,9,1,255.555555555556,0,109,0
375,2016-01-10,23.368,91.44,0,-17.3888888888889,-9.88888888888889,-16.5,0,0,0,0,NA,505,"CO",2016,10,1,255.555555555556,0,109,0
376,2016-01-11,23.368,93.98,0,-17.6111111111111,-6.88888888888889,-13.2222222222222,0,0,0,0,NA,505,"CO",2016,11,1,248.648648648649,0,109,0
377,2016-01-12,23.368,93.98,0,-13.3888888888889,-2,-9.72222222222222,0,0,0,0,NA,505,"CO",2016,12,1,248.648648648649,0,109,0
378,2016-01-13,23.368,91.44,0,-11.5,-0.611111111111112,-6.5,0,0,0,0,NA,505,"CO",2016,13,1,255.555555555556,0,109,0
379,2016-01-14,23.622,91.44,0,-7.27777777777778,-6.27777777777778,-10.5,0,0,0,0,NA,505,"CO",2016,14,1,258.333333333333,0,109,0
380,2016-01-15,23.876,96.52,0.254,-13.2222222222222,-7.88888888888889,-12.5,0,0,0,0,NA,505,"CO",2016,15,1,247.368421052632,0,109,0
381,2016-01-16,24.384,101.6,0.508,-15,-10.7222222222222,-13.8888888888889,0,0,0,0,NA,505,"CO",2016,16,1,240,0,109,0
382,2016-01-17,24.638,101.6,1.016,-10.7222222222222,-7.77777777777778,-10.2777777777778,0,0,0,0,NA,505,"CO",2016,17,1,242.5,0,109,0
383,2016-01-18,25.654,106.68,0,-11.8888888888889,-1.38888888888889,-7.11111111111111,0,0,0,0,NA,505,"CO",2016,18,1,240.47619047619,0,109,0
384,2016-01-19,25.654,109.22,0.254,-8.27777777777778,-3.72222222222222,-8.61111111111111,0,0,0,0,NA,505,"CO",2016,19,1,234.883720930233,0,109,0
385,2016-01-20,26.162,111.76,0.254,-11.3888888888889,-5.77777777777778,-10.6111111111111,0,0,0,0,NA,505,"CO",2016,20,1,234.090909090909,0,109,0
386,2016-01-21,26.416,114.3,0,-15,-6.27777777777778,-12.1111111111111,0,0,0,0,NA,505,"CO",2016,21,1,231.111111111111,0,109,0
387,2016-01-22,26.67,111.76,0.508,-10.5,1.77777777777778,-5.72222222222222,0,0,0,0,NA,505,"CO",2016,22,1,238.636363636364,0,109,0
388,2016-01-23,26.67,111.76,0,-6.27777777777778,3.5,-3.38888888888889,0,0,0,0,NA,505,"CO",2016,23,1,238.636363636364,0,109,0
389,2016-01-24,26.67,109.22,0,-5.88888888888889,-0.722222222222223,-7.77777777777778,0,0,0,0,NA,505,"CO",2016,24,1,244.186046511628,0,109,0
390,2016-01-25,26.67,106.68,0,-12.3888888888889,-9,-13.5,0,0,0,0,NA,505,"CO",2016,25,1,250,0,109,0
391,2016-01-26,26.924,106.68,0,-17.3888888888889,-7.61111111111111,-13.7777777777778,0,0,0,0,NA,505,"CO",2016,26,1,252.380952380952,0,109,0
392,2016-01-27,26.924,109.22,0.254,-14.2777777777778,0.611111111111112,-7.27777777777778,0,0,0,0,NA,505,"CO",2016,27,1,246.511627906977,0,109,0
393,2016-01-28,26.924,106.68,0,-9,2.22222222222222,-5.27777777777778,0,0,0,0,NA,505,"CO",2016,28,1,252.380952380952,0,109,0
394,2016-01-29,26.924,106.68,0.254,-5.38888888888889,-2.77777777777778,-5.77777777777778,0,0,0,0,NA,505,"CO",2016,29,1,252.380952380952,0,109,0
395,2016-01-30,27.178,104.14,1.016,-5.5,1.72222222222222,-3.38888888888889,0,0,0,0,NA,505,"CO",2016,30,1,260.975609756098,0,109,0
396,2016-01-31,28.956,124.46,0.762,-9.77777777777778,-6,-9.72222222222222,0,0,0,0,NA,505,"CO",2016,31,1,232.65306122449,0,109,0
397,2016-02-01,29.972,129.54,0.254,-8.22222222222222,-5.5,-10.3888888888889,0,0,0,0,NA,505,"CO",2016,32,2,231.372549019608,0,109,0
398,2016-02-02,30.48,129.54,0,-16.5,-13.2777777777778,-17.2777777777778,0,0,0,0,NA,505,"CO",2016,33,2,235.294117647059,0,109,0
399,2016-02-03,30.48,127,0,-20.8888888888889,-17.8888888888889,-20.6111111111111,0,0,0,0,NA,505,"CO",2016,34,2,240,0,109,0
400,2016-02-04,30.734,127,0.508,-22.8888888888889,-9.61111111111111,-16.1111111111111,0,0,0,0,NA,505,"CO",2016,35,2,242,0,109,0
401,2016-02-05,30.734,121.92,0,-15.2222222222222,-11.3888888888889,-15.5,0,0,0,0,NA,505,"CO",2016,36,2,252.083333333333,0,109,0
402,2016-02-06,30.988,127,0.508,-15.8888888888889,-3.22222222222222,-9.38888888888889,0,0,0,0,NA,505,"CO",2016,37,2,244,0,109,0
403,2016-02-07,30.988,124.46,0,-9.27777777777778,-4.88888888888889,-8.5,0,0,0,0,NA,505,"CO",2016,38,2,248.979591836735,0,109,0
404,2016-02-08,30.988,119.38,0,-8.5,-0.111111111111111,-6.61111111111111,0,0,0,0,NA,505,"CO",2016,39,2,259.574468085106,0,109,0
405,2016-02-09,30.988,119.38,0,-9.88888888888889,2.88888888888889,-5.5,0,0,0,0,NA,505,"CO",2016,40,2,259.574468085106,0,109,1
406,2016-02-10,30.988,119.38,0,-6.11111111111111,5.38888888888889,-2.72222222222222,0,0,0,0,NA,505,"CO",2016,41,2,259.574468085106,0,109,0
407,2016-02-11,30.988,119.38,0,-6.38888888888889,4.5,-1.77777777777778,0,0,0,0,NA,505,"CO",2016,42,2,259.574468085106,0,109,0
408,2016-02-12,30.988,116.84,0,-3.38888888888889,5.5,-0.777777777777777,0,0,0,0,NA,505,"CO",2016,43,2,265.217391304348,0,109,0
409,2016-02-13,30.988,116.84,0,-2,5.5,-1.22222222222222,0,0,0,0,NA,505,"CO",2016,44,2,265.217391304348,0,109,0
410,2016-02-14,30.988,116.84,0.254,-7.22222222222222,-3.22222222222222,-6.61111111111111,0,0,0,0,NA,505,"CO",2016,45,2,265.217391304348,0,109,0
411,2016-02-15,32.004,124.46,1.016,-8.27777777777778,-2.5,-5.22222222222222,0,0,0,0,NA,505,"CO",2016,46,2,257.142857142857,0,109,0
412,2016-02-16,32.512,129.54,0.254,-4.72222222222222,0.611111111111112,-4.11111111111111,0,0,0,0,NA,505,"CO",2016,47,2,250.980392156863,0,109,0
413,2016-02-17,32.766,132.08,0,-7.11111111111111,6.77777777777778,-1,0,0,0,0,NA,505,"CO",2016,48,2,248.076923076923,0,109,0
414,2016-02-18,32.766,127,0.254,-1.77777777777778,5.22222222222222,-0.777777777777777,0,0,0,0,NA,505,"CO",2016,49,2,258,0,109,0
415,2016-02-19,33.274,132.08,0,-9.77777777777778,2.5,-4.72222222222222,0,0,0,0,NA,505,"CO",2016,50,2,251.923076923077,0,109,0
416,2016-02-20,33.274,129.54,0,-4.61111111111111,4.88888888888889,-3,0,0,0,0,NA,505,"CO",2016,51,2,256.862745098039,0,109,0
417,2016-02-21,33.274,129.54,0.254,-7.22222222222222,3.77777777777778,-4.11111111111111,0,0,0,0,NA,505,"CO",2016,52,2,256.862745098039,0,109,0
418,2016-02-22,33.274,127,0,-6.88888888888889,-4.38888888888889,-8,0,0,0,0,NA,505,"CO",2016,53,2,262,0,109,0
419,2016-02-23,33.528,129.54,0,-11.7222222222222,-5.77777777777778,-11.7777777777778,0,0,0,0,NA,505,"CO",2016,54,2,258.823529411765,0,109,0
420,2016-02-24,33.528,127,0,-15.7777777777778,-3.38888888888889,-10.3888888888889,0,0,0,0,NA,505,"CO",2016,55,2,264,0,109,0
421,2016-02-25,33.528,127,0,-11.3888888888889,0.111111111111113,-6.5,0,0,0,0,NA,505,"CO",2016,56,2,264,0,109,0
422,2016-02-26,33.528,124.46,0.254,-7.27777777777778,4.72222222222222,-3.5,0,0,0,0,NA,505,"CO",2016,57,2,269.387755102041,0,109,0
423,2016-02-27,33.528,124.46,0,-5.77777777777778,5.5,-1.5,0,0,0,0,NA,505,"CO",2016,58,2,269.387755102041,0,109,0
424,2016-02-28,33.528,121.92,0,-4.72222222222222,3.22222222222222,-4.22222222222222,0,0,0,0,NA,505,"CO",2016,59,2,275,0,109,0
425,2016-02-29,33.528,121.92,0,-5.77777777777778,2,-4.77777777777778,0,0,0,0,NA,505,"CO",2016,60,2,275,0,109,0
426,2016-03-01,34.036,124.46,0.254,-10.7222222222222,1.27777777777778,-5.61111111111111,0,0,0,0,NA,505,"CO",2016,61,3,273.469387755102,0,109,0
427,2016-03-02,34.036,127,0.508,-4.72222222222222,-1.22222222222222,-4.88888888888889,0,0,0,0,NA,505,"CO",2016,62,3,268,0,109,0
428,2016-03-03,34.544,134.62,0.254,-8.72222222222222,5,-2.77777777777778,0,0,0,0,NA,505,"CO",2016,63,3,256.603773584906,0,109,0
429,2016-03-04,34.544,129.54,0,-2.61111111111111,3.61111111111111,-1.77777777777778,0,0,0,0,NA,505,"CO",2016,64,3,266.666666666667,0,109,0
430,2016-03-05,34.544,129.54,0,-4.72222222222222,6.88888888888889,-0.111111111111111,0,0,0,0,NA,505,"CO",2016,65,3,266.666666666667,0,109,0
431,2016-03-06,34.544,127,0,-2.61111111111111,3.38888888888889,-1.38888888888889,0,0,0,0,NA,505,"CO",2016,66,3,272,0,109,0
432,2016-03-07,34.544,124.46,0,-4.22222222222222,-3.22222222222222,-6,0,0,0,0,NA,505,"CO",2016,67,3,277.551020408163,0,109,0
433,2016-03-08,35.052,127,0,-9.27777777777778,0.277777777777778,-7.77777777777778,0,0,0,0,NA,505,"CO",2016,68,3,276,0,109,0
434,2016-03-09,35.052,121.92,0,-9.11111111111111,-0.611111111111112,-7.61111111111111,0,0,0,0,NA,505,"CO",2016,69,3,287.5,0,109,0
435,2016-03-10,35.052,121.92,0.254,-9,4.5,-3.11111111111111,0,0,0,0,NA,505,"CO",2016,70,3,287.5,0,109,0
436,2016-03-11,35.306,127,0.254,-2.38888888888889,11.7222222222222,3.22222222222222,0,0,0,0,NA,505,"CO",2016,71,3,278,0,109,0
437,2016-03-12,35.56,124.46,0,1.22222222222222,3.72222222222222,-0.611111111111112,0,0,0,0,NA,505,"CO",2016,72,3,285.714285714286,0,109,0
438,2016-03-13,35.56,127,0,-4.22222222222222,2.88888888888889,-2.11111111111111,0,0,0,0,NA,505,"CO",2016,73,3,280,0,109,0
439,2016-03-14,35.814,121.92,1.016,-4.72222222222222,-1,-5,0,0,0,0,NA,505,"CO",2016,74,3,293.75,0,109,0
440,2016-03-15,37.846,152.4,1.27,-10.2222222222222,-6.88888888888889,-11.2222222222222,0,0,0,0,NA,505,"CO",2016,75,3,248.333333333333,0,109,0
441,2016-03-16,39.116,157.48,1.016,-12.7777777777778,-7.38888888888889,-10.7777777777778,0,0,0,0,NA,505,"CO",2016,76,3,248.387096774194,0,109,0
442,2016-03-17,40.386,165.1,0.762,-9.72222222222222,-2.22222222222222,-7.38888888888889,0,0,0,0,NA,505,"CO",2016,77,3,244.615384615385,0,109,0
443,2016-03-18,41.402,170.18,0.508,-10.6111111111111,-4.77777777777778,-10.3888888888889,0,0,0,0,NA,505,"CO",2016,78,3,243.283582089552,0,109,0
444,2016-03-19,41.656,165.1,0,-12.7222222222222,-3,-10.8888888888889,0,0,0,0,NA,505,"CO",2016,79,3,252.307692307692,0,109,0
445,2016-03-20,41.656,162.56,0.254,-14.1111111111111,2.88888888888889,-5.22222222222222,0,0,0,0,NA,505,"CO",2016,80,3,256.25,0,109,0
446,2016-03-21,42.164,154.94,0.254,-4.77777777777778,7.72222222222222,0.499999999999999,0,0,0,0,NA,505,"CO",2016,81,3,272.131147540984,0,109,0
447,2016-03-22,42.164,144.78,0,-1.38888888888889,4.88888888888889,-0.88888888888889,0,0,0,0,NA,505,"CO",2016,82,3,291.228070175439,0,109,0
448,2016-03-23,42.164,147.32,0.762,-6.38888888888889,-4.61111111111111,-8.38888888888889,0,0,0,0,NA,505,"CO",2016,83,3,286.206896551724,0,109,0
449,2016-03-24,43.434,157.48,0.254,-9.88888888888889,-2.72222222222222,-7.88888888888889,0,0,0,0,NA,505,"CO",2016,84,3,275.806451612903,0,109,0
450,2016-03-25,43.688,162.56,0.762,-8.22222222222222,-3.88888888888889,-9.27777777777778,0,0,0,0,NA,505,"CO",2016,85,3,268.75,0,109,0
451,2016-03-26,44.704,170.18,0.254,-16.2222222222222,-5.72222222222222,-12.1111111111111,0,0,0,0,NA,505,"CO",2016,86,3,262.686567164179,0,109,0
452,2016-03-27,44.958,170.18,0.254,-15,-0.222222222222221,-8.22222222222222,0,0,0,0,NA,505,"CO",2016,87,3,264.179104477612,0,109,0
453,2016-03-28,45.212,154.94,0.254,-7.38888888888889,6.11111111111111,-1.11111111111111,0,0,0,0,NA,505,"CO",2016,88,3,291.803278688525,0,109,0
454,2016-03-29,45.466,154.94,0,-2,5.88888888888889,-1.77777777777778,0,0,0,0,NA,505,"CO",2016,89,3,293.44262295082,0,109,0
455,2016-03-30,45.466,149.86,0,-9.77777777777778,-5.22222222222222,-9.38888888888889,0,0,0,0,NA,505,"CO",2016,90,3,303.389830508475,0,109,0
456,2016-03-31,45.72,162.56,0.254,-11.2777777777778,-3.72222222222222,-10.2777777777778,0,0,0,0,NA,505,"CO",2016,91,3,281.25,0,109,0
457,2016-04-01,46.228,160.02,0,-15,-2.88888888888889,-9.61111111111111,0,0,0,0,NA,505,"CO",2016,92,4,288.888888888889,0,109,0
458,2016-04-02,46.228,157.48,0.508,-10.3888888888889,5.5,-3.5,0,0,0,0,NA,505,"CO",2016,93,4,293.548387096774,0,109,0
459,2016-04-03,46.482,152.4,0,-5.77777777777778,4.88888888888889,-0.777777777777777,0,0,0,0,NA,505,"CO",2016,94,4,305,0,109,0
460,2016-04-04,46.482,147.32,0.254,-2.77777777777778,8.61111111111111,1.27777777777778,0,0,0,0,NA,505,"CO",2016,95,4,315.51724137931,0,109,0
461,2016-04-05,46.482,144.78,0,-1.22222222222222,2.38888888888889,-4.5,0,0,0,0,NA,505,"CO",2016,96,4,321.052631578947,0,109,0
462,2016-04-06,46.736,147.32,0.508,-8.77777777777778,5.77777777777778,-2.22222222222222,0,0,0,0,NA,505,"CO",2016,97,4,317.241379310345,0,109,0
463,2016-04-07,46.99,142.24,0,-1.77777777777778,7.72222222222222,0.388888888888891,0,0,0,0,NA,505,"CO",2016,98,4,330.357142857143,0,109,0
464,2016-04-08,46.228,139.7,0,-3.11111111111111,9.22222222222222,1.61111111111111,0,0,0,0,NA,505,"CO",2016,99,4,330.909090909091,0,109,0
465,2016-04-09,45.72,139.7,0,-0.777777777777777,6.22222222222222,0.111111111111113,0,0,0,0,NA,505,"CO",2016,100,4,327.272727272727,0,109,0
466,2016-04-10,45.974,137.16,0.254,-1.5,6,-0.111111111111111,0,0,0,0,NA,505,"CO",2016,101,4,335.185185185185,0,109,0
467,2016-04-11,45.974,139.7,0,-4.11111111111111,4,-0.277777777777778,0,0,0,0,NA,505,"CO",2016,102,4,329.090909090909,0,109,0
468,2016-04-12,45.974,139.7,0.254,-2,6.77777777777778,0.722222222222221,0,0,0,0,NA,505,"CO",2016,103,4,329.090909090909,0,109,0
469,2016-04-13,45.466,132.08,0.254,-2.38888888888889,9.38888888888889,1.27777777777778,0,0,0,0,NA,505,"CO",2016,104,4,344.230769230769,0,109,0
470,2016-04-14,45.212,132.08,0,-0.111111111111111,8.72222222222222,2.61111111111111,0,0,0,0,NA,505,"CO",2016,105,4,342.307692307692,0,109,0
471,2016-04-15,44.958,132.08,1.27,-0.777777777777777,2.77777777777778,-2.72222222222222,0,0,0,0,NA,505,"CO",2016,106,4,340.384615384615,0,109,0
472,2016-04-16,46.228,154.94,1.016,-6.88888888888889,-5.77777777777778,-7.61111111111111,0,0,0,0,NA,505,"CO",2016,107,4,298.360655737705,0,109,0
473,2016-04-17,49.784,167.64,0.762,-8.72222222222222,-1.11111111111111,-7,0,0,0,0,NA,505,"CO",2016,108,4,296.969696969697,0,109,0
474,2016-04-18,50.292,167.64,0,-11.2777777777778,1.27777777777778,-6,0,0,0,0,NA,505,"CO",2016,109,4,300,0,109,0
475,2016-04-19,50.292,160.02,0.254,-7.77777777777778,0.722222222222221,-4.72222222222222,0,0,0,0,NA,505,"CO",2016,110,4,314.285714285714,0,109,0
476,2016-04-20,50.292,152.4,0.254,-5.72222222222222,2.77777777777778,-2.38888888888889,0,0,0,0,NA,505,"CO",2016,111,4,330,0,109,0
477,2016-04-21,50.292,149.86,0.254,-3.88888888888889,8.38888888888889,0.999999999999998,0,0,0,0,NA,505,"CO",2016,112,4,335.593220338983,0,109,0
478,2016-04-22,48.768,147.32,0,-1.38888888888889,13.2222222222222,4.72222222222222,0,0,0,0,NA,505,"CO",2016,113,4,331.034482758621,0,109,0
479,2016-04-23,47.752,144.78,0,2.22222222222222,11.5,2.77777777777778,0,0,0,0,NA,505,"CO",2016,114,4,329.824561403509,0,109,0
480,2016-04-24,47.752,137.16,0,-4.11111111111111,5.11111111111111,-1.22222222222222,0,0,0,0,NA,505,"CO",2016,115,4,348.148148148148,0,109,0
481,2016-04-25,47.498,137.16,0.254,-2.27777777777778,9.22222222222222,1.5,0,0,0,0,NA,505,"CO",2016,116,4,346.296296296296,0,109,0
482,2016-04-26,47.244,132.08,0,-4.38888888888889,3,-3.88888888888889,0,0,0,0,NA,505,"CO",2016,117,4,357.692307692308,0,109,0
483,2016-04-27,47.752,134.62,0.508,-6.38888888888889,1.77777777777778,-3.72222222222222,0,0,0,0,NA,505,"CO",2016,118,4,354.716981132075,0,109,0
484,2016-04-28,48.006,139.7,0,-3,3.38888888888889,-1.5,0,0,0,0,NA,505,"CO",2016,119,4,343.636363636364,0,109,0
485,2016-04-29,48.26,137.16,0.508,-3.88888888888889,-1.77777777777778,-4.72222222222222,0,0,0,0,NA,505,"CO",2016,120,4,351.851851851852,0,109,0
486,2016-04-30,49.022,149.86,0.762,-7.22222222222222,-0.277777777777778,-5.77777777777778,0,0,0,0,NA,505,"CO",2016,121,4,327.118644067797,0,109,0
487,2016-05-01,49.784,149.86,0.254,-9.22222222222222,-0.722222222222223,-6.38888888888889,0,0,0,0,NA,505,"CO",2016,122,5,332.203389830509,0,109,0
488,2016-05-02,50.292,142.24,0.254,-9.88888888888889,3.77777777777778,-2.38888888888889,0,0,0,0,NA,505,"CO",2016,123,5,353.571428571429,0,109,0
489,2016-05-03,50.038,137.16,0,-4.72222222222222,7.61111111111111,0.611111111111112,0,0,0,0,NA,505,"CO",2016,124,5,364.814814814815,0,109,0
490,2016-05-04,48.514,132.08,0,-1.27777777777778,10.7222222222222,4.22222222222222,0,0,0,0,NA,505,"CO",2016,125,5,367.307692307692,0,109,0
491,2016-05-05,45.212,129.54,0,1.11111111111111,12.7777777777778,6.88888888888889,0,0,0,0,NA,505,"CO",2016,126,5,349.019607843137,0,109,0
492,2016-05-06,42.672,124.46,0.254,5.38888888888889,12.7777777777778,6.77777777777778,0,0,0,0,NA,505,"CO",2016,127,5,342.857142857143,0,109,0
493,2016-05-07,41.148,119.38,0,5.38888888888889,7.5,1.38888888888889,0,0,0,0,NA,505,"CO",2016,128,5,344.68085106383,0,109,0
494,2016-05-08,40.894,111.76,0,-4.77777777777778,5,-1.5,0,0,0,0,NA,505,"CO",2016,129,5,365.909090909091,0,109,0
495,2016-05-09,40.894,114.3,1.016,-3,4.5,-0.111111111111111,0,0,0,0,NA,505,"CO",2016,130,5,357.777777777778,0,109,0
496,2016-05-10,41.402,116.84,1.27,-0.611111111111112,4.38888888888889,-0.777777777777777,0,0,0,0,NA,505,"CO",2016,131,5,354.347826086957,0,109,0
497,2016-05-11,42.926,121.92,0,-6.27777777777778,4.5,-1.77777777777778,0,0,0,0,NA,505,"CO",2016,132,5,352.083333333333,0,109,0
498,2016-05-12,42.926,119.38,0.254,-4.61111111111111,9.77777777777778,1.77777777777778,0,0,0,0,NA,505,"CO",2016,133,5,359.574468085106,0,109,0
499,2016-05-13,41.91,116.84,0,0,11,5.22222222222222,0,0,0,0,NA,505,"CO",2016,134,5,358.695652173913,0,109,0
500,2016-05-14,39.624,114.3,0,1.77777777777778,14.1111111111111,5.72222222222222,0,0,0,0,NA,505,"CO",2016,135,5,346.666666666667,0,109,0
501,2016-05-15,36.83,104.14,0,0.777777777777777,8,2.77777777777778,0,0,0,0,NA,505,"CO",2016,136,5,353.658536585366,0,109,0
502,2016-05-16,36.576,99.06,1.016,-1,5.5,-0.222222222222221,0,0,0,0,NA,505,"CO",2016,137,5,369.230769230769,0,109,0
503,2016-05-17,37.592,101.6,0.508,-4.11111111111111,6,-0.388888888888889,0,0,0,0,NA,505,"CO",2016,138,5,370,0,109,0
504,2016-05-18,37.846,109.22,0,-3.5,8.38888888888889,1.38888888888889,0,0,0,0,NA,505,"CO",2016,139,5,346.511627906977,0,109,0
505,2016-05-19,37.084,101.6,0,-0.388888888888889,8.38888888888889,2.77777777777778,0,0,0,0,NA,505,"CO",2016,140,5,365,0,109,0
506,2016-05-20,36.068,101.6,0,0.722222222222221,13.2777777777778,6.5,0,0,0,0,NA,505,"CO",2016,141,5,355,0,109,0
507,2016-05-21,33.782,93.98,0.254,4.77777777777778,13.7777777777778,7.88888888888889,0,0,0,0,NA,505,"CO",2016,142,5,359.459459459459,0,109,0
508,2016-05-22,31.242,86.36,0,5,13.1111111111111,5.5,0,0,0,0,NA,505,"CO",2016,143,5,361.764705882353,0,109,0
509,2016-05-23,28.956,81.28,0,-1.5,9.38888888888889,2.77777777777778,0,0,0,0,NA,505,"CO",2016,144,5,356.25,0,109,0
510,2016-05-24,27.686,78.74,0,0.777777777777777,12.3888888888889,5.11111111111111,0,0,0,0,NA,505,"CO",2016,145,5,351.612903225806,0,109,0
511,2016-05-25,25.654,73.66,0,0.111111111111113,10.2222222222222,3.61111111111111,0,0,0,0,NA,505,"CO",2016,146,5,348.275862068966,0,109,0
512,2016-05-26,22.86,66.04,0,-0.722222222222223,9,1.38888888888889,0,0,0,0,NA,505,"CO",2016,147,5,346.153846153846,0,109,0
513,2016-05-27,21.844,63.5,0,-0.277777777777778,4.77777777777778,0.277777777777778,0,0,0,0,NA,505,"CO",2016,148,5,344,0,109,0
514,2016-05-28,21.082,60.96,0.254,-1.27777777777778,7.77777777777778,1.38888888888889,0,0,0,0,NA,505,"CO",2016,149,5,345.833333333333,0,109,0
515,2016-05-29,20.066,55.88,0.254,-0.722222222222223,11.1111111111111,3.72222222222222,0,0,0,0,NA,505,"CO",2016,150,5,359.090909090909,0,109,0
516,2016-05-30,18.034,50.8,0,0.611111111111112,12.2777777777778,4.61111111111111,0,0,0,0,NA,505,"CO",2016,151,5,355,0,109,0
517,2016-05-31,16.002,45.72,0,1.22222222222222,11,4.11111111111111,0,0,0,0,NA,505,"CO",2016,152,5,350,0,109,0
518,2016-06-01,13.716,43.18,0,1.27777777777778,11.6111111111111,5.38888888888889,0,0,0,0,NA,505,"CO",2016,153,6,317.647058823529,0,109,0
519,2016-06-02,10.668,38.1,0,2.11111111111111,13.8888888888889,7.5,0,0,0,0,NA,505,"CO",2016,154,6,280,0,109,0
520,2016-06-03,6.35,27.94,0,5.72222222222222,14.6111111111111,8.22222222222222,0,0,0,0,NA,505,"CO",2016,155,6,227.272727272727,0,109,0
521,2016-06-04,3.302,12.7,0,4.88888888888889,16.2222222222222,9,0,0,0,0,NA,505,"CO",2016,156,6,260,0,109,0
522,2016-06-05,1.778,7.62,0,4.77777777777778,16.5,9.77777777777778,0,0,0,0,NA,505,"CO",2016,157,6,233.333333333333,0,109,0
523,2016-06-06,0.508,2.54,0,5.77777777777778,18.7777777777778,9.77777777777778,0,0,0,0,NA,505,"CO",2016,158,6,200,0,109,0
524,2016-06-07,0,0,0,4.11111111111111,18.7777777777778,9.72222222222222,0,0,0,0,NA,505,"CO",2016,159,6,NA,0,109,0
525,2016-06-08,0,0,0.254,5.72222222222222,16.7777777777778,9,0,0,0,0,NA,505,"CO",2016,160,6,NA,0,109,0
526,2016-06-09,0,0,0,4,18.3888888888889,10.3888888888889,0,0,0,0,NA,505,"CO",2016,161,6,NA,0,109,0
527,2016-06-10,0,0,0,7.88888888888889,21,12.7222222222222,0,0,0,0,NA,505,"CO",2016,162,6,NA,0,109,0
528,2016-06-11,0,0,0.254,8,20.8888888888889,12.2777777777778,0,0,0,0,NA,505,"CO",2016,163,6,NA,0,109,0
529,2016-06-12,0,0,0,6.88888888888889,18,9.11111111111111,0,0,0,0,NA,505,"CO",2016,164,6,NA,0,109,0
530,2016-06-13,0,0,0,5.72222222222222,15.1111111111111,6.72222222222222,0,0,0,0,NA,505,"CO",2016,165,6,NA,0,109,0
531,2016-06-14,0,0,0,0.777777777777777,12.3888888888889,5.61111111111111,0,0,0,0,NA,505,"CO",2016,166,6,NA,0,109,0
532,2016-06-15,0,0,0,4.38888888888889,20.2777777777778,11.7777777777778,0,0,0,0,NA,505,"CO",2016,167,6,NA,0,109,0
533,2016-06-16,0,0,0,7.22222222222222,20.8888888888889,12.1111111111111,0,0,0,0,NA,505,"CO",2016,168,6,NA,0,109,0
534,2016-06-17,0,0,0,6.77777777777778,19.2222222222222,11.3888888888889,0,0,0,0,NA,505,"CO",2016,169,6,NA,0,109,0
535,2016-06-18,0,0,0.254,7.88888888888889,23.2777777777778,14.3888888888889,0,0,0,0,NA,505,"CO",2016,170,6,NA,0,109,0
536,2016-06-19,0,0,0,9.72222222222222,24,15.8888888888889,0,0,0,0,NA,505,"CO",2016,171,6,NA,0,109,0
537,2016-06-20,0,0,0,10.7777777777778,24,14.7777777777778,0,0,0,0,NA,505,"CO",2016,172,6,NA,0,109,0
538,2016-06-21,0,0,0,10.6111111111111,24.3888888888889,15.8888888888889,0,0,0,0,NA,505,"CO",2016,173,6,NA,0,109,0
539,2016-06-22,0,0,0,10.7777777777778,22.6111111111111,11.7777777777778,0,0,0,0,NA,505,"CO",2016,174,6,NA,0,109,0
540,2016-06-23,0,0,0,5.61111111111111,17.1111111111111,10.7222222222222,0,0,0,0,NA,505,"CO",2016,175,6,NA,0,109,0
541,2016-06-24,0,0,0,7,21.5,12.2777777777778,0,0,0,0,NA,505,"CO",2016,176,6,NA,0,109,0
542,2016-06-25,0,0,0,8.22222222222222,20.8888888888889,12.6111111111111,0,0,0,0,NA,505,"CO",2016,177,6,NA,0,109,0
543,2016-06-26,0,0,0,7,21.3888888888889,12.8888888888889,0,0,0,0,NA,505,"CO",2016,178,6,NA,0,109,0
544,2016-06-27,0,0,0,7.61111111111111,20.6111111111111,13.2222222222222,0,0,0,0,NA,505,"CO",2016,179,6,NA,0,109,0
545,2016-06-28,0,0,0,8.38888888888889,22.2222222222222,14,0,0,0,0,NA,505,"CO",2016,180,6,NA,0,109,0
546,2016-06-29,0,0,0,8.5,20.3888888888889,12.3888888888889,0,0,0,0,NA,505,"CO",2016,181,6,NA,0,109,0
547,2016-06-30,0,0,1.016,7.77777777777778,11.6111111111111,8.72222222222222,0,0,0,0,NA,505,"CO",2016,182,6,NA,0,109,0
548,2016-07-01,0,0,0.762,7,10.5,7.88888888888889,0,0,0,0,NA,505,"CO",2016,183,7,NA,0,109,0
549,2016-07-02,0,0,0.508,7.22222222222222,11.8888888888889,7.72222222222222,0,0,0,0,NA,505,"CO",2016,184,7,NA,0,109,0
550,2016-07-03,0,0,0.762,6,16.2222222222222,8.5,0,0,0,0,NA,505,"CO",2016,185,7,NA,0,109,0
551,2016-07-04,0,0,0,4.11111111111111,16.7777777777778,10,0,0,0,0,NA,505,"CO",2016,186,7,NA,0,109,0
552,2016-07-05,0,0,0,8.38888888888889,17.5,11.5,0,0,0,0,NA,505,"CO",2016,187,7,NA,0,109,0
553,2016-07-06,0,0,0,8.61111111111111,20,12.7777777777778,0,0,0,0,NA,505,"CO",2016,188,7,NA,0,109,0
554,2016-07-07,0,0,0,8.61111111111111,19.2222222222222,12.7222222222222,0,0,0,0,NA,505,"CO",2016,189,7,NA,0,109,0
555,2016-07-08,0,0,0,8.5,21.5,13.3888888888889,0,0,0,0,NA,505,"CO",2016,190,7,NA,0,109,0
556,2016-07-09,0,0,0,9.11111111111111,21.5,14.1111111111111,0,0,0,0,NA,505,"CO",2016,191,7,NA,0,109,0
557,2016-07-10,0,0,0,11.2222222222222,22.6111111111111,15.1111111111111,0,0,0,0,NA,505,"CO",2016,192,7,NA,0,109,0
558,2016-07-11,0,0,0,10.1111111111111,17.2777777777778,11.2222222222222,0,0,0,0,NA,505,"CO",2016,193,7,NA,0,109,0
559,2016-07-12,0,0,0,6.22222222222222,19.5,12.2222222222222,0,0,0,0,NA,505,"CO",2016,194,7,NA,0,109,0
560,2016-07-13,0,0,0,9.61111111111111,20.6111111111111,13,0,0,0,0,NA,505,"CO",2016,195,7,NA,0,109,0
561,2016-07-14,0,0,0,7.61111111111111,19.1111111111111,11.7222222222222,0,0,0,0,NA,505,"CO",2016,196,7,NA,0,109,0
562,2016-07-15,0,0,0,7.88888888888889,20.3888888888889,12.2777777777778,0,0,0,0,NA,505,"CO",2016,197,7,NA,0,109,0
563,2016-07-16,0,0,0,8.88888888888889,21.7777777777778,14.1111111111111,0,0,0,0,NA,505,"CO",2016,198,7,NA,0,109,0
564,2016-07-17,0,0,0,10.7222222222222,22.5,14.7777777777778,0,0,0,0,NA,505,"CO",2016,199,7,NA,0,109,0
565,2016-07-18,0,0,0,12.1111111111111,17.8888888888889,12,0,0,0,0,NA,505,"CO",2016,200,7,NA,0,109,0
566,2016-07-19,0,0,0.254,8.22222222222222,20.8888888888889,12.1111111111111,0,0,0,0,NA,505,"CO",2016,201,7,NA,0,109,0
567,2016-07-20,0,0,1.27,7.61111111111111,21.1111111111111,10.6111111111111,0,0,0,0,NA,505,"CO",2016,202,7,NA,0,109,0
568,2016-07-21,0,0,0.254,6.61111111111111,18.6111111111111,9.88888888888889,0,0,0,0,NA,505,"CO",2016,203,7,NA,0,109,0
569,2016-07-22,0,0,0,8.5,19.7222222222222,11.7777777777778,0,0,0,0,NA,505,"CO",2016,204,7,NA,0,109,0
570,2016-07-23,0,0,0,8,21.1111111111111,13.6111111111111,0,0,0,0,NA,505,"CO",2016,205,7,NA,0,109,0
571,2016-07-24,0,0,0,11.1111111111111,20.8888888888889,12.8888888888889,0,0,0,0,NA,505,"CO",2016,206,7,NA,0,109,0
572,2016-07-25,0,0,0,8.72222222222222,21.3888888888889,13.8888888888889,0,0,0,0,NA,505,"CO",2016,207,7,NA,0,109,0
573,2016-07-26,0,0,0,11.8888888888889,18.7222222222222,12.2222222222222,0,0,0,0,NA,505,"CO",2016,208,7,NA,0,109,0
574,2016-07-27,0,0,0,7.72222222222222,21.5,13.7222222222222,0,0,0,0,NA,505,"CO",2016,209,7,NA,0,109,0
575,2016-07-28,0,0,0,10,22.3888888888889,14.1111111111111,0,0,0,0,NA,505,"CO",2016,210,7,NA,0,109,0
576,2016-07-29,0,0,0,8.22222222222222,20,13.3888888888889,0,0,0,0,NA,505,"CO",2016,211,7,NA,0,109,0
577,2016-07-30,0,0,0,9.5,21.7777777777778,14.1111111111111,0,0,0,0,NA,505,"CO",2016,212,7,NA,0,109,0
578,2016-07-31,0,0,0.254,9.38888888888889,19.8888888888889,11.1111111111111,0,0,0,0,NA,505,"CO",2016,213,7,NA,0,109,0
579,2016-08-01,0,0,0.254,6.11111111111111,20.2222222222222,12.2222222222222,0,0,0,0,NA,505,"CO",2016,214,8,NA,0,109,0
580,2016-08-02,0,0,0,9.77777777777778,20.8888888888889,13.2777777777778,0,0,0,0,NA,505,"CO",2016,215,8,NA,0,109,0
732,2017-01-01,23.368,93.98,0,-11.7222222222222,-4,-9.38888888888889,0,0,0,0,NA,505,"CO",2017,1,1,248.648648648649,0,95,0
733,2017-01-02,23.368,93.98,0,-10.7222222222222,-5,-8.72222222222222,0,0,0,0,NA,505,"CO",2017,2,1,248.648648648649,0,95,0
734,2017-01-03,23.368,91.44,0,-9,-8.88888888888889,-10.5,0,0,0,0,NA,505,"CO",2017,3,1,255.555555555556,0,95,0
735,2017-01-04,24.13,101.6,2.54,-11,-6,-8,0,0,0,0,NA,505,"CO",2017,4,1,237.5,0,95,0
736,2017-01-05,27.178,132.08,1.524,-6.88888888888889,-6.72222222222222,-15.2222222222222,0,0,0,0,NA,505,"CO",2017,5,1,205.769230769231,0,95,0
737,2017-01-06,28.702,137.16,0.254,-21.1111111111111,NA,-20.2222222222222,0,0,0,0,NA,505,"CO",2017,6,1,209.259259259259,0,95,0
738,2017-01-07,28.702,132.08,0.254,-20.1111111111111,-6.11111111111111,-12.2222222222222,0,0,0,0,NA,505,"CO",2017,7,1,217.307692307692,0,95,0
739,2017-01-08,29.21,127,3.048,-7.38888888888889,-1.5,-4.11111111111111,0,0,0,0,NA,505,"CO",2017,8,1,230,0,95,0
740,2017-01-09,32.004,149.86,2.54,-1.61111111111111,-1,-3.22222222222222,0,0,0,0,NA,505,"CO",2017,9,1,213.559322033898,0,95,0
741,2017-01-10,35.306,175.26,2.032,-9.72222222222222,-5.88888888888889,-8.5,0,0,0,0,NA,505,"CO",2017,10,1,201.449275362319,0,95,0
742,2017-01-11,36.83,177.8,2.286,-7.11111111111111,-4,-7,0,0,0,0,NA,505,"CO",2017,11,1,207.142857142857,0,95,0
743,2017-01-12,39.37,193.04,1.016,-9.38888888888889,-1,-7.22222222222222,0,0,0,0,NA,505,"CO",2017,12,1,203.947368421053,0,95,0
744,2017-01-13,39.624,180.34,0.254,-7.77777777777778,-0.777777777777777,-6.11111111111111,0,0,0,0,NA,505,"CO",2017,13,1,219.718309859155,0,95,0
745,2017-01-14,39.624,172.72,0,-8.11111111111111,-1,-5.88888888888889,0,0,0,0,NA,505,"CO",2017,14,1,229.411764705882,0,95,0
746,2017-01-15,39.624,170.18,0.254,-4.88888888888889,-0.277777777777778,-4,0,0,0,0,NA,505,"CO",2017,15,1,232.835820895522,0,95,0
747,2017-01-16,39.878,165.1,0,-6,-4.27777777777778,-6.5,0,0,0,0,NA,505,"CO",2017,16,1,241.538461538462,0,95,0
748,2017-01-17,40.64,167.64,0,-10,-0.611111111111112,-8.61111111111111,0,0,0,0,NA,505,"CO",2017,17,1,242.424242424242,0,95,0
749,2017-01-18,40.64,165.1,0,-10,-0.277777777777778,-8.61111111111111,0,0,0,0,NA,505,"CO",2017,18,1,246.153846153846,0,95,0
750,2017-01-19,40.64,160.02,0,-11,3,-7,0,0,0,0,NA,505,"CO",2017,19,1,253.968253968254,0,95,0
751,2017-01-20,40.894,154.94,0,-7.88888888888889,-5.88888888888889,-9.27777777777778,0,0,0,0,NA,505,"CO",2017,20,1,263.934426229508,0,95,0
752,2017-01-21,41.148,160.02,0,-13.1111111111111,-3.88888888888889,-9.61111111111111,0,0,0,0,NA,505,"CO",2017,21,1,257.142857142857,0,95,0
753,2017-01-22,41.148,154.94,0.762,-11.3888888888889,-6.72222222222222,-10.7222222222222,0,0,0,0,NA,505,"CO",2017,22,1,265.573770491803,0,95,0
754,2017-01-23,41.91,160.02,0.762,-6.77777777777778,-2.11111111111111,-7.11111111111111,0,0,0,0,NA,505,"CO",2017,23,1,261.904761904762,0,95,0
755,2017-01-24,42.926,175.26,0,-13.2222222222222,-8.72222222222222,-14.2222222222222,0,0,0,0,NA,505,"CO",2017,24,1,244.927536231884,0,95,0
756,2017-01-25,42.926,170.18,0,-18,-11.3888888888889,-17.6111111111111,0,0,0,0,NA,505,"CO",2017,25,1,252.238805970149,0,95,0
757,2017-01-26,42.926,167.64,0.254,-21.2777777777778,-15.3888888888889,-20,0,0,0,0,NA,505,"CO",2017,26,1,256.060606060606,0,95,1
758,2017-01-27,43.18,162.56,0,-21.5,-10.2777777777778,-18.3888888888889,0,0,0,0,NA,505,"CO",2017,27,1,265.625,0,95,0
759,2017-01-28,43.18,157.48,0,-18.2777777777778,-8.11111111111111,-13,0,0,0,0,NA,505,"CO",2017,28,1,274.193548387097,0,95,0
760,2017-01-29,43.18,154.94,0,-12.5,-0.611111111111112,-7,0,0,0,0,NA,505,"CO",2017,29,1,278.688524590164,0,95,0
761,2017-01-30,43.18,152.4,0,-8.22222222222222,0.277777777777778,-5.5,0,0,0,0,NA,505,"CO",2017,30,1,283.333333333333,0,95,0
762,2017-01-31,43.18,149.86,0,-8.22222222222222,2.27777777777778,-3.88888888888889,0,0,0,0,NA,505,"CO",2017,31,1,288.135593220339,0,95,0
763,2017-02-01,43.18,147.32,0.254,-5.22222222222222,2,-3.38888888888889,0,0,0,0,NA,505,"CO",2017,32,2,293.103448275862,0,95,0
764,2017-02-02,43.18,144.78,0,-4.61111111111111,-2.27777777777778,-5.61111111111111,0,0,0,0,NA,505,"CO",2017,33,2,298.245614035088,0,95,0
765,2017-02-03,43.688,149.86,0,-7.61111111111111,-0.611111111111112,-5.77777777777778,0,0,0,0,NA,505,"CO",2017,34,2,291.525423728814,0,95,0
766,2017-02-04,43.688,147.32,0.254,-6,-1.77777777777778,-6,0,0,0,0,NA,505,"CO",2017,35,2,296.551724137931,0,95,0
767,2017-02-05,44.45,152.4,0.254,-8.5,2.22222222222222,-4.5,0,0,0,0,NA,505,"CO",2017,36,2,291.666666666667,0,95,0
768,2017-02-06,44.45,149.86,0,-6.72222222222222,0,-4.77777777777778,0,0,0,0,NA,505,"CO",2017,37,2,296.610169491525,0,95,0
769,2017-02-07,44.45,147.32,2.54,-6.72222222222222,-2.5,-4.27777777777778,0,0,0,0,NA,505,"CO",2017,38,2,301.724137931035,0,95,0
770,2017-02-08,46.99,170.18,1.27,-4.11111111111111,-2.61111111111111,-4.77777777777778,0,0,0,0,NA,505,"CO",2017,39,2,276.119402985075,0,95,0
771,2017-02-09,48.006,170.18,0.254,-3.38888888888889,3.5,0.222222222222221,0,0,0,0,NA,505,"CO",2017,40,2,282.089552238806,0,95,0
772,2017-02-10,48.006,167.64,0.254,3.5,8.22222222222222,2.72222222222222,0,0,0,0,NA,505,"CO",2017,41,2,286.363636363636,0,95,0
773,2017-02-11,48.006,162.56,0,0.222222222222221,2.27777777777778,-2.22222222222222,0,0,0,0,NA,505,"CO",2017,42,2,295.3125,0,95,0
774,2017-02-12,48.26,162.56,0,-6.22222222222222,2.27777777777778,-2.61111111111111,0,0,0,0,NA,505,"CO",2017,43,2,296.875,0,95,0
775,2017-02-13,48.514,160.02,0,-4,-0.777777777777777,-4.88888888888889,0,0,0,0,NA,505,"CO",2017,44,2,303.174603174603,0,95,0
776,2017-02-14,48.514,160.02,0,-10.5,-0.277777777777778,-8.27777777777778,0,0,0,0,NA,505,"CO",2017,45,2,303.174603174603,0,95,0
777,2017-02-15,48.514,160.02,0,-12.5,5.11111111111111,-5,0,0,0,0,NA,505,"CO",2017,46,2,303.174603174603,0,95,0
778,2017-02-16,48.514,157.48,0,-6.11111111111111,6.72222222222222,-2,0,0,0,0,NA,505,"CO",2017,47,2,308.064516129032,0,95,0
779,2017-02-17,48.514,154.94,0,-5.77777777777778,4.61111111111111,-1.77777777777778,0,0,0,0,NA,505,"CO",2017,48,2,313.114754098361,0,95,0
780,2017-02-18,48.514,152.4,0,-2.27777777777778,4.5,-0.777777777777777,0,0,0,0,NA,505,"CO",2017,49,2,318.333333333333,0,95,0
781,2017-02-19,48.514,152.4,0.508,-1.22222222222222,3.38888888888889,-2.38888888888889,0,0,0,0,NA,505,"CO",2017,50,2,318.333333333333,0,95,0
782,2017-02-20,49.53,165.1,0.508,-7.38888888888889,-0.388888888888889,-5.38888888888889,0,0,0,0,NA,505,"CO",2017,51,2,300,0,95,0
783,2017-02-21,49.784,162.56,0.254,-3.88888888888889,4.77777777777778,-0.777777777777777,0,0,0,0,NA,505,"CO",2017,52,2,306.25,0,95,0
784,2017-02-22,49.784,157.48,0,-2.88888888888889,2.27777777777778,-2.27777777777778,0,0,0,0,NA,505,"CO",2017,53,2,316.129032258065,0,95,0
785,2017-02-23,50.038,157.48,0.254,-4.72222222222222,-4.27777777777778,-10.6111111111111,0,0,0,0,NA,505,"CO",2017,54,2,317.741935483871,0,95,0
786,2017-02-24,50.292,162.56,0.508,-15.7222222222222,-11,-15.7222222222222,0,0,0,0,NA,505,"CO",2017,55,2,309.375,0,95,0
787,2017-02-25,50.8,162.56,0.254,-18.2777777777778,-11.8888888888889,-17,0,0,0,0,NA,505,"CO",2017,56,2,312.5,0,95,0
788,2017-02-26,51.054,165.1,0,-18.3888888888889,-9.61111111111111,-15.7777777777778,0,0,0,0,NA,505,"CO",2017,57,2,309.230769230769,0,95,0
789,2017-02-27,51.054,162.56,0.508,-16.3888888888889,-4.22222222222222,-9.77777777777778,0,0,0,0,NA,505,"CO",2017,58,2,314.0625,0,95,0
790,2017-02-28,51.562,165.1,0.254,-9,-6.38888888888889,-11.5,0,0,0,0,NA,505,"CO",2017,59,2,312.307692307692,0,95,0
791,2017-03-01,51.816,170.18,0.254,-17.1111111111111,-6.22222222222222,-14.7222222222222,0,0,0,0,NA,505,"CO",2017,60,3,304.477611940298,0,95,0
792,2017-03-02,52.07,167.64,0,-15.6111111111111,-3.5,-11.2777777777778,0,0,0,0,NA,505,"CO",2017,61,3,310.606060606061,0,95,0
793,2017-03-03,52.07,167.64,0,-12.1111111111111,2.88888888888889,-5.77777777777778,0,0,0,0,NA,505,"CO",2017,62,3,310.606060606061,0,95,0
794,2017-03-04,52.07,162.56,0.254,-7.22222222222222,5,-2.61111111111111,0,0,0,0,NA,505,"CO",2017,63,3,320.3125,0,95,0
795,2017-03-05,52.324,160.02,0.254,-6.11111111111111,3.72222222222222,-2,0,0,0,0,NA,505,"CO",2017,64,3,326.984126984127,0,95,0
796,2017-03-06,52.578,160.02,0,-5.27777777777778,-4.72222222222222,-14,0,0,0,0,NA,505,"CO",2017,65,3,328.571428571428,0,95,0
797,2017-03-07,52.832,165.1,0,-17.2777777777778,-4.72222222222222,-11.1111111111111,0,0,0,0,NA,505,"CO",2017,66,3,320,0,95,0
798,2017-03-08,52.832,162.56,0,-8.38888888888889,2.5,-3.72222222222222,0,0,0,0,NA,505,"CO",2017,67,3,325,0,95,0
799,2017-03-09,52.832,162.56,0.254,-3.88888888888889,5,-0.611111111111112,0,0,0,0,NA,505,"CO",2017,68,3,325,0,95,0
800,2017-03-10,54.356,157.48,0,-3.61111111111111,7.38888888888889,0.277777777777778,0,0,0,0,NA,505,"CO",2017,69,3,345.161290322581,0,95,0
801,2017-03-11,54.356,154.94,0,-3.38888888888889,3.61111111111111,-1.38888888888889,0,0,0,0,NA,505,"CO",2017,70,3,350.819672131148,0,95,0
802,2017-03-12,54.356,154.94,0,-3.88888888888889,-0.277777777777778,-4.11111111111111,0,0,0,0,NA,505,"CO",2017,71,3,350.819672131148,0,95,0
803,2017-03-13,54.356,154.94,0,-8.72222222222222,1.61111111111111,-3.61111111111111,0,0,0,0,NA,505,"CO",2017,72,3,350.819672131148,0,95,0
804,2017-03-14,54.356,154.94,0,-2.72222222222222,6.5,0.611111111111112,0,0,0,0,NA,505,"CO",2017,73,3,350.819672131148,0,95,0
805,2017-03-15,54.356,154.94,0,-1.61111111111111,9,2,0,0,0,0,NA,505,"CO",2017,74,3,350.819672131148,0,95,0
806,2017-03-16,54.356,152.4,0,0.277777777777778,8.61111111111111,2.61111111111111,0,0,0,0,NA,505,"CO",2017,75,3,356.666666666667,0,95,0
807,2017-03-17,54.356,149.86,0,0,9.22222222222222,2.38888888888889,0,0,0,0,NA,505,"CO",2017,76,3,362.71186440678,0,95,0
808,2017-03-18,54.356,147.32,0,-0.611111111111112,11.1111111111111,4,0,0,0,0,NA,505,"CO",2017,77,3,368.965517241379,0,95,0
809,2017-03-19,54.356,144.78,0,1.5,9.72222222222222,3.77777777777778,0,0,0,0,NA,505,"CO",2017,78,3,375.438596491228,0,95,0
810,2017-03-20,54.102,142.24,0,0,8.77777777777778,3.27777777777778,0,0,0,0,NA,505,"CO",2017,79,3,380.357142857143,0,95,0
811,2017-03-21,53.086,139.7,0,0.611111111111112,8.61111111111111,3,0,0,0,0,NA,505,"CO",2017,80,3,380,0,95,0
812,2017-03-22,52.578,139.7,0,0.499999999999999,9.22222222222222,3.77777777777778,0,0,0,0,NA,505,"CO",2017,81,3,376.363636363636,0,95,0
813,2017-03-23,52.324,134.62,0,2.88888888888889,6.77777777777778,0.388888888888891,0,0,0,0,NA,505,"CO",2017,82,3,388.679245283019,0,95,0
814,2017-03-24,52.324,134.62,0.254,-3.38888888888889,0.999999999999998,-3.22222222222222,0,0,0,0,NA,505,"CO",2017,83,3,388.679245283019,0,95,0
815,2017-03-25,52.578,137.16,0.508,-6.5,8.72222222222222,-0.277777777777778,0,0,0,0,NA,505,"CO",2017,84,3,383.333333333333,0,95,0
816,2017-03-26,53.086,144.78,0.508,-2.77777777777778,2,-2.72222222222222,0,0,0,0,NA,505,"CO",2017,85,3,366.666666666667,0,95,0
817,2017-03-27,53.34,139.7,0.254,-6.38888888888889,5,-2.22222222222222,0,0,0,0,NA,505,"CO",2017,86,3,381.818181818182,0,95,0
818,2017-03-28,53.594,139.7,0.508,-2.77777777777778,1.22222222222222,-2.72222222222222,0,0,0,0,NA,505,"CO",2017,87,3,383.636363636364,0,95,0
819,2017-03-29,54.102,147.32,0.508,-5.27777777777778,1.77777777777778,-3.38888888888889,0,0,0,0,NA,505,"CO",2017,88,3,367.241379310345,0,95,0
820,2017-03-30,54.61,142.24,0,-4,4.88888888888889,-0.388888888888889,0,0,0,0,NA,505,"CO",2017,89,3,383.928571428571,0,95,0
821,2017-03-31,54.61,137.16,0.254,-1.22222222222222,3.61111111111111,-2.61111111111111,0,0,0,0,NA,505,"CO",2017,90,3,398.148148148148,0,95,0
822,2017-04-01,54.864,144.78,0.254,-7.61111111111111,3.27777777777778,-3.61111111111111,0,0,0,0,NA,505,"CO",2017,91,4,378.947368421053,0,95,0
823,2017-04-02,54.864,137.16,0.254,-3.77777777777778,4,-2.22222222222222,0,0,0,0,NA,505,"CO",2017,92,4,400,0,95,0
824,2017-04-03,55.372,144.78,0,-6.72222222222222,-2.5,-6.38888888888889,0,0,0,0,NA,505,"CO",2017,93,4,382.456140350877,0,95,0
825,2017-04-04,55.626,147.32,1.016,-8.22222222222222,-2.11111111111111,-8.22222222222222,0,0,0,0,NA,505,"CO",2017,94,4,377.586206896552,0,95,0
826,2017-04-05,56.134,149.86,0.254,-10.6111111111111,-0.277777777777778,-6.5,0,0,0,0,NA,505,"CO",2017,95,4,374.576271186441,0,95,0
827,2017-04-06,56.134,144.78,0.254,-4.77777777777778,7.38888888888889,0.111111111111113,0,0,0,0,NA,505,"CO",2017,96,4,387.719298245614,0,95,0
828,2017-04-07,56.134,142.24,0,-1.5,10.2222222222222,3.61111111111111,0,0,0,0,NA,505,"CO",2017,97,4,394.642857142857,0,95,0
829,2017-04-08,55.88,139.7,0,2.22222222222222,10.3888888888889,3,0,0,0,0,NA,505,"CO",2017,98,4,400,0,95,0
830,2017-04-09,55.88,139.7,0,-2.5,-0.222222222222221,-5.61111111111111,0,0,0,0,NA,505,"CO",2017,99,4,400,0,95,0
831,2017-04-10,55.88,139.7,0,-10.6111111111111,3.27777777777778,-4.5,0,0,0,0,NA,505,"CO",2017,100,4,400,0,95,0
832,2017-04-11,55.88,137.16,0,-6,7.11111111111111,0.111111111111113,0,0,0,0,NA,505,"CO",2017,101,4,407.407407407407,0,95,0
833,2017-04-12,55.372,137.16,0.254,-1.22222222222222,10.7222222222222,3.77777777777778,0,0,0,0,NA,505,"CO",2017,102,4,403.703703703704,0,95,0
834,2017-04-13,55.118,132.08,0,0.499999999999999,12.6111111111111,5.38888888888889,0,0,0,0,NA,505,"CO",2017,103,4,417.307692307692,0,95,0
835,2017-04-14,53.594,127,0,1.27777777777778,12,4.11111111111111,0,0,0,0,NA,505,"CO",2017,104,4,422,0,95,0
836,2017-04-15,51.816,124.46,0,-1.22222222222222,8.61111111111111,1.72222222222222,0,0,0,0,NA,505,"CO",2017,105,4,416.326530612245,0,95,0
837,2017-04-16,50.546,119.38,0,-0.722222222222223,8.61111111111111,2.22222222222222,0,0,0,0,NA,505,"CO",2017,106,4,423.404255319149,0,95,0
838,2017-04-17,49.784,116.84,0,-0.88888888888889,9.72222222222222,3.38888888888889,0,0,0,0,NA,505,"CO",2017,107,4,426.086956521739,0,95,0
839,2017-04-18,49.276,114.3,0,1.11111111111111,12.2222222222222,5.11111111111111,0,0,0,0,NA,505,"CO",2017,108,4,431.111111111111,0,95,0
840,2017-04-19,47.498,109.22,0,2.22222222222222,4.22222222222222,0.111111111111113,0,0,0,0,NA,505,"CO",2017,109,4,434.883720930233,0,95,0
841,2017-04-20,47.498,106.68,0.254,-3.5,5.72222222222222,-1.11111111111111,0,0,0,0,NA,505,"CO",2017,110,4,445.238095238095,0,95,0
842,2017-04-21,48.26,116.84,0.762,-3.38888888888889,0,-4.5,0,0,0,0,NA,505,"CO",2017,111,4,413.04347826087,0,95,0
843,2017-04-22,48.768,121.92,0.254,-7.22222222222222,3.61111111111111,-3,0,0,0,0,NA,505,"CO",2017,112,4,400,0,95,0
844,2017-04-23,49.53,116.84,0.254,-3.22222222222222,12.8888888888889,4,0,0,0,0,NA,505,"CO",2017,113,4,423.913043478261,0,95,0
845,2017-04-24,47.498,104.14,0,-0.388888888888889,7.72222222222222,1.11111111111111,0,0,0,0,NA,505,"CO",2017,114,4,456.09756097561,0,95,0
846,2017-04-25,48.006,116.84,0.762,-4.38888888888889,2,-4.22222222222222,0,0,0,0,NA,505,"CO",2017,115,4,410.869565217391,0,95,0
847,2017-04-26,48.26,114.3,0.762,-6.5,-0.111111111111111,-4.61111111111111,0,0,0,0,NA,505,"CO",2017,116,4,422.222222222222,0,95,0
848,2017-04-27,48.768,119.38,0.508,-6.22222222222222,0,-5.5,0,0,0,0,NA,505,"CO",2017,117,4,408.510638297872,0,95,0
849,2017-04-28,49.784,127,0.762,-11.2777777777778,-1.11111111111111,-8.27777777777778,0,0,0,0,NA,505,"CO",2017,118,4,392,0,95,0
850,2017-04-29,50.546,137.16,0.254,-12,-5.88888888888889,-9.72222222222222,0,0,0,0,NA,505,"CO",2017,119,4,368.518518518519,0,95,0
851,2017-04-30,50.546,132.08,0.508,-11.1111111111111,0.222222222222221,-5.72222222222222,0,0,0,0,NA,505,"CO",2017,120,4,382.692307692308,0,95,0
852,2017-05-01,50.292,124.46,0.254,-4.11111111111111,3.77777777777778,-1.11111111111111,0,0,0,0,NA,505,"CO",2017,121,5,404.081632653061,0,95,0
853,2017-05-02,50.546,121.92,0.762,-1.61111111111111,2.22222222222222,-1.27777777777778,0,0,0,0,NA,505,"CO",2017,122,5,414.583333333333,0,95,0
854,2017-05-03,51.054,132.08,0.254,-3.72222222222222,3.88888888888889,-1.27777777777778,0,0,0,0,NA,505,"CO",2017,123,5,386.538461538461,0,95,0
855,2017-05-04,51.562,124.46,0.254,-3.5,10.6111111111111,3.5,0,0,0,0,NA,505,"CO",2017,124,5,414.285714285714,0,95,0
856,2017-05-05,50.8,116.84,0,0.999999999999998,13.1111111111111,6.38888888888889,0,0,0,0,NA,505,"CO",2017,125,5,434.782608695652,0,95,0
857,2017-05-06,48.514,109.22,0,2.5,15.2222222222222,7.61111111111111,0,0,0,0,NA,505,"CO",2017,126,5,444.186046511628,0,95,0
858,2017-05-07,46.99,106.68,0.254,4.11111111111111,12.3888888888889,3.88888888888889,0,0,0,0,NA,505,"CO",2017,127,5,440.47619047619,0,95,0
859,2017-05-08,46.99,104.14,0.254,0.499999999999999,11.1111111111111,3.38888888888889,0,0,0,0,NA,505,"CO",2017,128,5,451.219512195122,0,95,0
860,2017-05-09,46.482,104.14,0.254,1.77777777777778,11.7222222222222,3.38888888888889,0,0,0,0,NA,505,"CO",2017,129,5,446.341463414634,0,95,0
861,2017-05-10,45.72,101.6,0.508,0.277777777777778,8.77777777777778,1.27777777777778,0,0,0,0,NA,505,"CO",2017,130,5,450,0,95,0
862,2017-05-11,45.212,99.06,0.254,-0.611111111111112,9.61111111111111,3.38888888888889,0,0,0,0,NA,505,"CO",2017,131,5,456.410256410256,0,95,0
863,2017-05-12,42.926,91.44,0,1.38888888888889,13.8888888888889,6.72222222222222,0,0,0,0,NA,505,"CO",2017,132,5,469.444444444444,0,95,0
864,2017-05-13,39.878,88.9,0.254,3.22222222222222,14,7.38888888888889,0,0,0,0,NA,505,"CO",2017,133,5,448.571428571429,0,95,0
865,2017-05-14,36.83,81.28,0,2.61111111111111,13.7777777777778,6.22222222222222,0,0,0,0,NA,505,"CO",2017,134,5,453.125,0,95,0
866,2017-05-15,34.798,73.66,0,2.11111111111111,13.6111111111111,6.22222222222222,0,0,0,0,NA,505,"CO",2017,135,5,472.413793103448,0,95,0
867,2017-05-16,32.258,68.58,0,1.61111111111111,9.22222222222222,2.11111111111111,0,0,0,0,NA,505,"CO",2017,136,5,470.37037037037,0,95,0
868,2017-05-17,31.496,63.5,0,-1.5,7.22222222222222,0.722222222222221,0,0,0,0,NA,505,"CO",2017,137,5,496,0,95,0
869,2017-05-18,30.734,71.12,3.048,-3.38888888888889,-0.222222222222221,-4.61111111111111,0,0,0,0,NA,505,"CO",2017,138,5,432.142857142857,0,95,0
870,2017-05-19,33.782,106.68,0.508,-8.88888888888889,3.22222222222222,-4.27777777777778,0,0,0,0,NA,505,"CO",2017,139,5,316.666666666667,0,95,0
871,2017-05-20,33.782,86.36,0.254,-6.38888888888889,0.722222222222221,-3.77777777777778,0,0,0,0,NA,505,"CO",2017,140,5,391.176470588235,0,95,0
872,2017-05-21,34.036,88.9,0.254,-4.77777777777778,6.11111111111111,0,0,0,0,0,NA,505,"CO",2017,141,5,382.857142857143,0,95,0
873,2017-05-22,34.544,91.44,1.27,-0.88888888888889,5.88888888888889,-0.722222222222223,0,0,0,0,NA,505,"CO",2017,142,5,377.777777777778,0,95,0
874,2017-05-23,35.56,96.52,0.508,-5,3.27777777777778,-1.27777777777778,0,0,0,0,NA,505,"CO",2017,143,5,368.421052631579,0,95,0
875,2017-05-24,35.56,83.82,0.254,-2,13.7777777777778,5.88888888888889,0,0,0,0,NA,505,"CO",2017,144,5,424.242424242424,0,95,0
876,2017-05-25,34.29,78.74,0,3.38888888888889,13.7222222222222,4.77777777777778,0,0,0,0,NA,505,"CO",2017,145,5,435.483870967742,0,95,0
877,2017-05-26,33.274,73.66,0.254,-0.88888888888889,11.7777777777778,4.88888888888889,0,0,0,0,NA,505,"CO",2017,146,5,451.724137931034,0,95,0
878,2017-05-27,32.004,66.04,0.508,0.222222222222221,3,-0.88888888888889,0,0,0,0,NA,505,"CO",2017,147,5,484.615384615385,0,95,0
879,2017-05-28,32.512,73.66,0.508,-4.27777777777778,8.72222222222222,1.61111111111111,0,0,0,0,NA,505,"CO",2017,148,5,441.379310344828,0,95,0
880,2017-05-29,31.75,66.04,0,0.222222222222221,10.2222222222222,3.72222222222222,0,0,0,0,NA,505,"CO",2017,149,5,480.769230769231,0,95,0
881,2017-05-30,29.972,63.5,0.254,0.111111111111113,11.7777777777778,5.22222222222222,0,0,0,0,NA,505,"CO",2017,150,5,472,0,95,0
882,2017-05-31,26.67,53.34,0,2.27777777777778,13.8888888888889,6.72222222222222,0,0,0,0,NA,505,"CO",2017,151,5,500,0,95,0
883,2017-06-01,24.384,48.26,0,3,13.2777777777778,6.61111111111111,0,0,0,0,NA,505,"CO",2017,152,6,505.263157894737,0,95,0
884,2017-06-02,22.606,45.72,0,2.77777777777778,10.8888888888889,4.88888888888889,0,0,0,0,NA,505,"CO",2017,153,6,494.444444444445,0,95,0
885,2017-06-03,21.082,45.72,0,2,14.2222222222222,7.11111111111111,0,0,0,0,NA,505,"CO",2017,154,6,461.111111111111,0,95,0
886,2017-06-04,17.018,38.1,0,2.77777777777778,15.8888888888889,8.77777777777778,0,0,0,0,NA,505,"CO",2017,155,6,446.666666666667,0,95,0
887,2017-06-05,12.7,30.48,0,5.88888888888889,17,8.61111111111111,0,0,0,0,NA,505,"CO",2017,156,6,416.666666666667,0,95,0
888,2017-06-06,9.652,20.32,0,4.72222222222222,14.2777777777778,6.11111111111111,0,0,0,0,NA,505,"CO",2017,157,6,475,0,95,0
889,2017-06-07,7.874,20.32,0.254,3.22222222222222,17,8.11111111111111,0,0,0,0,NA,505,"CO",2017,158,6,387.5,0,95,0
890,2017-06-08,4.572,12.7,0,4.22222222222222,17.8888888888889,10.3888888888889,0,0,0,0,NA,505,"CO",2017,159,6,360,0,95,0
891,2017-06-09,1.27,5.08,0,6.72222222222222,17.6111111111111,10.8888888888889,0,0,0,0,NA,505,"CO",2017,160,6,250,0,95,0
892,2017-06-10,0,0,0,8,20.1111111111111,12.2777777777778,0,0,0,0,NA,505,"CO",2017,161,6,NA,0,95,0
893,2017-06-11,0,0,0,7.61111111111111,18.8888888888889,11,0,0,0,0,NA,505,"CO",2017,162,6,NA,0,95,0
894,2017-06-12,0,0,0,7.88888888888889,18.5,10.7222222222222,0,0,0,0,NA,505,"CO",2017,163,6,NA,0,95,0
895,2017-06-13,0,0,0,1.38888888888889,11,5.22222222222222,0,0,0,0,NA,505,"CO",2017,164,6,NA,0,95,0
896,2017-06-14,0,0,0,2.38888888888889,15.7777777777778,7.61111111111111,0,0,0,0,NA,505,"CO",2017,165,6,NA,0,95,0
897,2017-06-15,0,0,0,3.88888888888889,17.3888888888889,10,0,0,0,0,NA,505,"CO",2017,166,6,NA,0,95,0
898,2017-06-16,0,0,0,6.61111111111111,19.3888888888889,11.7777777777778,0,0,0,0,NA,505,"CO",2017,167,6,NA,0,95,0
899,2017-06-17,0,0,0,8.61111111111111,19,11.7222222222222,0,0,0,0,NA,505,"CO",2017,168,6,NA,0,95,0
900,2017-06-18,0,0,0,5.72222222222222,18,10.1111111111111,0,0,0,0,NA,505,"CO",2017,169,6,NA,0,95,0
901,2017-06-19,0,0,0,6.72222222222222,18.6111111111111,11.3888888888889,0,0,0,0,NA,505,"CO",2017,170,6,NA,0,95,0
902,2017-06-20,0,0,0,7.22222222222222,21.7777777777778,13.1111111111111,0,0,0,0,NA,505,"CO",2017,171,6,NA,0,95,0
903,2017-06-21,0,0,0,9.61111111111111,21.3888888888889,12.2777777777778,0,0,0,0,NA,505,"CO",2017,172,6,NA,0,95,0
904,2017-06-22,0,0,0,8.5,22.5,11.7222222222222,0,0,0,0,NA,505,"CO",2017,173,6,NA,0,95,0
905,2017-06-23,0,0,0,5.5,19.2222222222222,10.1111111111111,0,0,0,0,NA,505,"CO",2017,174,6,NA,0,95,0
906,2017-06-24,0,0,0,5.38888888888889,17.7777777777778,9.72222222222222,0,0,0,0,NA,505,"CO",2017,175,6,NA,0,95,0
907,2017-06-25,0,0,0,3.27777777777778,19,10,0,0,0,0,NA,505,"CO",2017,176,6,NA,0,95,0
908,2017-06-26,0,0,0,5.61111111111111,19.7222222222222,11.7777777777778,0,0,0,0,NA,505,"CO",2017,177,6,NA,0,95,0
909,2017-06-27,0,0,0,8.22222222222222,21.1111111111111,13,0,0,0,0,NA,505,"CO",2017,178,6,NA,0,95,0
910,2017-06-28,0,0,0,6.77777777777778,19.5,11.7222222222222,0,0,0,0,NA,505,"CO",2017,179,6,NA,0,95,0
911,2017-06-29,0,0,0,6.5,17.8888888888889,10.7777777777778,0,0,0,0,NA,505,"CO",2017,180,6,NA,0,95,0
912,2017-06-30,0,0,0,6.5,16.7222222222222,8.61111111111111,0,0,0,0,NA,505,"CO",2017,181,6,NA,0,95,0
913,2017-07-01,0,0,0,3.77777777777778,19.7777777777778,11.1111111111111,0,0,0,0,NA,505,"CO",2017,182,7,NA,0,95,0
914,2017-07-02,0,0,0,7.88888888888889,20.2777777777778,11.2222222222222,0,0,0,0,NA,505,"CO",2017,183,7,NA,0,95,0
915,2017-07-03,0,0,0,8.38888888888889,17.8888888888889,11.2222222222222,0,0,0,0,NA,505,"CO",2017,184,7,NA,0,95,0
916,2017-07-04,0,0,0,7.88888888888889,21.2777777777778,12.7777777777778,0,0,0,0,NA,505,"CO",2017,185,7,NA,0,95,0
917,2017-07-05,0,0,0,8.61111111111111,23.6111111111111,14.1111111111111,0,0,0,0,NA,505,"CO",2017,186,7,NA,0,95,0
918,2017-07-06,0,0,0,10.5,23.3888888888889,15.8888888888889,0,0,0,0,NA,505,"CO",2017,187,7,NA,0,95,0
919,2017-07-07,0,0,0,8.88888888888889,22.2222222222222,12.7777777777778,0,0,0,0,NA,505,"CO",2017,188,7,NA,0,95,0
920,2017-07-08,0,0,0.254,8.11111111111111,21.1111111111111,11.6111111111111,0,0,0,0,NA,505,"CO",2017,189,7,NA,0,95,0
921,2017-07-09,0,0,0,7.5,22.3888888888889,13.7222222222222,0,0,0,0,NA,505,"CO",2017,190,7,NA,0,95,0
922,2017-07-10,0,0,1.016,10.5,NA,11.7777777777778,0,0,0,0,NA,505,"CO",2017,191,7,NA,0,95,0
923,2017-07-11,0,0,1.524,7.11111111111111,18.7777777777778,10.6111111111111,0,0,0,0,NA,505,"CO",2017,192,7,NA,0,95,0
924,2017-07-12,0,0,1.27,7.38888888888889,12.1111111111111,8.22222222222222,0,0,0,0,NA,505,"CO",2017,193,7,NA,0,95,0
925,2017-07-13,0,0,0,6,17.5,10.7777777777778,0,0,0,0,NA,505,"CO",2017,194,7,NA,0,95,0
926,2017-07-14,0,0,0,7.22222222222222,NA,10.6111111111111,0,0,0,0,NA,505,"CO",2017,195,7,NA,0,95,0
927,2017-07-15,0,0,0,8.72222222222222,19.7222222222222,12.2222222222222,0,0,0,0,NA,505,"CO",2017,196,7,NA,0,95,0
928,2017-07-16,0,0,0,6.77777777777778,21.2222222222222,12.2777777777778,0,0,0,0,NA,505,"CO",2017,197,7,NA,0,95,0
929,2017-07-17,0,0,0,8.72222222222222,21.7222222222222,12.6111111111111,0,0,0,0,NA,505,"CO",2017,198,7,NA,0,95,0
930,2017-07-18,0,0,0,9.38888888888889,NA,12.8888888888889,0,0,0,0,NA,505,"CO",2017,199,7,NA,0,95,0
931,2017-07-19,0,0,0.254,9.61111111111111,NA,12.3888888888889,0,0,0,0,NA,505,"CO",2017,200,7,NA,0,95,0
932,2017-07-20,0,0,1.016,8,NA,11.3888888888889,0,0,0,0,NA,505,"CO",2017,201,7,NA,0,95,0
933,2017-07-21,0,0,0.254,7.61111111111111,19.8888888888889,10.7222222222222,0,0,0,0,NA,505,"CO",2017,202,7,NA,0,95,0
934,2017-07-22,0,0,0.508,7.5,17.8888888888889,10.7222222222222,0,0,0,0,NA,505,"CO",2017,203,7,NA,0,95,0
935,2017-07-23,0,0,0,8.11111111111111,NA,12.6111111111111,0,0,0,0,NA,505,"CO",2017,204,7,NA,0,95,0
936,2017-07-24,0,0,0,9.38888888888889,21,13.3888888888889,0,0,0,0,NA,505,"CO",2017,205,7,NA,0,95,0
937,2017-07-25,0,0,0.762,11.6111111111111,NA,12.2222222222222,0,0,0,0,NA,505,"CO",2017,206,7,NA,0,95,0
938,2017-07-26,0,0,0,7.77777777777778,15,11.1111111111111,0,0,0,0,NA,505,"CO",2017,207,7,NA,0,95,0
939,2017-07-27,0,0,0,9.38888888888889,19.3888888888889,13,0,0,0,0,NA,505,"CO",2017,208,7,NA,0,95,0
940,2017-07-28,0,0,0,9.5,NA,11.7222222222222,0,0,0,0,NA,505,"CO",2017,209,7,NA,0,95,0
941,2017-07-29,0,0,1.016,9.38888888888889,NA,9,0,0,0,0,NA,505,"CO",2017,210,7,NA,0,95,0
942,2017-07-30,0,0,0,8.22222222222222,17.5,11,0,0,0,0,NA,505,"CO",2017,211,7,NA,0,95,0
943,2017-07-31,0,0,0,8.77777777777778,17.2777777777778,10.8888888888889,0,0,0,0,NA,505,"CO",2017,212,7,NA,0,95,0
944,2017-08-01,0,0,0,6.77777777777778,NA,10.7222222222222,0,0,0,0,NA,505,"CO",2017,213,8,NA,0,95,0
945,2017-08-02,0,0,0,6.88888888888889,NA,11.1111111111111,0,0,0,0,NA,505,"CO",2017,214,8,NA,0,95,0
1097,2018-01-01,17.018,81.28,0,-11.3888888888889,-0.277777777777778,-7.22222222222222,0,0,0,0,NA,505,"CO",2018,1,1,209.375,0,111,0
1098,2018-01-02,17.018,78.74,0,-9.88888888888889,NA,-11.2222222222222,0,0,0,0,NA,505,"CO",2018,2,1,216.129032258065,0,111,0
1099,2018-01-03,17.018,76.2,0,-8.77777777777778,NA,-6,0,0,0,0,NA,505,"CO",2018,3,1,223.333333333333,0,111,0
1100,2018-01-04,17.018,76.2,0,-7.61111111111111,1.77777777777778,-5.22222222222222,0,0,0,0,NA,505,"CO",2018,4,1,223.333333333333,0,111,0
1101,2018-01-05,17.018,73.66,0,-6.11111111111111,NA,-4,0,0,0,0,NA,505,"CO",2018,5,1,231.034482758621,0,111,0
1102,2018-01-06,17.018,76.2,0.508,-6.22222222222222,NA,-3.11111111111111,0,0,0,0,NA,505,"CO",2018,6,1,223.333333333333,0,111,0
1103,2018-01-07,17.78,78.74,0,-4.72222222222222,NA,-6.77777777777778,0,0,0,0,NA,505,"CO",2018,7,1,225.806451612903,0,111,0
1104,2018-01-08,17.78,78.74,0.508,-9.38888888888889,NA,-2.72222222222222,0,0,0,0,NA,505,"CO",2018,8,1,225.806451612903,0,111,0
1105,2018-01-09,18.034,81.28,0,-2.11111111111111,NA,-0.277777777777778,0,0,0,0,NA,505,"CO",2018,9,1,221.875,0,111,0
1106,2018-01-10,18.288,78.74,0,-2.72222222222222,NA,-5,0,0,0,0,NA,505,"CO",2018,10,1,232.258064516129,0,111,0
1107,2018-01-11,18.542,86.36,0,-12.2777777777778,-9.61111111111111,-12.5,0,0,0,0,NA,505,"CO",2018,11,1,214.705882352941,0,111,0
1108,2018-01-12,18.542,86.36,2.032,-10.3888888888889,-5.38888888888889,-8.61111111111111,0,0,0,0,NA,505,"CO",2018,12,1,214.705882352941,0,111,0
1109,2018-01-13,20.574,101.6,0.254,-10.8888888888889,-3.88888888888889,-8.72222222222222,0,0,0,0,NA,505,"CO",2018,13,1,202.5,0,111,0
1110,2018-01-14,20.828,99.06,0,-9.38888888888889,NA,-6.61111111111111,0,0,0,0,NA,505,"CO",2018,14,1,210.25641025641,0,111,0
1111,2018-01-15,20.828,91.44,0,-6.72222222222222,-6.11111111111111,-10.5,0,0,0,0,NA,505,"CO",2018,15,1,227.777777777778,0,111,0
1112,2018-01-16,20.828,91.44,0,-17.7222222222222,NA,-11.2777777777778,0,0,0,0,NA,505,"CO",2018,16,1,227.777777777778,0,111,0
1113,2018-01-17,20.828,91.44,0,-10.7222222222222,7.61111111111111,-7.38888888888889,0,0,0,0,NA,505,"CO",2018,17,1,227.777777777778,0,111,0
1114,2018-01-18,20.828,88.9,0.254,-8.61111111111111,3.22222222222222,-3.61111111111111,0,0,0,0,NA,505,"CO",2018,18,1,234.285714285714,0,111,0
1115,2018-01-19,20.828,86.36,0,-2,5.22222222222222,-0.277777777777778,0,0,0,0,NA,505,"CO",2018,19,1,241.176470588235,0,111,0
1116,2018-01-20,20.828,81.28,0.254,-2.88888888888889,4.61111111111111,-1.38888888888889,0,0,0,0,NA,505,"CO",2018,20,1,256.25,0,111,0
1117,2018-01-21,21.082,93.98,0,-6.11111111111111,-6.22222222222222,-12.5,0,0,0,0,NA,505,"CO",2018,21,1,224.324324324324,0,111,0
1118,2018-01-22,21.59,101.6,0.254,-16.7222222222222,-7.77777777777778,-15.2222222222222,0,0,0,0,NA,505,"CO",2018,22,1,212.5,0,111,0
1119,2018-01-23,21.844,99.06,0,-14.8888888888889,NA,-13.3888888888889,0,0,0,0,NA,505,"CO",2018,23,1,220.51282051282,0,111,0
1120,2018-01-24,21.844,96.52,0.508,-14.2777777777778,5.5,-8.38888888888889,0,0,0,0,NA,505,"CO",2018,24,1,226.315789473684,0,111,0
1121,2018-01-25,22.098,93.98,0,-7.61111111111111,NA,-4.11111111111111,0,0,0,0,NA,505,"CO",2018,25,1,235.135135135135,0,111,0
1122,2018-01-26,22.352,91.44,0,-7.38888888888889,NA,-13.2222222222222,0,0,0,0,NA,505,"CO",2018,26,1,244.444444444444,0,111,0
1123,2018-01-27,22.352,99.06,0,-17.3888888888889,NA,-12.6111111111111,0,0,0,0,NA,505,"CO",2018,27,1,225.641025641026,0,111,0
1124,2018-01-28,22.606,99.06,0.254,-12.7222222222222,NA,-9,0,0,0,0,NA,505,"CO",2018,28,1,228.205128205128,0,111,0
1125,2018-01-29,22.606,96.52,0.254,-9.5,0.999999999999998,-5.5,0,0,0,0,NA,505,"CO",2018,29,1,234.21052631579,0,111,0
1126,2018-01-30,22.86,96.52,0.254,-6.22222222222222,4.61111111111111,-1.77777777777778,0,0,0,0,NA,505,"CO",2018,30,1,236.842105263158,0,111,0
1127,2018-01-31,22.86,93.98,0,-4,0.277777777777778,-2.38888888888889,0,0,0,0,NA,505,"CO",2018,31,1,243.243243243243,0,111,0
1128,2018-02-01,22.86,91.44,0.254,-4.38888888888889,NA,-5.5,0,0,0,0,NA,505,"CO",2018,32,2,250,0,111,0
1129,2018-02-02,23.622,99.06,0.254,13.8888888888889,2.27777777777778,-3.22222222222222,0,0,0,0,NA,505,"CO",2018,33,2,238.461538461539,0,111,0
1130,2018-02-03,23.622,96.52,0.254,-5.27777777777778,-1.27777777777778,-4.72222222222222,0,0,0,0,NA,505,"CO",2018,34,2,244.736842105263,0,111,0
1131,2018-02-04,24.13,96.52,0.508,-6.22222222222222,0.222222222222221,-4.22222222222222,0,0,0,0,NA,505,"CO",2018,35,2,250,0,111,0
1132,2018-02-05,24.638,109.22,3.302,-4.27777777777778,-3.77777777777778,-5.77777777777778,0,0,0,0,NA,505,"CO",2018,36,2,225.581395348837,0,111,0
1133,2018-02-06,27.686,137.16,0,-7.61111111111111,NA,-9.22222222222222,0,0,0,0,NA,505,"CO",2018,37,2,201.851851851852,0,111,0
1134,2018-02-07,27.94,132.08,0.254,-11.5,-1.22222222222222,-8.11111111111111,0,0,0,0,NA,505,"CO",2018,38,2,211.538461538462,0,111,0
1135,2018-02-08,27.94,129.54,0,-6.22222222222222,-0.777777777777777,-5.27777777777778,0,0,0,0,NA,505,"CO",2018,39,2,215.686274509804,0,111,0
1136,2018-02-09,28.194,124.46,0.254,-5.72222222222222,-0.111111111111111,-4.27777777777778,0,0,0,0,NA,505,"CO",2018,40,2,226.530612244898,0,111,0
1137,2018-02-10,28.448,119.38,0.508,-6.27777777777778,NA,-10.2222222222222,0,0,0,0,NA,505,"CO",2018,41,2,238.297872340426,0,111,0
1138,2018-02-11,29.21,132.08,0.254,-16.7222222222222,0.222222222222221,-13.1111111111111,0,0,0,0,NA,505,"CO",2018,42,2,221.153846153846,0,111,1
1139,2018-02-12,29.464,127,0.254,-10.7222222222222,NA,-6.72222222222222,0,0,0,0,NA,505,"CO",2018,43,2,232,0,111,0
1140,2018-02-13,29.718,124.46,0.254,-8.22222222222222,-0.222222222222221,-5.77777777777778,0,0,0,0,NA,505,"CO",2018,44,2,238.775510204082,0,111,0
1141,2018-02-14,29.718,121.92,0,-6.5,NA,-4.27777777777778,0,0,0,0,NA,505,"CO",2018,45,2,243.75,0,111,0
1142,2018-02-15,29.972,121.92,0,-6.61111111111111,NA,-8.88888888888889,0,0,0,0,NA,505,"CO",2018,46,2,245.833333333333,0,111,0
1143,2018-02-16,29.972,121.92,0,-23.7777777777778,NA,-10.5,0,0,0,0,NA,505,"CO",2018,47,2,245.833333333333,0,111,0
1144,2018-02-17,30.226,124.46,0,-10.5,NA,-7.11111111111111,0,0,0,0,NA,505,"CO",2018,48,2,242.857142857143,0,111,0
1145,2018-02-18,30.226,121.92,0,-5.27777777777778,3.5,-3,0,0,0,0,NA,505,"CO",2018,49,2,247.916666666667,0,111,0
1146,2018-02-19,30.226,116.84,0.508,-6.22222222222222,NA,-6.27777777777778,0,0,0,0,NA,505,"CO",2018,50,2,258.695652173913,0,111,0
1147,2018-02-20,30.734,127,0,-14.1111111111111,-0.611111111111112,-17.2777777777778,0,0,0,0,NA,505,"CO",2018,51,2,242,0,111,0
1148,2018-02-21,30.734,124.46,0,-21.2222222222222,-7,-14.6111111111111,0,0,0,0,NA,505,"CO",2018,52,2,246.938775510204,0,111,0
1149,2018-02-22,30.734,121.92,0,-12.2222222222222,-6.5,-11.6111111111111,0,0,0,0,NA,505,"CO",2018,53,2,252.083333333333,0,111,0
1150,2018-02-23,30.734,121.92,0.508,-16.8888888888889,-6.27777777777778,-12.3888888888889,0,0,0,0,NA,505,"CO",2018,54,2,252.083333333333,0,111,0
1151,2018-02-24,31.242,127,0,-14.2222222222222,-12.7222222222222,-16.3888888888889,0,0,0,0,NA,505,"CO",2018,55,2,246,0,111,0
1152,2018-02-25,31.242,124.46,0.254,-17,-10.5,-15.5,0,0,0,0,NA,505,"CO",2018,56,2,251.020408163265,0,111,0
1153,2018-02-26,31.496,127,0,-15,-1.22222222222222,-8.27777777777778,0,0,0,0,NA,505,"CO",2018,57,2,248,0,111,0
1154,2018-02-27,31.496,124.46,0,-8.88888888888889,0.111111111111113,-6.61111111111111,0,0,0,0,NA,505,"CO",2018,58,2,253.061224489796,0,111,0
1155,2018-02-28,31.496,121.92,0,-10.8888888888889,-4.38888888888889,-9.72222222222222,0,0,0,0,NA,505,"CO",2018,59,2,258.333333333333,0,111,0
1156,2018-03-01,31.496,116.84,0.254,-12.5,NA,-6.11111111111111,0,0,0,0,NA,505,"CO",2018,60,3,269.565217391304,0,111,0
1157,2018-03-02,31.75,119.38,0,-6.5,11.1111111111111,-3,0,0,0,0,NA,505,"CO",2018,61,3,265.957446808511,0,111,0
1158,2018-03-03,31.75,119.38,0,-3.77777777777778,NA,-0.277777777777778,0,0,0,0,NA,505,"CO",2018,62,3,265.957446808511,0,111,0
1159,2018-03-04,31.75,116.84,0,-3.77777777777778,NA,-6.5,0,0,0,0,NA,505,"CO",2018,63,3,271.739130434783,0,111,0
1160,2018-03-05,31.75,119.38,0,-16.7222222222222,NA,-15.2222222222222,0,0,0,0,NA,505,"CO",2018,64,3,265.957446808511,0,111,0
1161,2018-03-06,31.75,121.92,0,-16.8888888888889,-6,-13.5,0,0,0,0,NA,505,"CO",2018,65,3,260.416666666667,0,111,0
1162,2018-03-07,31.75,121.92,0.254,-14.1111111111111,NA,-8.5,0,0,0,0,NA,505,"CO",2018,66,3,260.416666666667,0,111,0
1163,2018-03-08,32.004,121.92,0.254,-8.77777777777778,2.77777777777778,-4,0,0,0,0,NA,505,"CO",2018,67,3,262.5,0,111,0
1164,2018-03-09,32.258,119.38,0,-4.77777777777778,NA,-2.72222222222222,0,0,0,0,NA,505,"CO",2018,68,3,270.212765957447,0,111,0
1165,2018-03-10,32.258,119.38,0.254,-6,NA,-7.61111111111111,0,0,0,0,NA,505,"CO",2018,69,3,270.212765957447,0,111,0
1166,2018-03-11,32.766,127,0,-13.2222222222222,5.61111111111111,-6.22222222222222,0,0,0,0,NA,505,"CO",2018,70,3,258,0,111,0
1167,2018-03-12,32.766,124.46,0,-7.61111111111111,2,-4.88888888888889,0,0,0,0,NA,505,"CO",2018,71,3,263.265306122449,0,111,0
1168,2018-03-13,32.766,119.38,0.254,-9.22222222222222,4.11111111111111,-3.61111111111111,0,0,0,0,NA,505,"CO",2018,72,3,274.468085106383,0,111,0
1169,2018-03-14,33.02,121.92,0,-3.77777777777778,5.77777777777778,0.611111111111112,0,0,0,0,NA,505,"CO",2018,73,3,270.833333333333,0,111,0
1170,2018-03-15,33.274,116.84,0.254,0.499999999999999,6,-2.11111111111111,0,0,0,0,NA,505,"CO",2018,74,3,284.782608695652,0,111,0
1171,2018-03-16,33.528,119.38,0,-8,-3.77777777777778,-7.61111111111111,0,0,0,0,NA,505,"CO",2018,75,3,280.851063829787,0,111,0
1172,2018-03-17,33.528,127,0.254,-9.5,4.11111111111111,-3.88888888888889,0,0,0,0,NA,505,"CO",2018,76,3,264,0,111,0
1173,2018-03-18,33.782,121.92,0.254,-7.38888888888889,0.999999999999998,-6.88888888888889,0,0,0,0,NA,505,"CO",2018,77,3,277.083333333333,0,111,0
1174,2018-03-19,34.036,129.54,0.508,-12,-4.22222222222222,-10.1111111111111,0,0,0,0,NA,505,"CO",2018,78,3,262.745098039216,0,111,0
1175,2018-03-20,34.544,127,0.762,-13.3888888888889,-6.11111111111111,-9.38888888888889,0,0,0,0,NA,505,"CO",2018,79,3,272,0,111,0
1176,2018-03-21,35.56,129.54,0,-8.77777777777778,2.22222222222222,-4.11111111111111,0,0,0,0,NA,505,"CO",2018,80,3,274.509803921569,0,111,0
1177,2018-03-22,35.56,134.62,0.254,-4.38888888888889,6.61111111111111,0.777777777777777,0,0,0,0,NA,505,"CO",2018,81,3,264.150943396226,0,111,0
1178,2018-03-23,35.814,127,0.762,2.61111111111111,2.61111111111111,-1.27777777777778,0,0,0,0,NA,505,"CO",2018,82,3,282,0,111,0
1179,2018-03-24,36.83,132.08,0.254,-5.22222222222222,5.5,-1.77777777777778,0,0,0,0,NA,505,"CO",2018,83,3,278.846153846154,0,111,0
1180,2018-03-25,37.084,132.08,0,-1.77777777777778,NA,-0.388888888888889,0,0,0,0,NA,505,"CO",2018,84,3,280.769230769231,0,111,0
1181,2018-03-26,37.084,129.54,0,-5.5,3.88888888888889,-3.88888888888889,0,0,0,0,NA,505,"CO",2018,85,3,286.274509803922,0,111,0
1182,2018-03-27,37.084,129.54,0.254,-8.77777777777778,1.5,-5.88888888888889,0,0,0,0,NA,505,"CO",2018,86,3,286.274509803922,0,111,0
1183,2018-03-28,37.338,127,0,-9.77777777777778,NA,-7.61111111111111,0,0,0,0,NA,505,"CO",2018,87,3,294,0,111,0
1184,2018-03-29,37.338,129.54,0.762,-9.77777777777778,-3.11111111111111,-7.88888888888889,0,0,0,0,NA,505,"CO",2018,88,3,288.235294117647,0,111,0
1185,2018-03-30,38.1,132.08,0.254,-9.88888888888889,4.88888888888889,-2.77777777777778,0,0,0,0,NA,505,"CO",2018,89,3,288.461538461538,0,111,0
1186,2018-03-31,38.354,132.08,0,-3.61111111111111,4.38888888888889,-0.611111111111112,0,0,0,0,NA,505,"CO",2018,90,3,290.384615384615,0,111,0
1187,2018-04-01,38.354,129.54,0,0,NA,0.499999999999999,0,0,0,0,NA,505,"CO",2018,91,4,296.078431372549,0,111,0
1188,2018-04-02,38.354,129.54,0,0.499999999999999,8.22222222222222,1.27777777777778,0,0,0,0,NA,505,"CO",2018,92,4,296.078431372549,0,111,0
1189,2018-04-03,38.354,129.54,0.508,-6.27777777777778,-3.22222222222222,-9,0,0,0,0,NA,505,"CO",2018,93,4,296.078431372549,0,111,0
1190,2018-04-04,38.862,124.46,0,-9.72222222222222,3.22222222222222,-3.38888888888889,0,0,0,0,NA,505,"CO",2018,94,4,312.244897959184,0,111,0
1191,2018-04-05,38.862,129.54,0,-6,6.5,-1.61111111111111,0,0,0,0,NA,505,"CO",2018,95,4,300,0,111,0
1192,2018-04-06,38.862,127,1.524,-3.11111111111111,0,-1.5,0,0,0,0,NA,505,"CO",2018,96,4,306,0,111,0
1193,2018-04-07,40.64,149.86,2.032,-2.22222222222222,4.38888888888889,0.111111111111113,0,0,0,0,NA,505,"CO",2018,97,4,271.186440677966,0,111,0
1194,2018-04-08,42.672,157.48,2.286,-0.611111111111112,NA,-3.61111111111111,0,0,0,0,NA,505,"CO",2018,98,4,270.967741935484,0,111,0
1195,2018-04-09,44.958,175.26,0.762,-7.11111111111111,1.11111111111111,-5.77777777777778,0,0,0,0,NA,505,"CO",2018,99,4,256.521739130435,0,111,0
1196,2018-04-10,45.72,167.64,0,-8.72222222222222,NA,-1.77777777777778,0,0,0,0,NA,505,"CO",2018,100,4,272.727272727273,0,111,0
1197,2018-04-11,45.72,157.48,0,-2.61111111111111,9.22222222222222,2.38888888888889,0,0,0,0,NA,505,"CO",2018,101,4,290.322580645161,0,111,0
1198,2018-04-12,45.72,152.4,0,1.61111111111111,NA,1.22222222222222,0,0,0,0,NA,505,"CO",2018,102,4,300,0,111,0
1199,2018-04-13,45.72,149.86,0,-8.88888888888889,NA,-10.2777777777778,0,0,0,0,NA,505,"CO",2018,103,4,305.084745762712,0,111,0
1200,2018-04-14,45.72,157.48,0.508,-11.2777777777778,NA,-7.11111111111111,0,0,0,0,NA,505,"CO",2018,104,4,290.322580645161,0,111,0
1201,2018-04-15,46.228,154.94,0.508,-6.11111111111111,NA,-1.5,0,0,0,0,NA,505,"CO",2018,105,4,298.360655737705,0,111,0
1202,2018-04-16,46.736,149.86,0,-1.77777777777778,NA,3,0,0,0,0,NA,505,"CO",2018,106,4,311.864406779661,0,111,0
1203,2018-04-17,46.736,147.32,0,-1.11111111111111,4.72222222222222,-4.88888888888889,0,0,0,0,NA,505,"CO",2018,107,4,317.241379310345,0,111,0
1204,2018-04-18,46.736,142.24,0.508,-12.2777777777778,NA,-4.77777777777778,0,0,0,0,NA,505,"CO",2018,108,4,328.571428571428,0,111,0
1205,2018-04-19,47.244,144.78,0,-2.72222222222222,7.38888888888889,1.38888888888889,0,0,0,0,NA,505,"CO",2018,109,4,326.315789473684,0,111,0
1206,2018-04-20,47.244,142.24,0.254,1.22222222222222,NA,-0.88888888888889,0,0,0,0,NA,505,"CO",2018,110,4,332.142857142857,0,111,0
1207,2018-04-21,47.498,144.78,0.508,-5.5,NA,-3.72222222222222,0,0,0,0,NA,505,"CO",2018,111,4,328.070175438596,0,111,0
1208,2018-04-22,47.498,147.32,0.254,-3.61111111111111,NA,1.27777777777778,0,0,0,0,NA,505,"CO",2018,112,4,322.413793103448,0,111,0
1209,2018-04-23,47.244,139.7,0,-0.722222222222223,9.88888888888889,2.5,0,0,0,0,NA,505,"CO",2018,113,4,338.181818181818,0,111,0
1210,2018-04-24,46.736,132.08,0,-1.22222222222222,6,-2.11111111111111,0,0,0,0,NA,505,"CO",2018,114,4,353.846153846154,0,111,0
1211,2018-04-25,46.736,132.08,0.254,-7.77777777777778,7.72222222222222,-0.611111111111112,0,0,0,0,NA,505,"CO",2018,115,4,353.846153846154,0,111,0
1212,2018-04-26,45.974,132.08,0,0.111111111111113,4.88888888888889,0.111111111111113,0,0,0,0,NA,505,"CO",2018,116,4,348.076923076923,0,111,0
1213,2018-04-27,44.958,127,0,-2.27777777777778,11.2222222222222,3.38888888888889,0,0,0,0,NA,505,"CO",2018,117,4,354,0,111,0
1214,2018-04-28,43.434,119.38,0,0.222222222222221,12.7222222222222,4.77777777777778,0,0,0,0,NA,505,"CO",2018,118,4,363.829787234043,0,111,0
1215,2018-04-29,41.656,119.38,0,0.611111111111112,NA,4.88888888888889,0,0,0,0,NA,505,"CO",2018,119,4,348.936170212766,0,111,0
1216,2018-04-30,39.624,114.3,0,0.222222222222221,9,2.38888888888889,0,0,0,0,NA,505,"CO",2018,120,4,346.666666666667,0,111,0
1217,2018-05-01,38.1,106.68,0,-0.88888888888889,7.77777777777778,1.5,0,0,0,0,NA,505,"CO",2018,121,5,357.142857142857,0,111,0
1218,2018-05-02,36.576,104.14,0.762,-0.111111111111111,5,-0.388888888888889,0,0,0,0,NA,505,"CO",2018,122,5,351.219512195122,0,111,0
1219,2018-05-03,37.592,111.76,3.81,-3,2.11111111111111,-2.11111111111111,0,0,0,0,NA,505,"CO",2018,123,5,336.363636363636,0,111,0
1220,2018-05-04,41.148,137.16,0,-3.88888888888889,6.22222222222222,-0.222222222222221,0,0,0,0,NA,505,"CO",2018,124,5,300,0,111,0
1221,2018-05-05,40.894,119.38,0,-2,9.72222222222222,3,0,0,0,0,NA,505,"CO",2018,125,5,342.553191489362,0,111,0
1222,2018-05-06,39.878,114.3,0,1.61111111111111,13.6111111111111,6.22222222222222,0,0,0,0,NA,505,"CO",2018,126,5,348.888888888889,0,111,0
1223,2018-05-07,38.862,109.22,0,3.88888888888889,14.3888888888889,7.22222222222222,0,0,0,0,NA,505,"CO",2018,127,5,355.813953488372,0,111,0
1224,2018-05-08,37.592,106.68,0,2.88888888888889,11.7222222222222,5.77777777777778,0,0,0,0,NA,505,"CO",2018,128,5,352.380952380952,0,111,0
1225,2018-05-09,35.306,101.6,0,2.61111111111111,13.3888888888889,6.61111111111111,0,0,0,0,NA,505,"CO",2018,129,5,347.5,0,111,0
1226,2018-05-10,32.766,93.98,0,3.88888888888889,15.7777777777778,8.72222222222222,0,0,0,0,NA,505,"CO",2018,130,5,348.648648648649,0,111,0
1227,2018-05-11,29.972,88.9,0,4,14.2222222222222,7.88888888888889,0,0,0,0,NA,505,"CO",2018,131,5,337.142857142857,0,111,0
1228,2018-05-12,28.448,78.74,0,5.22222222222222,13.8888888888889,7.88888888888889,0,0,0,0,NA,505,"CO",2018,132,5,361.290322580645,0,111,0
1229,2018-05-13,26.924,76.2,0,5.5,11.3888888888889,5.22222222222222,0,0,0,0,NA,505,"CO",2018,133,5,353.333333333333,0,111,0
1230,2018-05-14,25.654,71.12,0,1.11111111111111,12.1111111111111,4.72222222222222,0,0,0,0,NA,505,"CO",2018,134,5,360.714285714286,0,111,0
1231,2018-05-15,23.622,66.04,0,0.222222222222221,11.8888888888889,5.11111111111111,0,0,0,0,NA,505,"CO",2018,135,5,357.692307692308,0,111,0
1232,2018-05-16,22.352,60.96,0,1.5,13,7.22222222222222,0,0,0,0,NA,505,"CO",2018,136,5,366.666666666667,0,111,0
1233,2018-05-17,19.558,55.88,0,3.61111111111111,15.6111111111111,8,0,0,0,0,NA,505,"CO",2018,137,5,350,0,111,0
1234,2018-05-18,16.764,48.26,0.254,2.5,12.3888888888889,3.5,0,0,0,0,NA,505,"CO",2018,138,5,347.368421052632,0,111,0
1235,2018-05-19,15.494,40.64,0,0.277777777777778,7.5,1.61111111111111,0,0,0,0,NA,505,"CO",2018,139,5,381.25,0,111,0
1236,2018-05-20,15.494,43.18,0.254,-1.77777777777778,10.8888888888889,2.5,0,0,0,0,NA,505,"CO",2018,140,5,358.823529411765,0,111,0
1237,2018-05-21,14.986,43.18,0.254,-0.611111111111112,13.7777777777778,6,0,0,0,0,NA,505,"CO",2018,141,5,347.058823529412,0,111,0
1238,2018-05-22,12.7,35.56,0,3.77777777777778,14.7777777777778,5.77777777777778,0,0,0,0,NA,505,"CO",2018,142,5,357.142857142857,0,111,0
1239,2018-05-23,10.414,33.02,0,1.77777777777778,13,6,0,0,0,0,NA,505,"CO",2018,143,5,315.384615384615,0,111,0
1240,2018-05-24,8.636,25.4,0,2,13.2222222222222,6.88888888888889,0,0,0,0,NA,505,"CO",2018,144,5,340,0,111,0
1241,2018-05-25,6.096,17.78,0,3.61111111111111,18.2777777777778,10,0,0,0,0,NA,505,"CO",2018,145,5,342.857142857143,0,111,0
1242,2018-05-26,2.54,10.16,0,6.38888888888889,18.6111111111111,10.7222222222222,0,0,0,0,NA,505,"CO",2018,146,5,250,0,111,0
1243,2018-05-27,0,0,0,6.22222222222222,NA,10.3888888888889,0,0,0,0,NA,505,"CO",2018,147,5,NA,0,111,0
1244,2018-05-28,0,0,0,3.27777777777778,13.8888888888889,6,0,0,0,0,NA,505,"CO",2018,148,5,NA,0,111,0
1245,2018-05-29,0,0,0,1.38888888888889,9.77777777777778,4.5,0,0,0,0,NA,505,"CO",2018,149,5,NA,0,111,0
1246,2018-05-30,0,0,0,2.38888888888889,21,6.77777777777778,0,0,0,0,NA,505,"CO",2018,150,5,NA,0,111,0
1247,2018-05-31,0,0,0,3.38888888888889,21.3888888888889,10.5,0,0,0,0,NA,505,"CO",2018,151,5,NA,0,111,0
1248,2018-06-01,0,0,0,7.77777777777778,16.2222222222222,8.88888888888889,0,0,0,0,NA,505,"CO",2018,152,6,NA,0,111,0
1249,2018-06-02,0,0,0,3.38888888888889,16.5,8.22222222222222,0,0,0,0,NA,505,"CO",2018,153,6,NA,0,111,0
1250,2018-06-03,0,0,0.254,4.61111111111111,16.5,6.88888888888889,0,0,0,0,NA,505,"CO",2018,154,6,NA,0,111,0
1251,2018-06-04,0,0,0,1.61111111111111,NA,9.11111111111111,0,0,0,0,NA,505,"CO",2018,155,6,NA,0,111,0
1252,2018-06-05,0,0,0.254,6.77777777777778,23.7222222222222,12,0,0,0,0,NA,505,"CO",2018,156,6,NA,0,111,0
1253,2018-06-06,0,0,0,7.61111111111111,NA,12.3888888888889,0,0,0,0,NA,505,"CO",2018,157,6,NA,0,111,0
1254,2018-06-07,0,0,0,7.61111111111111,NA,12.1111111111111,0,0,0,0,NA,505,"CO",2018,158,6,NA,0,111,0
1255,2018-06-08,0,0,0,7.38888888888889,NA,12.1111111111111,0,0,0,0,NA,505,"CO",2018,159,6,NA,0,111,0
1256,2018-06-09,0,0,0,7.22222222222222,21.7777777777778,13.1111111111111,0,0,0,0,NA,505,"CO",2018,160,6,NA,0,111,0
1257,2018-06-10,0,0,0,8.38888888888889,NA,12.7222222222222,0,0,0,0,NA,505,"CO",2018,161,6,NA,0,111,0
1258,2018-06-11,0,0,0,5.5,NA,10,0,0,0,0,NA,505,"CO",2018,162,6,NA,0,111,0
1259,2018-06-12,0,0,0,6.77777777777778,23.7222222222222,12.7222222222222,0,0,0,0,NA,505,"CO",2018,163,6,NA,0,111,0
1260,2018-06-13,0,0,0,11,23,14.1111111111111,0,0,0,0,NA,505,"CO",2018,164,6,NA,0,111,0
1261,2018-06-14,0,0,0,9.88888888888889,NA,13,0,0,0,0,NA,505,"CO",2018,165,6,NA,0,111,0
1262,2018-06-15,0,0,0,8.77777777777778,NA,12.6111111111111,0,0,0,0,NA,505,"CO",2018,166,6,NA,0,111,0
1263,2018-06-16,0,0,0,8.61111111111111,18.3888888888889,11.6111111111111,0,0,0,0,NA,505,"CO",2018,167,6,NA,0,111,0
1264,2018-06-17,0,0,0.508,8.61111111111111,13.2777777777778,7.77777777777778,0,0,0,0,NA,505,"CO",2018,168,6,NA,0,111,0
1265,2018-06-18,0,0,0,5.38888888888889,18.2222222222222,10.2222222222222,0,0,0,0,NA,505,"CO",2018,169,6,NA,0,111,0
1266,2018-06-19,0,0,0,6.22222222222222,18.5,10,0,0,0,0,NA,505,"CO",2018,170,6,NA,0,111,0
1267,2018-06-20,0,0,0,3.88888888888889,16.7222222222222,8.61111111111111,0,0,0,0,NA,505,"CO",2018,171,6,NA,0,111,0
1268,2018-06-21,0,0,0,5.22222222222222,19.2222222222222,12.1111111111111,0,0,0,0,NA,505,"CO",2018,172,6,NA,0,111,0
1269,2018-06-22,0,0,0,9.22222222222222,NA,9.61111111111111,0,0,0,0,NA,505,"CO",2018,173,6,NA,0,111,0
1270,2018-06-23,0,0,0,4.88888888888889,17.3888888888889,10.5,0,0,0,0,NA,505,"CO",2018,174,6,NA,0,111,0
1271,2018-06-24,0,0,0,6.72222222222222,12.2222222222222,6,0,0,0,0,NA,505,"CO",2018,175,6,NA,0,111,0
1272,2018-06-25,0,0,0,2.38888888888889,16.5,9.5,0,0,0,0,NA,505,"CO",2018,176,6,NA,0,111,0
1273,2018-06-26,0,0,0,7.72222222222222,22.8888888888889,14.7222222222222,0,0,0,0,NA,505,"CO",2018,177,6,NA,0,111,0
1274,2018-06-27,0,0,0,11,NA,16.2222222222222,0,0,0,0,NA,505,"CO",2018,178,6,NA,0,111,0
1275,2018-06-28,0,0,0,11.1111111111111,26.2222222222222,15.5,0,0,0,0,NA,505,"CO",2018,179,6,NA,0,111,0
1276,2018-06-29,0,0,0,10.6111111111111,22.7222222222222,14.1111111111111,0,0,0,0,NA,505,"CO",2018,180,6,NA,0,111,0
1277,2018-06-30,0,0,0,7.61111111111111,20,10.2222222222222,0,0,0,0,NA,505,"CO",2018,181,6,NA,0,111,0
1278,2018-07-01,0,0,0,3.38888888888889,19.8888888888889,10.8888888888889,0,0,0,0,NA,505,"CO",2018,182,7,NA,0,111,0
1279,2018-07-02,0,0,0,6.72222222222222,NA,13.2222222222222,0,0,0,0,NA,505,"CO",2018,183,7,NA,0,111,0
1280,2018-07-03,0,0,0,8.77777777777778,NA,13.2222222222222,0,0,0,0,NA,505,"CO",2018,184,7,NA,0,111,0
1281,2018-07-04,0,0,0,8.88888888888889,24,13.1111111111111,0,0,0,0,NA,505,"CO",2018,185,7,NA,0,111,0
1282,2018-07-05,0,0,0,10,NA,10.5,0,0,0,0,NA,505,"CO",2018,186,7,NA,0,111,0
1283,2018-07-06,0,0,0,6.22222222222222,21.5,13.2777777777778,0,0,0,0,NA,505,"CO",2018,187,7,NA,0,111,0
1284,2018-07-07,0,0,0,10.1111111111111,21.2222222222222,13.7777777777778,0,0,0,0,NA,505,"CO",2018,188,7,NA,0,111,0
1285,2018-07-08,0,0,0,9.38888888888889,NA,14.7222222222222,0,0,0,0,NA,505,"CO",2018,189,7,NA,0,111,0
1286,2018-07-09,0,0,0.254,9.5,22.7777777777778,15.6111111111111,0,0,0,0,NA,505,"CO",2018,190,7,NA,0,111,0
1287,2018-07-10,0,0,0,10.2222222222222,NA,15.2222222222222,0,0,0,0,NA,505,"CO",2018,191,7,NA,0,111,0
1288,2018-07-11,0,0,0,9.5,23.7222222222222,14.7777777777778,0,0,0,0,NA,505,"CO",2018,192,7,NA,0,111,0
1289,2018-07-12,0,0,0,9.38888888888889,NA,11,0,0,0,0,NA,505,"CO",2018,193,7,NA,0,111,0
1290,2018-07-13,0,0,0,5.88888888888889,NA,12.2777777777778,0,0,0,0,NA,505,"CO",2018,194,7,NA,0,111,0
1291,2018-07-14,0,0,0,9,NA,14.2222222222222,0,0,0,0,NA,505,"CO",2018,195,7,NA,0,111,0
1292,2018-07-15,0,0,0,11.1111111111111,NA,10.6111111111111,0,0,0,0,NA,505,"CO",2018,196,7,NA,0,111,0
1293,2018-07-16,0,0,0.254,6.38888888888889,NA,11.5,0,0,0,0,NA,505,"CO",2018,197,7,NA,0,111,0
1294,2018-07-17,0,0,0,8.72222222222222,NA,13.3888888888889,0,0,0,0,NA,505,"CO",2018,198,7,NA,0,111,0
1295,2018-07-18,0,0,0,9.22222222222222,21,14.1111111111111,0,0,0,0,NA,505,"CO",2018,199,7,NA,0,111,0
1296,2018-07-19,0,0,0,11.1111111111111,22.8888888888889,15.2777777777778,0,0,0,0,NA,505,"CO",2018,200,7,NA,0,111,0
1297,2018-07-20,0,0,0,12.7777777777778,22.7777777777778,14.2777777777778,0,0,0,0,NA,505,"CO",2018,201,7,NA,0,111,0
1298,2018-07-21,0,0,0,10.1111111111111,21.1111111111111,14.1111111111111,0,0,0,0,NA,505,"CO",2018,202,7,NA,0,111,0
1299,2018-07-22,0,0,0.762,11.1111111111111,NA,13.3888888888889,0,0,0,0,NA,505,"CO",2018,203,7,NA,0,111,0
1300,2018-07-23,0,0,0.254,8.72222222222222,18.6111111111111,11.7777777777778,0,0,0,0,NA,505,"CO",2018,204,7,NA,0,111,0
1301,2018-07-24,0,0,0,8.38888888888889,21.2777777777778,13,0,0,0,0,NA,505,"CO",2018,205,7,NA,0,111,0
1302,2018-07-25,0,0,0,9.77777777777778,20.6111111111111,12.2222222222222,0,0,0,0,NA,505,"CO",2018,206,7,NA,0,111,0
1303,2018-07-26,0,0,0,8.72222222222222,NA,12.1111111111111,0,0,0,0,NA,505,"CO",2018,207,7,NA,0,111,0
1304,2018-07-27,0,0,0,8,NA,11.2222222222222,0,0,0,0,NA,505,"CO",2018,208,7,NA,0,111,0
1305,2018-07-28,0,0,0.508,7.38888888888889,18.6111111111111,9.77777777777778,0,0,0,0,NA,505,"CO",2018,209,7,NA,0,111,0
1306,2018-07-29,0,0,0,6.72222222222222,NA,11.7777777777778,0,0,0,0,NA,505,"CO",2018,210,7,NA,0,111,0
1307,2018-07-30,0,0,0,6.38888888888889,17,9.72222222222222,0,0,0,0,NA,505,"CO",2018,211,7,NA,0,111,0
1308,2018-07-31,0,0,0,5.11111111111111,20.1111111111111,11.5,0,0,0,0,NA,505,"CO",2018,212,7,NA,0,111,0
1309,2018-08-01,0,0,0,8,18.6111111111111,10.8888888888889,0,0,0,0,NA,505,"CO",2018,213,8,NA,0,111,0
1310,2018-08-02,0,0,0.254,7.38888888888889,20.6111111111111,13.8888888888889,0,0,0,0,NA,505,"CO",2018,214,8,NA,0,111,0
1462,2019-01-01,22.606,91.44,0,-19.8888888888889,NA,-14.7777777777778,0,0,2.9,0,18.9,505,"CO",2019,1,1,247.222222222222,0,122,0
1463,2019-01-02,22.606,91.44,0.254,-18.7222222222222,NA,-12.8888888888889,0,0,1.7,0,18.6,505,"CO",2019,2,1,247.222222222222,0,122,0
1464,2019-01-03,22.606,91.44,0.254,-12.7777777777778,NA,-8.27777777777778,0,0,1.6,0,18.7,505,"CO",2019,3,1,247.222222222222,0,122,0
1465,2019-01-04,23.114,91.44,0.254,-7.38888888888889,2.88888888888889,-3.5,0,0,3,0,18.5,505,"CO",2019,4,1,252.777777777778,0,122,0
1466,2019-01-05,23.114,88.9,0,-4.5,4.5,-1.77777777777778,0,0,1.8,0,18.8,505,"CO",2019,5,1,260,0,122,0
1467,2019-01-06,23.368,88.9,0,-2,-1.77777777777778,-5.27777777777778,0,0,1.7,0,18.8,505,"CO",2019,6,1,262.857142857143,0,122,0
1468,2019-01-07,23.368,86.36,0.254,-10.7222222222222,-7.77777777777778,-9.72222222222222,0,0,1.8,0,18.8,505,"CO",2019,7,1,270.588235294118,0,122,0
1469,2019-01-08,23.876,91.44,0.254,-10.6111111111111,0.777777777777777,-8,0,0,1.2,0,18.7,505,"CO",2019,8,1,261.111111111111,0,122,0
1470,2019-01-09,23.876,96.52,0,-5.72222222222222,3.22222222222222,-2.72222222222222,0,0,3.2,0,19,505,"CO",2019,9,1,247.368421052632,0,122,0
1471,2019-01-10,24.13,96.52,0.254,-5,2.11111111111111,-3,0,0,1,0,19,505,"CO",2019,10,1,250,0,122,0
1472,2019-01-11,24.638,99.06,0.508,-5,-5,-7,0,0,2.8,0,18.8,505,"CO",2019,11,1,248.717948717949,0,122,0
1473,2019-01-12,24.892,104.14,0,-9.77777777777778,-6.72222222222222,-10.8888888888889,0,0,1.5,0,18.7,505,"CO",2019,12,1,239.024390243902,0,122,0
1474,2019-01-13,24.892,101.6,0,-14.3888888888889,-3.38888888888889,-11.7222222222222,0,0,2.2,0,18.8,505,"CO",2019,13,1,245,0,122,0
1475,2019-01-14,24.892,99.06,0,-13.6111111111111,-2.27777777777778,-10.6111111111111,0,0,3.3,0,18.5,505,"CO",2019,14,1,251.282051282051,0,122,0
1476,2019-01-15,24.892,99.06,0.508,-10.7777777777778,0.277777777777778,-6,0,0,3,0,18.9,505,"CO",2019,15,1,251.282051282051,0,122,0
1477,2019-01-16,25.4,99.06,0,-4,-3,-5.88888888888889,0,0,3,0,18.7,505,"CO",2019,16,1,256.410256410256,0,122,0
1478,2019-01-17,25.908,106.68,0.508,-8.61111111111111,2.88888888888889,-4.77777777777778,0,0,2.8,0,18.8,505,"CO",2019,17,1,242.857142857143,0,122,0
1479,2019-01-18,26.162,109.22,1.27,-5.61111111111111,-5.61111111111111,-8.5,0,0,1.8,0,18.7,505,"CO",2019,18,1,239.53488372093,0,122,0
1480,2019-01-19,27.686,132.08,0.508,-11.7777777777778,-6.22222222222222,-10.2222222222222,0,0,2.7,0,18.7,505,"CO",2019,19,1,209.615384615385,0,122,0
1481,2019-01-20,27.94,129.54,0,-7.22222222222222,0.611111111111112,-5,0,0,1.9,0,18.5,505,"CO",2019,20,1,215.686274509804,0,122,0
1482,2019-01-21,28.194,121.92,0.254,-6.38888888888889,-1.22222222222222,-7.11111111111111,0,0,2.9,0,18.7,505,"CO",2019,21,1,231.25,0,122,0
1483,2019-01-22,28.448,127,0,-12.2222222222222,-12.2222222222222,-15.5,0,0,2.7,0,18.7,505,"CO",2019,22,1,224,0,122,0
1484,2019-01-23,28.448,124.46,0.508,-18.5,-9.27777777777778,-14.1111111111111,0,0,3,0,18.9,505,"CO",2019,23,1,228.571428571429,0,122,0
1485,2019-01-24,29.464,129.54,1.016,-12.7222222222222,-8.77777777777778,-12.6111111111111,0,0,3.6,0,18.5,505,"CO",2019,24,1,227.450980392157,0,122,0
1486,2019-01-25,30.48,134.62,0.254,-14.2222222222222,-9.11111111111111,-13.1111111111111,0,0,3.4,0,18.8,505,"CO",2019,25,1,226.415094339623,0,122,0
1487,2019-01-26,30.734,129.54,0.254,-12.7777777777778,-8.77777777777778,-11.7222222222222,0,0,2.9,0,18.8,505,"CO",2019,26,1,237.254901960784,0,122,0
1488,2019-01-27,30.988,129.54,0.254,-13.2222222222222,-2.72222222222222,-8.38888888888889,0,0,2.7,0,18.9,505,"CO",2019,27,1,239.21568627451,0,122,0
1489,2019-01-28,31.496,137.16,0,-8.38888888888889,-8.38888888888889,-13.3888888888889,0,0,2.2,0,18.8,505,"CO",2019,28,1,229.62962962963,0,122,0
1490,2019-01-29,31.496,139.7,0.254,-19.2777777777778,-6.77777777777778,-14.2777777777778,0,0,2.5,0,18.8,505,"CO",2019,29,1,225.454545454545,0,122,0
1491,2019-01-30,31.496,134.62,0.254,-15.2777777777778,-4.27777777777778,-11,0,0,1.4,0,18.8,505,"CO",2019,30,1,233.962264150943,0,122,0
1492,2019-01-31,31.75,129.54,0.254,-12.1111111111111,3.22222222222222,-8.77777777777778,0,0,3.1,0,19.1,505,"CO",2019,31,1,245.098039215686,0,122,0
1493,2019-02-01,31.75,127,0.254,-10.2777777777778,2.11111111111111,-6.27777777777778,0,0,2.9,0,18.9,505,"CO",2019,32,2,250,0,122,0
1494,2019-02-02,31.75,124.46,0,-8.61111111111111,1.22222222222222,-5.22222222222222,0,0,1.6,0,18.7,505,"CO",2019,33,2,255.102040816327,0,122,0
1495,2019-02-03,32.004,124.46,0,-5.27777777777778,NA,-3.88888888888889,0,0,1,0,18.7,505,"CO",2019,34,2,257.142857142857,0,122,0
1496,2019-02-04,32.004,119.38,0,-8.11111111111111,NA,-4.38888888888889,0,0,1.4,0,18.8,505,"CO",2019,35,2,268.085106382979,0,122,0
1497,2019-02-05,32.004,116.84,0,-5,-2.27777777777778,-5.77777777777778,0,0,2.9,0,18.5,505,"CO",2019,36,2,273.913043478261,0,122,0
1498,2019-02-06,32.004,121.92,0,-8.38888888888889,-7.61111111111111,-11.2222222222222,0,0,1.5,0,18.8,505,"CO",2019,37,2,262.5,0,122,0
1499,2019-02-07,32.258,129.54,0,-18.7777777777778,-16.7222222222222,-20,0,0,1.8,0,19,505,"CO",2019,38,2,249.019607843137,0,122,0
1500,2019-02-08,32.258,132.08,0.254,-21.8888888888889,-5.38888888888889,-13.3888888888889,0,0,1.1,0,18.6,505,"CO",2019,39,2,244.230769230769,0,122,0
1501,2019-02-09,32.512,127,0,-12.7777777777778,NA,-8.72222222222222,0,0,2.3,0,18.8,505,"CO",2019,40,2,256,0,122,0
1502,2019-02-10,32.512,127,0,-10.7777777777778,NA,-9.61111111111111,0,0,1.5,0,18.9,505,"CO",2019,41,2,256,0,122,0
1503,2019-02-11,32.512,127,0,-11.3888888888889,-9.11111111111111,-13.7222222222222,0,0,3.6,0,18.6,505,"CO",2019,42,2,256,0,122,0
1504,2019-02-12,32.512,121.92,0.254,-16.6111111111111,-3.77777777777778,-10.7777777777778,0,0,2.1,0,18.9,505,"CO",2019,43,2,266.666666666667,0,122,0
1505,2019-02-13,33.02,121.92,0.508,-8,1.22222222222222,-4.61111111111111,0,0,2.3,0,18.8,505,"CO",2019,44,2,270.833333333333,0,122,0
1506,2019-02-14,33.782,132.08,1.27,-6,-0.722222222222223,-3.88888888888889,0,0,1.7,0,18.8,505,"CO",2019,45,2,255.769230769231,0,122,0
1507,2019-02-15,35.56,142.24,0.762,-3.77777777777778,-1.61111111111111,-6.22222222222222,0,0,2.1,0,18.6,505,"CO",2019,46,2,250,0,122,0
1508,2019-02-16,36.068,147.32,0,-11.5,-6.5,-13.3888888888889,0,0,1.6,0,18.8,505,"CO",2019,47,2,244.827586206897,0,122,0
1509,2019-02-17,36.068,149.86,0,-19,-11.2222222222222,-16.1111111111111,0,0,1.7,0,18.7,505,"CO",2019,48,2,240.677966101695,0,122,0
1510,2019-02-18,36.322,147.32,0,-15.8888888888889,-8.38888888888889,-14.5,0,0,2.2,0,18.7,505,"CO",2019,49,2,246.551724137931,0,122,0
1511,2019-02-19,36.322,144.78,0,-13.6111111111111,-9.61111111111111,-15.8888888888889,0,0,1.5,0,18.7,505,"CO",2019,50,2,250.877192982456,0,122,0
1512,2019-02-20,36.322,144.78,0,-21.3888888888889,-13.5,-18.3888888888889,0,0,1.4,0,18.8,505,"CO",2019,51,2,250.877192982456,0,122,0
1513,2019-02-21,36.322,142.24,0.508,-17.1111111111111,-7.61111111111111,-12.7222222222222,0,0,1.3,0,18.7,505,"CO",2019,52,2,255.357142857143,0,122,0
1514,2019-02-22,36.576,142.24,0.508,-11.2222222222222,-4.61111111111111,-9.61111111111111,0,0,2.1,0,19,505,"CO",2019,53,2,257.142857142857,0,122,0
1515,2019-02-23,37.338,147.32,0,-11.6111111111111,-10.6111111111111,-14.3888888888889,0,0,2,0,18.8,505,"CO",2019,54,2,253.448275862069,0,122,0
1516,2019-02-24,37.338,149.86,0.254,-15.2222222222222,-5.61111111111111,-12.3888888888889,0,0,1.8,0,18.5,505,"CO",2019,55,2,249.152542372881,0,122,0
1517,2019-02-25,37.592,147.32,0.508,-12.7777777777778,-0.388888888888889,-7.11111111111111,0,0,2.3,0,18.8,505,"CO",2019,56,2,255.172413793104,0,122,0
1518,2019-02-26,37.846,144.78,0,-9.72222222222222,2.77777777777778,-4.38888888888889,0,0,1.7,0,18.7,505,"CO",2019,57,2,261.40350877193,0,122,0
1519,2019-02-27,38.1,142.24,0.254,-6.27777777777778,3.88888888888889,-3.77777777777778,0,0,2.2,0,18.6,505,"CO",2019,58,2,267.857142857143,0,122,0
1520,2019-02-28,38.354,142.24,0.254,-5.77777777777778,1.27777777777778,-4.61111111111111,0,0,1.4,0,18.9,505,"CO",2019,59,2,269.642857142857,0,122,0
1521,2019-03-01,38.862,147.32,1.016,-5.88888888888889,1.11111111111111,-5.61111111111111,0,0,2.9,0,18.6,505,"CO",2019,60,3,263.793103448276,0,122,0
1522,2019-03-02,40.132,160.02,2.54,-6.22222222222222,-0.777777777777777,-4.27777777777778,0,0,0.9,0,18.6,505,"CO",2019,61,3,250.793650793651,0,122,0
1523,2019-03-03,42.672,177.8,1.524,-7.77777777777778,-3.88888888888889,-8.38888888888889,0,0,2.5,0,19,505,"CO",2019,62,3,240,0,122,0
1524,2019-03-04,44.196,193.04,0,-11.6111111111111,-4.27777777777778,-11.2222222222222,0,0,2.9,0,18.8,505,"CO",2019,63,3,228.947368421053,0,122,0
1525,2019-03-05,44.196,185.42,0.254,-15.2222222222222,-2.77777777777778,-8.77777777777778,0,0,2.2,0,18.6,505,"CO",2019,64,3,238.356164383562,0,122,0
1526,2019-03-06,44.45,175.26,2.54,-5.27777777777778,0.499999999999999,-2,0,0,2.4,0,18.9,505,"CO",2019,65,3,253.623188405797,0,122,0
1527,2019-03-07,47.752,210.82,2.032,-3.38888888888889,-1.77777777777778,-5.27777777777778,0,0,1,0,18.7,505,"CO",2019,66,3,226.506024096386,0,122,0
1528,2019-03-08,50.038,215.9,1.27,-9.11111111111111,-0.277777777777778,-6,0,0,1.7,0,18.5,505,"CO",2019,67,3,231.764705882353,0,122,0
1529,2019-03-09,51.308,220.98,0.254,-10.6111111111111,-3.5,-9.88888888888889,0,0,1.3,0,18.8,505,"CO",2019,68,3,232.183908045977,0,122,0
1530,2019-03-10,51.562,213.36,0.254,-10.7222222222222,-0.388888888888889,-7.27777777777778,0,0,2,0,18.9,505,"CO",2019,69,3,241.666666666667,0,122,0
1531,2019-03-11,51.562,208.28,0.254,-9.61111111111111,0.499999999999999,-5.38888888888889,0,0,2.8,0,18.7,505,"CO",2019,70,3,247.560975609756,0,122,0
1532,2019-03-12,52.07,200.66,0.254,-7.61111111111111,5.5,-1.5,0,0,2.4,0,18.8,505,"CO",2019,71,3,259.493670886076,0,122,0
1533,2019-03-13,52.832,203.2,1.27,-0.277777777777778,-0.111111111111111,-7.77777777777778,0,0,1.9,0,18.7,505,"CO",2019,72,3,260,0,122,0
1534,2019-03-14,53.848,215.9,0,-14.2777777777778,-6.72222222222222,-13.2222222222222,0,0,2.6,0,18.8,505,"CO",2019,73,3,249.411764705882,0,122,0
1535,2019-03-15,53.848,210.82,0.254,-17.1111111111111,1.72222222222222,-11.2222222222222,0,0,2.7,0,18.8,505,"CO",2019,74,3,255.421686746988,0,122,0
1536,2019-03-16,53.848,205.74,0,-12.2777777777778,-0.777777777777777,-7.61111111111111,0,0,1.9,0,18.8,505,"CO",2019,75,3,261.728395061728,0,122,0
1537,2019-03-17,54.102,203.2,0,-9.88888888888889,3.61111111111111,-5.77777777777778,0,0,2.8,0,18.6,505,"CO",2019,76,3,266.25,0,122,0
1538,2019-03-18,54.356,198.12,0,-9,NA,-4.5,0,0,1.8,0,18.6,505,"CO",2019,77,3,274.358974358974,0,122,0
1539,2019-03-19,54.61,195.58,0,-7.77777777777778,-3.22222222222222,-9.5,0,0,2,0,18.8,505,"CO",2019,78,3,279.220779220779,0,122,0
1540,2019-03-20,54.61,193.04,0.254,-14.5,4.88888888888889,-5.22222222222222,0,0,1.6,0,18.9,505,"CO",2019,79,3,282.894736842105,0,122,0
1541,2019-03-21,54.864,190.5,0.254,-6.88888888888889,6.61111111111111,-2.72222222222222,0,0,2.5,0,18.8,505,"CO",2019,80,3,288,0,122,0
1542,2019-03-22,54.864,187.96,0,-6.22222222222222,1.61111111111111,-4.38888888888889,0,0,2.2,0,19.1,505,"CO",2019,81,3,291.891891891892,0,122,0
1543,2019-03-23,54.864,187.96,0,-8,-1.22222222222222,-6.11111111111111,0,0,2.4,0,18.8,505,"CO",2019,82,3,291.891891891892,0,122,0
1544,2019-03-24,55.118,187.96,0.508,-10.1111111111111,2.27777777777778,-5.38888888888889,0,0,2,0,19,505,"CO",2019,83,3,293.243243243243,0,122,0
1545,2019-03-25,55.88,195.58,0,-7.11111111111111,1.5,-4.61111111111111,0,0,2.3,0,18.8,505,"CO",2019,84,3,285.714285714286,0,122,0
1546,2019-03-26,55.88,187.96,0.254,-6.72222222222222,8.22222222222222,0.111111111111113,0,0,2.3,0,18.7,505,"CO",2019,85,3,297.297297297297,0,122,0
1547,2019-03-27,55.88,182.88,0,-1.38888888888889,9.11111111111111,2.88888888888889,0,0,2.9,0,18.9,505,"CO",2019,86,3,305.555555555556,0,122,0
1548,2019-03-28,55.88,177.8,0,-0.722222222222223,9.61111111111111,1.77777777777778,0,0,2.6,0,18.8,505,"CO",2019,87,3,314.285714285714,0,122,0
1549,2019-03-29,56.134,175.26,0,-2.38888888888889,0.611111111111112,-5.61111111111111,0,0,1.9,0,18.9,505,"CO",2019,88,3,320.289855072464,0,122,0
1550,2019-03-30,56.134,177.8,0,-9.77777777777778,-1.61111111111111,-8.38888888888889,0,0,1.7,0,19,505,"CO",2019,89,3,315.714285714286,0,122,0
1551,2019-03-31,56.134,175.26,0,-11.7777777777778,0.111111111111113,-7.61111111111111,0,0,2.4,0,18.9,505,"CO",2019,90,3,320.289855072464,0,122,0
1552,2019-04-01,56.642,172.72,0.254,-10.6111111111111,0.499999999999999,-6,0,0,2.6,0,19.2,505,"CO",2019,91,4,327.941176470588,0,122,0
1553,2019-04-02,56.642,172.72,0.254,-6.27777777777778,1.72222222222222,-2.72222222222222,0,0,2.3,0,18.7,505,"CO",2019,92,4,327.941176470588,0,122,0
1554,2019-04-03,57.15,177.8,0,-4.11111111111111,1.72222222222222,-2.72222222222222,0,0,2.9,0,19,505,"CO",2019,93,4,321.428571428571,0,122,0
1555,2019-04-04,57.15,172.72,0.254,-4,5.88888888888889,-0.777777777777777,0,0,2.7,0,18.9,505,"CO",2019,94,4,330.882352941176,0,122,0
1556,2019-04-05,57.658,172.72,0,-1.38888888888889,7.61111111111111,1.11111111111111,0,0,2.3,0,18.8,505,"CO",2019,95,4,333.823529411765,0,122,0
1557,2019-04-06,57.658,170.18,0.254,-2.77777777777778,4.77777777777778,-0.777777777777777,0,0,1.9,0,18.8,505,"CO",2019,96,4,338.805970149254,0,122,0
1558,2019-04-07,57.658,170.18,0,-5.61111111111111,7,-0.88888888888889,0,0,1.9,0,18.9,505,"CO",2019,97,4,338.805970149254,0,122,0
1559,2019-04-08,57.658,170.18,0,-2.22222222222222,11.5,1.72222222222222,0,0,1.7,0,18.8,505,"CO",2019,98,4,338.805970149254,0,122,0
1560,2019-04-09,57.15,162.56,0,-0.111111111111111,10.8888888888889,3.88888888888889,0,0,2.8,0,18.9,505,"CO",2019,99,4,351.5625,0,122,0
1561,2019-04-10,57.15,160.02,0.508,-0.277777777777778,-0.277777777777778,-4.77777777777778,0,0,2.1,0,18.9,505,"CO",2019,100,4,357.142857142857,0,122,0
1562,2019-04-11,57.912,172.72,0.254,-12.8888888888889,-7.61111111111111,-11.2777777777778,0,0,2.1,0,18.9,505,"CO",2019,101,4,335.294117647059,0,122,0
1563,2019-04-12,58.42,175.26,0.508,-12.1111111111111,-1.27777777777778,-9.11111111111111,0,0,3,0,18.8,505,"CO",2019,102,4,333.333333333333,0,122,0
1564,2019-04-13,58.674,172.72,0,-11.1111111111111,2.38888888888889,-8,0,0,2.8,0,19,505,"CO",2019,103,4,339.705882352941,0,122,0
1565,2019-04-14,58.674,170.18,0.254,-11.6111111111111,3.27777777777778,-3.11111111111111,0,0,2.2,0,19,505,"CO",2019,104,4,344.776119402985,0,122,0
1566,2019-04-15,58.674,167.64,0.254,-1,8.77777777777778,2,0,0,2.5,0,18.9,505,"CO",2019,105,4,350,0,122,0
1567,2019-04-16,58.42,165.1,0,-1.11111111111111,8.77777777777778,1.38888888888889,0,0,2.4,0,18.6,505,"CO",2019,106,4,353.846153846154,0,122,0
1568,2019-04-17,58.166,160.02,0,-2.27777777777778,4.11111111111111,-1.22222222222222,0,0,2.2,0,18.8,505,"CO",2019,107,4,363.492063492063,0,122,0
1569,2019-04-18,58.166,160.02,0.762,-4.5,2.27777777777778,-2,0,0,2.7,0,19.1,505,"CO",2019,108,4,363.492063492063,0,122,0
1570,2019-04-19,58.928,160.02,0,-1.11111111111111,9.61111111111111,2.77777777777778,0,0,3.2,0,18.8,505,"CO",2019,109,4,368.253968253968,0,122,0
1571,2019-04-20,58.928,160.02,0,0.111111111111113,13.2222222222222,4,0,0,2.4,0,19,505,"CO",2019,110,4,368.253968253968,0,122,0
1572,2019-04-21,57.658,157.48,0.254,0.111111111111113,6.77777777777778,0.222222222222221,0,0,2.1,0,18.6,505,"CO",2019,111,4,366.129032258065,0,122,0
1573,2019-04-22,57.15,157.48,0.254,-3.72222222222222,7.61111111111111,-0.722222222222223,0,0,3.2,0,18.9,505,"CO",2019,112,4,362.903225806452,0,122,0
1574,2019-04-23,57.404,152.4,0,-3.88888888888889,9.5,0.777777777777777,0,0,2.3,0,18.9,505,"CO",2019,113,4,376.666666666667,0,122,0
1575,2019-04-24,56.896,152.4,0.254,-1.27777777777778,7.38888888888889,2,0,0,2.4,0,19.1,505,"CO",2019,114,4,373.333333333333,0,122,0
1576,2019-04-25,55.626,147.32,0,1.22222222222222,8.5,2.61111111111111,0,0,2.1,0,19.1,505,"CO",2019,115,4,377.586206896552,0,122,0
1577,2019-04-26,53.848,144.78,1.016,-0.777777777777777,10.1111111111111,2.61111111111111,0,0,3.4,0,19,505,"CO",2019,116,4,371.929824561404,0,122,0
1578,2019-04-27,54.61,154.94,0.508,-0.777777777777777,7,1.38888888888889,0,0,3.2,0,18.9,505,"CO",2019,117,4,352.459016393443,0,122,0
1579,2019-04-28,54.102,144.78,1.27,0.777777777777777,5,0.388888888888891,0.6,0,2.3,0,18.9,505,"CO",2019,118,4,373.684210526316,0.6,122,0
1580,2019-04-29,55.626,152.4,1.524,-2.22222222222222,3.5,-1.11111111111111,1.3,0,1.9,0,19.2,505,"CO",2019,119,4,365,0.7,122,0
1581,2019-04-30,57.658,167.64,0.762,-3.5,3.72222222222222,-1.27777777777778,1.5,0,3.4,0,19,505,"CO",2019,120,4,343.939393939394,0.2,122,0
1582,2019-05-01,58.42,165.1,0.508,-2.38888888888889,1.72222222222222,-3.61111111111111,1.6,0,2.3,0,19,505,"CO",2019,121,5,353.846153846154,0.1,122,0
1583,2019-05-02,59.436,165.1,0,-8.27777777777778,5.38888888888889,-3,2.4,0,2.1,0,19.2,505,"CO",2019,122,5,360,0.8,122,0
1584,2019-05-03,59.182,157.48,0,-6.11111111111111,6.11111111111111,-1.11111111111111,2.8,0,3.3,0,18.9,505,"CO",2019,123,5,375.806451612903,0.4,122,0
1585,2019-05-04,58.42,152.4,0,-3.88888888888889,8.38888888888889,1.11111111111111,3.2,0,3.2,0,18.9,505,"CO",2019,124,5,383.333333333333,0.4,122,0
1586,2019-05-05,57.658,149.86,0.254,-1.11111111111111,9.77777777777778,2.11111111111111,3.6,0,3.3,0,19.2,505,"CO",2019,125,5,384.745762711864,0.4,122,0
1587,2019-05-06,57.15,147.32,0,-1.77777777777778,11,3.27777777777778,4.7,0,2.1,0,18.7,505,"CO",2019,126,5,387.931034482759,1.1,122,0
1588,2019-05-07,56.134,144.78,0,2.22222222222222,9.61111111111111,2.38888888888889,4.7,0,2.9,0,18.8,505,"CO",2019,127,5,387.719298245614,0,122,0
1589,2019-05-08,55.626,139.7,0.254,-1.77777777777778,6.22222222222222,-2.88888888888889,4.5,0,3.3,0,19.1,505,"CO",2019,128,5,398.181818181818,-0.2,122,0
1590,2019-05-09,55.626,147.32,0,-7,-0.222222222222221,-6,6.6,0,3.5,0,18.7,505,"CO",2019,129,5,377.586206896552,2.1,122,1
1591,2019-05-10,56.134,147.32,0.508,-7.11111111111111,2.88888888888889,-2.61111111111111,8.4,0,3,0,19,505,"CO",2019,130,5,381.034482758621,1.8,122,0
1592,2019-05-11,56.642,147.32,0,-6.88888888888889,4.77777777777778,-1.27777777777778,9.6,0,3,0,19.2,505,"CO",2019,131,5,384.48275862069,1.2,122,0
1593,2019-05-12,56.896,142.24,0,-4,8.61111111111111,2.11111111111111,9.3,0,2.1,0,19.1,505,"CO",2019,132,5,400,-0.299999999999999,122,0
1594,2019-05-13,54.864,139.7,0.254,0.499999999999999,11,4.38888888888889,9.4,0,3.4,0,18.9,505,"CO",2019,133,5,392.727272727273,0.0999999999999996,122,0
1595,2019-05-14,52.324,129.54,0,1.27777777777778,12.2222222222222,5.5,16.8,0,3.4,0,19,505,"CO",2019,134,5,403.921568627451,7.4,122,0
1596,2019-05-15,49.784,124.46,0,2.22222222222222,13.3888888888889,6.5,22,0,1.9,0,18.9,505,"CO",2019,135,5,400,5.2,122,0
1597,2019-05-16,48.006,119.38,0,3.72222222222222,13.7222222222222,7,25.7,0,2.2,0,19,505,"CO",2019,136,5,402.127659574468,3.7,122,0
1598,2019-05-17,46.482,116.84,0,3.5,7.61111111111111,0.111111111111113,26.7,0,4.4,0,19.2,505,"CO",2019,137,5,397.826086956522,1,122,0
1599,2019-05-18,46.482,121.92,0,-6.61111111111111,1.22222222222222,-3.77777777777778,26.6,0,4.2,0,19.3,505,"CO",2019,138,5,381.25,-0.0999999999999979,122,0
1600,2019-05-19,46.99,119.38,0.254,-4.72222222222222,5.11111111111111,-0.88888888888889,26.3,0,5.8,0,19.1,505,"CO",2019,139,5,393.617021276596,-0.300000000000001,122,0
1601,2019-05-20,47.498,121.92,1.016,-0.88888888888889,1.5,-1.61111111111111,26.3,0,3.4,0.8,19.2,505,"CO",2019,140,5,389.583333333333,0,122,0
1602,2019-05-21,48.768,134.62,1.27,-5.61111111111111,0.499999999999999,-3.11111111111111,26.2,0,2.9,0,19.4,505,"CO",2019,141,5,362.264150943396,-0.100000000000001,122,0
1603,2019-05-22,50.038,139.7,0.508,-4.27777777777778,4.77777777777778,-1.22222222222222,25.6,0,4.8,0,19.5,505,"CO",2019,142,5,358.181818181818,-0.599999999999998,122,0
1604,2019-05-23,50.292,137.16,0.762,-1.61111111111111,1.61111111111111,-2.11111111111111,25.5,0,3.3,0,19.1,505,"CO",2019,143,5,366.666666666667,-0.100000000000001,122,0
1605,2019-05-24,51.308,139.7,0.254,-7.61111111111111,5.88888888888889,-0.722222222222223,25.2,0,5.4,0,19.4,505,"CO",2019,144,5,367.272727272727,-0.300000000000001,122,0
1606,2019-05-25,50.292,127,0,-2.22222222222222,10.6111111111111,3.61111111111111,26.1,0,3.8,0.9,19.7,505,"CO",2019,145,5,396,0.900000000000002,122,0
1607,2019-05-26,48.768,121.92,0.254,4,12.7777777777778,4.61111111111111,27.1,0,3.9,0,19.5,505,"CO",2019,146,5,400,1,122,0
1608,2019-05-27,47.498,116.84,0,-0.777777777777777,8.38888888888889,2.22222222222222,27.9,0,4,2.1,19.6,505,"CO",2019,147,5,406.521739130435,0.799999999999997,122,0
1609,2019-05-28,47.244,116.84,0.254,-1.27777777777778,2.88888888888889,-2.22222222222222,28.7,0,3,0,19.6,505,"CO",2019,148,5,404.347826086957,0.800000000000001,122,0
1610,2019-05-29,47.244,119.38,0.762,-2.72222222222222,3.72222222222222,-0.777777777777777,28.9,0,4.2,1.8,19.5,505,"CO",2019,149,5,395.744680851064,0.199999999999999,122,0
1611,2019-05-30,47.752,124.46,0.254,-3,7.77777777777778,1.27777777777778,28.2,0,5.8,0,19.7,505,"CO",2019,150,5,383.673469387755,-0.699999999999999,122,0
1612,2019-05-31,47.498,116.84,0,-0.722222222222223,9.77777777777778,3.38888888888889,27.8,0,5.8,0,19.9,505,"CO",2019,151,5,406.521739130435,-0.399999999999999,122,0
1613,2019-06-01,46.99,114.3,0,1.5,13.3888888888889,6.61111111111111,28.4,0,4.8,0,19.8,505,"CO",2019,152,6,411.111111111111,0.599999999999998,122,0
1614,2019-06-02,44.45,109.22,0.254,4.77777777777778,13.2777777777778,5.5,32.3,0,3.5,0,20,505,"CO",2019,153,6,406.976744186047,3.9,122,0
1615,2019-06-03,43.688,106.68,0,3.61111111111111,14.3888888888889,6.38888888888889,32.5,0,6.9,1.3,19.7,505,"CO",2019,154,6,409.523809523809,0.200000000000003,122,0
1616,2019-06-04,41.402,96.52,0.254,2.77777777777778,12.3888888888889,6,33.3,0,13.2,0.1,25.7,505,"CO",2019,155,6,428.947368421053,0.799999999999997,122,0
1617,2019-06-05,39.878,99.06,0,2.22222222222222,13.3888888888889,5.61111111111111,33.3,0,15.2,2.7,29.2,505,"CO",2019,156,6,402.564102564103,0,122,0
1618,2019-06-06,36.83,91.44,0.254,0.777777777777777,13.7777777777778,7,34.1,0,15.3,8.2,30.2,505,"CO",2019,157,6,402.777777777778,0.800000000000004,122,0
1619,2019-06-07,33.02,78.74,0,4.61111111111111,14.8888888888889,8.22222222222222,34.5,0,16.1,8.7,33.4,505,"CO",2019,158,6,419.354838709677,0.399999999999999,122,0
1620,2019-06-08,30.988,78.74,0,5,15.2777777777778,8,34.7,0,17.9,8.3,33.6,505,"CO",2019,159,6,393.548387096774,0.200000000000003,122,0
1621,2019-06-09,27.94,71.12,0,0.999999999999998,8.77777777777778,1.77777777777778,34.5,0,18.4,9.2,33.5,505,"CO",2019,160,6,392.857142857143,-0.200000000000003,122,0
1622,2019-06-10,25.908,63.5,0,-0.777777777777777,14,6,34.1,0,18.6,8.9,33.7,505,"CO",2019,161,6,408,-0.399999999999999,122,0
1623,2019-06-11,22.86,58.42,0,2.77777777777778,11.6111111111111,6.22222222222222,34.4,0,18.8,8.6,33.9,505,"CO",2019,162,6,391.304347826087,0.299999999999997,122,0
1624,2019-06-12,19.304,45.72,0,3.61111111111111,12.8888888888889,7,34.6,0,20,8.9,33.8,505,"CO",2019,163,6,422.222222222222,0.200000000000003,122,0
1625,2019-06-13,15.748,38.1,0,4.11111111111111,16.6111111111111,8,35,0,20.6,9.4,33.8,505,"CO",2019,164,6,413.333333333333,0.399999999999999,122,0
1626,2019-06-14,12.446,30.48,0,3.61111111111111,15.5,6.77777777777778,35,0,20.5,9.4,34,505,"CO",2019,165,6,408.333333333333,0,122,0
1627,2019-06-15,10.16,25.4,1.27,2.61111111111111,12.7222222222222,5.11111111111111,34.8,0,21.6,9.2,33.9,505,"CO",2019,166,6,400,-0.200000000000003,122,0
1628,2019-06-16,9.144,17.78,0.254,1.61111111111111,13.6111111111111,6.22222222222222,34.4,0,20.6,9.2,33.8,505,"CO",2019,167,6,514.285714285714,-0.399999999999999,122,0
1629,2019-06-17,7.366,15.24,0.254,2.61111111111111,11.7777777777778,5.5,34.5,0,20.7,8.9,33.8,505,"CO",2019,168,6,483.333333333333,0.100000000000001,122,0
1630,2019-06-18,5.334,12.7,1.016,3,5.77777777777778,3.5,34.4,0,21.8,8.1,33.9,505,"CO",2019,169,6,420,-0.100000000000001,122,0
1631,2019-06-19,4.064,10.16,0.254,2.38888888888889,12.7777777777778,6.22222222222222,34.9,0,22.2,8.8,33.9,505,"CO",2019,170,6,400,0.5,122,0
1632,2019-06-20,1.778,5.08,0.254,6.22222222222222,15.3888888888889,7,34.6,0,22.2,7.9,34,505,"CO",2019,171,6,350,-0.299999999999997,122,0
1633,2019-06-21,1.016,2.54,0.254,2.88888888888889,12.2222222222222,4.77777777777778,34.5,0,22.5,8.6,34.1,505,"CO",2019,172,6,400,-0.100000000000001,122,0
1634,2019-06-22,1.778,5.08,1.016,-0.277777777777778,8.61111111111111,1.61111111111111,34.3,0,21.6,7.8,33.9,505,"CO",2019,173,6,350,-0.200000000000003,122,0
1635,2019-06-23,1.27,2.54,0.508,-3.11111111111111,3.72222222222222,-0.388888888888889,32.7,0,20.2,6.8,34.1,505,"CO",2019,174,6,500,-1.59999999999999,122,0
1636,2019-06-24,1.016,2.54,0,0.277777777777778,12.3888888888889,5.38888888888889,31.1,0,20.4,7.3,31.2,505,"CO",2019,175,6,400,-1.6,122,0
1637,2019-06-25,0,0,0,3.5,15.5,8.61111111111111,33.9,0,21.3,7,29.8,505,"CO",2019,176,6,NA,2.8,122,0
1638,2019-06-26,0,0,0,6,17.8888888888889,10.7777777777778,34.2,0,21.6,7.7,30.7,505,"CO",2019,177,6,NA,0.300000000000004,122,0
1639,2019-06-27,0,0,0.254,6.5,19.7222222222222,12,34.2,0,21.9,7.3,33,505,"CO",2019,178,6,NA,0,122,0
1640,2019-06-28,0,0,0,7.88888888888889,21,13.2777777777778,34.3,0,23,8.2,33.2,505,"CO",2019,179,6,NA,0.0999999999999943,122,0
1641,2019-06-29,0,0,0,9.77777777777778,19.8888888888889,12.7777777777778,34.8,0,23.1,9.3,33.3,505,"CO",2019,180,6,NA,0.5,122,0
1642,2019-06-30,0,0,0.254,7.88888888888889,20.2222222222222,10.7222222222222,34.4,0,22.7,7.9,33.3,505,"CO",2019,181,6,NA,-0.399999999999999,122,0
1643,2019-07-01,0,0,0,6.5,18,10.8888888888889,33.3,0,22.8,9.4,33.3,505,"CO",2019,182,7,NA,-1.1,122,0
1644,2019-07-02,0,0,0,6.77777777777778,18.5,10.7222222222222,30.1,0,21.3,9,33.3,505,"CO",2019,183,7,NA,-3.2,122,0
1645,2019-07-03,0,0,0,7.22222222222222,19.6111111111111,12.2222222222222,27.5,0,20.4,8.8,33.3,505,"CO",2019,184,7,NA,-2.6,122,0
1646,2019-07-04,0,0,0,7.88888888888889,20.3888888888889,13,24.6,0,17.8,7.5,31.7,505,"CO",2019,185,7,NA,-2.9,122,0
1647,2019-07-05,0,0,0,7.88888888888889,20.2777777777778,12.6111111111111,21.8,0,17.6,5.8,30.1,505,"CO",2019,186,7,NA,-2.8,122,0
1648,2019-07-06,0,0,0,7.5,18.5,11.3888888888889,19.6,0,16.2,5.1,28.7,505,"CO",2019,187,7,NA,-2.2,122,0
1649,2019-07-07,0,0,0,6.5,18.2777777777778,10.3888888888889,18,0,15.8,5.5,28.3,505,"CO",2019,188,7,NA,-1.6,122,0
1650,2019-07-08,0,0,0,6.38888888888889,13.3888888888889,8.11111111111111,16.7,0,12.7,5.8,28,505,"CO",2019,189,7,NA,-1.3,122,0
1651,2019-07-09,0,0,0,4.5,NA,10.1111111111111,15.5,0,13.3,4,27.9,505,"CO",2019,190,7,NA,-1.2,122,0
1652,2019-07-10,0,0,0,6.5,21.5,13,14.6,0,10.8,6.3,27.6,505,"CO",2019,191,7,NA,-0.9,122,0
1653,2019-07-11,0,0,0,8.77777777777778,21.7222222222222,13.8888888888889,13.7,0,12.2,5.8,27.5,505,"CO",2019,192,7,NA,-0.9,122,0
1654,2019-07-12,0,0,0,9.72222222222222,NA,12.3888888888889,12.2,0,10.9,5.4,27.3,505,"CO",2019,193,7,NA,-1.5,122,0
1655,2019-07-13,0,0,0,10,22.2222222222222,12.8888888888889,11.9,0,8.2,2.1,27.4,505,"CO",2019,194,7,NA,-0.299999999999999,122,0
1656,2019-07-14,0,0,0,8.88888888888889,19.6111111111111,11.7777777777778,11.2,0,9.5,4.2,27.1,505,"CO",2019,195,7,NA,-0.700000000000001,122,0
1657,2019-07-15,0,0,0.254,7.88888888888889,21.1111111111111,11.1111111111111,9.8,0,8.1,3.8,27.2,505,"CO",2019,196,7,NA,-1.4,122,0
1658,2019-07-16,0,0,0,6.72222222222222,19.5,12.2777777777778,19.4,0,7.3,1.9,27.1,505,"CO",2019,197,7,NA,9.6,122,0
1659,2019-07-17,0,0,0,10.7777777777778,20.6111111111111,13.8888888888889,18.2,0,9.5,2.6,27,505,"CO",2019,198,7,NA,-1.2,122,0
1660,2019-07-18,0,0,0,9.72222222222222,21.7777777777778,14.2777777777778,15.5,0,6.7,2.6,27.1,505,"CO",2019,199,7,NA,-2.7,122,0
1661,2019-07-19,0,0,0,9.72222222222222,23.2777777777778,15.7777777777778,13.7,0,7.9,3.4,27,505,"CO",2019,200,7,NA,-1.8,122,0
1662,2019-07-20,0,0,0,11,22.6111111111111,12.7222222222222,12.3,0,7.5,2.6,27,505,"CO",2019,201,7,NA,-1.4,122,0
1663,2019-07-21,0,0,0,7.22222222222222,21.5,12.6111111111111,11,0,6.7,2.5,27.1,505,"CO",2019,202,7,NA,-1.3,122,0
1664,2019-07-22,0,0,0,8.5,19.3888888888889,11.3888888888889,10.1,0,5.9,2.4,26.8,505,"CO",2019,203,7,NA,-0.9,122,0
1665,2019-07-23,0,0,0,7.88888888888889,21.1111111111111,13.1111111111111,9,0,6,2.5,27,505,"CO",2019,204,7,NA,-1.1,122,0
1666,2019-07-24,0,0,0,8.61111111111111,21.5,13,8.2,0,7.5,1.1,26.6,505,"CO",2019,205,7,NA,-0.800000000000001,122,0
1667,2019-07-25,0,0,0,8.88888888888889,17.2222222222222,11.5,8.1,0,5.3,2.1,26.6,505,"CO",2019,206,7,NA,-0.0999999999999996,122,0
1668,2019-07-26,0,0,0,7.61111111111111,NA,11,6.7,3.5,5.4,1.9,26.4,505,"CO",2019,207,7,NA,-1.4,122,0
1669,2019-07-27,0,0,0,9.72222222222222,NA,11,5.7,2.9,4.4,2.2,26.5,505,"CO",2019,208,7,NA,-1,122,0
1670,2019-07-28,0,0,0,7.5,17,11,4.8,4.2,6.7,1.2,26.6,505,"CO",2019,209,7,NA,-0.9,122,0
1671,2019-07-29,0,0,0,6.61111111111111,22,13.3888888888889,4.6,3.2,5,1.3,26.1,505,"CO",2019,210,7,NA,-0.2,122,0
1672,2019-07-30,0,0,0,9.38888888888889,NA,13.1111111111111,5.1,2.3,4.6,0.8,26.3,505,"CO",2019,211,7,NA,0.5,122,0
1673,2019-07-31,0,0,0,8.11111111111111,NA,12.6111111111111,3.5,2.9,5.3,1.2,26.1,505,"CO",2019,212,7,NA,-1.6,122,0
1674,2019-08-01,0,0,0,10.3888888888889,NA,11.7777777777778,4,2.9,6,0,26.2,505,"CO",2019,213,8,NA,0.5,122,0
1675,2019-08-02,0,0,0,8.22222222222222,NA,13.1111111111111,4.1,3.1,5.7,0.2,26.1,505,"CO",2019,214,8,NA,0.0999999999999996,122,0
1827,2020-01-01,17.78,76.2,1.27,-9.72222222222222,26.7222222222222,-8.5,0,0,2.9,0,20,505,"CO",2020,1,1,233.333333333333,0,116,0
1828,2020-01-02,19.304,93.98,0,-10.6111111111111,19.5,-11.7777777777778,0,0,3.2,0.9,20.5,505,"CO",2020,2,1,205.405405405405,0,116,0
1829,2020-01-03,19.304,91.44,0,-13.7777777777778,20,-11,0,0,1.8,0,20.5,505,"CO",2020,3,1,211.111111111111,0,116,0
1830,2020-01-04,19.304,91.44,0.254,-10.7777777777778,1.27777777777778,-6.11111111111111,0,0,2.8,0.2,20.4,505,"CO",2020,4,1,211.111111111111,0,116,0
1831,2020-01-05,19.558,91.44,0.254,-10.5,22.8888888888889,-7.77777777777778,0,0,2.8,0,20.3,505,"CO",2020,5,1,213.888888888889,0,116,0
1832,2020-01-06,19.812,91.44,0,-12.2777777777778,-9.72222222222222,-13.2222222222222,0,0,2.6,0,20.4,505,"CO",2020,6,1,216.666666666667,0,116,0
1833,2020-01-07,19.812,88.9,0,-11.3888888888889,-1.27777777777778,-8.22222222222222,0,0,0.9,0,20,505,"CO",2020,7,1,222.857142857143,0,116,0
1834,2020-01-08,19.812,83.82,0.254,-9.61111111111111,23.3888888888889,-6.5,0,0,0.8,0,20.6,505,"CO",2020,8,1,236.363636363636,0,116,0
1835,2020-01-09,20.066,86.36,0,-11.2777777777778,-5.88888888888889,-11.5,0,0,2.1,0,20.2,505,"CO",2020,9,1,232.352941176471,0,116,0
1836,2020-01-10,20.066,88.9,0,-13.3888888888889,14.8888888888889,-16.2222222222222,0,0,1.9,0,19.9,505,"CO",2020,10,1,225.714285714286,0,116,0
1837,2020-01-11,20.066,88.9,0.508,-18.7777777777778,-7.22222222222222,-12.7777777777778,0,0,3.3,0,20.2,505,"CO",2020,11,1,225.714285714286,0,116,0
1838,2020-01-12,20.574,96.52,0.254,-16.5,-9.27777777777778,-13.7777777777778,0,0,0.8,0,20.5,505,"CO",2020,12,1,213.157894736842,0,116,0
1839,2020-01-13,21.082,96.52,0.508,-14.3888888888889,-10.2222222222222,-12.7222222222222,0,0,0.9,0,20.3,505,"CO",2020,13,1,218.421052631579,0,116,0
1840,2020-01-14,21.336,96.52,0.254,-11.6111111111111,22,-8.61111111111111,0,0,2.7,0,20.5,505,"CO",2020,14,1,221.052631578947,0,116,0
1841,2020-01-15,21.59,93.98,0,-10,-1.61111111111111,-8.72222222222222,0,0,2.7,0.4,20.2,505,"CO",2020,15,1,229.72972972973,0,116,0
1842,2020-01-16,21.59,93.98,0,-9,1.38888888888889,-4.22222222222222,0,0,1.9,0,20.4,505,"CO",2020,16,1,229.72972972973,0,116,0
1843,2020-01-17,21.844,91.44,0.508,-6,18.6111111111111,-10.3888888888889,0,0,1.6,0,20.7,505,"CO",2020,17,1,238.888888888889,0,116,0
1844,2020-01-18,22.098,101.6,0,-17.8888888888889,-6.61111111111111,-12.7777777777778,0,0,1.3,0,20.5,505,"CO",2020,18,1,217.5,0,116,0
1845,2020-01-19,22.098,93.98,0,-12.6111111111111,-2.88888888888889,-10.3888888888889,0,0,2.9,0,20.5,505,"CO",2020,19,1,235.135135135135,0,116,0
1846,2020-01-20,22.098,93.98,0.508,-12.5,4.22222222222222,-5.22222222222222,0,0,0.8,0,20.1,505,"CO",2020,20,1,235.135135135135,0,116,0
1847,2020-01-21,22.606,93.98,0,-4.72222222222222,28,-3.88888888888889,0,0,2.4,0,20.5,505,"CO",2020,21,1,240.540540540541,0,116,0
1848,2020-01-22,22.86,91.44,0.508,-6.72222222222222,-5.77777777777778,-8.22222222222222,0,0,1.6,0,20.3,505,"CO",2020,22,1,250,0,116,0
1849,2020-01-23,23.114,93.98,0.762,-11.5,NA,-9.5,0,0,0.5,0,20.1,505,"CO",2020,23,1,245.945945945946,0,116,0
1850,2020-01-24,23.876,101.6,0.254,-9.22222222222222,28.8888888888889,-7.22222222222222,0,0,1.5,0,20.3,505,"CO",2020,24,1,235,0,116,0
1851,2020-01-25,24.13,109.22,0.254,-7.77777777777778,-3.77777777777778,-7.27777777777778,0,0,0.1,0,20.1,505,"CO",2020,25,1,220.93023255814,0,116,0
1852,2020-01-26,24.384,106.68,0,-8.77777777777778,-0.277777777777778,-6.38888888888889,0,0,2.5,0,20.2,505,"CO",2020,26,1,228.571428571429,0,116,0
1853,2020-01-27,24.384,104.14,0,-7,-1.61111111111111,-7.27777777777778,0,0,0.4,0,20.1,505,"CO",2020,27,1,234.146341463415,0,116,0
1854,2020-01-28,24.384,101.6,0,-12.7222222222222,18.8888888888889,-11.2777777777778,0,0,2.5,0,20.5,505,"CO",2020,28,1,240,0,116,0
1855,2020-01-29,24.384,104.14,0.254,-11.5,-5.77777777777778,-10.5,0,0,1.3,0,20.1,505,"CO",2020,29,1,234.146341463415,0,116,0
1856,2020-01-30,24.638,104.14,0,-14,18.7777777777778,-12.5,0,0,2.7,0,20.3,505,"CO",2020,30,1,236.585365853659,0,116,0
1857,2020-01-31,24.638,104.14,0.254,-15.3888888888889,-6.22222222222222,-11.5,0,0,2.2,0,20.1,505,"CO",2020,31,1,236.585365853659,0,116,0
1858,2020-02-01,25.146,104.14,0.508,-8.88888888888889,1.11111111111111,-5.27777777777778,0,0,1.9,0,20,505,"CO",2020,32,2,241.463414634146,0,116,0
1859,2020-02-02,25.654,106.68,0,-5,26.5,-0.88888888888889,0,0,2.5,0,20.1,505,"CO",2020,33,2,240.47619047619,0,116,0
1860,2020-02-03,25.654,104.14,0,-4.72222222222222,-1.27777777777778,-8.72222222222222,0,0,2.7,0,20.5,505,"CO",2020,34,2,246.341463414634,0,116,0
1861,2020-02-04,25.654,104.14,0,-20.3888888888889,-1.5,-20.3888888888889,0,0,0.2,0,20.4,505,"CO",2020,35,2,246.341463414634,0,116,0
1862,2020-02-05,25.654,104.14,0.508,-25.5,4.5,-20.2222222222222,0,0,0.5,0,20.2,505,"CO",2020,36,2,246.341463414634,0,116,0
1863,2020-02-06,25.908,101.6,1.524,-17.2222222222222,-9,-11.7222222222222,0,0,1.6,0,20.5,505,"CO",2020,37,2,255,0,116,0
1864,2020-02-07,27.686,116.84,3.302,-9.61111111111111,-5.88888888888889,-7.77777777777778,0,0,2.2,0.1,20.5,505,"CO",2020,38,2,236.95652173913,0,116,0
1865,2020-02-08,30.988,147.32,0.762,-7.77777777777778,0.388888888888891,-5.61111111111111,0,0,1.4,0,20.3,505,"CO",2020,39,2,210.344827586207,0,116,0
1866,2020-02-09,31.496,142.24,1.016,-11,15.1111111111111,-10.1111111111111,0,0,0.8,0,20.1,505,"CO",2020,40,2,221.428571428571,0,116,0
1867,2020-02-10,32.512,157.48,0.508,-10.6111111111111,-3.61111111111111,-11.1111111111111,0,0,1.3,0,20.5,505,"CO",2020,41,2,206.451612903226,0,116,0
1868,2020-02-11,33.02,152.4,0,-17.6111111111111,13.2222222222222,-13.7777777777778,0,0,2.5,0,20.2,505,"CO",2020,42,2,216.666666666667,0,116,0
1869,2020-02-12,33.02,149.86,0,-12.2777777777778,24.5,-13.5,0,0,2.6,0,20.3,505,"CO",2020,43,2,220.338983050847,0,116,0
1870,2020-02-13,33.02,147.32,0.508,-15.2222222222222,-9.38888888888889,-12.7222222222222,0,0,2.5,0,20.3,505,"CO",2020,44,2,224.137931034483,0,116,0
1871,2020-02-14,33.274,149.86,0.254,-10.7222222222222,20.6111111111111,-7.38888888888889,0,0,0.9,0.2,20,505,"CO",2020,45,2,222.033898305085,0,116,0
1872,2020-02-15,33.528,152.4,0,-10,-3.22222222222222,-8,0,0,2.3,0,20.1,505,"CO",2020,46,2,220,0,116,0
1873,2020-02-16,33.528,152.4,1.27,-9.11111111111111,-3.5,-6.27777777777778,0,0,0.4,0,20.3,505,"CO",2020,47,2,220,0,116,0
1874,2020-02-17,35.052,162.56,0.508,-6.61111111111111,-4.5,-9.5,0,0,2.7,0,20.4,505,"CO",2020,48,2,215.625,0,116,0
1875,2020-02-18,35.56,160.02,0,-15.8888888888889,8.11111111111111,-13,0,0,2.9,0,20.3,505,"CO",2020,49,2,222.222222222222,0,116,0
1876,2020-02-19,35.56,157.48,0.254,-12.7777777777778,NA,-11.1111111111111,0,0,2,0,20.1,505,"CO",2020,50,2,225.806451612903,0,116,0
1877,2020-02-20,35.814,152.4,0,-17.8888888888889,7.11111111111111,-12.7777777777778,0,0,1.9,0,20,505,"CO",2020,51,2,235,0,116,0
1878,2020-02-21,35.814,147.32,0.254,-12.5,2.22222222222222,-6.61111111111111,0,0,1.8,0,20.6,505,"CO",2020,52,2,243.103448275862,0,116,0
1879,2020-02-22,36.068,144.78,0.254,-7.77777777777778,25.1111111111111,-3.38888888888889,0,0,3,0,20.1,505,"CO",2020,53,2,249.122807017544,0,116,0
1880,2020-02-23,36.322,142.24,0,-4.11111111111111,-3.77777777777778,-6.5,0,0,2.5,0,20.1,505,"CO",2020,54,2,255.357142857143,0,116,0
1881,2020-02-24,36.322,139.7,0.508,-9.72222222222222,-9.22222222222222,-13.8888888888889,0,0,0.5,0,20.4,505,"CO",2020,55,2,260,0,116,0
1882,2020-02-25,36.83,149.86,0,-17.6111111111111,32.6111111111111,-17.8888888888889,0,0,0.4,0,20.2,505,"CO",2020,56,2,245.762711864407,0,116,0
1883,2020-02-26,36.83,149.86,0.254,-22.6111111111111,26.5,-14,0,0,1.5,0.1,20.3,505,"CO",2020,57,2,245.762711864407,0,116,0
1884,2020-02-27,37.084,152.4,0.254,-10,-4.61111111111111,-9.38888888888889,0,0,1.1,0,20,505,"CO",2020,58,2,243.333333333333,0,116,0
1885,2020-02-28,37.338,147.32,0.254,-11,0.611111111111112,-7.11111111111111,0,0,2.8,0,20.1,505,"CO",2020,59,2,253.448275862069,0,116,0
1886,2020-02-29,37.592,142.24,0,-8.61111111111111,2.11111111111111,-5.22222222222222,0,0,1.8,0,20.6,505,"CO",2020,60,2,264.285714285714,0,116,0
1887,2020-03-01,37.592,142.24,0.508,-7.88888888888889,16,-5.5,0,0,1.3,0,20.3,505,"CO",2020,61,3,264.285714285714,0,116,0
1888,2020-03-02,38.1,149.86,0,-7.22222222222222,12.1111111111111,-8.5,0,NA,NA,NA,NA,505,"CO",2020,62,3,254.237288135593,0,116,0
1889,2020-03-03,38.1,144.78,0,-12.2777777777778,15.5,-8.38888888888889,0,0,0.5,0,20.5,505,"CO",2020,63,3,263.157894736842,0,116,0
1890,2020-03-04,38.1,144.78,0,-10,2.61111111111111,-5.22222222222222,0,0,1.3,0,20.4,505,"CO",2020,64,3,263.157894736842,0,116,0
1891,2020-03-05,38.1,142.24,0,-7.22222222222222,22.5,-4.38888888888889,0,0,2.7,0,20.3,505,"CO",2020,65,3,267.857142857143,0,116,0
1892,2020-03-06,38.354,139.7,0.254,-6.22222222222222,6.22222222222222,-1.5,0,0,2.3,0,20.4,505,"CO",2020,66,3,274.545454545455,0,116,0
1893,2020-03-07,38.608,137.16,0,-4.27777777777778,5.5,-0.777777777777777,0,0,0.6,0,20.5,505,"CO",2020,67,3,281.481481481481,0,116,0
1894,2020-03-08,38.608,137.16,0,-2.22222222222222,5.22222222222222,-1,0,0,0.2,0.4,20.3,505,"CO",2020,68,3,281.481481481481,0,116,0
1895,2020-03-09,38.608,137.16,0,-5,2.27777777777778,-4.22222222222222,0,0,0.8,0,20.4,505,"CO",2020,69,3,281.481481481481,0,116,0
1896,2020-03-10,38.608,137.16,0.508,-6.38888888888889,28,-4.5,0,0,1.8,0,20.1,505,"CO",2020,70,3,281.481481481481,0,116,0
1897,2020-03-11,39.116,139.7,0,-7.11111111111111,4.77777777777778,-2.5,0,0,2,0,20.5,505,"CO",2020,71,3,280,0,116,0
1898,2020-03-12,39.37,137.16,0,-3.72222222222222,32.2222222222222,-2,0,0,0,0,20.4,505,"CO",2020,72,3,287.037037037037,0,116,0
1899,2020-03-13,39.37,134.62,0.254,-5.61111111111111,4,-3.22222222222222,0,0,0.5,0,20.2,505,"CO",2020,73,3,292.452830188679,0,116,0
1900,2020-03-14,39.878,139.7,0,-7.61111111111111,2,-4.38888888888889,0,0,3.1,0,20.3,505,"CO",2020,74,3,285.454545454545,0,116,0
1901,2020-03-15,39.878,134.62,0,-7.27777777777778,5.11111111111111,-2.38888888888889,0,0,2.1,0,20.1,505,"CO",2020,75,3,296.22641509434,0,116,0
1902,2020-03-16,39.878,132.08,0.254,-4.5,5.38888888888889,-1.27777777777778,0,0,2.3,0,20.2,505,"CO",2020,76,3,301.923076923077,0,116,0
1903,2020-03-17,40.132,134.62,0,-3.11111111111111,6.77777777777778,0.222222222222221,0,0,1.8,0,20.5,505,"CO",2020,77,3,298.11320754717,0,116,0
1904,2020-03-18,40.132,132.08,0,-4.61111111111111,17.5,-1.77777777777778,0,0,1.6,0,20.1,505,"CO",2020,78,3,303.846153846154,0,116,0
1905,2020-03-19,40.132,127,1.27,-3.22222222222222,-2.61111111111111,-6.11111111111111,0,0,2.8,0,20.5,505,"CO",2020,79,3,316,0,116,0
1906,2020-03-20,41.148,147.32,0.508,-10.2777777777778,-1,-7.22222222222222,0,0,1,0,20.3,505,"CO",2020,80,3,279.310344827586,0,116,0
1907,2020-03-21,41.656,152.4,0.254,-9,-0.277777777777778,-6.61111111111111,0,0,3.1,0,20.4,505,"CO",2020,81,3,273.333333333333,0,116,0
1908,2020-03-22,41.91,152.4,0.508,-7.22222222222222,23.2777777777778,-7,0,0,2.5,0,20.4,505,"CO",2020,82,3,275,0,116,0
1909,2020-03-23,42.418,154.94,0.508,-10.5,26.7222222222222,-5.5,0,0,1.2,0,20.2,505,"CO",2020,83,3,273.770491803279,0,116,0
1910,2020-03-24,42.926,157.48,0.254,-6.61111111111111,2,-3.72222222222222,0,0,1.5,0,20.2,505,"CO",2020,84,3,272.58064516129,0,116,0
1911,2020-03-25,43.434,152.4,0,-5.5,2.77777777777778,-2.27777777777778,0,0,0.9,0,20.5,505,"CO",2020,85,3,285,0,116,0
1912,2020-03-26,43.434,149.86,0,-3.77777777777778,5.5,-0.777777777777777,0,0,2.5,0,20.4,505,"CO",2020,86,3,289.830508474576,0,116,0
1913,2020-03-27,43.434,142.24,0.762,-4.5,23.5,-5.77777777777778,0,0,1.7,0,20.2,505,"CO",2020,87,3,305.357142857143,0,116,0
1914,2020-03-28,43.688,152.4,0,-12.5,-5.61111111111111,-11.2777777777778,0,0,2.5,0,20.3,505,"CO",2020,88,3,286.666666666667,0,116,0
1915,2020-03-29,43.688,144.78,0.254,-13.6111111111111,-1.22222222222222,-8,0,0,1,0,20.4,505,"CO",2020,89,3,301.754385964912,0,116,0
1916,2020-03-30,43.942,147.32,0.254,-6.77777777777778,23.6111111111111,-5.22222222222222,0,0,1.8,0,20.4,505,"CO",2020,90,3,298.275862068966,0,116,0
1917,2020-03-31,44.45,147.32,0.254,-6.72222222222222,4.77777777777778,-1.77777777777778,0,0,2.4,0,20.4,505,"CO",2020,91,3,301.724137931035,0,116,0
1918,2020-04-01,44.704,147.32,1.016,-2.38888888888889,8,0.499999999999999,0,0,1.8,0,20.2,505,"CO",2020,92,4,303.448275862069,0,116,0
1919,2020-04-02,45.72,139.7,0,-1.77777777777778,NA,-2.88888888888889,0,0,1.5,0,20.5,505,"CO",2020,93,4,327.272727272727,0,116,0
1920,2020-04-03,45.72,139.7,0.254,-11.3888888888889,-1.77777777777778,-7.88888888888889,0,0,2.7,0,20.3,505,"CO",2020,94,4,327.272727272727,0,116,0
1921,2020-04-04,45.974,142.24,0.254,-8.61111111111111,2.38888888888889,-3.5,0,0,1.5,0,20.2,505,"CO",2020,95,4,323.214285714286,0,116,0
1922,2020-04-05,46.228,142.24,0,-4.27777777777778,NA,-0.111111111111111,0,0,2.5,0,20.4,505,"CO",2020,96,4,325,0,116,0
1923,2020-04-06,46.228,137.16,0,-2.72222222222222,NA,0.611111111111112,0,0,2.4,0,20.4,505,"CO",2020,97,4,337.037037037037,0,116,0
1924,2020-04-07,46.228,134.62,0,-2.72222222222222,17.8888888888889,0.777777777777777,0,0,2,0,20.3,505,"CO",2020,98,4,343.396226415094,0,116,0
1925,2020-04-08,45.974,134.62,0,-2.61111111111111,6.5,0.499999999999999,0,0,3.2,0,20.4,505,"CO",2020,99,4,341.509433962264,0,116,0
1926,2020-04-09,45.72,129.54,0,-2.11111111111111,38.2222222222222,2.11111111111111,0,0,2.1,0,20.3,505,"CO",2020,100,4,352.941176470588,0,116,0
1927,2020-04-10,45.466,129.54,0,-1.77777777777778,6.5,-0.277777777777778,0,0,3.2,0,20.5,505,"CO",2020,101,4,350.980392156863,0,116,0
1928,2020-04-11,45.466,127,0,-4.22222222222222,35.6111111111111,-0.611111111111112,0,0,1.1,0,20.4,505,"CO",2020,102,4,358,0,116,0
1929,2020-04-12,45.466,127,1.524,-3.38888888888889,-1.61111111111111,-7.77777777777778,0,0,2.2,0,20.3,505,"CO",2020,103,4,358,0,116,0
1930,2020-04-13,45.466,127,0.508,-12.7222222222222,26.3888888888889,-12.7222222222222,0,0,1.4,0,20.2,505,"CO",2020,104,4,358,0,116,0
1931,2020-04-14,46.228,129.54,1.016,-17.8888888888889,16.2222222222222,-13.2777777777778,0,0,2.9,0,20.4,505,"CO",2020,105,4,356.862745098039,0,116,0
1932,2020-04-15,47.244,142.24,0.254,-11.8888888888889,-2.5,-7.38888888888889,0,0.3,1.5,0,20.6,505,"CO",2020,106,4,332.142857142857,0,116,0
1933,2020-04-16,47.498,147.32,2.032,-6.72222222222222,27.3888888888889,-6.72222222222222,0,0,2.5,0,20.6,505,"CO",2020,107,4,322.413793103448,0,116,0
1934,2020-04-17,48.768,154.94,0.762,-10.5,0.277777777777778,-6.61111111111111,0,0,1.1,0,20.7,505,"CO",2020,108,4,314.754098360656,0,116,0
1935,2020-04-18,49.53,142.24,0.254,-6.27777777777778,NA,-3.11111111111111,0,0,3,0,20.5,505,"CO",2020,109,4,348.214285714286,0,116,0
1936,2020-04-19,49.784,139.7,0.508,-5.72222222222222,2.38888888888889,-3.5,0,0,2.2,0,20.5,505,"CO",2020,110,4,356.363636363636,0,116,0
1937,2020-04-20,50.292,142.24,0.254,-4.38888888888889,3,-2.11111111111111,0,0.2,1.2,0,20.5,505,"CO",2020,111,4,353.571428571429,0,116,0
1938,2020-04-21,50.546,134.62,0.254,-3.72222222222222,5.88888888888889,-0.388888888888889,0,0,2.6,0,20.5,505,"CO",2020,112,4,375.471698113208,0,116,0
1939,2020-04-22,50.292,139.7,0,-3.72222222222222,6,-0.722222222222223,0,0.2,1.5,0,20.2,505,"CO",2020,113,4,360,0,116,0
1940,2020-04-23,50.292,137.16,1.778,-2.61111111111111,3.77777777777778,-1.38888888888889,0,0,2.1,0,20.3,505,"CO",2020,114,4,366.666666666667,0,116,0
1941,2020-04-24,52.07,147.32,0.508,-5.27777777777778,1.38888888888889,-3.61111111111111,0,0,2.1,0,20.7,505,"CO",2020,115,4,353.448275862069,0,116,0
1942,2020-04-25,52.324,147.32,0,-5.22222222222222,4.11111111111111,-1.77777777777778,0,0,2.2,0,20.6,505,"CO",2020,116,4,355.172413793103,0,116,0
1943,2020-04-26,52.324,142.24,0,-1.77777777777778,38.6111111111111,1.11111111111111,0,0,2.1,0,20.4,505,"CO",2020,117,4,367.857142857143,0,116,0
1944,2020-04-27,52.324,139.7,0,-2,10.8888888888889,3.88888888888889,0,0,1.5,0,20.5,505,"CO",2020,118,4,374.545454545455,0,116,0
1945,2020-04-28,50.038,137.16,0,1.5,8.22222222222222,3.22222222222222,0,0,2.5,0,20.3,505,"CO",2020,119,4,364.814814814815,0,116,0
1946,2020-04-29,47.498,129.54,0,-0.777777777777777,10.7222222222222,4.72222222222222,0,0,1.7,0,20.7,505,"CO",2020,120,4,366.666666666667,0,116,0
1947,2020-04-30,45.974,127,0,3.27777777777778,34,7.11111111111111,0,0.1,2.9,0.4,20.3,505,"CO",2020,121,4,362,0,116,0
1948,2020-05-01,44.704,121.92,0.254,3.27777777777778,15.1111111111111,7.38888888888889,0,0.2,2.5,0,20.4,505,"CO",2020,122,5,366.666666666667,0,116,0
1949,2020-05-02,42.926,116.84,0,2.38888888888889,12.8888888888889,4.72222222222222,0,0.4,2.7,0,20.3,505,"CO",2020,123,5,367.391304347826,0,116,0
1950,2020-05-03,42.164,109.22,0,-0.777777777777777,12.3888888888889,5.22222222222222,0,0.1,2.8,0,20.4,505,"CO",2020,124,5,386.046511627907,0,116,0
1951,2020-05-04,40.386,106.68,0.254,2.61111111111111,NA,0.777777777777777,0,0.2,3.2,0,20.4,505,"CO",2020,125,5,378.571428571429,0,116,0
1952,2020-05-05,40.386,109.22,0,-4.77777777777778,18.6111111111111,0.222222222222221,0,0,0.7,0,20.6,505,"CO",2020,126,5,369.767441860465,0,116,0
1953,2020-05-06,39.116,101.6,0,-2.88888888888889,NA,4.11111111111111,0,0,4.1,0,20.5,505,"CO",2020,127,5,385,0,116,0
1954,2020-05-07,37.592,96.52,0,1.72222222222222,9.88888888888889,1.61111111111111,1.2,0.6,1.9,0,20.8,505,"CO",2020,128,5,389.473684210526,1.2,116,0
1955,2020-05-08,36.576,91.44,0,-5.5,34,1.27777777777778,3,0.5,2.6,0.1,20.5,505,"CO",2020,129,5,400,1.8,116,1
1956,2020-05-09,34.544,86.36,0,0.222222222222221,6.72222222222222,0.722222222222221,8,0.6,1.8,0,20.8,505,"CO",2020,130,5,400,5,116,0
1957,2020-05-10,33.274,81.28,0,-2.72222222222222,11.2222222222222,3.27777777777778,11.3,1.3,3.4,0,20.9,505,"CO",2020,131,5,409.375,3.3,116,0
1958,2020-05-11,31.75,78.74,0.762,2.38888888888889,4,1.61111111111111,18,1.2,2.6,0.4,20.7,505,"CO",2020,132,5,403.225806451613,6.7,116,0
1959,2020-05-12,32.512,81.28,0,0.277777777777778,25.7222222222222,4.38888888888889,20,0,2.5,0,20.7,505,"CO",2020,133,5,400,2,116,0
1960,2020-05-13,31.496,76.2,0,1.72222222222222,11.3888888888889,5,24.9,0,3.4,0,20.8,505,"CO",2020,134,5,413.333333333333,4.9,116,0
1961,2020-05-14,29.21,71.12,0.254,1.11111111111111,9.88888888888889,3.61111111111111,26.3,1,2.8,0,20.7,505,"CO",2020,135,5,410.714285714286,1.4,116,0
1962,2020-05-15,29.464,68.58,0,1.38888888888889,NA,3.61111111111111,27,0.4,2.1,0,20.7,505,"CO",2020,136,5,429.62962962963,0.699999999999999,116,0
1963,2020-05-16,27.178,68.58,0,0.722222222222221,10.7222222222222,3.77777777777778,27.8,1.1,2.5,0,20.9,505,"CO",2020,137,5,396.296296296296,0.800000000000001,116,0
1964,2020-05-17,25.146,66.04,0,0.611111111111112,14.7222222222222,7.38888888888889,29.4,0.2,2.8,0,21,505,"CO",2020,138,5,380.769230769231,1.6,116,0
1965,2020-05-18,23.114,60.96,0,4.5,NA,10.5,29.8,1.4,3.5,0,20.8,505,"CO",2020,139,5,379.166666666667,0.400000000000002,116,0
1966,2020-05-19,20.32,53.34,0,5.72222222222222,17.2222222222222,10.1111111111111,30.7,1.3,2.8,0,21.2,505,"CO",2020,140,5,380.952380952381,0.899999999999999,116,0
1967,2020-05-20,18.034,48.26,0,6.38888888888889,25.7777777777778,6.5,31.5,1,2.4,0,22.1,505,"CO",2020,141,5,373.684210526316,0.800000000000001,116,0
1968,2020-05-21,15.24,38.1,0,-1.77777777777778,10.7222222222222,3.22222222222222,31.2,1,3.4,0,33.1,505,"CO",2020,142,5,400,-0.300000000000001,116,0
1969,2020-05-22,12.7,33.02,0,-0.777777777777777,33.8888888888889,5.77777777777778,31.1,0.8,2.8,0.5,33,505,"CO",2020,143,5,384.615384615385,-0.0999999999999979,116,0
1970,2020-05-23,9.906,25.4,0,3.38888888888889,37.8888888888889,5,31.6,1.8,2.6,0,33,505,"CO",2020,144,5,390,0.5,116,0
1971,2020-05-24,8.128,22.86,1.778,-0.777777777777777,2.5,-0.777777777777777,31.3,0.6,2.5,0,30.7,505,"CO",2020,145,5,355.555555555556,-0.300000000000001,116,0
1972,2020-05-25,9.398,30.48,0,-5.27777777777778,4.77777777777778,-0.88888888888889,29.7,1.6,3.5,0,30.2,505,"CO",2020,146,5,308.333333333333,-1.6,116,0
1973,2020-05-26,9.398,25.4,0,-2.61111111111111,NA,4.5,28.5,1.8,2.9,0.2,28.7,505,"CO",2020,147,5,370,-1.2,116,0
1974,2020-05-27,7.366,17.78,0,4.5,13.1111111111111,6.11111111111111,31.9,1,3.3,0,27.8,505,"CO",2020,148,5,414.285714285714,3.4,116,0
1975,2020-05-28,4.826,10.16,0,3.27777777777778,16.2777777777778,8.38888888888889,32.2,1.9,3,5.5,29.8,505,"CO",2020,149,5,475,0.300000000000004,116,0
1976,2020-05-29,1.27,5.08,0.254,4.5,18,9.77777777777778,33,2.1,3.7,6.4,32.2,505,"CO",2020,150,5,250,0.799999999999997,116,0
1977,2020-05-30,0,0,0,6.22222222222222,18.7222222222222,9.38888888888889,33.1,1.6,2.6,6.7,32.1,505,"CO",2020,151,5,NA,0.100000000000001,116,0
1978,2020-05-31,0,0,0,5.22222222222222,17.7222222222222,9.61111111111111,33.5,1.9,5.6,6.6,32.3,505,"CO",2020,152,5,NA,0.399999999999999,116,0
1979,2020-06-01,0,0,0,5.5,40.2222222222222,10.6111111111111,33.8,3.2,5.7,7.5,32.3,505,"CO",2020,153,6,NA,0.299999999999997,116,0
1980,2020-06-02,0,0,0.254,7,17.8888888888889,10.7777777777778,33.9,3,7.2,6.7,32.3,505,"CO",2020,154,6,NA,0.100000000000001,116,0
1981,2020-06-03,0,0,0,6.11111111111111,18.2222222222222,10.3888888888889,33.2,3.1,8.6,7.3,32.5,505,"CO",2020,155,6,NA,-0.699999999999996,116,0
1982,2020-06-04,0,0,0,4.88888888888889,18.7222222222222,8.61111111111111,30.8,3.4,9.8,6.7,32.4,505,"CO",2020,156,6,NA,-2.4,116,0
1983,2020-06-05,0,0,0.254,6.5,21.7222222222222,12.7777777777778,28.5,4.4,10.4,7.8,32.1,505,"CO",2020,157,6,NA,-2.3,116,0
1984,2020-06-06,0,0,0,10.6111111111111,10.8888888888889,7.22222222222222,23.9,5.3,9,6.4,32.3,505,"CO",2020,158,6,NA,-4.6,116,0
1985,2020-06-07,0,0,0,6.11111111111111,17,9.88888888888889,27,5.4,10.7,7.4,32.2,505,"CO",2020,159,6,NA,3.1,116,0
1986,2020-06-08,0,0,0,4.72222222222222,14.8888888888889,5.77777777777778,22.9,6,9.2,5.5,29.7,505,"CO",2020,160,6,NA,-4.1,116,0
1987,2020-06-09,0,0,1.524,-4.27777777777778,1.11111111111111,-1.77777777777778,19.1,5.6,9.4,5.5,29.1,505,"CO",2020,161,6,NA,-3.8,116,0
1988,2020-06-10,0.762,5.08,0,-0.777777777777777,9.22222222222222,3.38888888888889,18.8,5.6,8.9,7.1,28.1,505,"CO",2020,162,6,150,-0.300000000000001,116,0
1989,2020-06-11,0.254,2.54,0.254,1.27777777777778,16,8.11111111111111,21.3,6,7.5,4.8,27.8,505,"CO",2020,163,6,100,2.5,116,0
1990,2020-06-12,0,0,0.254,5.77777777777778,32.6111111111111,11.8888888888889,20.1,6.6,8.7,5.8,27.6,505,"CO",2020,164,6,NA,-1.2,116,0
1991,2020-06-13,0,0,0,10.1111111111111,19.7222222222222,10.7222222222222,17.4,6.8,7.8,4.3,27.7,505,"CO",2020,165,6,NA,-2.7,116,0
1992,2020-06-14,0,0,0,4.22222222222222,17.2777777777778,9.5,16.3,5.9,8.6,5.2,27.2,505,"CO",2020,166,6,NA,-1.1,116,0
1993,2020-06-15,0,0,0,6.22222222222222,21.5,11.7777777777778,14.5,6.4,7.2,3.3,27.5,505,"CO",2020,167,6,NA,-1.8,116,0
1994,2020-06-16,0,0,0,8.38888888888889,26,12.2222222222222,13.9,4.4,7.9,4.1,27.4,505,"CO",2020,168,6,NA,-0.6,116,0
1995,2020-06-17,0,0,0,7.72222222222222,24.7222222222222,11.7777777777778,12.2,5.9,8,3.5,27.6,505,"CO",2020,169,6,NA,-1.7,116,0
1996,2020-06-18,0,0,0.762,3.72222222222222,13.2777777777778,4.11111111111111,10.7,3.2,7.4,3.3,27.1,505,"CO",2020,170,6,NA,-1.5,116,0
1997,2020-06-19,0,0,0.762,3.38888888888889,13.3888888888889,3.38888888888889,20,4.3,7.8,4.1,27.4,505,"CO",2020,171,6,NA,9.3,116,0
1998,2020-06-20,0,0,0.508,1.27777777777778,15.2222222222222,7.88888888888889,24.6,6.1,6.1,3,27.4,505,"CO",2020,172,6,NA,4.6,116,0
1999,2020-06-21,0,0,0,5.22222222222222,15.5,9.11111111111111,19.5,6.6,6.7,2.7,27.4,505,"CO",2020,173,6,NA,-5.1,116,0
2000,2020-06-22,0,0,0,6.72222222222222,16.6111111111111,9.88888888888889,17.6,6.3,6.1,2.8,27.2,505,"CO",2020,174,6,NA,-1.9,116,0
2001,2020-06-23,0,0,0,7,17.6111111111111,10,16.2,5.2,5.5,2.2,27,505,"CO",2020,175,6,NA,-1.4,116,0
2002,2020-06-24,0,0,0,6.22222222222222,19.8888888888889,10.2222222222222,14.6,4.6,6.5,1.5,27,505,"CO",2020,176,6,NA,-1.6,116,0
2003,2020-06-25,0,0,0,7.22222222222222,19,10.2222222222222,13,4.2,6.9,1.9,26.9,505,"CO",2020,177,6,NA,-1.6,116,0
2004,2020-06-26,0,0,0,5,20.5,10.7222222222222,12.3,4.6,7,3,26.9,505,"CO",2020,178,6,NA,-0.699999999999999,116,0
2005,2020-06-27,0,0,0,5,22.5,10.7777777777778,11.5,4,7.2,1.9,27,505,"CO",2020,179,6,NA,-0.800000000000001,116,0
2006,2020-06-28,0,0,0,7,18.2777777777778,12,11.5,4.5,5.4,1.3,26.9,505,"CO",2020,180,6,NA,0,116,0
2007,2020-06-29,0,0,0,10.5,19.1111111111111,12,8.6,4.4,6.7,0.7,26.4,505,"CO",2020,181,6,NA,-2.9,116,0
2008,2020-06-30,0,0,0,7,12.8888888888889,6.22222222222222,9.7,4.3,6.6,1.6,26.6,505,"CO",2020,182,6,NA,1.1,116,0
2009,2020-07-01,0,0,0,2.38888888888889,18.5,10.6111111111111,8.1,3.5,6.5,1.9,26.8,505,"CO",2020,183,7,NA,-1.6,116,0
2010,2020-07-02,0,0,0,7.38888888888889,21,12.7777777777778,8.5,2.5,5.7,0.6,26.7,505,"CO",2020,184,7,NA,0.4,116,0
2011,2020-07-03,0,0,0,10.2222222222222,21,12.1111111111111,6.5,3.3,4.6,0.9,26.5,505,"CO",2020,185,7,NA,-2,116,0
2012,2020-07-04,0,0,0,8.61111111111111,19.5,9.72222222222222,6,4,6.1,1.3,26.6,505,"CO",2020,186,7,NA,-0.5,116,0
2013,2020-07-05,0,0,0,6.72222222222222,19.6111111111111,11.1111111111111,5.5,3.5,6.2,0.2,26.3,505,"CO",2020,187,7,NA,-0.5,116,0
2014,2020-07-06,0,0,0,8.38888888888889,21.7222222222222,13.7222222222222,6.3,2.8,6,1,26.3,505,"CO",2020,188,7,NA,0.8,116,0
2015,2020-07-07,0,0,0,11.3888888888889,22.7222222222222,14.7777777777778,4.9,3.2,5.8,0,26.2,505,"CO",2020,189,7,NA,-1.4,116,0
2016,2020-07-08,0,0,0,8.77777777777778,21.2222222222222,13.2777777777778,5.7,2.2,3.1,0,26,505,"CO",2020,190,7,NA,0.8,116,0
2017,2020-07-09,0,0,0,8.88888888888889,22.2222222222222,14.2777777777778,4.8,1.4,4.3,0,25.9,505,"CO",2020,191,7,NA,-0.9,116,0
2018,2020-07-10,0,0,0,9.38888888888889,23.2222222222222,14.8888888888889,5.1,2.2,5.5,0.2,25.9,505,"CO",2020,192,7,NA,0.3,116,0
2019,2020-07-11,0,0,0,9.11111111111111,23.5,15.6111111111111,4.3,2.4,3.6,0,25.9,505,"CO",2020,193,7,NA,-0.8,116,0
2020,2020-07-12,0,0,0,10.7777777777778,21.7222222222222,13,4.4,1.6,3.4,0.5,25.9,505,"CO",2020,194,7,NA,0.100000000000001,116,0
2021,2020-07-13,0,0,0,9.22222222222222,25.3888888888889,13.7222222222222,3.5,1.2,5.1,1,25.5,505,"CO",2020,195,7,NA,-0.9,116,0
2022,2020-07-14,0,0,0,9.11111111111111,21.7777777777778,11.5,3.4,2.4,5,0,25.5,505,"CO",2020,196,7,NA,-0.1,116,0
2023,2020-07-15,0,0,0,5.11111111111111,20.1111111111111,11.2222222222222,3.6,1.1,4.1,0,25.2,505,"CO",2020,197,7,NA,0.2,116,0
2024,2020-07-16,0,0,0,8.72222222222222,21.2222222222222,11.2222222222222,2.1,2.5,3.6,0,25.6,505,"CO",2020,198,7,NA,-1.5,116,0
2025,2020-07-17,0,0,0,7,21.2222222222222,11.3888888888889,1.2,0.5,3.2,1.3,25.4,505,"CO",2020,199,7,NA,-0.9,116,0
2026,2020-07-18,0,0,0,6.5,19.6111111111111,12.3888888888889,1.5,1.8,3,0,25.3,505,"CO",2020,200,7,NA,0.3,116,0
2027,2020-07-19,0,0,0,10,22.6111111111111,11.7222222222222,1.5,1.7,5.1,0,24.8,505,"CO",2020,201,7,NA,0,116,0
2028,2020-07-20,0,0,0,8,20.2222222222222,13.1111111111111,2.4,2.6,5.1,1.5,24.8,505,"CO",2020,202,7,NA,0.9,116,0
2029,2020-07-21,0,0,0,9,21.3888888888889,13.2777777777778,1.6,2,5.1,1.3,24.6,505,"CO",2020,203,7,NA,-0.8,116,0
2030,2020-07-22,0,0,0,9.11111111111111,22,12.2777777777778,1.4,2.1,4,0,24.5,505,"CO",2020,204,7,NA,-0.2,116,0
2031,2020-07-23,0,0,0,8.22222222222222,18.7222222222222,10.7222222222222,2.3,1.9,4.6,0.3,24.4,505,"CO",2020,205,7,NA,0.9,116,0
2032,2020-07-24,0,0,0.762,8.11111111111111,16.6111111111111,10.7222222222222,2.1,1.6,4.4,0,24.1,505,"CO",2020,206,7,NA,-0.2,116,0
2033,2020-07-25,0,0,2.286,7.88888888888889,15.7777777777778,8.88888888888889,19,1,6.1,0,24.1,505,"CO",2020,207,7,NA,16.9,116,0
2034,2020-07-26,0,0,0.508,6.77777777777778,13.2777777777778,9,27.2,1.3,5.6,0,27.6,505,"CO",2020,208,7,NA,8.2,116,0
2035,2020-07-27,0,0,0.254,7.72222222222222,33.8888888888889,11.6111111111111,23,1.5,5.7,0,27.1,505,"CO",2020,209,7,NA,-4.2,116,0
2036,2020-07-28,0,0,0,7.5,39.8888888888889,9,18.5,1.7,2.9,0,26.8,505,"CO",2020,210,7,NA,-4.5,116,0
2037,2020-07-29,0,0,0.254,7,18.2222222222222,10.7777777777778,19,0.3,4.4,0,26.6,505,"CO",2020,211,7,NA,0.5,116,0
2038,2020-07-30,0,0,0,8.11111111111111,16.6111111111111,10.6111111111111,17.1,1.6,5.1,0,26.2,505,"CO",2020,212,7,NA,-1.9,116,0
2039,2020-07-31,0,0,0,6.88888888888889,19.6111111111111,12.1111111111111,15.3,2.9,5.1,0,26.1,505,"CO",2020,213,7,NA,-1.8,116,0
2040,2020-08-01,0,0,0,6.77777777777778,21.6111111111111,11.7777777777778,13.5,0.8,2.8,1.1,26.1,505,"CO",2020,214,8,NA,-1.8,116,0
2041,2020-08-02,0,0,0,5.38888888888889,42.1111111111111,11.3888888888889,11.3,3,4.7,0,26.1,505,"CO",2020,215,8,NA,-2.2,116,0
2193,2021-01-01,12.7,63.5,0,-12.8888888888889,11,-9.61111111111111,0,0,1,0,17.5,505,"CO",2021,1,1,200,0,115,0
2194,2021-01-02,12.7,60.96,0,-11.7222222222222,-5.77777777777778,-11.5,0,0,1.1,0,17.6,505,"CO",2021,2,1,208.333333333333,0,115,0
2195,2021-01-03,12.7,60.96,0.508,-11.6111111111111,19.1111111111111,-9,0,0,0,0,17.5,505,"CO",2021,3,1,208.333333333333,0,115,0
2196,2021-01-04,13.462,63.5,0.254,-9.27777777777778,-1.5,-7.77777777777778,0,0,1.4,0,17.5,505,"CO",2021,4,1,212,0,115,0
2197,2021-01-05,13.716,66.04,0.254,-4.72222222222222,-3.88888888888889,-8.38888888888889,0,0,0.8,0,17.4,505,"CO",2021,5,1,207.692307692308,0,115,0
2198,2021-01-06,14.224,73.66,0,-13,-5.72222222222222,-11.5,0,0,0.4,0,17.7,505,"CO",2021,6,1,193.103448275862,0,115,0
2199,2021-01-07,14.224,71.12,0,-9.61111111111111,26.5,-8,0,0,1.1,0,17.2,505,"CO",2021,7,1,200,0,115,0
2200,2021-01-08,14.224,68.58,0,-14.6111111111111,6.88888888888889,-11.1111111111111,0,0,0.8,0,17.7,505,"CO",2021,8,1,207.407407407407,0,115,0
2201,2021-01-09,14.224,66.04,0,-10.3888888888889,-5.22222222222222,-10.7777777777778,0,0,1.2,0,17.7,505,"CO",2021,9,1,215.384615384615,0,115,0
2202,2021-01-10,14.224,66.04,0,-15.7222222222222,14.2777777777778,-14,0,0,0,0,17.5,505,"CO",2021,10,1,215.384615384615,0,115,0
2203,2021-01-11,14.224,66.04,0,-17.6111111111111,-4.22222222222222,-12,0,0,1.6,0,17.5,505,"CO",2021,11,1,215.384615384615,0,115,0
2204,2021-01-12,14.224,66.04,0,-11.5,17.7777777777778,-6.88888888888889,0,0,0,0,17.5,505,"CO",2021,12,1,215.384615384615,0,115,0
2205,2021-01-13,14.224,66.04,0.254,-6.22222222222222,25.2777777777778,-4.5,0,0,0,0,17.4,505,"CO",2021,13,1,215.384615384615,0,115,0
2206,2021-01-14,14.478,63.5,0,-11.2777777777778,-11.3888888888889,-14,0,0,0,0,17.2,505,"CO",2021,14,1,228,0,115,0
2207,2021-01-15,14.478,68.58,0.254,-14.2777777777778,-5.22222222222222,-9.77777777777778,0,0,0,0,17.4,505,"CO",2021,15,1,211.111111111111,0,115,0
2208,2021-01-16,14.732,68.58,0.508,-8.77777777777778,27.6111111111111,-8.27777777777778,0,0,0.3,0,17.4,505,"CO",2021,16,1,214.814814814815,0,115,0
2209,2021-01-17,15.24,71.12,0.508,-10.1111111111111,-3.72222222222222,-7,0,0,1.2,0,17.4,505,"CO",2021,17,1,214.285714285714,0,115,0
2210,2021-01-18,15.748,81.28,0,-6.88888888888889,-6.5,-10.8888888888889,0,0,0,0,17.6,505,"CO",2021,18,1,193.75,0,115,0
2211,2021-01-19,15.748,78.74,0,-14.7222222222222,-3.77777777777778,-10.7777777777778,0,0,0,0,17.6,505,"CO",2021,19,1,200,0,115,0
2212,2021-01-20,15.748,76.2,0.254,-10.7777777777778,-1.5,-7.27777777777778,0,0,0.1,0,17.3,505,"CO",2021,20,1,206.666666666667,0,115,0
2213,2021-01-21,16.002,73.66,0.508,-8.38888888888889,-3,-7.27777777777778,0,0,0.2,0,17.6,505,"CO",2021,21,1,217.241379310345,0,115,0
2214,2021-01-22,16.764,86.36,0,-7.77777777777778,-3.38888888888889,-6.88888888888889,0,0,0.3,0,17.4,505,"CO",2021,22,1,194.117647058824,0,115,0
2215,2021-01-23,16.764,81.28,0,-9.22222222222222,NA,-8.27777777777778,0,0,0.4,0,17.7,505,"CO",2021,23,1,206.25,0,115,0
2216,2021-01-24,16.764,81.28,0,-14.2777777777778,-5.72222222222222,-10.5,0,0,0.3,0,17.4,505,"CO",2021,24,1,206.25,0,115,0
2217,2021-01-25,16.764,81.28,0,-11.7222222222222,-9.22222222222222,-12.7777777777778,0,0,0.4,0,17.4,505,"CO",2021,25,1,206.25,0,115,0
2218,2021-01-26,16.764,81.28,0.254,-15.2777777777778,-9.61111111111111,-13.3888888888889,0,0,0.2,0,17.1,505,"CO",2021,26,1,206.25,0,115,0
2219,2021-01-27,17.018,78.74,0.254,-15.2222222222222,-4.11111111111111,-10.7222222222222,0,0,0.3,0,17.5,505,"CO",2021,27,1,216.129032258065,0,115,0
2220,2021-01-28,17.526,83.82,0,-8.11111111111111,2.5,-3.77777777777778,0,0,0,0,17.6,505,"CO",2021,28,1,209.090909090909,0,115,0
2221,2021-01-29,17.526,78.74,0,-4.11111111111111,18.3888888888889,-3.38888888888889,0,0,0.4,0,17.6,505,"CO",2021,29,1,222.58064516129,0,115,0
2222,2021-01-30,17.526,76.2,0.254,-9.11111111111111,22.5,-9.22222222222222,0,0,0.3,0,17.4,505,"CO",2021,30,1,230,0,115,0
2223,2021-01-31,17.78,78.74,0,-11.8888888888889,-1,-9.27777777777778,0,0,0.5,0,17.5,505,"CO",2021,31,1,225.806451612903,0,115,0
2224,2021-02-01,17.78,76.2,0.254,-7.11111111111111,2.27777777777778,-3.22222222222222,0,0,0.3,0,17.5,505,"CO",2021,32,2,233.333333333333,0,115,0
2225,2021-02-02,18.034,78.74,0,-5.61111111111111,3.5,-2.72222222222222,0,0,1.2,0,17.6,505,"CO",2021,33,2,229.032258064516,0,115,0
2226,2021-02-03,18.034,78.74,0.508,-3.77777777777778,1.38888888888889,-4.5,0,0,0.4,0,17.6,505,"CO",2021,34,2,229.032258064516,0,115,0
2227,2021-02-04,18.796,93.98,0,-12.7222222222222,-10.2222222222222,-14.2222222222222,0,0,1,0,17.8,505,"CO",2021,35,2,200,0,115,0
2228,2021-02-05,18.796,91.44,1.27,-14.1111111111111,-10.7777777777778,-12.7222222222222,0,0,0,0,17.7,505,"CO",2021,36,2,205.555555555556,0,115,0
2229,2021-02-06,20.574,101.6,0.762,-12.8888888888889,-8.5,-11.5,0,0,0.1,0,17.8,505,"CO",2021,37,2,202.5,0,115,0
2230,2021-02-07,21.336,104.14,0.508,-10.2222222222222,-3.61111111111111,-9,0,0,1.2,0,17.2,505,"CO",2021,38,2,204.878048780488,0,115,0
2231,2021-02-08,21.59,106.68,0,-9.11111111111111,13.3888888888889,-7.38888888888889,0,0,0.2,0,17.7,505,"CO",2021,39,2,202.380952380952,0,115,0
2232,2021-02-09,21.59,99.06,0.254,-6.88888888888889,-2.5,-5.77777777777778,0,0,0,0,17.5,505,"CO",2021,40,2,217.948717948718,0,115,0
2233,2021-02-10,22.352,101.6,0.508,-6.88888888888889,-4,-7.11111111111111,0,0,1.1,0,17.6,505,"CO",2021,41,2,220,0,115,0
2234,2021-02-11,22.86,104.14,0.254,-8.72222222222222,22.5,-6.88888888888889,0,0,0.4,0,17.4,505,"CO",2021,42,2,219.512195121951,0,115,0
2235,2021-02-12,23.114,106.68,1.27,-7.11111111111111,-2.61111111111111,-5.72222222222222,0,0,0.5,0,17.4,505,"CO",2021,43,2,216.666666666667,0,115,0
2236,2021-02-13,24.638,119.38,0.254,-6.77777777777778,-2.88888888888889,-7,0,0,0,0,17.5,505,"CO",2021,44,2,206.382978723404,0,115,0
2237,2021-02-14,25.146,124.46,0,-10.1111111111111,10.3888888888889,-11.8888888888889,0,0,0,0,17.6,505,"CO",2021,45,2,202.040816326531,0,115,0
2238,2021-02-15,25.146,121.92,0.254,-15.8888888888889,-10.8888888888889,-14.7777777777778,0,0,0,0,17.6,505,"CO",2021,46,2,206.25,0,115,0
2239,2021-02-16,25.4,114.3,0.254,-13.3888888888889,8.61111111111111,-12.2777777777778,0,0,0.8,0,17.6,505,"CO",2021,47,2,222.222222222222,0,115,0
2240,2021-02-17,25.654,116.84,0.254,-14.1111111111111,2.38888888888889,-13.6111111111111,0,0,0.8,0,17.5,505,"CO",2021,48,2,219.565217391304,0,115,0
2241,2021-02-18,25.908,116.84,0,-15.5,-12.3888888888889,-16.5,0,0,1.6,0,17.4,505,"CO",2021,49,2,221.739130434783,0,115,0
2242,2021-02-19,25.908,114.3,0.508,-19,6.61111111111111,-11.8888888888889,0,0,1.5,0,17.2,505,"CO",2021,50,2,226.666666666667,0,115,0
2243,2021-02-20,26.416,114.3,0,-9.72222222222222,-0.777777777777777,-8.22222222222222,0,0,0.5,0,17.4,505,"CO",2021,51,2,231.111111111111,0,115,0
2244,2021-02-21,26.416,114.3,0.508,-14.3888888888889,-10.5,-13.5,0,0,0,0,17.5,505,"CO",2021,52,2,231.111111111111,0,115,0
2245,2021-02-22,26.924,114.3,0,-11.7777777777778,NA,-7.88888888888889,0,0,0.2,0,17.6,505,"CO",2021,53,2,235.555555555556,0,115,0
2246,2021-02-23,26.924,109.22,0,-8.5,1.5,-5.72222222222222,0,0,0.1,0,17.6,505,"CO",2021,54,2,246.511627906977,0,115,0
2247,2021-02-24,26.924,106.68,0,-9.72222222222222,-3.22222222222222,-10.1111111111111,0,0,0,0,17.5,505,"CO",2021,55,2,252.380952380952,0,115,0
2248,2021-02-25,26.924,106.68,0,-13.2777777777778,18.7777777777778,-11.7222222222222,0,0,0.1,0,17.2,505,"CO",2021,56,2,252.380952380952,0,115,0
2249,2021-02-26,26.924,106.68,0,-14.3888888888889,18.7777777777778,-10.5,0,0,0,0,17.2,505,"CO",2021,57,2,252.380952380952,0,115,0
2250,2021-02-27,26.924,106.68,0,-9.22222222222222,-9,-13.8888888888889,0,0,0.2,0,17.6,505,"CO",2021,58,2,252.380952380952,0,115,0
2251,2021-02-28,26.924,106.68,0,-19.2222222222222,16.6111111111111,-17.7777777777778,0,0,0,0,17.3,505,"CO",2021,59,2,252.380952380952,0,115,0
2252,2021-03-01,26.924,106.68,0.254,-18.2777777777778,13.8888888888889,-9,0,0,0.4,0,17.9,505,"CO",2021,60,3,252.380952380952,0,115,0
2253,2021-03-02,27.178,104.14,0.254,-8,4,-4.72222222222222,0,0,0,0,17.8,505,"CO",2021,61,3,260.975609756098,0,115,0
2254,2021-03-03,27.432,101.6,0,-7.88888888888889,10.7222222222222,-2.61111111111111,0,0,0.1,0,17.3,505,"CO",2021,62,3,270,0,115,0
2255,2021-03-04,27.432,96.52,0.508,-2.88888888888889,-2.11111111111111,-5.22222222222222,0,0,0.8,0,17.4,505,"CO",2021,63,3,284.21052631579,0,115,0
2256,2021-03-05,27.94,111.76,0,-7.77777777777778,21.5,-5.61111111111111,0,0,1,0,17.4,505,"CO",2021,64,3,250,0,115,0
2257,2021-03-06,27.94,106.68,0,-7.11111111111111,6,-2.11111111111111,0,0,0.4,0,17.5,505,"CO",2021,65,3,261.904761904762,0,115,0
2258,2021-03-07,28.194,106.68,0,-4,6.22222222222222,-0.611111111111112,0,0,1.2,0,17.5,505,"CO",2021,66,3,264.285714285714,0,115,0
2259,2021-03-08,28.194,104.14,0,-2.22222222222222,27.3888888888889,-0.611111111111112,0,0,0.8,0,17.3,505,"CO",2021,67,3,270.731707317073,0,115,0
2260,2021-03-09,28.194,101.6,0,-2.72222222222222,6,-0.222222222222221,0,0,0.6,0,17.5,505,"CO",2021,68,3,277.5,0,115,0
2261,2021-03-10,28.194,101.6,0,-5.72222222222222,-5.38888888888889,-9.77777777777778,0,0,0,0,17.4,505,"CO",2021,69,3,277.5,0,115,0
2262,2021-03-11,28.194,101.6,0.254,-13.1111111111111,-2.77777777777778,-8.61111111111111,0,0,0,0,17.6,505,"CO",2021,70,3,277.5,0,115,0
2263,2021-03-12,28.448,106.68,0,-8.38888888888889,0.111111111111113,-5.22222222222222,0,0,0.9,0,17.6,505,"CO",2021,71,3,266.666666666667,0,115,0
2264,2021-03-13,28.702,104.14,0,-5.61111111111111,-1.11111111111111,-6.61111111111111,0,0,0.4,0,17.9,505,"CO",2021,72,3,275.609756097561,0,115,0
2265,2021-03-14,28.956,114.3,1.27,-10.2222222222222,-5.22222222222222,-10.5,0,0,0,0,17.3,505,"CO",2021,73,3,253.333333333333,0,115,0
2266,2021-03-15,29.718,119.38,1.016,-14.5,-2,-8.11111111111111,0,0,0,0,17.6,505,"CO",2021,74,3,248.936170212766,0,115,0
2267,2021-03-16,30.48,127,0.508,-8,0.611111111111112,-7.11111111111111,0,0,1.2,0,17.3,505,"CO",2021,75,3,240,0,115,0
2268,2021-03-17,31.242,132.08,0.254,-8.5,-3.88888888888889,-8.72222222222222,0,0,1.2,0,17.6,505,"CO",2021,76,3,236.538461538462,0,115,0
2269,2021-03-18,31.496,134.62,0.254,-12,31.8888888888889,-5.77777777777778,0,0,0.8,0,17.6,505,"CO",2021,77,3,233.962264150943,0,115,0
2270,2021-03-19,32.004,134.62,0.254,-6.61111111111111,23.5,-1.27777777777778,0,0,0.3,0,17.5,505,"CO",2021,78,3,237.735849056604,0,115,0
2271,2021-03-20,32.004,119.38,0,-2.77777777777778,8.11111111111111,0.611111111111112,0,0,0.2,0,17.5,505,"CO",2021,79,3,268.085106382979,0,115,0
2272,2021-03-21,31.496,119.38,0.254,-4.22222222222222,-1.27777777777778,-5.72222222222222,0,0,0.5,0,17.4,505,"CO",2021,80,3,263.829787234043,0,115,0
2273,2021-03-22,32.004,121.92,0.508,-9.5,-0.222222222222221,-7.11111111111111,0,0,0,0,17.8,505,"CO",2021,81,3,262.5,0,115,0
2274,2021-03-23,32.004,121.92,0,-11.7222222222222,-5.27777777777778,-10.2222222222222,0,0,0,0,17.6,505,"CO",2021,82,3,262.5,0,115,0
2275,2021-03-24,32.512,127,0.508,-11.1111111111111,15.7777777777778,-8.61111111111111,0,0,1.6,0,17.6,505,"CO",2021,83,3,256,0,115,0
2276,2021-03-25,32.766,127,0.254,-11.2777777777778,27.3888888888889,-8.27777777777778,0,0,1.2,0,17.6,505,"CO",2021,84,3,258,0,115,0
2277,2021-03-26,33.02,124.46,0,-10,27.2777777777778,-8.11111111111111,0,0,1.6,0,17.7,505,"CO",2021,85,3,265.30612244898,0,115,0
2278,2021-03-27,33.02,121.92,0.254,-9.61111111111111,-3.22222222222222,-8,0,0,1.7,0,18,505,"CO",2021,86,3,270.833333333333,0,115,0
2279,2021-03-28,33.274,121.92,0,-8.11111111111111,3.77777777777778,-3.61111111111111,0,0,1.1,0,17.5,505,"CO",2021,87,3,272.916666666667,0,115,0
2280,2021-03-29,33.528,119.38,0.508,-4.77777777777778,26.3888888888889,-0.88888888888889,0,0,1.7,0,17.4,505,"CO",2021,88,3,280.851063829787,0,115,0
2281,2021-03-30,34.036,121.92,0,-8.27777777777778,10,-11.5,0,0,0,0,17.7,505,"CO",2021,89,3,279.166666666667,0,115,0
2282,2021-03-31,34.036,132.08,0.254,-15.3888888888889,16.3888888888889,-9,0,0,0,0,17.7,505,"CO",2021,90,3,257.692307692308,0,115,0
2283,2021-04-01,34.036,127,0.508,-8.5,32.7777777777778,-1.61111111111111,0,0,0,0,17.6,505,"CO",2021,91,4,268,0,115,0
2284,2021-04-02,34.29,116.84,0,-2.61111111111111,28.1111111111111,2,0,0,0,0,17.4,505,"CO",2021,92,4,293.478260869565,0,115,0
2285,2021-04-03,34.29,114.3,0,-0.88888888888889,10.8888888888889,3.27777777777778,0,0,2.1,0,17.6,505,"CO",2021,93,4,300,0,115,0
2286,2021-04-04,34.036,111.76,0.254,-0.222222222222221,NA,3.72222222222222,0,0,0.2,0,17.7,505,"CO",2021,94,4,304.545454545455,0,115,0
2287,2021-04-05,33.528,109.22,0,0.277777777777778,11.7777777777778,4,0,0,0,0,17.7,505,"CO",2021,95,4,306.976744186046,0,115,0
2288,2021-04-06,33.02,106.68,0,0.777777777777777,33.1111111111111,-3.38888888888889,0,0,0,0,17.5,505,"CO",2021,96,4,309.52380952381,0,115,0
2289,2021-04-07,33.02,106.68,0,-8.38888888888889,1.61111111111111,-4,0,0,1.8,0,17.7,505,"CO",2021,97,4,309.52380952381,0,115,0
2290,2021-04-08,33.02,106.68,0,-3.77777777777778,6.77777777777778,-0.611111111111112,0,0,1.8,0,17.6,505,"CO",2021,98,4,309.52380952381,0,115,0
2291,2021-04-09,33.02,106.68,0,-3.77777777777778,15,-5.38888888888889,0,0,2,0,17.7,505,"CO",2021,99,4,309.52380952381,0,115,0
2292,2021-04-10,32.766,106.68,0,-6.22222222222222,30.6111111111111,-1.22222222222222,0,0,2,0,17.6,505,"CO",2021,100,4,307.142857142857,0,115,0
2293,2021-04-11,32.766,101.6,0,-2.11111111111111,NA,0,0,0,2.5,0,17.8,505,"CO",2021,101,4,322.5,0,115,0
2294,2021-04-12,32.512,101.6,0,-5.22222222222222,5.72222222222222,-2.27777777777778,0,0,0,0,17.7,505,"CO",2021,102,4,320,0,115,0
2295,2021-04-13,32.512,101.6,0.254,-6,3,-3.88888888888889,0,0,1.4,0,17.6,505,"CO",2021,103,4,320,0,115,0
2296,2021-04-14,32.766,106.68,0,-5.77777777777778,28.1111111111111,-1.77777777777778,0,0,2.2,0,17.9,505,"CO",2021,104,4,307.142857142857,0,115,0
2297,2021-04-15,32.766,99.06,0.254,-3.72222222222222,3,-3.77777777777778,0,0,0.8,0,17.8,505,"CO",2021,105,4,330.769230769231,0,115,0
2298,2021-04-16,33.02,111.76,0,-10.6111111111111,22.8888888888889,-8.72222222222222,0,0,0.5,0,17.6,505,"CO",2021,106,4,295.454545454545,0,115,0
2299,2021-04-17,33.02,106.68,0,-10.7777777777778,-3.11111111111111,-9.61111111111111,0,0,1,0,17.8,505,"CO",2021,107,4,309.52380952381,0,115,0
2300,2021-04-18,33.02,104.14,0.254,-13.2777777777778,NA,-6.72222222222222,0,0,0,0,18,505,"CO",2021,108,4,317.073170731707,0,115,0
2301,2021-04-19,33.274,99.06,0.254,-6.38888888888889,4.72222222222222,-4.11111111111111,0,0,2.2,0,17.7,505,"CO",2021,109,4,335.897435897436,0,115,0
2302,2021-04-20,33.528,101.6,0.254,-11.7222222222222,28.2222222222222,-9.38888888888889,0,0,1.3,0,17.8,505,"CO",2021,110,4,330,0,115,0
2303,2021-04-21,33.782,96.52,0.254,-12.2777777777778,2.22222222222222,-4.61111111111111,0,0,2.3,0,17.8,505,"CO",2021,111,4,350,0,115,0
2304,2021-04-22,34.036,104.14,1.016,-6.11111111111111,0.777777777777777,-4.72222222222222,0,0,1.7,0.4,17.6,505,"CO",2021,112,4,326.829268292683,0,115,0
2305,2021-04-23,34.798,114.3,0.762,-8.38888888888889,2.27777777777778,-5.27777777777778,0,0,1.1,0,17.7,505,"CO",2021,113,4,304.444444444444,0,115,0
2306,2021-04-24,35.306,116.84,0.254,-7.27777777777778,NA,-0.777777777777777,0,0,0,0,17.9,505,"CO",2021,114,4,302.173913043478,0,115,0
2307,2021-04-25,35.56,104.14,0,-1.38888888888889,28.2777777777778,3.38888888888889,0,0,0,0,17.9,505,"CO",2021,115,4,341.463414634146,0,115,0
2308,2021-04-26,35.56,101.6,0,1.22222222222222,9.72222222222222,2.88888888888889,0,0,1.3,0,17.9,505,"CO",2021,116,4,350,0,115,0
2309,2021-04-27,35.306,99.06,0,-2.38888888888889,2.11111111111111,-2.27777777777778,0,0,0.3,0,17.7,505,"CO",2021,117,4,356.410256410256,0,115,0
2310,2021-04-28,35.052,99.06,0.508,-3.72222222222222,NA,-1.38888888888889,0,0,0.7,0,17.8,505,"CO",2021,118,4,353.846153846154,0,115,0
2311,2021-04-29,35.56,104.14,0.254,-3.77777777777778,10.3888888888889,3,0,0,1.4,0,17.7,505,"CO",2021,119,4,341.463414634146,0,115,0
2312,2021-04-30,35.306,96.52,0,0.388888888888891,NA,5.77777777777778,0,0,0,0,17.8,505,"CO",2021,120,4,365.789473684211,0,115,0
2313,2021-05-01,34.29,91.44,0,3.38888888888889,14.8888888888889,7.38888888888889,1.6,0,1,0,18.1,505,"CO",2021,121,5,375,1.6,115,1
2314,2021-05-02,32.512,86.36,0.254,3.38888888888889,9,2.27777777777778,6.3,0,3.9,0.7,17.7,505,"CO",2021,122,5,376.470588235294,4.7,115,0
2315,2021-05-03,31.75,91.44,0,-1.61111111111111,32.1111111111111,-2.77777777777778,10,0,5.1,4.5,18,505,"CO",2021,123,5,347.222222222222,3.7,115,0
2316,2021-05-04,32.004,96.52,0.254,-4.5,27.7222222222222,-1.77777777777778,10.4,0,5.9,0.2,17.8,505,"CO",2021,124,5,331.578947368421,0.4,115,0
2317,2021-05-05,32.258,96.52,0.762,-3,2.77777777777778,-1.27777777777778,11.2,0,3.4,2.5,18,505,"CO",2021,125,5,334.210526315789,0.799999999999999,115,0
2318,2021-05-06,33.02,88.9,0.254,-3.22222222222222,24.6111111111111,4.11111111111111,11.3,0,2.3,2.1,18.1,505,"CO",2021,126,5,371.428571428571,0.100000000000001,115,0
2319,2021-05-07,31.75,86.36,0,2.11111111111111,14.3888888888889,6.5,11.9,0,3.2,0.1,18.2,505,"CO",2021,127,5,367.647058823529,0.6,115,0
2320,2021-05-08,30.226,78.74,0.254,3.5,NA,1.27777777777778,21.3,0,6.8,3.3,18.1,505,"CO",2021,128,5,383.870967741936,9.4,115,0
2321,2021-05-09,29.464,73.66,0,-6.61111111111111,2.72222222222222,-2.5,20.3,0,4.5,3.3,18.2,505,"CO",2021,129,5,400,-1,115,0
2322,2021-05-10,29.464,73.66,0.254,-3.88888888888889,0.499999999999999,-3.22222222222222,20.1,0,5.5,4.1,18.3,505,"CO",2021,130,5,400,-0.199999999999999,115,0
2323,2021-05-11,30.226,86.36,0.508,-7.38888888888889,0.611111111111112,-4.72222222222222,19.9,0,2.9,1.9,18,505,"CO",2021,131,5,350,-0.200000000000003,115,0
2324,2021-05-12,30.734,91.44,0.254,-8.11111111111111,33.7777777777778,-1.27777777777778,19.2,0,4.6,3.8,18.3,505,"CO",2021,132,5,336.111111111111,-0.699999999999999,115,0
2325,2021-05-13,30.734,86.36,0,-2,21.3888888888889,3.38888888888889,19,0,4.9,3.5,18.3,505,"CO",2021,133,5,355.882352941176,-0.199999999999999,115,0
2326,2021-05-14,30.226,76.2,0.254,0.111111111111113,33.8888888888889,4,20.5,0.2,3.1,2.9,18.3,505,"CO",2021,134,5,396.666666666667,1.5,115,0
2327,2021-05-15,29.718,78.74,0,1.22222222222222,NA,5.5,22.8,0,5.4,0,18.4,505,"CO",2021,135,5,377.41935483871,2.3,115,0
2328,2021-05-16,28.448,73.66,0,0.777777777777777,12.2777777777778,4.61111111111111,25.9,0,9.6,8,18.2,505,"CO",2021,136,5,386.206896551724,3.1,115,0
2329,2021-05-17,26.924,71.12,0.254,3,NA,2.27777777777778,27.3,0.1,7.6,5.8,18.5,505,"CO",2021,137,5,378.571428571429,1.4,115,0
2330,2021-05-18,26.416,68.58,0.254,-1.61111111111111,7,2.11111111111111,26.8,0,10,5,19,505,"CO",2021,138,5,385.185185185185,-0.5,115,0
2331,2021-05-19,26.416,71.12,0,1.27777777777778,29.7222222222222,4.22222222222222,27.2,0,10.7,5.8,19.5,505,"CO",2021,139,5,371.428571428571,0.399999999999999,115,0
2332,2021-05-20,25.146,66.04,0,2.27777777777778,14.2222222222222,6.77777777777778,27.9,0.4,9.5,5.3,19.5,505,"CO",2021,140,5,380.769230769231,0.699999999999999,115,0
2333,2021-05-21,23.368,58.42,0,6.5,14.6111111111111,6.22222222222222,28.9,0,10.9,6.7,20,505,"CO",2021,141,5,400,1,115,0
2334,2021-05-22,22.098,58.42,1.524,2.61111111111111,12.6111111111111,4.72222222222222,30.3,0.1,10.4,8.2,20.2,505,"CO",2021,142,5,378.260869565217,1.4,115,0
2335,2021-05-23,21.336,55.88,0.254,1.38888888888889,6.38888888888889,1.61111111111111,36.1,0.5,11,8.9,32,505,"CO",2021,143,5,381.818181818182,5.8,115,0
2336,2021-05-24,21.336,55.88,0.254,-2.27777777777778,10.1111111111111,3,30.6,0,11.8,6,28.2,505,"CO",2021,144,5,381.818181818182,-5.5,115,0
2337,2021-05-25,18.796,43.18,0.254,-1,11.3888888888889,4.61111111111111,31.3,0,11.9,8.3,28.6,505,"CO",2021,145,5,435.294117647059,0.699999999999999,115,0
2338,2021-05-26,15.494,40.64,0,2.77777777777778,14.6111111111111,6.5,31.8,0.8,12.2,8.2,29.5,505,"CO",2021,146,5,381.25,0.5,115,0
2339,2021-05-27,14.224,35.56,0,0.999999999999998,11.3888888888889,5,31.7,0.7,11.6,6.8,29.3,505,"CO",2021,147,5,400,-0.100000000000001,115,0
2340,2021-05-28,11.176,27.94,0,1.27777777777778,14.2777777777778,6.61111111111111,32,1.1,11.8,6.9,29.7,505,"CO",2021,148,5,400,0.300000000000001,115,0
2341,2021-05-29,9.398,25.4,0,3.27777777777778,14.7222222222222,6.38888888888889,32.4,0,12.8,8.1,29.9,505,"CO",2021,149,5,370,0.399999999999999,115,0
2342,2021-05-30,7.366,20.32,0.254,2.22222222222222,12.2222222222222,2.77777777777778,32.9,1.3,14,8.4,31.5,505,"CO",2021,150,5,362.5,0.5,115,0
2343,2021-05-31,6.858,20.32,0,-0.111111111111111,26.3888888888889,2,32.1,0.8,13.8,8.3,29.4,505,"CO",2021,151,5,337.5,-0.799999999999997,115,0
2344,2021-06-01,6.096,17.78,0.254,0,12.7777777777778,4.11111111111111,32.4,0.8,14.2,6.8,28.8,505,"CO",2021,152,6,342.857142857143,0.299999999999997,115,0
2345,2021-06-02,4.318,15.24,0,2.5,12.7777777777778,6.11111111111111,32.8,0.4,14.5,7.1,28.8,505,"CO",2021,153,6,283.333333333333,0.399999999999999,115,0
2346,2021-06-03,2.032,5.08,0,3.38888888888889,20.1111111111111,8.77777777777778,32.9,0.6,14.1,8.1,30,505,"CO",2021,154,6,400,0.100000000000001,115,0
2347,2021-06-04,0,0,0,4.72222222222222,19.2222222222222,11.5,34.3,1.3,14.6,8,30.7,505,"CO",2021,155,6,NA,1.4,115,0
2348,2021-06-05,0,0,0.254,7.61111111111111,20.7777777777778,9.88888888888889,34.5,0.4,14.9,8.8,32.1,505,"CO",2021,156,6,NA,0.200000000000003,115,0
2349,2021-06-06,0,0,0.254,5.72222222222222,21.8888888888889,8.77777777777778,34.3,0.8,15.5,8.7,32.1,505,"CO",2021,157,6,NA,-0.200000000000003,115,0
2350,2021-06-07,0,0,0,6.22222222222222,19.6111111111111,11.3888888888889,33.6,1.2,16.4,8.3,32.3,505,"CO",2021,158,6,NA,-0.699999999999996,115,0
2351,2021-06-08,0,0,0.254,6.77777777777778,26,13,31.2,2.6,15.6,8,32.3,505,"CO",2021,159,6,NA,-2.4,115,0
2352,2021-06-09,0,0,0.254,6.61111111111111,21.1111111111111,13.2222222222222,26.8,1.7,14.6,7.4,32.3,505,"CO",2021,160,6,NA,-4.4,115,0
2353,2021-06-10,0,0,0,9.5,22.6111111111111,13.7777777777778,22.3,3.6,14,6.8,29.8,505,"CO",2021,161,6,NA,-4.5,115,0
2354,2021-06-11,0,0,0,5.61111111111111,20.3888888888889,11.6111111111111,18.6,2.8,11.5,6.4,28.9,505,"CO",2021,162,6,NA,-3.7,115,0
2355,2021-06-12,0,0,0,6.61111111111111,22,13.6111111111111,15.2,2.6,10.8,4.5,27.9,505,"CO",2021,163,6,NA,-3.4,115,0
2356,2021-06-13,0,0,0.254,9.22222222222222,22.7777777777778,14.7777777777778,12.6,1.5,9,5.7,28.1,505,"CO",2021,164,6,NA,-2.6,115,0
2357,2021-06-14,0,0,0,9.72222222222222,24.7777777777778,16,11.6,2,8.3,3.8,27.5,505,"CO",2021,165,6,NA,-1,115,0
2358,2021-06-15,0,0,0,11.3888888888889,24.6111111111111,16.7222222222222,9.5,2.5,8.1,5.3,27.7,505,"CO",2021,166,6,NA,-2.1,115,0
2359,2021-06-16,0,0,0,11.7777777777778,26.7777777777778,16.5,8.2,2.7,6.4,3.9,27.4,505,"CO",2021,167,6,NA,-1.3,115,0
2360,2021-06-17,0,0,0,11.2222222222222,23.2777777777778,15.7777777777778,6.9,2.2,7.6,1.9,27.4,505,"CO",2021,168,6,NA,-1.3,115,0
2361,2021-06-18,0,0,0,10.7777777777778,23.3888888888889,13,5.5,1.7,6.7,1.7,27.4,505,"CO",2021,169,6,NA,-1.4,115,0
2362,2021-06-19,0,0,0,7.77777777777778,17.8888888888889,10,5.1,1.1,6.5,3,27.4,505,"CO",2021,170,6,NA,-0.4,115,0
2363,2021-06-20,0,0,0,6.38888888888889,19.7777777777778,11.7777777777778,4.7,0.6,5.7,2,27.2,505,"CO",2021,171,6,NA,-0.399999999999999,115,0
2364,2021-06-21,0,0,0,5.5,17.8888888888889,10.8888888888889,3,1.5,6.1,2.5,26.9,505,"CO",2021,172,6,NA,-1.7,115,0
2365,2021-06-22,0,0,0,8.77777777777778,27.1111111111111,14.6111111111111,2.9,1.2,5.9,1.6,26.7,505,"CO",2021,173,6,NA,-0.1,115,0
2366,2021-06-23,0,0,0,10.1111111111111,20.2222222222222,13.2222222222222,4.8,1.6,4.8,0.8,26.8,505,"CO",2021,174,6,NA,1.9,115,0
2367,2021-06-24,0,0,0,6.61111111111111,15.2777777777778,7.5,3.5,1.5,4.9,0.3,26.4,505,"CO",2021,175,6,NA,-1.3,115,0
2368,2021-06-25,0,0,0,2.88888888888889,18.2222222222222,7,3,0.9,4.9,1.8,26.5,505,"CO",2021,176,6,NA,-0.5,115,0
2369,2021-06-26,0,0,0.254,4,9.72222222222222,5,2.9,2,5.9,1,26.5,505,"CO",2021,177,6,NA,-0.1,115,0
2370,2021-06-27,0,0,0,2.77777777777778,11.1111111111111,4.5,17.8,0.4,6,0.3,26.3,505,"CO",2021,178,6,NA,14.9,115,0
2371,2021-06-28,0,0,0.254,2.5,14.7222222222222,5.72222222222222,25.5,1.9,3.3,0,26.4,505,"CO",2021,179,6,NA,7.7,115,0
2372,2021-06-29,0,0,0.254,4.88888888888889,13.7777777777778,6.72222222222222,20,0.2,5,1.2,26.6,505,"CO",2021,180,6,NA,-5.5,115,0
2373,2021-06-30,0,0,0.762,3.77777777777778,15.2777777777778,7.88888888888889,24.9,2,4.6,1.3,26.3,505,"CO",2021,181,6,NA,4.9,115,0
2374,2021-07-01,0,0,0,6,15.5,9,27.3,0.8,4.1,1.6,26.6,505,"CO",2021,182,7,NA,2.4,115,0
2375,2021-07-02,0,0,0,5.72222222222222,24,10.8888888888889,25.5,2.5,4.9,0.8,26.4,505,"CO",2021,183,7,NA,-1.8,115,0
2376,2021-07-03,0,0,0,8.11111111111111,20.1111111111111,12.8888888888889,20.3,1.2,4.3,0.6,26.4,505,"CO",2021,184,7,NA,-5.2,115,0
2377,2021-07-04,0,0,0.254,9.5,22.3888888888889,13.2777777777778,16.7,2.5,4.8,0.5,26.4,505,"CO",2021,185,7,NA,-3.6,115,0
2378,2021-07-05,0,0,1.27,9.38888888888889,21.3888888888889,11.5,14.6,1.8,4.8,0.8,26.4,505,"CO",2021,186,7,NA,-2.1,115,0
2379,2021-07-06,0,0,0,7.88888888888889,24,12.1111111111111,26.2,2.9,4.9,0.2,27.8,505,"CO",2021,187,7,NA,11.6,115,0
2380,2021-07-07,0,0,0,7.72222222222222,20.5,13,20.6,1.7,4.9,0,27.1,505,"CO",2021,188,7,NA,-5.6,115,0
2381,2021-07-08,0,0,0,9.88888888888889,NA,NA,17.8,2.8,4.5,0,27.1,505,"CO",2021,189,7,NA,-2.8,115,0
2382,2021-07-09,0,0,0,NA,NA,NA,17.8,NA,NA,NA,NA,505,"CO",2021,190,7,NA,0,115,0
2383,2021-07-10,0,0,0,NA,NA,NA,17.8,NA,NA,NA,NA,505,"CO",2021,191,7,NA,0,115,0
2384,2021-07-11,0,0,0,NA,NA,NA,17.8,NA,NA,NA,NA,505,"CO",2021,192,7,NA,0,115,0
2385,2021-07-12,0,0,0,NA,NA,NA,17.8,NA,NA,NA,NA,505,"CO",2021,193,7,NA,0,115,0
2386,2021-07-13,0,0,0.254,NA,NA,NA,17.8,NA,NA,NA,NA,505,"CO",2021,194,7,NA,0,115,0
2387,2021-07-14,0,0,0.508,NA,12.2777777777778,7.38888888888889,17.8,NA,NA,NA,NA,505,"CO",2021,195,7,NA,0,115,0
2388,2021-07-15,0,0,0,3.38888888888889,17.5,10.1111111111111,17.8,NA,NA,NA,NA,505,"CO",2021,196,7,NA,0,115,0
2389,2021-07-16,0,0,0,6.5,19.7777777777778,11.2222222222222,17.8,NA,NA,NA,NA,505,"CO",2021,197,7,NA,0,115,0
2390,2021-07-17,0,0,0.508,9.22222222222222,18.3888888888889,10.6111111111111,17.8,NA,NA,NA,NA,505,"CO",2021,198,7,NA,0,115,0
2391,2021-07-18,0,0,0,6.88888888888889,20.5,13.1111111111111,17.8,NA,NA,NA,NA,505,"CO",2021,199,7,NA,0,115,0
2392,2021-07-19,0,0,0,8.5,21.1111111111111,13.8888888888889,17.8,NA,NA,NA,NA,505,"CO",2021,200,7,NA,0,115,0
2393,2021-07-20,0,0,0.508,8.61111111111111,22.5,12.7222222222222,17.8,NA,NA,NA,NA,505,"CO",2021,201,7,NA,0,115,0
2394,2021-07-21,0,0,1.016,8.11111111111111,19.3888888888889,11.1111111111111,17.8,NA,NA,NA,NA,505,"CO",2021,202,7,NA,0,115,0
2395,2021-07-22,0,0,0.254,7.11111111111111,19.5,10.3888888888889,17.8,NA,NA,NA,NA,505,"CO",2021,203,7,NA,0,115,0
2396,2021-07-23,0,0,4.318,10,18.3888888888889,10.1111111111111,17.8,NA,NA,NA,NA,505,"CO",2021,204,7,NA,0,115,0
2397,2021-07-24,0,0,0,8,15.1111111111111,10.7222222222222,17.8,NA,NA,NA,NA,505,"CO",2021,205,7,NA,0,115,0
2398,2021-07-25,0,0,0.508,7.77777777777778,20,10.7222222222222,17.8,NA,NA,NA,NA,505,"CO",2021,206,7,NA,0,115,0
2399,2021-07-26,0,0,0,5.77777777777778,20.5,12.6111111111111,17.8,NA,NA,NA,NA,505,"CO",2021,207,7,NA,0,115,0
2400,2021-07-27,0,0,0,8,22.5,13.7222222222222,17.8,NA,NA,NA,NA,505,"CO",2021,208,7,NA,0,115,0
2401,2021-07-28,0,0,0.762,9.72222222222222,22.7777777777778,13.2222222222222,17.8,NA,NA,NA,NA,505,"CO",2021,209,7,NA,0,115,0
2402,2021-07-29,0,0,0,10.6111111111111,21.5,14.7777777777778,17.8,NA,NA,NA,NA,505,"CO",2021,210,7,NA,0,115,0
2403,2021-07-30,0,0,2.032,9.77777777777778,18.6111111111111,10.3888888888889,17.8,NA,NA,NA,NA,505,"CO",2021,211,7,NA,0,115,0
2404,2021-07-31,0,0,1.524,7.11111111111111,12.6111111111111,8,24.6,3.6,5.5,28.2,27.7,505,"CO",2021,212,7,NA,6.8,115,0
2405,2021-08-01,0,0,0,5.88888888888889,14.7222222222222,8.5,26.1,4.6,7.2,28.4,29,505,"CO",2021,213,8,NA,1.5,115,0
2406,2021-08-02,0,0,1.27,5.88888888888889,14.7777777777778,8.77777777777778,23.1,4.5,7.5,26.6,29.1,505,"CO",2021,214,8,NA,-3,115,0
2558,2022-01-01,20.828,101.6,0,-15,-14.6111111111111,-18.8888888888889,0,0,0.7,10.7,20.7,505,"CO",2022,1,1,205,0,108,0
2559,2022-01-02,20.828,104.14,0.254,-23.1111111111111,-5.72222222222222,-15.2222222222222,0,0,0.7,10.7,20.6,505,"CO",2022,2,1,200,0,108,0
2560,2022-01-03,21.082,99.06,0.254,-12.2777777777778,-1.77777777777778,-8.77777777777778,0,0,0.7,10.8,20.6,505,"CO",2022,3,1,212.820512820513,0,108,0
2561,2022-01-04,21.336,96.52,0.254,-8.72222222222222,-8.11111111111111,-10.1111111111111,0,0,0.7,10.6,20.6,505,"CO",2022,4,1,221.052631578947,0,108,0
2562,2022-01-05,21.59,99.06,3.302,-11.2777777777778,-7.77777777777778,-9,0,0,0.7,10.6,20.7,505,"CO",2022,5,1,217.948717948718,0,108,0
2563,2022-01-06,24.638,127,1.524,-8.22222222222222,-4.11111111111111,-5.72222222222222,0,0,0.6,10.7,20.6,505,"CO",2022,6,1,194,0,108,0
2564,2022-01-07,26.162,132.08,0,-5.61111111111111,0.499999999999999,-5.22222222222222,0,0,0.7,10.7,20.5,505,"CO",2022,7,1,198.076923076923,0,108,0
2565,2022-01-08,26.162,129.54,0,-8.27777777777778,-5.38888888888889,-10.2222222222222,0,0,0.7,10.6,20.7,505,"CO",2022,8,1,201.960784313726,0,108,0
2566,2022-01-09,26.162,124.46,0,-15.6111111111111,-6.11111111111111,-12.8888888888889,0,0,0.6,10.6,20.7,505,"CO",2022,9,1,210.204081632653,0,108,0
2567,2022-01-10,26.162,121.92,0,-13.8888888888889,3.27777777777778,-8.11111111111111,0,0,0.6,10.6,20.7,505,"CO",2022,10,1,214.583333333333,0,108,0
2568,2022-01-11,26.162,116.84,0,-9.27777777777778,-2.22222222222222,-8.22222222222222,0,0,0.7,10.5,20.5,505,"CO",2022,11,1,223.913043478261,0,108,0
2569,2022-01-12,26.162,114.3,0,-8.22222222222222,-1.77777777777778,-6.38888888888889,0,0,0.6,10.6,20.7,505,"CO",2022,12,1,228.888888888889,0,108,0
2570,2022-01-13,26.162,111.76,0,-7.88888888888889,3,-3.38888888888889,0,0,0.6,10.5,20.5,505,"CO",2022,13,1,234.090909090909,0,108,0
2571,2022-01-14,26.162,109.22,0.254,-2.5,-2,-8.88888888888889,0,0,0.6,10.5,20.5,505,"CO",2022,14,1,239.53488372093,0,108,0
2572,2022-01-15,26.416,111.76,0,-14.5,-1.22222222222222,-10.3888888888889,0,0,0.6,10.5,20.6,505,"CO",2022,15,1,236.363636363636,0,108,0
2573,2022-01-16,26.67,109.22,0,-6.88888888888889,-0.777777777777777,-6.27777777777778,0,0,0.6,10.5,20.5,505,"CO",2022,16,1,244.186046511628,0,108,0
2574,2022-01-17,26.67,109.22,0,-8.77777777777778,2,-5.72222222222222,0,0,0.6,10.4,20.8,505,"CO",2022,17,1,244.186046511628,0,108,0
2575,2022-01-18,26.67,106.68,0,-7.61111111111111,-2.5,-7.27777777777778,0,0,0.6,10.2,20.6,505,"CO",2022,18,1,250,0,108,0
2576,2022-01-19,26.67,106.68,0,-9.88888888888889,-4.38888888888889,-10.1111111111111,0,0,0.6,10.1,20.8,505,"CO",2022,19,1,250,0,108,0
2577,2022-01-20,26.67,104.14,0,-13.1111111111111,-6.11111111111111,-11.7777777777778,0,0,0.6,10.2,20.5,505,"CO",2022,20,1,256.09756097561,0,108,0
2578,2022-01-21,26.67,101.6,0.508,-10.8888888888889,-6.88888888888889,-10,0,0,0.6,10.1,20.5,505,"CO",2022,21,1,262.5,0,108,0
2579,2022-01-22,27.178,111.76,0,-14.5,-4,-11.1111111111111,0,0,0.5,10.1,20.6,505,"CO",2022,22,1,243.181818181818,0,108,0
2580,2022-01-23,27.178,109.22,0,-13.2222222222222,-1.61111111111111,-8.22222222222222,0,0,0.5,10.2,20.7,505,"CO",2022,23,1,248.837209302326,0,108,0
2581,2022-01-24,27.178,106.68,0,-11.2777777777778,-3.5,-10,0,0,0.5,10,20.6,505,"CO",2022,24,1,254.761904761905,0,108,0
2582,2022-01-25,27.432,104.14,0.254,-10.7222222222222,-10.5,-14.1111111111111,0,0,0.5,10.2,20.6,505,"CO",2022,25,1,263.414634146341,0,108,0
2583,2022-01-26,27.432,106.68,0,-17.3888888888889,-7.88888888888889,-14.2777777777778,0,0,0.5,10,20.5,505,"CO",2022,26,1,257.142857142857,0,108,0
2584,2022-01-27,27.432,109.22,0,-14.3888888888889,-12.3888888888889,-15.6111111111111,0,0,0.5,9.9,20.6,505,"CO",2022,27,1,251.162790697674,0,108,0
2585,2022-01-28,27.432,109.22,0,-19.2222222222222,-4.61111111111111,-11.8888888888889,0,0,0.5,10.1,20.5,505,"CO",2022,28,1,251.162790697674,0,108,0
2586,2022-01-29,27.686,106.68,0.254,-9.77777777777778,0.777777777777777,-6.11111111111111,0,0,0.5,9.9,20.7,505,"CO",2022,29,1,259.52380952381,0,108,0
2587,2022-01-30,27.94,106.68,0,-8.88888888888889,0.499999999999999,-5.77777777777778,0,0,0.5,9.8,20.6,505,"CO",2022,30,1,261.904761904762,0,108,0
2588,2022-01-31,27.94,106.68,0,-9.5,1.22222222222222,-6.38888888888889,0,0,0.4,10,20.6,505,"CO",2022,31,1,261.904761904762,0,108,0
2589,2022-02-01,27.94,104.14,0,-10.1111111111111,-7.11111111111111,-12.1111111111111,0,0,0.4,10,20.8,505,"CO",2022,32,2,268.292682926829,0,108,0
2590,2022-02-02,27.94,104.14,0,-16.8888888888889,-14.7222222222222,-19.5,0,0,0.4,9.7,20.6,505,"CO",2022,33,2,268.292682926829,0,108,0
2591,2022-02-03,27.94,109.22,0,-25.2777777777778,-14.7222222222222,-21.7222222222222,0,0,0.4,9.8,20.5,505,"CO",2022,34,2,255.813953488372,0,108,0
2592,2022-02-04,27.94,109.22,0.254,-23,-7.38888888888889,-14.7222222222222,0,0,0.4,9.8,20.5,505,"CO",2022,35,2,255.813953488372,0,108,0
2593,2022-02-05,28.194,109.22,0,-12.2222222222222,-4.72222222222222,-10.6111111111111,0,0,0.4,9.9,20.5,505,"CO",2022,36,2,258.139534883721,0,108,0
2594,2022-02-06,28.194,106.68,0,-12.6111111111111,-9,-14.1111111111111,0,0,0.4,9.6,20.8,505,"CO",2022,37,2,264.285714285714,0,108,0
2595,2022-02-07,28.194,106.68,0.254,-16.2222222222222,-2.5,-10.5,0,0,0.4,9.6,20.6,505,"CO",2022,38,2,264.285714285714,0,108,0
2596,2022-02-08,28.448,109.22,0,-8.11111111111111,-3.88888888888889,-7.77777777777778,0,0,0.4,9.6,20.7,505,"CO",2022,39,2,260.46511627907,0,108,0
2597,2022-02-09,28.448,109.22,0.254,-8.77777777777778,-3.5,-7.61111111111111,0,0,0.3,9.5,20.5,505,"CO",2022,40,2,260.46511627907,0,108,0
2598,2022-02-10,28.702,109.22,0.254,-8.77777777777778,-2,-6.61111111111111,0,0,0.3,9.6,20.6,505,"CO",2022,41,2,262.790697674419,0,108,0
2599,2022-02-11,28.956,111.76,0,-6.27777777777778,-3.72222222222222,-8.88888888888889,0,0,0.3,9.5,20.5,505,"CO",2022,42,2,259.090909090909,0,108,0
2600,2022-02-12,28.956,114.3,0,-18,-8.11111111111111,-13.8888888888889,0,0,0.3,9.4,20.7,505,"CO",2022,43,2,253.333333333333,0,108,0
2601,2022-02-13,28.956,111.76,0.254,-13.8888888888889,-1.77777777777778,-8.72222222222222,0,0,0.3,9.5,20.7,505,"CO",2022,44,2,259.090909090909,0,108,0
2602,2022-02-14,29.21,111.76,0,-10.2777777777778,1.77777777777778,-6.22222222222222,0,0,0.3,9.6,20.5,505,"CO",2022,45,2,261.363636363636,0,108,0
2603,2022-02-15,29.21,111.76,0,-7.11111111111111,2.77777777777778,-4.5,0,0,0.3,9.5,20.4,505,"CO",2022,46,2,261.363636363636,0,108,0
2604,2022-02-16,29.21,109.22,0.254,-8.5,-2.88888888888889,-10.1111111111111,0,0,0.3,9.2,20.7,505,"CO",2022,47,2,267.441860465116,0,108,0
2605,2022-02-17,29.464,114.3,0,-17.7777777777778,-8.77777777777778,-14.8888888888889,0,0,0.3,9.2,20.6,505,"CO",2022,48,2,257.777777777778,0,108,0
2606,2022-02-18,29.464,109.22,0.254,-13.8888888888889,-5.38888888888889,-11,0,0,0.2,9.4,20.4,505,"CO",2022,49,2,269.767441860465,0,108,0
2607,2022-02-19,29.464,111.76,0,-13.2777777777778,-0.611111111111112,-8,0,0,0.2,9.2,20.7,505,"CO",2022,50,2,263.636363636364,0,108,0
2608,2022-02-20,29.718,109.22,0,-10.2222222222222,1.5,-6.22222222222222,0,0,0.2,9.1,20.6,505,"CO",2022,51,2,272.093023255814,0,108,0
2609,2022-02-21,29.718,111.76,0.254,-8.38888888888889,-1,-6.61111111111111,0,0,0.2,9.1,20.5,505,"CO",2022,52,2,265.909090909091,0,108,0
2610,2022-02-22,29.972,111.76,0.254,-10.1111111111111,-10.1111111111111,-12.2777777777778,0,0,0.2,8.8,20.7,505,"CO",2022,53,2,268.181818181818,0,108,0
2611,2022-02-23,30.226,114.3,0.762,-11.5,-6.11111111111111,-10.6111111111111,0,0,0.2,9,20.6,505,"CO",2022,54,2,264.444444444444,0,108,0
2612,2022-02-24,30.988,119.38,0,-13.7222222222222,-12.7222222222222,-16.2222222222222,0,0,0.2,8.8,20.4,505,"CO",2022,55,2,259.574468085106,0,108,0
2613,2022-02-25,30.988,116.84,0,-18,-10.8888888888889,-16.5,0,0,0.2,8.7,20.6,505,"CO",2022,56,2,265.217391304348,0,108,0
2614,2022-02-26,30.988,121.92,0.254,-20,-9.5,-16.7777777777778,0,0,0.2,8.8,20.6,505,"CO",2022,57,2,254.166666666667,0,108,0
2615,2022-02-27,30.988,121.92,0.254,-15.6111111111111,0.999999999999998,-8.38888888888889,0,0,0.2,8.6,20.4,505,"CO",2022,58,2,254.166666666667,0,108,0
2616,2022-02-28,31.242,119.38,0,-10.3888888888889,2.61111111111111,-5.61111111111111,0,0,0.1,8.6,20.6,505,"CO",2022,59,2,261.702127659575,0,108,0
2617,2022-03-01,31.242,119.38,0.254,-6,6,-2.5,0,0,0.1,8.5,20.4,505,"CO",2022,60,3,261.702127659575,0,108,0
2618,2022-03-02,31.496,116.84,0,-4.72222222222222,7.61111111111111,-0.388888888888889,0,0,0.1,8.2,20.5,505,"CO",2022,61,3,269.565217391304,0,108,0
2619,2022-03-03,31.496,116.84,0,-3.11111111111111,9.22222222222222,0.722222222222221,0,0,0.1,8.4,20.4,505,"CO",2022,62,3,269.565217391304,0,108,0
2620,2022-03-04,31.496,114.3,0,-3.11111111111111,0.499999999999999,-2.77777777777778,0,0,0.1,8.2,20.5,505,"CO",2022,63,3,275.555555555556,0,108,0
2621,2022-03-05,31.75,116.84,0.254,-7.88888888888889,-3.38888888888889,-8,0,0,0.1,8.2,20.6,505,"CO",2022,64,3,271.739130434783,0,108,0
2622,2022-03-06,31.75,116.84,0,-9.5,-6.22222222222222,-11.8888888888889,0,0,0.1,8.1,20.6,505,"CO",2022,65,3,271.739130434783,0,108,0
2623,2022-03-07,31.75,119.38,0,-14.7777777777778,-6,-14.7777777777778,0,0,0.1,7.9,20.6,505,"CO",2022,66,3,265.957446808511,0,108,0
2624,2022-03-08,32.004,121.92,0,-20.3888888888889,-11.2222222222222,-16.7777777777778,0,0,0.1,7.8,20.5,505,"CO",2022,67,3,262.5,0,108,0
2625,2022-03-09,32.004,124.46,1.016,-14.7777777777778,-8.5,-12.8888888888889,0,0,0.1,7.9,20.6,505,"CO",2022,68,3,257.142857142857,0,108,0
2626,2022-03-10,33.02,132.08,0,-16.1111111111111,-12.1111111111111,-18.1111111111111,0,0,0.1,7.7,20.6,505,"CO",2022,69,3,250,0,108,0
2627,2022-03-11,33.02,127,0.508,-24.5,-12.3888888888889,-17.2777777777778,0,0,0.1,7.6,20.6,505,"CO",2022,70,3,260,0,108,0
2628,2022-03-12,33.274,127,0.508,-14.2777777777778,-1.38888888888889,-8.77777777777778,0,0,0,7.7,20.5,505,"CO",2022,71,3,262,0,108,0
2629,2022-03-13,33.782,127,0,-8.88888888888889,3.72222222222222,-5.5,0,0,0,7.6,20.6,505,"CO",2022,72,3,266,0,108,0
2630,2022-03-14,34.036,129.54,0.254,-10.3888888888889,-1.38888888888889,-8.22222222222222,0,0,0,7.4,20.6,505,"CO",2022,73,3,262.745098039216,0,108,0
2631,2022-03-15,34.036,129.54,0.254,-9.5,5.22222222222222,-2.88888888888889,0,0,0,7.5,20.4,505,"CO",2022,74,3,262.745098039216,0,108,0
2632,2022-03-16,34.544,127,0.508,-4.88888888888889,3,-4.27777777777778,0,0,0,7.2,20.6,505,"CO",2022,75,3,272,0,108,0
2633,2022-03-17,34.798,132.08,0.254,-8.27777777777778,-3.88888888888889,-9.5,0,0,0,7.2,20.5,505,"CO",2022,76,3,263.461538461538,0,108,0
2634,2022-03-18,35.306,132.08,0,-15.2222222222222,-3.22222222222222,-10.5,0,0,0,7.2,20.4,505,"CO",2022,77,3,267.307692307692,0,108,0
2635,2022-03-19,35.306,134.62,0.254,-10.8888888888889,2.27777777777778,-5.22222222222222,0,0,0,7.3,20.6,505,"CO",2022,78,3,262.264150943396,0,108,0
2636,2022-03-20,35.56,129.54,0,-7.11111111111111,4.22222222222222,-2.77777777777778,0,0,0,7.1,20.5,505,"CO",2022,79,3,274.509803921569,0,108,0
2637,2022-03-21,35.56,127,0,-6.11111111111111,-2.22222222222222,-7.61111111111111,0,0,0,6.9,20.6,505,"CO",2022,80,3,280,0,108,0
2638,2022-03-22,35.56,127,0,-15.2222222222222,-8.11111111111111,-12.5,0,0,0,7,20.5,505,"CO",2022,81,3,280,0,108,0
2639,2022-03-23,35.56,129.54,0.254,-12.7777777777778,-3.22222222222222,-9,0,0,0,6.8,20.4,505,"CO",2022,82,3,274.509803921569,0,108,0
2640,2022-03-24,35.814,132.08,0,-6.72222222222222,2.77777777777778,-3,0,0,0,6.9,20.6,505,"CO",2022,83,3,271.153846153846,0,108,0
2641,2022-03-25,35.814,132.08,0,-3.88888888888889,4.72222222222222,-0.777777777777777,0,0,0,6.8,20.4,505,"CO",2022,84,3,271.153846153846,0,108,0
2642,2022-03-26,35.814,127,0,-0.722222222222223,8.5,2.72222222222222,0,0,0,6.7,20.6,505,"CO",2022,85,3,282,0,108,0
2643,2022-03-27,35.814,124.46,0,-1.77777777777778,10.5,3.22222222222222,0,0,0,6.7,20.6,505,"CO",2022,86,3,287.755102040816,0,108,0
2644,2022-03-28,35.814,119.38,0,-0.111111111111111,10.3888888888889,3,0,0,0,6.8,20.6,505,"CO",2022,87,3,300,0,108,0
2645,2022-03-29,35.814,116.84,1.27,-2.22222222222222,-0.722222222222223,-3.72222222222222,0,0,0,6.7,20.6,505,"CO",2022,88,3,306.521739130435,0,108,0
2646,2022-03-30,37.084,121.92,0.254,-7.61111111111111,-6,-8.77777777777778,0,0,0,6.6,20.5,505,"CO",2022,89,3,304.166666666667,0,108,0
2647,2022-03-31,37.592,124.46,0.254,-11.2777777777778,2.88888888888889,-4.72222222222222,0,0,0,6.6,20.5,505,"CO",2022,90,3,302.040816326531,0,108,0
2648,2022-04-01,37.846,127,0,-6.38888888888889,-0.777777777777777,-5.61111111111111,0,0,0,6.8,20.6,505,"CO",2022,91,4,298,0,108,0
2649,2022-04-02,38.354,127,0.508,-8.22222222222222,6,-1.27777777777778,0,0,0,6.6,20.5,505,"CO",2022,92,4,302,0,108,0
2650,2022-04-03,38.354,124.46,0,-2.38888888888889,0.777777777777777,-3.38888888888889,0,0,0,6.7,20.5,505,"CO",2022,93,4,308.163265306122,0,108,0
2651,2022-04-04,38.354,124.46,0,-6.61111111111111,4.72222222222222,-2.27777777777778,0,0,0,6.8,20.6,505,"CO",2022,94,4,308.163265306122,0,108,0
2652,2022-04-05,38.1,121.92,0,-0.611111111111112,-0.611111111111112,-5.77777777777778,0,0,0,6.9,20.6,505,"CO",2022,95,4,312.5,0,108,0
2653,2022-04-06,38.608,127,0.508,-15.2777777777778,-8.22222222222222,-12.6111111111111,0,0,0,6.7,20.5,505,"CO",2022,96,4,304,0,108,0
2654,2022-04-07,39.116,127,0.254,-12.8888888888889,-2,-8,0,0,0,6.7,20.5,505,"CO",2022,97,4,308,0,108,0
2655,2022-04-08,39.116,127,0,-8,4.77777777777778,-2.22222222222222,0,0,0,6.9,20.5,505,"CO",2022,98,4,308,0,108,0
2656,2022-04-09,39.37,119.38,0,-3.77777777777778,8.5,1.22222222222222,0,0,0,6.9,20.6,505,"CO",2022,99,4,329.787234042553,0,108,0
2657,2022-04-10,39.116,121.92,0.508,-3.5,-3.38888888888889,-7.61111111111111,0,0,0,6.8,20.5,505,"CO",2022,100,4,320.833333333333,0,108,0
2658,2022-04-11,39.624,127,0.508,-9.77777777777778,2.72222222222222,-3.61111111111111,0,0,0,6.8,20.5,505,"CO",2022,101,4,312,0,108,0
2659,2022-04-12,40.386,129.54,0,-3,-3,-9.61111111111111,0,0,0,6.9,20.5,505,"CO",2022,102,4,311.764705882353,0,108,0
2660,2022-04-13,40.64,134.62,0.762,-15.7222222222222,-12.5,-15,0,0,0,7.1,20.6,505,"CO",2022,103,4,301.88679245283,0,108,0
2661,2022-04-14,40.894,134.62,0.762,-15.7222222222222,-4.11111111111111,-9.61111111111111,0,0,0,7.1,20.5,505,"CO",2022,104,4,303.77358490566,0,108,0
2662,2022-04-15,41.656,134.62,0.762,-7.88888888888889,0.222222222222221,-4.38888888888889,0,0,0,7,20.5,505,"CO",2022,105,4,309.433962264151,0,108,0
2663,2022-04-16,42.418,142.24,0.762,-6.27777777777778,7.22222222222222,-0.611111111111112,0,0,0,7,20.6,505,"CO",2022,106,4,298.214285714286,0,108,0
2664,2022-04-17,43.18,142.24,0.508,-3.88888888888889,-0.388888888888889,-3.5,0,0,0,6.9,20.5,505,"CO",2022,107,4,303.571428571429,0,108,0
2665,2022-04-18,44.196,139.7,0.254,-4.88888888888889,8.5,0.499999999999999,0,0,0,7,20.5,505,"CO",2022,108,4,316.363636363636,0,108,0
2666,2022-04-19,44.196,139.7,0,-1,10.3888888888889,3.61111111111111,0,0,0,6.9,20.5,505,"CO",2022,109,4,316.363636363636,0,108,0
2667,2022-04-20,43.18,132.08,0,-2.11111111111111,5.11111111111111,0.777777777777777,0,0,0,6.9,20.5,505,"CO",2022,110,4,326.923076923077,0,108,0
2668,2022-04-21,42.926,132.08,0.254,-1,12.2222222222222,5,0,0,0,7,20.5,505,"CO",2022,111,4,325,0,108,0
2669,2022-04-22,40.64,127,0.508,3,12.7777777777778,2.27777777777778,0,0,0,7.1,20.6,505,"CO",2022,112,4,320,0,108,0
2670,2022-04-23,39.37,124.46,1.016,-6.77777777777778,-1.22222222222222,-6,0,0,0,7,20.5,505,"CO",2022,113,4,316.326530612245,0,108,0
2671,2022-04-24,40.64,142.24,1.27,-8.11111111111111,0.111111111111113,-6.5,0,0,0,7.1,20.6,505,"CO",2022,114,4,285.714285714286,0,108,0
2672,2022-04-25,41.91,147.32,0,-9.38888888888889,1.11111111111111,-5.61111111111111,0,0,0,7.2,20.6,505,"CO",2022,115,4,284.48275862069,0,108,0
2673,2022-04-26,42.418,147.32,0,-7.77777777777778,6.5,-0.388888888888889,0,0,0,7.2,20.6,505,"CO",2022,116,4,287.931034482759,0,108,0
2674,2022-04-27,42.164,134.62,0,-1.11111111111111,8.88888888888889,1.72222222222222,0,0,0,7,20.5,505,"CO",2022,117,4,313.207547169811,0,108,0
2675,2022-04-28,42.164,132.08,0,-1.77777777777778,11.1111111111111,3,0,0,0,7.1,20.5,505,"CO",2022,118,4,319.230769230769,0,108,0
2676,2022-04-29,41.91,127,0,-1.38888888888889,2.22222222222222,-3.88888888888889,0,0,0,7.1,20.5,505,"CO",2022,119,4,330,0,108,0
2677,2022-04-30,41.91,121.92,0,-7.88888888888889,5.72222222222222,-1.77777777777778,0,0,0,7.2,20.6,505,"CO",2022,120,4,343.75,0,108,0
2678,2022-05-01,41.91,119.38,0,-2.38888888888889,9.5,0.999999999999998,0,0,0,7.2,20.6,505,"CO",2022,121,5,351.063829787234,0,108,0
2679,2022-05-02,41.656,116.84,0,-2.72222222222222,1.77777777777778,-1.77777777777778,0,0,0,7.1,20.5,505,"CO",2022,122,5,356.521739130435,0,108,0
2680,2022-05-03,41.656,116.84,0.254,-2.5,9,1.77777777777778,0,0,0,7.3,20.6,505,"CO",2022,123,5,356.521739130435,0,108,0
2681,2022-05-04,41.656,116.84,0.762,-2.88888888888889,0.499999999999999,-3.72222222222222,0,0,0,7.3,20.7,505,"CO",2022,124,5,356.521739130435,0,108,0
2682,2022-05-05,42.672,121.92,0.508,-5.38888888888889,4.61111111111111,-1.11111111111111,0,0,0,7.2,20.6,505,"CO",2022,125,5,350,0,108,0
2683,2022-05-06,43.434,127,0,-1.5,12,5.22222222222222,0,0,0,7.3,20.7,505,"CO",2022,126,5,342,0,108,0
2684,2022-05-07,42.418,121.92,0,2.27777777777778,13.2777777777778,6.22222222222222,0,0,0,7.2,20.6,505,"CO",2022,127,5,347.916666666667,0,108,0
2685,2022-05-08,40.894,116.84,0,0.111111111111113,11.3888888888889,5.22222222222222,0,0,0,7.3,20.6,505,"CO",2022,128,5,350,0,108,0
2686,2022-05-09,39.116,109.22,0,2.72222222222222,9.72222222222222,4.11111111111111,0,0,0,7.4,20.6,505,"CO",2022,129,5,358.139534883721,0,108,0
2687,2022-05-10,36.83,104.14,0,2.27777777777778,13.2222222222222,6.72222222222222,0,0,0,7.4,20.7,505,"CO",2022,130,5,353.658536585366,0,108,0
2688,2022-05-11,34.798,96.52,0,5.38888888888889,14,8,0,0,0,7.4,20.7,505,"CO",2022,131,5,360.526315789474,0,108,0
2689,2022-05-12,32.258,88.9,0,5.77777777777778,6,1.77777777777778,0,0,0,8.9,28.7,505,"CO",2022,132,5,362.857142857143,0,108,0
2690,2022-05-13,30.48,83.82,0,-4.27777777777778,7.77777777777778,1.22222222222222,0,0,0,15.2,27.9,505,"CO",2022,133,5,363.636363636364,0,108,0
2691,2022-05-14,27.686,71.12,0,-0.111111111111111,11.2222222222222,5,0,0,0.1,15.7,27.6,505,"CO",2022,134,5,389.285714285714,0,108,0
2692,2022-05-15,25.146,66.04,0,2,13.2777777777778,6.22222222222222,0,0,0.1,16,29.5,505,"CO",2022,135,5,380.769230769231,0,108,0
2693,2022-05-16,22.098,55.88,0,2.61111111111111,14.7222222222222,7.22222222222222,0,0,0.1,24.4,29.7,505,"CO",2022,136,5,395.454545454545,0,108,0
2694,2022-05-17,20.828,53.34,0,3.5,15.1111111111111,6.61111111111111,1.6,0,0.1,25.9,31.3,505,"CO",2022,137,5,390.47619047619,1.6,108,1
2695,2022-05-18,18.796,45.72,0,0.999999999999998,11.6111111111111,5.72222222222222,1.9,0,0.2,25.9,31.9,505,"CO",2022,138,5,411.111111111111,0.3,108,0
2696,2022-05-19,16.51,40.64,0,3.22222222222222,13.7777777777778,7.38888888888889,2.6,0,0.2,26.4,31.8,505,"CO",2022,139,5,406.25,0.7,108,0
2697,2022-05-20,14.732,35.56,2.286,4.77777777777778,5.22222222222222,-5.22222222222222,3.4,0,0.3,25.6,32.4,505,"CO",2022,140,5,414.285714285714,0.8,108,0
2698,2022-05-21,16.764,50.8,0.508,-9.61111111111111,0.499999999999999,-6.11111111111111,4.1,0.1,0.4,25,29.9,505,"CO",2022,141,5,330,0.7,108,0
2699,2022-05-22,17.272,38.1,0.254,-7.77777777777778,3.22222222222222,-2,5.2,0.1,0.5,23.9,29,505,"CO",2022,142,5,453.333333333333,1.1,108,0
2700,2022-05-23,17.272,40.64,0.254,-3.88888888888889,3.72222222222222,-1.22222222222222,6.2,0.1,0.6,23.2,28.3,505,"CO",2022,143,5,425,1,108,0
2701,2022-05-24,17.526,33.02,1.27,-2.77777777777778,4,-2.38888888888889,6.7,0.1,0.6,22.7,28,505,"CO",2022,144,5,530.769230769231,0.5,108,0
2702,2022-05-25,18.796,55.88,0,-5.5,5.61111111111111,-0.222222222222221,7.1,0.1,0.7,22.3,27.8,505,"CO",2022,145,5,336.363636363636,0.399999999999999,108,0
2703,2022-05-26,18.288,53.34,0,0,12.7777777777778,5.77777777777778,7.8,0.1,0.8,22,27.7,505,"CO",2022,146,5,342.857142857143,0.7,108,0
2704,2022-05-27,16.764,43.18,0,3.5,17.2222222222222,8.38888888888889,12.9,0.1,0.8,21.7,27.7,505,"CO",2022,147,5,388.235294117647,5.1,108,0
2705,2022-05-28,15.24,43.18,0,4.61111111111111,15,6.72222222222222,15.3,0.2,0.8,21.5,28.1,505,"CO",2022,148,5,352.941176470588,2.4,108,0
2706,2022-05-29,14.224,40.64,0.762,1.77777777777778,11.7777777777778,2,16.4,0.2,0.9,23,29.6,505,"CO",2022,149,5,350,1.1,108,0
2707,2022-05-30,13.208,38.1,0,-4,1.38888888888889,-3.72222222222222,16.8,0.2,1,24.4,29.4,505,"CO",2022,150,5,346.666666666667,0.400000000000002,108,0
2708,2022-05-31,13.716,45.72,0,-6.27777777777778,5.88888888888889,-1,15.6,0.3,1.1,24.4,29.1,505,"CO",2022,151,5,300,-1.2,108,0
2709,2022-06-01,14.224,48.26,0,-1.22222222222222,9.61111111111111,2.72222222222222,15.1,0.3,1.2,24.1,28.6,505,"CO",2022,152,6,294.736842105263,-0.5,108,0
2710,2022-06-02,13.208,33.02,0,-0.722222222222223,12.2777777777778,5.5,18.1,0.3,1.3,23.5,28.3,505,"CO",2022,153,6,400,3,108,0
2711,2022-06-03,9.652,25.4,0,1.72222222222222,14.2222222222222,6.72222222222222,20.1,0.4,1.4,23,30.8,505,"CO",2022,154,6,380,2,108,0
2712,2022-06-04,7.112,20.32,0,3.22222222222222,14.7222222222222,7.77777777777778,20.4,0.4,1.6,25.2,31.9,505,"CO",2022,155,6,350,0.299999999999997,108,0
2713,2022-06-05,4.572,12.7,0,6,14.7222222222222,7.61111111111111,21.2,0.5,1.7,25.9,32.3,505,"CO",2022,156,6,360,0.800000000000001,108,0
2714,2022-06-06,1.27,0,0,3.22222222222222,14.2777777777778,5,21.8,0.6,1.9,26.8,32,505,"CO",2022,157,6,Inf,0.600000000000001,108,0
2715,2022-06-07,0.508,0,0,2,15.2222222222222,7.61111111111111,22,0.6,2.2,27,32,505,"CO",2022,158,6,Inf,0.199999999999999,108,0
2716,2022-06-08,0.508,0,0,3.61111111111111,16.5,8.61111111111111,22.6,0.7,2.4,27,32.4,505,"CO",2022,159,6,Inf,0.600000000000001,108,0
2717,2022-06-09,0.254,0,0,5.61111111111111,19.2222222222222,10.3888888888889,24,0.8,2.7,27,32.5,505,"CO",2022,160,6,Inf,1.4,108,0
2718,2022-06-10,0.254,2.54,0,6.61111111111111,19.2222222222222,12.1111111111111,23.9,0.9,3.1,27.3,32.3,505,"CO",2022,161,6,100,-0.100000000000001,108,0
2719,2022-06-11,0.254,0,0,8.88888888888889,22,14.1111111111111,22.7,1.1,3.5,27.7,32.2,505,"CO",2022,162,6,Inf,-1.2,108,0
2720,2022-06-12,0,0,0,9.22222222222222,20.7777777777778,13.2777777777778,20.2,1.4,4.1,27.9,32.2,505,"CO",2022,163,6,NA,-2.5,108,0
2721,2022-06-13,0,0,0,8.77777777777778,20.7777777777778,13,18.1,1.5,4.4,28,32.2,505,"CO",2022,164,6,NA,-2.1,108,0
2722,2022-06-14,0,0,0,5.61111111111111,13.3888888888889,7.11111111111111,15.7,1.7,4.7,27.9,29.9,505,"CO",2022,165,6,NA,-2.4,108,0
2723,2022-06-15,0,0,0,1.72222222222222,16.1111111111111,7.5,13.5,1.8,4.8,26.9,29,505,"CO",2022,166,6,NA,-2.2,108,0
2724,2022-06-16,0,0,0,5.38888888888889,23,13.6111111111111,11.8,1.9,4.9,25.6,28.5,505,"CO",2022,167,6,NA,-1.7,108,0
2725,2022-06-17,0,0,0,11,20.7777777777778,12.7777777777778,10,2.1,5.2,25.5,28.2,505,"CO",2022,168,6,NA,-1.8,108,0
2726,2022-06-18,0,0,0,8,18.2777777777778,10.6111111111111,7.8,2.1,5.2,24.9,28.1,505,"CO",2022,169,6,NA,-2.2,108,0
2727,2022-06-19,0,0,0.762,6.5,12,7.38888888888889,5.8,2.2,5.3,24,27.9,505,"CO",2022,170,6,NA,-2,108,0
2728,2022-06-20,0,0,0,4.61111111111111,15.7777777777778,7.77777777777778,4.5,2.1,5.3,23.2,27.8,505,"CO",2022,171,6,NA,-1.3,108,0
2729,2022-06-21,0,0,0,1.61111111111111,17.7777777777778,8.77777777777778,2.8,2.1,5.3,22.6,27.7,505,"CO",2022,172,6,NA,-1.7,108,0
2730,2022-06-22,0,0,0,5,15.7777777777778,9.38888888888889,1.9,2.2,5.3,21.9,27.6,505,"CO",2022,173,6,NA,-0.9,108,0
2731,2022-06-23,0,0,0.254,4.72222222222222,16.2222222222222,7.72222222222222,0.9,2,5.2,21.4,27.4,505,"CO",2022,174,6,NA,-1,108,0
2732,2022-06-24,0,0,0.254,3.27777777777778,13.8888888888889,7.11111111111111,0.2,2,5.2,21,27.3,505,"CO",2022,175,6,NA,-0.7,108,0
2733,2022-06-25,0,0,0,3.61111111111111,17.2222222222222,7.88888888888889,0,1.9,5.2,20.5,27.2,505,"CO",2022,176,6,NA,-0.2,108,0
2734,2022-06-26,0,0,1.016,4.61111111111111,13.7222222222222,5.11111111111111,0,1.8,5.1,20.2,27.1,505,"CO",2022,177,6,NA,0,108,0
2735,2022-06-27,0,0,0,3,15.7777777777778,7.88888888888889,0,1.7,5,20.2,27.1,505,"CO",2022,178,6,NA,0,108,0
2736,2022-06-28,0,0,0,4.77777777777778,17.6111111111111,9.72222222222222,0,1.7,5.1,20.4,27,505,"CO",2022,179,6,NA,0,108,0
2737,2022-06-29,0,0,0,6.72222222222222,18.7777777777778,11.1111111111111,0,1.7,5.2,20.3,26.9,505,"CO",2022,180,6,NA,0,108,0
2738,2022-06-30,0,0,0.508,5.11111111111111,9.77777777777778,6.61111111111111,0,1.7,5.2,20,26.8,505,"CO",2022,181,6,NA,0,108,0
2739,2022-07-01,0,0,0,4.5,16.2777777777778,8.88888888888889,0,1.7,5.2,19.8,26.7,505,"CO",2022,182,7,NA,0,108,0
2740,2022-07-02,0,0,0,4.5,17.3888888888889,9.11111111111111,0,1.7,5.3,19.8,26.6,505,"CO",2022,183,7,NA,0,108,0
2741,2022-07-03,0,0,0.254,6.77777777777778,18.2222222222222,9.88888888888889,0,1.7,5.2,19.7,26.5,505,"CO",2022,184,7,NA,0,108,0
2742,2022-07-04,0,0,0,7.22222222222222,19.6111111111111,11.5,0,1.6,5.2,19.6,26.4,505,"CO",2022,185,7,NA,0,108,0
2743,2022-07-05,0,0,1.27,8.38888888888889,16.7777777777778,9.38888888888889,0,1.6,5.2,19.3,26.3,505,"CO",2022,186,7,NA,0,108,0
2744,2022-07-06,0,0,0,4.88888888888889,16.5,8.88888888888889,5.9,1.8,5.1,19.5,26.3,505,"CO",2022,187,7,NA,5.9,108,0
2745,2022-07-07,0,0,0,6.61111111111111,18.2222222222222,10.3888888888889,7.4,1.7,5.3,20.9,26.2,505,"CO",2022,188,7,NA,1.5,108,0
2746,2022-07-08,0,0,0,7.22222222222222,19.7222222222222,11.7777777777778,6.9,1.9,5.3,20.9,26.1,505,"CO",2022,189,7,NA,-0.5,108,0
2747,2022-07-09,0,0,0,9.5,23.3888888888889,15,6.4,1.8,5.4,20.7,26,505,"CO",2022,190,7,NA,-0.5,108,0
2748,2022-07-10,0,0,0,10.7222222222222,22.3888888888889,13.2222222222222,5.3,1.9,5.5,20.4,25.9,505,"CO",2022,191,7,NA,-1.1,108,0
2749,2022-07-11,0,0,0,8.11111111111111,20,12.8888888888889,3.7,1.8,5.4,20,25.8,505,"CO",2022,192,7,NA,-1.6,108,0
2750,2022-07-12,0,0,0,7.22222222222222,20.2777777777778,12.7777777777778,2.3,1.7,5.4,19.7,25.6,505,"CO",2022,193,7,NA,-1.4,108,0
2751,2022-07-13,0,0,0,9.11111111111111,20.2777777777778,12.7222222222222,1.1,1.9,5.3,19.5,25.6,505,"CO",2022,194,7,NA,-1.2,108,0
2752,2022-07-14,0,0,0.508,9.88888888888889,21.7222222222222,12.3888888888889,0.3,1.7,5.2,19.2,25.4,505,"CO",2022,195,7,NA,-0.8,108,0
2753,2022-07-15,0,0,0,8,20.2222222222222,11.8888888888889,0,1.9,5,18.9,25.3,505,"CO",2022,196,7,NA,-0.3,108,0
2754,2022-07-16,0,0,0,9.22222222222222,17.6111111111111,11.7777777777778,0,1.6,4.9,18.8,25.2,505,"CO",2022,197,7,NA,0,108,0
2755,2022-07-17,0,0,0,7.88888888888889,22.7777777777778,14.7777777777778,0,1.9,4.8,18.6,25.2,505,"CO",2022,198,7,NA,0,108,0
2756,2022-07-18,0,0,0,11.3888888888889,22,14.3888888888889,0,1.6,4.7,18.4,24.9,505,"CO",2022,199,7,NA,0,108,0
2757,2022-07-19,0,0,0.254,9.22222222222222,18.7777777777778,12.8888888888889,0,1.8,4.4,18.2,24.8,505,"CO",2022,200,7,NA,0,108,0
2758,2022-07-20,0,0,0,7.5,19.7222222222222,11.7777777777778,0,1.4,4.2,18.1,24.6,505,"CO",2022,201,7,NA,0,108,0
2759,2022-07-21,0,0,0,7.72222222222222,20.6111111111111,13,0,1.6,3.8,17.9,24.5,505,"CO",2022,202,7,NA,0,108,0
2760,2022-07-22,0,0,0,9.5,21.7222222222222,13.3888888888889,0,1.4,3.5,17.7,24.2,505,"CO",2022,203,7,NA,0,108,0
2761,2022-07-23,0,0,1.016,11.5,22.5,12.3888888888889,0,1.4,3.2,17.6,24.2,505,"CO",2022,204,7,NA,0,108,0
2762,2022-07-24,0,0,1.27,7,16.5,9.38888888888889,0,1.2,2.9,27.2,24.1,505,"CO",2022,205,7,NA,0,108,0
2763,2022-07-25,0,0,0,7.38888888888889,17.2222222222222,10.7222222222222,0,1.2,2.8,27.6,24.2,505,"CO",2022,206,7,NA,0,108,0
2764,2022-07-26,0,0,0,7.11111111111111,NA,NA,0,1.2,2.8,24.9,24.4,505,"CO",2022,207,7,NA,0,108,0
2765,2022-07-27,0,0,0,NA,20.3888888888889,13.2222222222222,0,NA,NA,NA,NA,505,"CO",2022,208,7,NA,0,108,0
2766,2022-07-28,0,0,0.508,8.72222222222222,14.6111111111111,8.72222222222222,0,1.5,2.9,22,24.2,505,"CO",2022,209,7,NA,0,108,0
2767,2022-07-29,0,0,0,5.77777777777778,16.7222222222222,9.11111111111111,0,1.1,2.9,21.2,24.2,505,"CO",2022,210,7,NA,0,108,0
2768,2022-07-30,0,0,0,5.38888888888889,18,10.6111111111111,0,1.1,2.9,20.7,24.2,505,"CO",2022,211,7,NA,0,108,0
2769,2022-07-31,0,0,0,8.77777777777778,16.6111111111111,10.7777777777778,0,1,2.9,20.2,24,505,"CO",2022,212,7,NA,0,108,0
2770,2022-08-01,0,0,1.524,8.22222222222222,19.2222222222222,10.7222222222222,0,1,2.9,19.8,23.8,505,"CO",2022,213,8,NA,0,108,0
2771,2022-08-02,0,0,0,6.61111111111111,17.2222222222222,10.7222222222222,0,1.1,2.8,24.5,23.9,505,"CO",2022,214,8,NA,0,108,0
2923,2023-01-01,21.082,101.6,0,-5.72222222222222,-2,-4.27777777777778,0,NA,1.3,14.7,22.2,505,"CO",2023,1,1,207.5,0,118,0
2924,2023-01-02,21.082,99.06,0,-5.22222222222222,-4.5,-8.5,0,NA,1.3,14.7,22.1,505,"CO",2023,2,1,212.820512820513,0,118,0
2925,2023-01-03,21.082,99.06,0,-12.1111111111111,-9,-12,0,NA,1.3,14.6,22.2,505,"CO",2023,3,1,212.820512820513,0,118,0
2926,2023-01-04,21.336,101.6,0,-14.2222222222222,-10.6111111111111,-15,0,NA,1.3,14.7,22.2,505,"CO",2023,4,1,210,0,118,0
2927,2023-01-05,21.336,99.06,0.508,-16.8888888888889,0.111111111111113,-9.22222222222222,0,NA,1.3,14.5,22.2,505,"CO",2023,5,1,215.384615384615,0,118,0
2928,2023-01-06,21.844,99.06,0,-9.38888888888889,-4.88888888888889,-8.5,0,NA,1.3,14.5,22.1,505,"CO",2023,6,1,220.51282051282,0,118,0
2929,2023-01-07,21.844,99.06,0,-9.88888888888889,-5.88888888888889,-9.88888888888889,0,NA,1.2,14.5,22.3,505,"CO",2023,7,1,220.51282051282,0,118,0
2930,2023-01-08,21.844,99.06,0.254,-12.1111111111111,-0.88888888888889,-7.38888888888889,0,NA,1.2,14.4,22.1,505,"CO",2023,8,1,220.51282051282,0,118,0
2931,2023-01-09,22.098,96.52,0,-10.2222222222222,-2.61111111111111,-6.61111111111111,0,NA,1.2,14.4,22.2,505,"CO",2023,9,1,228.947368421053,0,118,0
2932,2023-01-10,22.352,96.52,0.508,-5.72222222222222,-3.22222222222222,-5.22222222222222,0,NA,1.2,14.4,22.1,505,"CO",2023,10,1,231.578947368421,0,118,0
2933,2023-01-11,22.606,99.06,0.762,-6.88888888888889,-6.88888888888889,-9.61111111111111,0,NA,1.2,14.3,22.1,505,"CO",2023,11,1,228.205128205128,0,118,0
2934,2023-01-12,23.368,101.6,0,-12.1111111111111,-3.22222222222222,-11.1111111111111,0,NA,1.2,14.3,22.3,505,"CO",2023,12,1,230,0,118,0
2935,2023-01-13,23.368,104.14,0,-10.2777777777778,1.27777777777778,-4.72222222222222,0,NA,1.2,14.4,22.2,505,"CO",2023,13,1,224.390243902439,0,118,0
2936,2023-01-14,23.622,101.6,0.508,-5.38888888888889,1.22222222222222,-3.61111111111111,0,NA,1.2,14.2,22.3,505,"CO",2023,14,1,232.5,0,118,0
2937,2023-01-15,23.876,101.6,0,-6.38888888888889,-2.72222222222222,-7.11111111111111,0,NA,1.2,14.2,22.2,505,"CO",2023,15,1,235,0,118,0
2938,2023-01-16,23.876,101.6,0,-10.2222222222222,-6.11111111111111,-9.88888888888889,0,NA,1.2,14.1,22.2,505,"CO",2023,16,1,235,0,118,0
2939,2023-01-17,24.13,106.68,0,-11,-4.72222222222222,-9.11111111111111,0,NA,1.2,14.2,22.2,505,"CO",2023,17,1,226.190476190476,0,118,0
2940,2023-01-18,24.384,104.14,0.254,-11.6111111111111,-11.2222222222222,-13.1111111111111,0,NA,1.2,14.1,22.3,505,"CO",2023,18,1,234.146341463415,0,118,0
2941,2023-01-19,24.638,106.68,0,-17.6111111111111,-7.27777777777778,-13.7222222222222,0,NA,1.2,14.2,22.2,505,"CO",2023,19,1,230.952380952381,0,118,0
2942,2023-01-20,24.638,104.14,0,-11.2777777777778,-7.27777777777778,-12.5,0,NA,1.2,14.1,22.3,505,"CO",2023,20,1,236.585365853659,0,118,0
2943,2023-01-21,24.638,101.6,0,-15.8888888888889,-12.6111111111111,-15.7222222222222,0,NA,1.2,14.2,22.3,505,"CO",2023,21,1,242.5,0,118,0
2944,2023-01-22,24.892,101.6,0.254,-16.2222222222222,-5.5,-12,0,NA,1.2,14,22.3,505,"CO",2023,22,1,245,0,118,0
2945,2023-01-23,24.892,101.6,0,-11.5,-5.72222222222222,-11.2222222222222,0,NA,1.1,14,22.1,505,"CO",2023,23,1,245,0,118,0
2946,2023-01-24,24.892,101.6,0,-14.1111111111111,-9.88888888888889,-14.6111111111111,0,NA,1.1,14,22.3,505,"CO",2023,24,1,245,0,118,0
2947,2023-01-25,24.892,101.6,0.254,-17.6111111111111,-14.2777777777778,-17.6111111111111,0,NA,1.1,14,22.2,505,"CO",2023,25,1,245,0,118,0
2948,2023-01-26,25.146,99.06,0,-19.6111111111111,-12.7222222222222,-16.2777777777778,0,NA,1.1,14,22.2,505,"CO",2023,26,1,253.846153846154,0,118,0
2949,2023-01-27,25.654,101.6,1.524,-14.7222222222222,-5.88888888888889,-11,0,NA,1.1,13.9,22.3,505,"CO",2023,27,1,252.5,0,118,0
2950,2023-01-28,26.924,111.76,0.254,-11.2777777777778,-8.27777777777778,-11.8888888888889,0,NA,1.1,14,22.2,505,"CO",2023,28,1,240.909090909091,0,118,0
2951,2023-01-29,27.178,114.3,0.254,-14.1111111111111,-7.61111111111111,-11.2777777777778,0,NA,1.1,13.8,22.2,505,"CO",2023,29,1,237.777777777778,0,118,0
2952,2023-01-30,27.432,119.38,0.762,-11.2777777777778,-8.72222222222222,-12.7222222222222,0,NA,1.1,13.8,22.3,505,"CO",2023,30,1,229.787234042553,0,118,0
2953,2023-01-31,28.194,127,0.254,-19.5,-8.61111111111111,-17.3888888888889,0,NA,1.1,13.9,22.2,505,"CO",2023,31,1,222,0,118,0
2954,2023-02-01,28.194,124.46,0,-18.1111111111111,-5.5,-13.2222222222222,0,NA,1.1,13.9,22.2,505,"CO",2023,32,2,226.530612244898,0,118,0
2955,2023-02-02,28.448,127,0,-12.6111111111111,-3.22222222222222,-10.7777777777778,0,NA,1.1,13.8,22.2,505,"CO",2023,33,2,224,0,118,0
2956,2023-02-03,28.448,127,0,-13.2222222222222,-0.611111111111112,-8.11111111111111,0,NA,1,13.7,22.3,505,"CO",2023,34,2,224,0,118,0
2957,2023-02-04,28.702,111.76,0,-10.2222222222222,-2.38888888888889,-7.61111111111111,0,NA,1,13.7,22.3,505,"CO",2023,35,2,256.818181818182,0,118,0
2958,2023-02-05,28.702,116.84,0,-9.22222222222222,1.72222222222222,-4.88888888888889,0,NA,1,13.6,22.2,505,"CO",2023,36,2,245.652173913043,0,118,0
2959,2023-02-06,28.956,114.3,0.254,-8,-8,-12.8888888888889,0,NA,1,13.6,22.2,505,"CO",2023,37,2,253.333333333333,0,118,0
2960,2023-02-07,28.956,116.84,0,-17.7222222222222,-5.22222222222222,-13.6111111111111,0,NA,1,13.7,22.3,505,"CO",2023,38,2,247.826086956522,0,118,0
2961,2023-02-08,28.956,116.84,0,-16.2222222222222,-7.27777777777778,-12.1111111111111,0,NA,1,13.6,22.2,505,"CO",2023,39,2,247.826086956522,0,118,0
2962,2023-02-09,29.21,114.3,0.254,-19.2777777777778,-13.1111111111111,-17.2777777777778,0,NA,0.9,13.5,22.1,505,"CO",2023,40,2,255.555555555556,0,118,0
2963,2023-02-10,29.21,114.3,0.254,-21.5,-1.22222222222222,-10.7777777777778,0,NA,0.9,13.5,22.2,505,"CO",2023,41,2,255.555555555556,0,118,0
2964,2023-02-11,29.718,114.3,0,-8.77777777777778,4.77777777777778,-3.22222222222222,0,NA,0.9,13.5,22.2,505,"CO",2023,42,2,260,0,118,0
2965,2023-02-12,29.718,116.84,0,-7.22222222222222,-1.5,-6.77777777777778,0,NA,0.9,13.4,22.2,505,"CO",2023,43,2,254.347826086957,0,118,0
2966,2023-02-13,29.718,114.3,0,-9.77777777777778,2.11111111111111,-6.11111111111111,0,NA,0.9,13.3,22.2,505,"CO",2023,44,2,260,0,118,0
2967,2023-02-14,29.718,111.76,0,-9.22222222222222,-7.27777777777778,-10.8888888888889,0,NA,0.8,13.3,22.2,505,"CO",2023,45,2,265.909090909091,0,118,0
2968,2023-02-15,29.718,116.84,0,-16.5,-13.2222222222222,-17.2777777777778,0,NA,0.8,13.4,22.3,505,"CO",2023,46,2,254.347826086957,0,118,0
2969,2023-02-16,29.718,111.76,0,-20.6111111111111,-12.8888888888889,-18.8888888888889,0,NA,0.8,13.4,22.3,505,"CO",2023,47,2,265.909090909091,0,118,0
2970,2023-02-17,29.718,116.84,0.254,-18,-0.722222222222223,-9.61111111111111,0,NA,0.8,13.3,22.3,505,"CO",2023,48,2,254.347826086957,0,118,0
2971,2023-02-18,29.972,114.3,0.254,-9.72222222222222,-1.5,-8.5,0,NA,0.8,13.2,22.3,505,"CO",2023,49,2,262.222222222222,0,118,0
2972,2023-02-19,29.972,114.3,0.254,-10.2222222222222,-7.38888888888889,-10.1111111111111,0,NA,0.8,13.2,22.3,505,"CO",2023,50,2,262.222222222222,0,118,0
2973,2023-02-20,30.226,114.3,0.254,-8.61111111111111,-4.88888888888889,-7.11111111111111,0,NA,0.8,13.1,22.1,505,"CO",2023,51,2,264.444444444444,0,118,0
2974,2023-02-21,30.48,114.3,0,-9.61111111111111,0.777777777777777,-4.38888888888889,0,NA,0.7,13.2,22.3,505,"CO",2023,52,2,266.666666666667,0,118,0
2975,2023-02-22,30.48,114.3,0.254,-6,-5.77777777777778,-10.2777777777778,0,NA,0.7,13,22.2,505,"CO",2023,53,2,266.666666666667,0,118,0
2976,2023-02-23,30.734,121.92,0.254,-18.5,-11.7222222222222,-15.7222222222222,0,NA,0.7,13.1,22.3,505,"CO",2023,54,2,252.083333333333,0,118,0
2977,2023-02-24,30.988,121.92,0.254,-16.2222222222222,-9.61111111111111,-12.5,0,NA,0.7,13,22.3,505,"CO",2023,55,2,254.166666666667,0,118,0
2978,2023-02-25,31.242,119.38,0.254,-12.7222222222222,0.111111111111113,-6.11111111111111,0,NA,0.7,12.9,22.2,505,"CO",2023,56,2,261.702127659575,0,118,0
2979,2023-02-26,31.496,121.92,0,-6.5,-0.277777777777778,-6.72222222222222,0,NA,0.7,13,22.3,505,"CO",2023,57,2,258.333333333333,0,118,0
2980,2023-02-27,31.496,121.92,0,-12.1111111111111,-5.88888888888889,-11.1111111111111,0,NA,0.7,12.8,22.2,505,"CO",2023,58,2,258.333333333333,0,118,0
2981,2023-02-28,31.496,119.38,0.254,-12.7222222222222,-9,-13.3888888888889,0,NA,0.7,12.9,22.3,505,"CO",2023,59,2,263.829787234043,0,118,0
2982,2023-03-01,32.258,127,0,-18.6111111111111,-8.27777777777778,-12.1111111111111,0,NA,0.7,12.8,22.2,505,"CO",2023,60,3,254,0,118,0
2983,2023-03-02,32.512,129.54,0,-13.1111111111111,-6.22222222222222,-11.7777777777778,0,NA,0.7,12.8,22.2,505,"CO",2023,61,3,250.980392156863,0,118,0
2984,2023-03-03,32.512,127,0.508,-15.2222222222222,-3.77777777777778,-11.2777777777778,0,NA,0.6,12.8,22.1,505,"CO",2023,62,3,256,0,118,0
2985,2023-03-04,33.02,132.08,0,-14.2777777777778,-4,-9.38888888888889,0,NA,0.6,12.7,22.2,505,"CO",2023,63,3,250,0,118,0
2986,2023-03-05,33.274,129.54,0,-8.22222222222222,-3.61111111111111,-8,0,NA,0.6,12.7,22.2,505,"CO",2023,64,3,256.862745098039,0,118,0
2987,2023-03-06,33.274,129.54,0,-9.5,1.77777777777778,-4.61111111111111,0,NA,0.6,12.6,22.2,505,"CO",2023,65,3,256.862745098039,0,118,0
2988,2023-03-07,33.274,127,0,-7.11111111111111,1.77777777777778,-5.5,0,NA,0.6,12.7,22.3,505,"CO",2023,66,3,262,0,118,0
2989,2023-03-08,33.274,124.46,0,-9.11111111111111,-0.111111111111111,-5.77777777777778,0,NA,0.6,12.6,22.3,505,"CO",2023,67,3,267.34693877551,0,118,0
2990,2023-03-09,33.274,124.46,0,-8.88888888888889,-2.5,-8.61111111111111,0,NA,0.6,12.6,22.3,505,"CO",2023,68,3,267.34693877551,0,118,0
2991,2023-03-10,33.274,119.38,0.254,-8.27777777777778,-1.11111111111111,-4.38888888888889,0,NA,0.6,12.4,22.2,505,"CO",2023,69,3,278.723404255319,0,118,0
2992,2023-03-11,35.052,134.62,1.27,-3.77777777777778,-0.88888888888889,-6.5,0,NA,0.6,12.5,22.3,505,"CO",2023,70,3,260.377358490566,0,118,0
2993,2023-03-12,36.576,152.4,0.762,-9.38888888888889,-2.61111111111111,-7.61111111111111,0,NA,0.6,12.4,22.2,505,"CO",2023,71,3,240,0,118,0
2994,2023-03-13,37.592,162.56,0,-8.77777777777778,-1.11111111111111,-7.22222222222222,0,NA,0.6,12.4,22.2,505,"CO",2023,72,3,231.25,0,118,0
2995,2023-03-14,37.592,157.48,0.254,-9.11111111111111,1.27777777777778,-5.27777777777778,0,NA,0.6,12.2,22.1,505,"CO",2023,73,3,238.709677419355,0,118,0
2996,2023-03-15,37.846,152.4,0.254,-4.72222222222222,2.72222222222222,-2.27777777777778,0,NA,0.6,12.2,22.1,505,"CO",2023,74,3,248.333333333333,0,118,0
2997,2023-03-16,38.354,157.48,0,-7.22222222222222,-6.38888888888889,-11.2777777777778,0,NA,0.6,12.2,22.2,505,"CO",2023,75,3,243.548387096774,0,118,0
2998,2023-03-17,38.354,152.4,0,-16.7222222222222,-6.72222222222222,-15.2222222222222,0,NA,0.5,12.2,22.2,505,"CO",2023,76,3,251.666666666667,0,118,0
2999,2023-03-18,38.354,149.86,0,-19,-7.27777777777778,-15,0,NA,0.5,12.2,22.2,505,"CO",2023,77,3,255.93220338983,0,118,0
3000,2023-03-19,38.354,147.32,0,-16.7222222222222,-2,-10.1111111111111,0,NA,0.5,12.3,22.3,505,"CO",2023,78,3,260.344827586207,0,118,0
3001,2023-03-20,38.354,144.78,0,-10.2222222222222,-1.77777777777778,-6.88888888888889,0,NA,0.5,12.1,22.2,505,"CO",2023,79,3,264.912280701754,0,118,0
3002,2023-03-21,38.354,142.24,0.254,-7.61111111111111,-4.5,-7.88888888888889,0,NA,0.5,12,22.1,505,"CO",2023,80,3,269.642857142857,0,118,0
3003,2023-03-22,38.862,147.32,0.508,-6.77777777777778,1.27777777777778,-6.22222222222222,0,NA,0.5,12,22.1,505,"CO",2023,81,3,263.793103448276,0,118,0
3004,2023-03-23,39.37,152.4,0.254,-11.6111111111111,-2.5,-9.27777777777778,0,NA,0.5,12,22.2,505,"CO",2023,82,3,258.333333333333,0,118,0
3005,2023-03-24,39.624,154.94,0,-11.3888888888889,-4.77777777777778,-10.7222222222222,0,NA,0.5,12,22.2,505,"CO",2023,83,3,255.737704918033,0,118,0
3006,2023-03-25,39.624,149.86,0,-16.3888888888889,-13.3888888888889,-17.3888888888889,0,NA,0.5,12,22.2,505,"CO",2023,84,3,264.406779661017,0,118,0
3007,2023-03-26,39.624,149.86,0,-19.2222222222222,-8.22222222222222,-15.7777777777778,0,NA,0.5,12,22.2,505,"CO",2023,85,3,264.406779661017,0,118,0
3008,2023-03-27,39.624,149.86,0,-15.6111111111111,-13.6111111111111,-17.3888888888889,0,NA,0.5,12.1,22.2,505,"CO",2023,86,3,264.406779661017,0,118,0
3009,2023-03-28,39.624,149.86,1.016,-21.1111111111111,0.722222222222221,-8.61111111111111,0,NA,0.5,12.1,22.3,505,"CO",2023,87,3,264.406779661017,0,118,0
3010,2023-03-29,40.64,147.32,0.762,-6.27777777777778,6.11111111111111,-1.77777777777778,0,NA,0.5,11.9,22.3,505,"CO",2023,88,3,275.862068965517,0,118,0
3011,2023-03-30,41.402,144.78,0,-3.11111111111111,3.61111111111111,-4.27777777777778,0,NA,0.5,11.9,22.2,505,"CO",2023,89,3,285.964912280702,0,118,0
3012,2023-03-31,41.402,144.78,0.762,-11.7222222222222,-7.77777777777778,-10.7777777777778,0,NA,0.5,12,22.2,505,"CO",2023,90,3,285.964912280702,0,118,0
3013,2023-04-01,42.418,152.4,0.254,-10.5,1.22222222222222,-5.77777777777778,0,NA,0.5,11.9,22.2,505,"CO",2023,91,4,278.333333333333,0,118,0
3014,2023-04-02,43.18,157.48,0,-8.11111111111111,2.61111111111111,-3.22222222222222,0,NA,0.5,11.9,22.3,505,"CO",2023,92,4,274.193548387097,0,118,0
3015,2023-04-03,43.18,154.94,0,-5.61111111111111,4.77777777777778,-1.27777777777778,0,NA,0.5,11.9,22.2,505,"CO",2023,93,4,278.688524590164,0,118,0
3016,2023-04-04,43.18,149.86,0,-3.72222222222222,-3.72222222222222,-11.1111111111111,0,NA,0.5,11.8,22.1,505,"CO",2023,94,4,288.135593220339,0,118,0
3017,2023-04-05,43.18,149.86,0,-15.8888888888889,-9.5,-15.3888888888889,0,NA,0.5,11.7,22.1,505,"CO",2023,95,4,288.135593220339,0,118,0
3018,2023-04-06,43.18,149.86,0.254,-18.7222222222222,-2.22222222222222,-10.2777777777778,0,NA,0.5,11.8,22.2,505,"CO",2023,96,4,288.135593220339,0,118,0
3019,2023-04-07,43.434,149.86,0.254,-10.3888888888889,5.22222222222222,-3.38888888888889,0,NA,0.5,11.8,22.1,505,"CO",2023,97,4,289.830508474576,0,118,0
3020,2023-04-08,43.942,147.32,0,-4.72222222222222,4.38888888888889,-2.27777777777778,0,NA,0.5,11.8,22.2,505,"CO",2023,98,4,298.275862068966,0,118,0
3021,2023-04-09,43.942,142.24,0,-5.72222222222222,4.38888888888889,-2.38888888888889,0,NA,0.5,11.8,22.3,505,"CO",2023,99,4,308.928571428571,0,118,0
3022,2023-04-10,43.942,142.24,0,-4.88888888888889,11.3888888888889,1.77777777777778,0,NA,0.5,11.6,22.1,505,"CO",2023,100,4,308.928571428571,0,118,0
3023,2023-04-11,43.942,132.08,0,0.722222222222221,12.3888888888889,4.61111111111111,0,NA,0.5,11.6,22.3,505,"CO",2023,101,4,332.692307692308,0,118,0
3024,2023-04-12,43.942,132.08,0,1.11111111111111,11.5,4.38888888888889,0,NA,0.5,11.7,22.2,505,"CO",2023,102,4,332.692307692308,0,118,0
3025,2023-04-13,43.688,129.54,0,1.38888888888889,9.11111111111111,2.22222222222222,0,NA,0.5,11.7,22.2,505,"CO",2023,103,4,337.254901960784,0,118,0
3026,2023-04-14,43.688,127,0,-3.5,0.777777777777777,-4.38888888888889,0,NA,0.5,11.6,22.2,505,"CO",2023,104,4,344,0,118,0
3027,2023-04-15,43.688,127,0,-10.5,-5.27777777777778,-10.2222222222222,0,NA,0.5,11.6,22.3,505,"CO",2023,105,4,344,0,118,0
3028,2023-04-16,43.434,127,0,-12.2222222222222,3.88888888888889,-3.88888888888889,0,NA,0.5,11.6,22.2,505,"CO",2023,106,4,342,0,118,0
3029,2023-04-17,42.926,121.92,0,-5,7.88888888888889,0.388888888888891,0,NA,0.5,11.6,22.2,505,"CO",2023,107,4,352.083333333333,0,118,0
3030,2023-04-18,42.418,121.92,0,-2.11111111111111,8.38888888888889,1.27777777777778,0,NA,0.5,11.5,22.1,505,"CO",2023,108,4,347.916666666667,0,118,0
3031,2023-04-19,41.656,119.38,0,-2.88888888888889,3.61111111111111,-6,0,NA,0.5,11.6,22.2,505,"CO",2023,109,4,348.936170212766,0,118,0
3032,2023-04-20,41.656,116.84,0.254,-14.7777777777778,-8,-13,0,NA,0.5,11.6,22.2,505,"CO",2023,110,4,356.521739130435,0,118,0
3033,2023-04-21,42.672,121.92,1.27,-15,-7.27777777777778,-10.7777777777778,0,NA,0.5,11.4,22.2,505,"CO",2023,111,4,350,0,118,0
3034,2023-04-22,44.196,127,0.508,-9.38888888888889,-2.72222222222222,-8.38888888888889,0,NA,0.5,11.5,22.1,505,"CO",2023,112,4,348,0,118,0
3035,2023-04-23,45.72,132.08,0,-13.2777777777778,1.72222222222222,-5.27777777777778,0,NA,0.5,11.5,22.2,505,"CO",2023,113,4,346.153846153846,0,118,0
3036,2023-04-24,45.72,127,1.27,-6.77777777777778,3.61111111111111,-2.61111111111111,0,NA,0.5,11.6,22.2,505,"CO",2023,114,4,360,0,118,0
3037,2023-04-25,47.752,137.16,0.762,-4.22222222222222,2.38888888888889,-4,0,NA,0.5,11.6,22.1,505,"CO",2023,115,4,348.148148148148,0,118,0
3038,2023-04-26,48.26,139.7,0,-5,3.88888888888889,-2.38888888888889,0,NA,0.5,11.5,22.2,505,"CO",2023,116,4,345.454545454545,0,118,0
3039,2023-04-27,48.26,129.54,0.254,-4.22222222222222,4,-2.11111111111111,0,NA,0.5,11.6,22.3,505,"CO",2023,117,4,372.549019607843,0,118,0
3040,2023-04-28,48.514,132.08,0,-7.27777777777778,-0.111111111111111,-5.38888888888889,0,NA,0.5,11.7,22.2,505,"CO",2023,118,4,367.307692307692,0,118,0
3041,2023-04-29,48.514,129.54,0,-6,7.22222222222222,0.777777777777777,0,NA,0.5,11.5,22.3,505,"CO",2023,119,4,374.509803921569,0,118,0
3042,2023-04-30,47.752,124.46,0,-0.222222222222221,8.72222222222222,2.5,0,NA,0.5,11.6,22.3,505,"CO",2023,120,4,383.673469387755,0,118,0
3043,2023-05-01,45.72,121.92,0,-0.388888888888889,11.8888888888889,4.72222222222222,0,NA,0.5,11.7,22.1,505,"CO",2023,121,5,375,0,118,0
3044,2023-05-02,42.672,116.84,0.254,2.27777777777778,12.2777777777778,3.61111111111111,0,NA,0.5,11.5,22.3,505,"CO",2023,122,5,365.217391304348,0,118,0
3045,2023-05-03,41.148,111.76,0,-0.388888888888889,10.3888888888889,3.77777777777778,0,NA,0.5,11.6,22.1,505,"CO",2023,123,5,368.181818181818,0,118,0
3046,2023-05-04,39.37,104.14,0,3.22222222222222,8.5,2.72222222222222,0,NA,0.5,11.6,22.2,505,"CO",2023,124,5,378.048780487805,0,118,0
3047,2023-05-05,39.116,101.6,0,-0.277777777777778,10,1.27777777777778,0,NA,0.5,11.7,22.2,505,"CO",2023,125,5,385,0,118,0
3048,2023-05-06,39.116,104.14,0,-3,6.61111111111111,0.222222222222221,0,NA,0.5,11.7,22.2,505,"CO",2023,126,5,375.609756097561,0,118,0
3049,2023-05-07,38.354,101.6,0,-2.11111111111111,5.88888888888889,0.388888888888891,0,NA,0.5,11.6,22.2,505,"CO",2023,127,5,377.5,0,118,0
3050,2023-05-08,37.338,96.52,0,-2.38888888888889,8.88888888888889,2.88888888888889,0,NA,0.5,11.7,22.2,505,"CO",2023,128,5,386.842105263158,0,118,0
3051,2023-05-09,36.322,96.52,0,0.777777777777777,12.3888888888889,5.22222222222222,0,NA,0.5,11.7,22.1,505,"CO",2023,129,5,376.315789473684,0,118,0
3052,2023-05-10,34.29,88.9,2.032,0.499999999999999,9.77777777777778,2.5,0,NA,0.5,11.7,22,505,"CO",2023,130,5,385.714285714286,0,118,0
3053,2023-05-11,35.56,101.6,2.54,-1.5,2.11111111111111,-0.388888888888889,0,NA,0.5,11.7,22,505,"CO",2023,131,5,350,0,118,0
3054,2023-05-12,37.846,121.92,0.508,-0.88888888888889,4.72222222222222,0.499999999999999,0,NA,0.5,11.7,22.1,505,"CO",2023,132,5,310.416666666667,0,118,0
3055,2023-05-13,38.354,109.22,0,-1.5,8.72222222222222,1.11111111111111,0,NA,0.5,11.7,22,505,"CO",2023,133,5,351.162790697674,0,118,0
3056,2023-05-14,38.1,106.68,0,-0.222222222222221,11.2222222222222,3.27777777777778,0,NA,0.6,11.7,22,505,"CO",2023,134,5,357.142857142857,0,118,0
3057,2023-05-15,36.83,101.6,0.254,0.388888888888891,10.2222222222222,3.27777777777778,1.1,NA,0.6,11.8,22,505,"CO",2023,135,5,362.5,1.1,118,1
3058,2023-05-16,36.068,96.52,0,1.11111111111111,10.5,3.5,2.1,NA,0.5,11.8,22.2,505,"CO",2023,136,5,373.684210526316,1,118,0
3059,2023-05-17,34.798,91.44,0,0.499999999999999,10.5,4.61111111111111,2.3,NA,0.5,11.6,22.6,505,"CO",2023,137,5,380.555555555556,0.2,118,0
3060,2023-05-18,33.02,86.36,0,1.11111111111111,8.77777777777778,3.38888888888889,2.6,NA,0.4,11.7,22.7,505,"CO",2023,138,5,382.352941176471,0.3,118,0
3061,2023-05-19,31.496,81.28,0.508,0.499999999999999,6.5,1.77777777777778,3,NA,0.4,12.2,23,505,"CO",2023,139,5,387.5,0.4,118,0
3062,2023-05-20,31.242,81.28,0,-0.222222222222221,8,2.72222222222222,4.1,NA,0.4,15.1,23.9,505,"CO",2023,140,5,384.375,1.1,118,0
3063,2023-05-21,29.972,78.74,0,-0.111111111111111,11.1111111111111,4.72222222222222,7,NA,0.4,16.8,26,505,"CO",2023,141,5,380.645161290323,2.9,118,0
3064,2023-05-22,27.686,71.12,0,0.277777777777778,12,4.22222222222222,9.5,NA,0.5,21.6,28.4,505,"CO",2023,142,5,389.285714285714,2.5,118,0
3065,2023-05-23,25.4,63.5,0,-0.388888888888889,13.7222222222222,4.88888888888889,11.8,NA,0.5,25.5,30.1,505,"CO",2023,143,5,400,2.3,118,0
3066,2023-05-24,22.86,53.34,0.254,0.611111111111112,9,2.88888888888889,13.3,NA,0.6,26,32.3,505,"CO",2023,144,5,428.571428571429,1.5,118,0
3067,2023-05-25,22.606,53.34,0.254,0.722222222222221,13.1111111111111,5.22222222222222,13.8,NA,0.7,24.7,32.1,505,"CO",2023,145,5,423.809523809524,0.5,118,0
3068,2023-05-26,21.082,50.8,0,1.72222222222222,12.6111111111111,5.61111111111111,14.5,NA,0.8,25,32,505,"CO",2023,146,5,415,0.699999999999999,118,0
3069,2023-05-27,19.812,48.26,0.254,3.72222222222222,11.6111111111111,4,15.4,NA,0.9,25.5,32.2,505,"CO",2023,147,5,410.526315789474,0.9,118,0
3070,2023-05-28,17.78,43.18,0,-0.388888888888889,11.1111111111111,4.11111111111111,15.4,NA,1,25.9,32.1,505,"CO",2023,148,5,411.764705882353,0,118,0
3071,2023-05-29,15.748,38.1,0,0.611111111111112,13,6,15.7,0.1,1.2,25,32.2,505,"CO",2023,149,5,413.333333333333,0.299999999999999,118,0
3072,2023-05-30,13.97,33.02,0,3.27777777777778,13.1111111111111,5.38888888888889,16,0.1,1.4,25.1,32.4,505,"CO",2023,150,5,423.076923076923,0.300000000000001,118,0
3073,2023-05-31,12.7,30.48,0,2.27777777777778,13.1111111111111,4.61111111111111,16.1,0.1,1.6,25.2,30.9,505,"CO",2023,151,5,416.666666666667,0.100000000000001,118,0
3074,2023-06-01,11.176,25.4,0.762,1.5,7.38888888888889,2.72222222222222,16.3,0.2,1.8,25.2,29.8,505,"CO",2023,152,6,440,0.199999999999999,118,0
3075,2023-06-02,10.668,25.4,0.762,0.111111111111113,4.88888888888889,0.999999999999998,16.5,0.2,2.1,25.2,29.6,505,"CO",2023,153,6,420,0.199999999999999,118,0
3076,2023-06-03,10.668,25.4,0.254,0.111111111111113,7,2.5,16.8,0.3,2.3,25.1,29.2,505,"CO",2023,154,6,420,0.300000000000001,118,0
3077,2023-06-04,9.906,25.4,0,0.999999999999998,8,3,17.5,0.4,2.7,25.1,29,505,"CO",2023,155,6,390,0.699999999999999,118,0
3078,2023-06-05,8.382,22.86,0,0,11.2222222222222,3.88888888888889,18,0.4,3,26.3,32.6,505,"CO",2023,156,6,366.666666666667,0.5,118,0
3079,2023-06-06,6.858,17.78,1.778,0.999999999999998,15,4.77777777777778,18,0.5,3.4,25.7,29.7,505,"CO",2023,157,6,385.714285714286,0,118,0
3080,2023-06-07,4.826,12.7,0.762,1.27777777777778,11.3888888888889,3.5,19.1,0.5,3.7,27.4,31.7,505,"CO",2023,158,6,380,1.1,118,0
3081,2023-06-08,3.302,10.16,0,1.11111111111111,12.7777777777778,5.38888888888889,19.4,0.6,4.1,26.1,31.8,505,"CO",2023,159,6,325,0.299999999999997,118,0
3082,2023-06-09,0.508,2.54,0,2.77777777777778,12.7777777777778,5.72222222222222,19.1,0.6,4.4,26.7,31.9,505,"CO",2023,160,6,200,-0.299999999999997,118,0
3083,2023-06-10,0,0,0,2.22222222222222,14.1111111111111,5.22222222222222,18.7,0.7,4.7,26.4,31.8,505,"CO",2023,161,6,NA,-0.400000000000002,118,0
3084,2023-06-11,0,0,0.254,1.11111111111111,12.3888888888889,4.77777777777778,18.9,0.7,5,27.1,32.3,505,"CO",2023,162,6,NA,0.199999999999999,118,0
3085,2023-06-12,0,0,0,3.22222222222222,9.61111111111111,2.5,19.5,0.9,5.2,26.7,31.8,505,"CO",2023,163,6,NA,0.600000000000001,118,0
3086,2023-06-13,0,0,0.254,-0.388888888888889,5.61111111111111,1.72222222222222,18.7,0.9,5.5,26.5,29.6,505,"CO",2023,164,6,NA,-0.800000000000001,118,0
3087,2023-06-14,0,0,0,-0.111111111111111,11.5,4.5,18.6,0.9,5.7,25.7,28.7,505,"CO",2023,165,6,NA,-0.0999999999999979,118,0
3088,2023-06-15,0,0,0.254,1.22222222222222,11.7777777777778,4.61111111111111,19.4,1,6,26.4,29.4,505,"CO",2023,166,6,NA,0.799999999999997,118,0
3089,2023-06-16,0,0,1.016,0.999999999999998,10.3888888888889,2.5,19.1,1.1,6.9,27.1,30.7,505,"CO",2023,167,6,NA,-0.299999999999997,118,0
3090,2023-06-17,0,0,0,-0.111111111111111,6.61111111111111,1.72222222222222,19.8,1.2,7.5,27.1,30,505,"CO",2023,168,6,NA,0.699999999999999,118,0
3091,2023-06-18,0,0,0,1.38888888888889,13.7777777777778,7.38888888888889,18.8,1.3,7.7,25.8,28.9,505,"CO",2023,169,6,NA,-1,118,0
3092,2023-06-19,0,0,0,5.72222222222222,19.3888888888889,10.7777777777778,17.6,1.5,8,27.1,29.5,505,"CO",2023,170,6,NA,-1.2,118,0
3093,2023-06-20,0,0,0,6.72222222222222,18.2222222222222,10.1111111111111,16.4,1.7,8.6,28.1,29.8,505,"CO",2023,171,6,NA,-1.2,118,0
3094,2023-06-21,0,0,0,5.5,19.7777777777778,10.7222222222222,15.3,1.9,8.9,28,29.6,505,"CO",2023,172,6,NA,-1.1,118,0
3095,2023-06-22,0,0,0,7,16.7222222222222,8.72222222222222,14.3,2,9,28.4,28.8,505,"CO",2023,173,6,NA,-1,118,0
3096,2023-06-23,0,0,0,4.88888888888889,18.2777777777778,10.2222222222222,13.2,2.3,9.1,28.2,28.6,505,"CO",2023,174,6,NA,-1.1,118,0
3097,2023-06-24,0,0,0,2.38888888888889,15.8888888888889,7.61111111111111,11.4,2.3,9,26.9,28.3,505,"CO",2023,175,6,NA,-1.8,118,0
3098,2023-06-25,0,0,0,5.38888888888889,18.7222222222222,10.7777777777778,9.7,2.4,8.9,25.6,28,505,"CO",2023,176,6,NA,-1.7,118,0
3099,2023-06-26,0,0,0,7.22222222222222,20.1111111111111,12.3888888888889,7.6,2.6,8.8,25.1,27.9,505,"CO",2023,177,6,NA,-2.1,118,0
3100,2023-06-27,0,0,0,9.11111111111111,19.5,12.3888888888889,5.5,2.7,8.7,24.7,27.7,505,"CO",2023,178,6,NA,-2.1,118,0
3101,2023-06-28,0,0,0,7.77777777777778,20.2222222222222,12.2222222222222,3.3,2.8,8.6,24.3,27.6,505,"CO",2023,179,6,NA,-2.2,118,0
3102,2023-06-29,0,0,0,7.22222222222222,20,10.6111111111111,1.8,3,8.4,23.8,27.4,505,"CO",2023,180,6,NA,-1.5,118,0
3103,2023-06-30,0,0,0.254,3.27777777777778,14,5.22222222222222,0.5,3,8.2,23.2,27.3,505,"CO",2023,181,6,NA,-1.3,118,0
3104,2023-07-01,0,0,0,1.72222222222222,16.1111111111111,8.22222222222222,0.5,2.8,8,22.7,27.3,505,"CO",2023,182,7,NA,0,118,0
3105,2023-07-02,0,0,0,6,16.3888888888889,10.2222222222222,0.5,3,7.9,22.2,27.2,505,"CO",2023,183,7,NA,0,118,0
3106,2023-07-03,0,0,0,6.61111111111111,19.8888888888889,11.5,0.5,3.1,7.8,21.7,27.1,505,"CO",2023,184,7,NA,0,118,0
3107,2023-07-04,0,0,0,6.72222222222222,18.8888888888889,10.7222222222222,0.5,3.1,7.6,21.2,26.9,505,"CO",2023,185,7,NA,0,118,0
3108,2023-07-05,0,0,0.254,7.11111111111111,18.2777777777778,10,0.5,3,7.3,20.8,26.8,505,"CO",2023,186,7,NA,0,118,0
3109,2023-07-06,0,0,0,5.38888888888889,18.5,10.1111111111111,0.5,3,7,20.4,26.7,505,"CO",2023,187,7,NA,0,118,0
3110,2023-07-07,0,0,0,5.11111111111111,19.5,9.88888888888889,0.5,3,6.7,20.1,26.6,505,"CO",2023,188,7,NA,0,118,0
3111,2023-07-08,0,0,0,5.77777777777778,19.6111111111111,10.5,0.5,2.8,6.5,19.9,26.5,505,"CO",2023,189,7,NA,0,118,0
3112,2023-07-09,0,0,0,5.61111111111111,19,11.6111111111111,0.5,2.7,6.1,19.6,26.4,505,"CO",2023,190,7,NA,0,118,0
3113,2023-07-10,0,0,0,8,20.2222222222222,13.2222222222222,0.5,2.7,5.8,19.3,26.2,505,"CO",2023,191,7,NA,0,118,0
3114,2023-07-11,0,0,0,9.22222222222222,22,14.2222222222222,0.5,2.7,5.4,19.1,26.1,505,"CO",2023,192,7,NA,0,118,0
3115,2023-07-12,0,0,0,10.7777777777778,22,13.7222222222222,0.5,2.6,5.1,19,26,505,"CO",2023,193,7,NA,0,118,0
3116,2023-07-13,0,0,0,9.88888888888889,21.8888888888889,14,0.5,2.6,4.7,18.7,25.8,505,"CO",2023,194,7,NA,0,118,0
3117,2023-07-14,0,0,0,10.5,19,12.2222222222222,0.5,2.4,4.3,18.5,25.6,505,"CO",2023,195,7,NA,0,118,0
3118,2023-07-15,0,0,0,7,20.2222222222222,11.6111111111111,0.5,2.2,3.9,18.3,25.4,505,"CO",2023,196,7,NA,0,118,0
3119,2023-07-16,0,0,0,8.88888888888889,21,13.2777777777778,0.5,2.3,3.6,18.2,25.3,505,"CO",2023,197,7,NA,0,118,0
3120,2023-07-17,0,0,0,10.5,24,15.7777777777778,0.5,2.1,3.3,18,25.2,505,"CO",2023,198,7,NA,0,118,0
3121,2023-07-18,0,0,0,12.2222222222222,23.2777777777778,14.2222222222222,0.5,1.8,3.1,18,25,505,"CO",2023,199,7,NA,0,118,0
3122,2023-07-19,0,0,0,8.88888888888889,20.5,12.7222222222222,0.5,1.9,2.9,17.7,24.8,505,"CO",2023,200,7,NA,0,118,0
3123,2023-07-20,0,0,1.27,9.5,18.2777777777778,10.7777777777778,0.5,1.9,2.6,17.5,24.6,505,"CO",2023,201,7,NA,0,118,0
3124,2023-07-21,0,0,0,5.88888888888889,17.6111111111111,10.7222222222222,0.5,1.5,2.4,24.3,24.6,505,"CO",2023,202,7,NA,0,118,0
3125,2023-07-22,0,0,0,7.77777777777778,19.5,12.1111111111111,0.5,1.2,2.3,22.8,24.4,505,"CO",2023,203,7,NA,0,118,0
3126,2023-07-23,0,0,0,8.22222222222222,21.8888888888889,13.2777777777778,0.5,1.1,2.2,21.8,24.2,505,"CO",2023,204,7,NA,0,118,0
3127,2023-07-24,0,0,0,10.1111111111111,24.6111111111111,15.6111111111111,0.5,1.4,2.1,21,24.1,505,"CO",2023,205,7,NA,0,118,0
3128,2023-07-25,0,0,0,11.1111111111111,22.3888888888889,14.2777777777778,0.5,1.2,2.1,20.4,23.9,505,"CO",2023,206,7,NA,0,118,0
3129,2023-07-26,0,0,0,10.7777777777778,22,13.2777777777778,0.5,1.2,2,20,23.8,505,"CO",2023,207,7,NA,0,118,0
3130,2023-07-27,0,0,0,7.38888888888889,20.8888888888889,12.8888888888889,0.5,1.1,2,19.5,23.5,505,"CO",2023,208,7,NA,0,118,0
3131,2023-07-28,0,0,0,9.61111111111111,23,14.1111111111111,0.5,1.1,1.9,19.2,23.3,505,"CO",2023,209,7,NA,0,118,0
3132,2023-07-29,0,0,0,10,23,14.2777777777778,0.5,0.9,1.8,18.9,23.3,505,"CO",2023,210,7,NA,0,118,0
3133,2023-07-30,0,0,0.762,9,21.2777777777778,11.1111111111111,0.5,0.8,1.8,18.6,23,505,"CO",2023,211,7,NA,0,118,0
3134,2023-07-31,0,0,3.302,8.61111111111111,20.1111111111111,10.6111111111111,0.5,0.6,1.7,21.4,23.2,505,"CO",2023,212,7,NA,0,118,0
3135,2023-08-01,0,0,1.27,7.38888888888889,17.8888888888889,9.61111111111111,0.5,0.7,2.9,28.8,26.4,505,"CO",2023,213,8,NA,0,118,0
3136,2023-08-02,0,0,0.508,6.5,16.1111111111111,9.11111111111111,0.5,0.8,2.1,27.2,26.6,505,"CO",2023,214,8,NA,0,118,0
3288,2024-01-01,10.414,50.8,0,-9.72222222222222,-1.27777777777778,-8,0.5,NA,NA,9,20.1,505,"CO",2024,1,1,205,0,134,0
3289,2024-01-02,10.414,50.8,0,-9.61111111111111,-3.22222222222222,-9.27777777777778,0.5,NA,NA,8.8,20,505,"CO",2024,2,1,205,0,134,0
3290,2024-01-03,10.414,50.8,0,-12.2222222222222,-3.11111111111111,-9.11111111111111,0.5,NA,NA,8.6,20,505,"CO",2024,3,1,205,0,134,0
3291,2024-01-04,10.414,50.8,0.254,-9.27777777777778,-6.27777777777778,-9.5,0.5,NA,NA,8.5,20,505,"CO",2024,4,1,205,0,134,0
3292,2024-01-05,10.414,50.8,0,-13.3888888888889,-10.2222222222222,-13.5,0.5,NA,NA,8.3,20,505,"CO",2024,5,1,205,0,134,0
3293,2024-01-06,10.668,53.34,0.254,-14.7222222222222,-13.2222222222222,-15.7777777777778,0.5,NA,NA,7.9,20,505,"CO",2024,6,1,200,0,134,0
3294,2024-01-07,10.668,53.34,0,-17.2777777777778,-10.3888888888889,-14.1111111111111,0.5,NA,NA,7.7,20,505,"CO",2024,7,1,200,0,134,0
3295,2024-01-08,10.922,55.88,0,-15.6111111111111,-13.6111111111111,-17.1111111111111,0.5,NA,NA,7.5,20,505,"CO",2024,8,1,195.454545454545,0,134,0
3296,2024-01-09,10.922,53.34,0.762,-20.7777777777778,-9.77777777777778,-15.3888888888889,0.5,NA,NA,7.3,20.1,505,"CO",2024,9,1,204.761904761905,0,134,0
3297,2024-01-10,11.938,63.5,0.508,-13,-13,-15.6111111111111,0.5,NA,NA,7.1,20,505,"CO",2024,10,1,188,0,134,0
3298,2024-01-11,12.446,68.58,0.254,-14.2777777777778,-13.7222222222222,-17.7777777777778,0.5,NA,NA,6.7,20,505,"CO",2024,11,1,181.481481481482,0,134,0
3299,2024-01-12,12.7,68.58,0.762,-21.3888888888889,-14.2222222222222,-17.7777777777778,0.5,NA,NA,6.3,20,505,"CO",2024,12,1,185.185185185185,0,134,0
3300,2024-01-13,13.462,71.12,1.016,-14.2222222222222,-11.8888888888889,-14.1111111111111,0.5,NA,NA,5.8,20,505,"CO",2024,13,1,189.285714285714,0,134,0
3301,2024-01-14,14.732,78.74,2.54,-11.8888888888889,-7.61111111111111,-10.3888888888889,0.5,NA,NA,5.5,20,505,"CO",2024,14,1,187.096774193548,0,134,0
3302,2024-01-15,17.272,104.14,1.27,-11.1111111111111,-11.1111111111111,-17.7777777777778,0.5,NA,NA,5.2,20,505,"CO",2024,15,1,165.853658536585,0,134,0
3303,2024-01-16,19.05,121.92,0,-22.2222222222222,NA,NA,0.5,NA,NA,4.9,19.9,505,"CO",2024,16,1,156.25,0,134,0
3304,2024-01-17,19.05,114.3,2.032,NA,NA,NA,0.5,NA,NA,NA,NA,505,"CO",2024,17,1,166.666666666667,0,134,0
3305,2024-01-18,21.336,127,1.524,NA,NA,NA,0.5,NA,NA,NA,NA,505,"CO",2024,18,1,168,0,134,0
3306,2024-01-19,22.606,134.62,0,NA,NA,NA,0.5,NA,NA,NA,NA,505,"CO",2024,19,1,167.924528301887,0,134,0
3307,2024-01-20,22.606,134.62,0,NA,NA,NA,0.5,NA,NA,NA,NA,505,"CO",2024,20,1,167.924528301887,0,134,0
3308,2024-01-21,22.606,129.54,0.254,NA,NA,NA,0.5,NA,NA,NA,NA,505,"CO",2024,21,1,174.509803921569,0,134,0
3309,2024-01-22,22.86,127,0,NA,NA,NA,0.5,NA,NA,NA,NA,505,"CO",2024,22,1,180,0,134,0
3310,2024-01-23,22.86,121.92,0,NA,NA,NA,0.5,NA,NA,NA,NA,505,"CO",2024,23,1,187.5,0,134,0
3311,2024-01-24,22.86,121.92,0.254,NA,NA,NA,0.5,NA,NA,NA,NA,505,"CO",2024,24,1,187.5,0,134,0
3312,2024-01-25,23.114,114.3,0.254,NA,-4.88888888888889,-7.88888888888889,0.5,NA,NA,NA,NA,505,"CO",2024,25,1,202.222222222222,0,134,0
3313,2024-01-26,23.368,111.76,0,-9.77777777777778,-6.88888888888889,-10.2222222222222,0.5,NA,NA,4,19.9,505,"CO",2024,26,1,209.090909090909,0,134,0
3314,2024-01-27,23.368,106.68,0,-12.5,-4.5,-10.7777777777778,0.5,NA,NA,4.3,19.9,505,"CO",2024,27,1,219.047619047619,0,134,0
3315,2024-01-28,23.368,101.6,0,-10.7222222222222,0.388888888888891,-6.11111111111111,0.5,NA,NA,4.4,20,505,"CO",2024,28,1,230,0,134,0
3316,2024-01-29,23.368,101.6,0,-5.72222222222222,-0.722222222222223,-4.88888888888889,0.5,NA,NA,4.3,19.8,505,"CO",2024,29,1,230,0,134,0
3317,2024-01-30,23.368,101.6,0,-6.88888888888889,4.22222222222222,-4.72222222222222,0.5,NA,NA,4.4,20,505,"CO",2024,30,1,230,0,134,0
3318,2024-01-31,23.368,99.06,0,-6.77777777777778,1.5,-4.27777777777778,0.5,NA,NA,4.5,19.9,505,"CO",2024,31,1,235.897435897436,0,134,0
3319,2024-02-01,23.368,99.06,0.254,-6.72222222222222,-0.222222222222221,-5.38888888888889,0.5,NA,NA,4.5,19.9,505,"CO",2024,32,2,235.897435897436,0,134,0
3320,2024-02-02,23.622,99.06,0.762,-5.27777777777778,0.111111111111113,-3.88888888888889,0.5,NA,NA,4.7,19.9,505,"CO",2024,33,2,238.461538461539,0,134,0
3321,2024-02-03,24.384,104.14,1.016,-6.27777777777778,-6.11111111111111,-8.38888888888889,0.5,NA,NA,4.5,19.9,505,"CO",2024,34,2,234.146341463415,0,134,0
3322,2024-02-04,25.4,111.76,0,-12.5,-3.88888888888889,-11.2222222222222,0.5,NA,NA,4.8,20,505,"CO",2024,35,2,227.272727272727,0,134,0
3323,2024-02-05,25.4,106.68,0.254,-11.2222222222222,2.11111111111111,-4.27777777777778,0.5,NA,NA,4.7,20,505,"CO",2024,36,2,238.095238095238,0,134,0
3324,2024-02-06,25.654,104.14,0,-4.27777777777778,2.77777777777778,-1.77777777777778,0.5,NA,NA,4.8,19.9,505,"CO",2024,37,2,246.341463414634,0,134,0
3325,2024-02-07,25.654,101.6,0,-3.61111111111111,-2.77777777777778,-6.88888888888889,0.5,NA,NA,5,19.9,505,"CO",2024,38,2,252.5,0,134,0
3326,2024-02-08,25.908,106.68,0.508,-10.5,-6.22222222222222,-10.8888888888889,0.5,NA,NA,5.1,20,505,"CO",2024,39,2,242.857142857143,0,134,0
3327,2024-02-09,26.416,114.3,0,-14.7777777777778,-6.61111111111111,-11.7222222222222,0.5,NA,NA,5,20,505,"CO",2024,40,2,231.111111111111,0,134,0
3328,2024-02-10,26.416,111.76,0.254,-13.6111111111111,-8.27777777777778,-13.2222222222222,0.5,NA,NA,5.1,19.9,505,"CO",2024,41,2,236.363636363636,0,134,0
3329,2024-02-11,26.416,111.76,0,-17.8888888888889,-7.77777777777778,-15.2222222222222,0.5,NA,NA,5.1,19.9,505,"CO",2024,42,2,236.363636363636,0,134,0
3330,2024-02-12,26.416,109.22,0.254,-16.1111111111111,-4.88888888888889,-10,0.5,NA,NA,5.1,19.8,505,"CO",2024,43,2,241.860465116279,0,134,0
3331,2024-02-13,26.67,109.22,0,-11.1111111111111,-3.11111111111111,-9.38888888888889,0.5,NA,NA,5.2,19.9,505,"CO",2024,44,2,244.186046511628,0,134,0
3332,2024-02-14,26.67,109.22,0,-10.7222222222222,-6,-9.27777777777778,0.5,NA,NA,5.1,19.8,505,"CO",2024,45,2,244.186046511628,0,134,0
3333,2024-02-15,26.924,111.76,0.508,-11.5,-0.777777777777777,-7.77777777777778,0.5,NA,NA,5.4,20,505,"CO",2024,46,2,240.909090909091,0,134,0
3334,2024-02-16,27.432,116.84,1.016,-10.5,-6.72222222222222,-9.88888888888889,0.5,NA,NA,5,19.9,505,"CO",2024,47,2,234.782608695652,0,134,0
3335,2024-02-17,28.448,124.46,0,-13,-6.88888888888889,-13.7777777777778,0.5,NA,NA,5.3,19.9,505,"CO",2024,48,2,228.571428571429,0,134,0
3336,2024-02-18,28.448,121.92,0.762,-15.3888888888889,-3.88888888888889,-9.11111111111111,0.5,NA,NA,5,20,505,"CO",2024,49,2,233.333333333333,0,134,0
3337,2024-02-19,29.464,127,0,-10.8888888888889,-0.277777777777778,-7.22222222222222,0.5,NA,NA,5,20,505,"CO",2024,50,2,232,0,134,0
3338,2024-02-20,29.464,119.38,0.254,-5.72222222222222,1.22222222222222,-3.77777777777778,0.5,NA,NA,5.2,19.9,505,"CO",2024,51,2,246.808510638298,0,134,0
3339,2024-02-21,29.972,124.46,0,-5.77777777777778,0.499999999999999,-5.5,0.5,NA,NA,5.2,19.9,505,"CO",2024,52,2,240.816326530612,0,134,0
3340,2024-02-22,29.972,124.46,0.254,-8.61111111111111,-4.72222222222222,-9.11111111111111,0.5,NA,NA,5,20.1,505,"CO",2024,53,2,240.816326530612,0,134,0
3341,2024-02-23,30.226,124.46,0,-12.2777777777778,-5.22222222222222,-10.7222222222222,0.5,NA,NA,4.9,20,505,"CO",2024,54,2,242.857142857143,0,134,0
3342,2024-02-24,30.226,124.46,0.254,-13,0.777777777777777,-7.11111111111111,0.5,NA,NA,5.2,19.9,505,"CO",2024,55,2,242.857142857143,0,134,0
3343,2024-02-25,30.48,121.92,0,-8.5,1.38888888888889,-4.88888888888889,0.5,NA,NA,5,20,505,"CO",2024,56,2,250,0,134,0
3344,2024-02-26,30.48,121.92,0,-6.27777777777778,-0.222222222222221,-4,0.5,NA,NA,5.2,20,505,"CO",2024,57,2,250,0,134,0
3345,2024-02-27,30.48,121.92,0.254,-6.72222222222222,-6.5,-13,0.5,NA,NA,5.2,20,505,"CO",2024,58,2,250,0,134,0
3346,2024-02-28,30.734,121.92,0.254,-20.8888888888889,-3.11111111111111,-12.5,0.5,NA,NA,4.9,19.9,505,"CO",2024,59,2,252.083333333333,0,134,0
3347,2024-02-29,30.988,119.38,0,-10.2777777777778,0.777777777777777,-6.22222222222222,0.5,NA,NA,5.2,20,505,"CO",2024,60,2,259.574468085106,0,134,0
3348,2024-03-01,30.988,116.84,0,-8.61111111111111,1.72222222222222,-4.72222222222222,0.5,NA,NA,5,19.9,505,"CO",2024,61,3,265.217391304348,0,134,0
3349,2024-03-02,30.988,114.3,0.508,-7.38888888888889,2.88888888888889,-3.72222222222222,0.5,NA,NA,5,20,505,"CO",2024,62,3,271.111111111111,0,134,0
3350,2024-03-03,32.004,121.92,0.762,-9.88888888888889,-5.61111111111111,-10.1111111111111,0.5,NA,NA,5,20,505,"CO",2024,63,3,262.5,0,134,0
3351,2024-03-04,32.766,129.54,0.254,-12.7222222222222,-2.88888888888889,-9.27777777777778,0.5,NA,NA,5.1,20,505,"CO",2024,64,3,252.941176470588,0,134,0
3352,2024-03-05,33.02,134.62,0.508,-9.38888888888889,-3.38888888888889,-7.77777777777778,0.5,NA,NA,5.3,19.9,505,"CO",2024,65,3,245.283018867925,0,134,0
3353,2024-03-06,33.274,129.54,0,-9,-2.22222222222222,-7.11111111111111,0.5,NA,NA,5,20,505,"CO",2024,66,3,256.862745098039,0,134,0
3354,2024-03-07,33.274,127,0,-8.61111111111111,-0.388888888888889,-7.27777777777778,0.5,NA,NA,5.1,19.9,505,"CO",2024,67,3,262,0,134,0
3355,2024-03-08,33.274,121.92,0,-9.61111111111111,-4.27777777777778,-10.2777777777778,0.5,NA,NA,5.2,20,505,"CO",2024,68,3,272.916666666667,0,134,0
3356,2024-03-09,33.274,121.92,0,-15.2222222222222,-1,-10,0.5,NA,NA,5,19.8,505,"CO",2024,69,3,272.916666666667,0,134,0
3357,2024-03-10,33.274,121.92,0,-11.7222222222222,2.77777777777778,-5.61111111111111,0.5,NA,NA,5.1,19.9,505,"CO",2024,70,3,272.916666666667,0,134,0
3358,2024-03-11,33.782,121.92,0.254,-7.11111111111111,2.88888888888889,-3.61111111111111,0.5,NA,NA,5,20,505,"CO",2024,71,3,277.083333333333,0,134,0
3359,2024-03-12,34.036,119.38,0,-6.5,2.27777777777778,-4.11111111111111,0.5,NA,NA,5,20,505,"CO",2024,72,3,285.106382978723,0,134,0
3360,2024-03-13,34.036,119.38,2.794,-6,-1.11111111111111,-6.38888888888889,0.5,NA,NA,5,20,505,"CO",2024,73,3,285.106382978723,0,134,0
3361,2024-03-14,36.83,142.24,1.524,-8.77777777777778,-6.38888888888889,-9.61111111111111,0.5,NA,NA,5,19.9,505,"CO",2024,74,3,258.928571428571,0,134,0
3362,2024-03-15,39.116,157.48,0.254,-10.1111111111111,0.611111111111112,-5.5,0.5,NA,NA,5,20,505,"CO",2024,75,3,248.387096774194,0,134,0
3363,2024-03-16,40.132,149.86,0,-5.61111111111111,1.27777777777778,-5.5,0.5,NA,NA,5,20,505,"CO",2024,76,3,267.796610169492,0,134,0
3364,2024-03-17,40.132,144.78,0,-8.61111111111111,-1.77777777777778,-6.77777777777778,0.5,NA,NA,5.2,20,505,"CO",2024,77,3,277.19298245614,0,134,0
3365,2024-03-18,40.132,142.24,0,-10.1111111111111,4.88888888888889,-5,0.5,NA,NA,5.3,20,505,"CO",2024,78,3,282.142857142857,0,134,0
3366,2024-03-19,40.132,139.7,0,-7.27777777777778,4.77777777777778,-3.88888888888889,0.5,NA,NA,5.3,20,505,"CO",2024,79,3,287.272727272727,0,134,0
3367,2024-03-20,40.132,137.16,0,-7.22222222222222,4.72222222222222,-3.22222222222222,0.5,NA,NA,5.3,20,505,"CO",2024,80,3,292.592592592593,0,134,0
3368,2024-03-21,40.132,134.62,0.254,-6.22222222222222,2.77777777777778,-3.11111111111111,0.5,NA,NA,5.1,20,505,"CO",2024,81,3,298.11320754717,0,134,0
3369,2024-03-22,40.64,132.08,0,-5.61111111111111,2.88888888888889,-3.5,0.5,NA,NA,5.3,20,505,"CO",2024,82,3,307.692307692308,0,134,0
3370,2024-03-23,40.64,129.54,0.254,-5.38888888888889,4.11111111111111,-2.27777777777778,0.5,NA,NA,5.4,20,505,"CO",2024,83,3,313.725490196079,0,134,0
3371,2024-03-24,40.64,127,0.508,-5.38888888888889,0.388888888888891,-6.22222222222222,0.5,NA,NA,5.3,20.1,505,"CO",2024,84,3,320,0,134,0
3372,2024-03-25,41.148,132.08,0,-10.3888888888889,-7.22222222222222,-11.3888888888889,0.5,NA,NA,5,20,505,"CO",2024,85,3,311.538461538461,0,134,0
3373,2024-03-26,41.148,132.08,0,-15,-6.77777777777778,-12.2777777777778,0.5,NA,NA,5.3,20,505,"CO",2024,86,3,311.538461538461,0,134,0
3374,2024-03-27,41.148,132.08,0.254,-13.7222222222222,-4.27777777777778,-10.2222222222222,0.5,NA,NA,5.2,20,505,"CO",2024,87,3,311.538461538461,0,134,0
3375,2024-03-28,41.148,132.08,0,-11.8888888888889,3.72222222222222,-4.38888888888889,0.5,NA,NA,5.4,20,505,"CO",2024,88,3,311.538461538461,0,134,0
3376,2024-03-29,41.148,132.08,0.508,-4.72222222222222,2,-3.77777777777778,0.5,NA,NA,5.1,20,505,"CO",2024,89,3,311.538461538461,0,134,0
3377,2024-03-30,41.656,137.16,0,-5.72222222222222,4.22222222222222,-2,0.5,NA,NA,5.3,20.1,505,"CO",2024,90,3,303.703703703704,0,134,0
3378,2024-03-31,41.91,132.08,0.254,-5.27777777777778,4.61111111111111,-3.22222222222222,0.5,NA,NA,5.4,20.1,505,"CO",2024,91,3,317.307692307692,0,134,0
3379,2024-04-01,42.164,134.62,0.254,-8.72222222222222,-1.22222222222222,-7.11111111111111,0.5,NA,NA,5.1,19.9,505,"CO",2024,92,4,313.207547169811,0,134,0
3380,2024-04-02,42.164,132.08,0,-8.72222222222222,0.611111111111112,-5.88888888888889,0.5,NA,NA,5.3,20,505,"CO",2024,93,4,319.230769230769,0,134,0
3381,2024-04-03,42.418,132.08,0.254,-4.22222222222222,4.38888888888889,-1.27777777777778,0.5,NA,NA,5.2,20.1,505,"CO",2024,94,4,321.153846153846,0,134,0
3382,2024-04-04,43.18,132.08,0,-3.88888888888889,9.61111111111111,1.77777777777778,0.5,NA,NA,5.5,20.1,505,"CO",2024,95,4,326.923076923077,0,134,0
3383,2024-04-05,43.18,127,0,1.61111111111111,7.88888888888889,1.72222222222222,0.5,NA,NA,5.2,19.9,505,"CO",2024,96,4,340,0,134,0
3384,2024-04-06,42.926,124.46,1.016,-3,-2.72222222222222,-9.61111111111111,0.5,NA,NA,5.2,20,505,"CO",2024,97,4,344.897959183673,0,134,0
3385,2024-04-07,43.688,129.54,0.254,-13.7222222222222,-1.77777777777778,-9.72222222222222,0.5,NA,NA,5.2,20,505,"CO",2024,98,4,337.254901960784,0,134,0
3386,2024-04-08,43.942,132.08,0,-11.1111111111111,-0.388888888888889,-7.88888888888889,0.5,NA,NA,5.4,20.1,505,"CO",2024,99,4,332.692307692308,0,134,0
3387,2024-04-09,44.196,134.62,0,-10.2777777777778,1.22222222222222,-5.61111111111111,0.5,NA,NA,5.3,20,505,"CO",2024,100,4,328.301886792453,0,134,0
3388,2024-04-10,44.196,132.08,0.254,-7.27777777777778,0.277777777777778,-4.88888888888889,0.5,NA,NA,5.6,20,505,"CO",2024,101,4,334.615384615385,0,134,0
3389,2024-04-11,44.704,132.08,0,-6.27777777777778,3.5,-2.61111111111111,0.5,NA,NA,5.4,20,505,"CO",2024,102,4,338.461538461538,0,134,0
3390,2024-04-12,44.704,129.54,0,-4.27777777777778,10,1.77777777777778,0.5,NA,NA,5.6,20,505,"CO",2024,103,4,345.098039215686,0,134,0
3391,2024-04-13,44.704,124.46,0,1.27777777777778,8.22222222222222,2.38888888888889,0.5,NA,NA,5.6,20.1,505,"CO",2024,104,4,359.183673469388,0,134,0
3392,2024-04-14,43.942,121.92,0,-1.11111111111111,10.7777777777778,4,0.5,NA,NA,5.7,20,505,"CO",2024,105,4,360.416666666667,0,134,0
3393,2024-04-15,42.164,116.84,1.27,0.999999999999998,6.77777777777778,-1.22222222222222,0.5,NA,NA,5.5,20,505,"CO",2024,106,4,360.869565217391,0,134,0
3394,2024-04-16,42.926,134.62,2.032,-5.61111111111111,2.11111111111111,-3,0.5,NA,NA,5.7,20,505,"CO",2024,107,4,318.867924528302,0,134,0
3395,2024-04-17,45.212,144.78,0,-5.22222222222222,7.11111111111111,-0.222222222222221,0.5,NA,NA,5.5,20,505,"CO",2024,108,4,312.280701754386,0,134,0
3396,2024-04-18,44.704,134.62,0.254,-2.5,4.22222222222222,0,0.5,NA,NA,5.5,20,505,"CO",2024,109,4,332.075471698113,0,134,0
3397,2024-04-19,44.958,134.62,1.27,-1.77777777777778,3.77777777777778,-1.22222222222222,0.5,NA,NA,5.6,20,505,"CO",2024,110,4,333.962264150943,0,134,0
3398,2024-04-20,46.228,142.24,0.762,-3.72222222222222,4,-2.38888888888889,0.5,NA,NA,5.6,19.9,505,"CO",2024,111,4,325,0,134,0
3399,2024-04-21,46.736,144.78,0,-5,5.72222222222222,-0.722222222222223,0.5,NA,NA,5.7,20,505,"CO",2024,112,4,322.80701754386,0,134,0
3400,2024-04-22,46.736,137.16,0,-1.61111111111111,10.1111111111111,2.88888888888889,0.5,NA,NA,5.7,20,505,"CO",2024,113,4,340.740740740741,0,134,0
3401,2024-04-23,45.974,129.54,0,-1.11111111111111,9.77777777777778,1.61111111111111,0.5,NA,NA,5.8,20.2,505,"CO",2024,114,4,354.901960784314,0,134,0
3402,2024-04-24,45.72,129.54,0,-1,12,4.5,0.5,NA,NA,5.8,20,505,"CO",2024,115,4,352.941176470588,0,134,0
3403,2024-04-25,44.958,121.92,0.762,1.27777777777778,10,1.27777777777778,0.5,NA,NA,5.9,19.9,505,"CO",2024,116,4,368.75,0,134,0
3404,2024-04-26,45.212,124.46,0.762,-2.88888888888889,4.5,-1.5,0.5,NA,NA,5.8,19.9,505,"CO",2024,117,4,363.265306122449,0,134,0
3405,2024-04-27,45.466,127,1.27,-4.77777777777778,-2.61111111111111,-4.5,0.5,NA,NA,6,19.9,505,"CO",2024,118,4,358,0,134,0
3406,2024-04-28,46.736,139.7,0.508,-5.77777777777778,1.5,-3.5,0.5,NA,NA,6,20,505,"CO",2024,119,4,334.545454545455,0,134,0
3407,2024-04-29,47.244,142.24,0,-4.88888888888889,4.77777777777778,-1.61111111111111,0.5,NA,NA,6.1,19.9,505,"CO",2024,120,4,332.142857142857,0,134,0
3408,2024-04-30,47.244,134.62,0.254,-1.5,6.11111111111111,1.11111111111111,0.5,NA,NA,6.2,19.9,505,"CO",2024,121,4,350.943396226415,0,134,0
3409,2024-05-01,46.736,124.46,0,0.777777777777777,8.88888888888889,-0.111111111111111,0.5,NA,NA,6.2,20,505,"CO",2024,122,5,375.510204081633,0,134,0
3410,2024-05-02,46.482,124.46,0,-6.77777777777778,4.38888888888889,-2.77777777777778,0.5,NA,NA,6.1,20,505,"CO",2024,123,5,373.469387755102,0,134,0
3411,2024-05-03,45.974,127,0,-2.5,7.61111111111111,0.499999999999999,0.5,NA,NA,6.2,20,505,"CO",2024,124,5,362,0,134,0
3412,2024-05-04,45.974,121.92,0,-5,10,2,0.5,NA,NA,6.2,20,505,"CO",2024,125,5,377.083333333333,0,134,0
3413,2024-05-05,44.958,116.84,0,-1.5,10.6111111111111,3.88888888888889,0.5,NA,NA,6.4,20,505,"CO",2024,126,5,384.782608695652,0,134,0
3414,2024-05-06,44.196,116.84,0.508,1.22222222222222,1.5,-6.5,0.5,NA,NA,6.5,20,505,"CO",2024,127,5,378.260869565217,0,134,0
3415,2024-05-07,43.942,114.3,2.032,-8.38888888888889,-4.5,-7.27777777777778,0.5,NA,NA,6.5,20,505,"CO",2024,128,5,384.444444444444,0,134,0
3416,2024-05-08,46.228,137.16,0,-10.7222222222222,-3.72222222222222,-8.77777777777778,0.5,NA,NA,6.4,20,505,"CO",2024,129,5,337.037037037037,0,134,0
3417,2024-05-09,46.228,134.62,0.254,-10.1111111111111,1.5,-4.5,0.5,NA,NA,6.6,20,505,"CO",2024,130,5,343.396226415094,0,134,0
3418,2024-05-10,46.228,132.08,0,-4.38888888888889,3.88888888888889,-1.77777777777778,0.5,NA,NA,6.7,20,505,"CO",2024,131,5,350,0,134,0
3419,2024-05-11,46.736,129.54,0.508,-5.27777777777778,6.11111111111111,-0.277777777777778,0.5,NA,NA,6.7,20.1,505,"CO",2024,132,5,360.78431372549,0,134,0
3420,2024-05-12,46.736,127,1.524,-2.38888888888889,6,0.222222222222221,0.5,NA,NA,6.7,20,505,"CO",2024,133,5,368,0,134,0
3421,2024-05-13,47.498,127,0,-2.22222222222222,10.1111111111111,2.72222222222222,0.5,NA,NA,6.9,20,505,"CO",2024,134,5,374,0,134,0
3422,2024-05-14,47.244,124.46,0,-0.388888888888889,11.3888888888889,2.22222222222222,0.5,NA,NA,6.9,20,505,"CO",2024,135,5,379.591836734694,0,134,0
3423,2024-05-15,46.482,119.38,0,-0.722222222222223,6.88888888888889,1.72222222222222,0.5,NA,NA,6.8,20.1,505,"CO",2024,136,5,389.36170212766,0,134,0
3424,2024-05-16,45.974,119.38,0,-2.22222222222222,9.61111111111111,3,0.5,NA,NA,6.9,20.1,505,"CO",2024,137,5,385.106382978723,0,134,0
3425,2024-05-17,44.704,116.84,0,1.5,12.1111111111111,5.38888888888889,0.5,NA,NA,6.9,20,505,"CO",2024,138,5,382.608695652174,0,134,0
3426,2024-05-18,41.91,109.22,0,0.999999999999998,11.1111111111111,4.72222222222222,0.5,NA,NA,6.9,20.1,505,"CO",2024,139,5,383.720930232558,0,134,0
3427,2024-05-19,40.132,101.6,0,0.111111111111113,11.2222222222222,4.38888888888889,0.5,NA,NA,7,20.6,505,"CO",2024,140,5,395,0,134,0
3428,2024-05-20,38.1,96.52,0,2.72222222222222,12.8888888888889,6,0.5,NA,NA,7.1,21.7,505,"CO",2024,141,5,394.736842105263,0,134,0
3429,2024-05-21,35.306,88.9,0.508,0,3.38888888888889,-3.38888888888889,0.5,NA,NA,7.1,22.8,505,"CO",2024,142,5,397.142857142857,0,134,0
3430,2024-05-22,35.56,91.44,0,-9.27777777777778,7.22222222222222,-0.611111111111112,0.5,NA,NA,7.1,23.3,505,"CO",2024,143,5,388.888888888889,0,134,0
3431,2024-05-23,35.052,88.9,0.254,-0.722222222222223,10.5,2,0.5,NA,NA,7.1,23.4,505,"CO",2024,144,5,394.285714285714,0,134,0
3432,2024-05-24,32.004,81.28,0,-7.61111111111111,6.72222222222222,0,0.5,NA,NA,7.2,23.5,505,"CO",2024,145,5,393.75,0,134,0
3433,2024-05-25,30.734,78.74,0.508,2,8.11111111111111,2,0.5,NA,NA,7.2,23.8,505,"CO",2024,146,5,390.322580645161,0,134,0
3434,2024-05-26,30.226,81.28,0.254,-3,4.38888888888889,-0.111111111111111,0.2,NA,NA,7.2,24.1,505,"CO",2024,147,5,371.875,-0.3,134,0
3435,2024-05-27,30.226,81.28,0,0,10.3888888888889,4.22222222222222,1.2,NA,NA,7.2,24.4,505,"CO",2024,148,5,371.875,1,134,1
3436,2024-05-28,28.194,71.12,0,0.999999999999998,12.6111111111111,5.77777777777778,3.2,NA,NA,7.2,24.6,505,"CO",2024,149,5,396.428571428571,2,134,0
3437,2024-05-29,26.67,66.04,0,3.38888888888889,13.2222222222222,5.22222222222222,4.8,NA,2,7.2,25.1,505,"CO",2024,150,5,403.846153846154,1.6,134,0
3438,2024-05-30,25.4,63.5,0,2.61111111111111,13.8888888888889,5.77777777777778,3.6,NA,2.3,7.4,27,505,"CO",2024,151,5,400,-1.2,134,0
3439,2024-05-31,22.606,55.88,0,0.722222222222221,12.7777777777778,5.11111111111111,5.4,NA,3.3,8.2,28.7,505,"CO",2024,152,5,404.545454545455,1.8,134,0
3440,2024-06-01,19.812,48.26,0,1.38888888888889,14.2777777777778,6.22222222222222,8.5,NA,3.6,11.6,33.2,505,"CO",2024,153,6,410.526315789474,3.1,134,0
3441,2024-06-02,18.034,43.18,0,3.61111111111111,15.2777777777778,7.77777777777778,10.3,NA,4.5,14.2,32.2,505,"CO",2024,154,6,417.647058823529,1.8,134,0
3442,2024-06-03,15.24,38.1,0,2.88888888888889,13.1111111111111,7.22222222222222,13,NA,7.3,18.3,32.2,505,"CO",2024,155,6,400,2.7,134,0
3443,2024-06-04,13.716,33.02,0,2.72222222222222,10.3888888888889,5.22222222222222,14.8,NA,7.8,19.1,32.1,505,"CO",2024,156,6,415.384615384615,1.8,134,0
3444,2024-06-05,11.176,27.94,0,3,14.7777777777778,8,17.2,NA,6.2,21.4,32.7,505,"CO",2024,157,6,400,2.4,134,0
3445,2024-06-06,7.62,17.78,0,5.77777777777778,17.3888888888889,10.1111111111111,18.3,NA,6.5,23.3,32.3,505,"CO",2024,158,6,428.571428571429,1.1,134,0
3446,2024-06-07,2.794,7.62,0.254,6.11111111111111,18,9.61111111111111,19.2,NA,7,25.2,32.4,505,"CO",2024,159,6,366.666666666667,0.899999999999999,134,0
3447,2024-06-08,0.254,2.54,0.254,4,18.2777777777778,7.88888888888889,19.6,NA,7.4,26.3,32.5,505,"CO",2024,160,6,100,0.400000000000002,134,0
3448,2024-06-09,0,0,0.254,4.61111111111111,17.8888888888889,8.5,20.1,NA,7.4,25.8,32.4,505,"CO",2024,161,6,NA,0.5,134,0
3449,2024-06-10,0,0,0,4.22222222222222,16,8.22222222222222,20.9,NA,8.2,26.4,32.5,505,"CO",2024,162,6,NA,0.799999999999997,134,0
3450,2024-06-11,0,0,0,4.38888888888889,17,9.88888888888889,21.2,0.2,8.1,26.1,32.5,505,"CO",2024,163,6,NA,0.300000000000001,134,0
3451,2024-06-12,0,0,0,7.11111111111111,18.7222222222222,11.2222222222222,21,0.3,8.5,26.2,32.5,505,"CO",2024,164,6,NA,-0.199999999999999,134,0
3452,2024-06-13,0,0,0,7.77777777777778,21.1111111111111,13.6111111111111,19.8,0.6,9,26.3,32.5,505,"CO",2024,165,6,NA,-1.2,134,0
3453,2024-06-14,0,0,0,10.2222222222222,12,8,17.5,1,8.4,27.2,32.6,505,"CO",2024,166,6,NA,-2.3,134,0
3454,2024-06-15,0,0,0,3.61111111111111,18.2222222222222,9.38888888888889,16.2,1.3,8,26.2,31,505,"CO",2024,167,6,NA,-1.3,134,0
3455,2024-06-16,0,0,0,7.5,21,12.6111111111111,13.6,1.7,7.7,26.2,30,505,"CO",2024,168,6,NA,-2.6,134,0
3456,2024-06-17,0,0,0,8.22222222222222,20.3888888888889,12.7777777777778,10.5,2.1,7.5,26.6,30,505,"CO",2024,169,6,NA,-3.1,134,0
3457,2024-06-18,0,0,0,7.77777777777778,15.3888888888889,7.11111111111111,7.7,2.3,7.3,26.7,28.8,505,"CO",2024,170,6,NA,-2.8,134,0
3458,2024-06-19,0,0,0,4.11111111111111,11.8888888888889,6,5.5,2.5,7.1,26.2,27.7,505,"CO",2024,171,6,NA,-2.2,134,0
3459,2024-06-20,0,0,0.762,6.5,19.5,8.77777777777778,4,2.5,6.9,26,27.4,505,"CO",2024,172,6,NA,-1.5,134,0
3460,2024-06-21,0,0,0.508,4.88888888888889,14.7222222222222,8.22222222222222,2.5,2.7,6.9,26,27.3,505,"CO",2024,173,6,NA,-1.5,134,0
3461,2024-06-22,0,0,0,3,17.5,7.77777777777778,1.3,3,7.3,25,27,505,"CO",2024,174,6,NA,-1.2,134,0
3462,2024-06-23,0,0,0,5.61111111111111,19.1111111111111,11.6111111111111,0.4,3.4,7.8,24,27,505,"CO",2024,175,6,NA,-0.9,134,0
3463,2024-06-24,0,0,0,8.72222222222222,19.5,12,0.4,3.7,7.8,22.8,26.9,505,"CO",2024,176,6,NA,0,134,0
3464,2024-06-25,0,0,0,8,20.8888888888889,12.8888888888889,0.4,3.9,7.7,21.9,26.8,505,"CO",2024,177,6,NA,0,134,0
3465,2024-06-26,0,0,0,9,21.1111111111111,12.2777777777778,0.4,4,7.6,21.2,26.6,505,"CO",2024,178,6,NA,0,134,0
3466,2024-06-27,0,0,1.016,9,17.2222222222222,9.22222222222222,0.4,4,7.4,20.6,26.6,505,"CO",2024,179,6,NA,0,134,0
3467,2024-06-28,0,0,0.254,4.11111111111111,17.1111111111111,9.5,0.4,4.1,7.4,21.2,26.5,505,"CO",2024,180,6,NA,0,134,0
3468,2024-06-29,0,0,0,6.5,19.6111111111111,11.2222222222222,0.4,4.3,7.6,21.5,26.4,505,"CO",2024,181,6,NA,0,134,0
3469,2024-06-30,0,0,0.508,7.72222222222222,19.3888888888889,11.5,0.4,4.5,7.7,21,26.2,505,"CO",2024,182,6,NA,0,134,0
3470,2024-07-01,0,0,1.27,7.11111111111111,13.2222222222222,8.22222222222222,0.4,4.6,7.7,20.6,26.2,505,"CO",2024,183,7,NA,0,134,0
3471,2024-07-02,0,0,0.254,4.22222222222222,14.1111111111111,7.5,0.4,6.6,8.7,22.1,26.2,505,"CO",2024,184,7,NA,0,134,0
3472,2024-07-03,0,0,0,4.77777777777778,17.6111111111111,10.6111111111111,0.4,7.4,9.7,23.9,26.1,505,"CO",2024,185,7,NA,0,134,0
3473,2024-07-04,0,0,0,4.72222222222222,16.6111111111111,8.72222222222222,0.4,7.1,9.4,22.8,26.1,505,"CO",2024,186,7,NA,0,134,0
3474,2024-07-05,0,0,0,4.88888888888889,14.2222222222222,7.72222222222222,0.4,7,9.1,21.9,26,505,"CO",2024,187,7,NA,0,134,0
3475,2024-07-06,0,0,0,4.5,17,9.88888888888889,0.4,6.7,8.8,21.1,26,505,"CO",2024,188,7,NA,0,134,0
3476,2024-07-07,0,0,0,6,16.2222222222222,8.61111111111111,0.4,6.6,8.6,20.5,25.9,505,"CO",2024,189,7,NA,0,134,0
3477,2024-07-08,0,0,0,5,15.8888888888889,8.38888888888889,0.4,6.3,8.2,20.1,25.8,505,"CO",2024,190,7,NA,0,134,0
3478,2024-07-09,0,0,0,5.11111111111111,18.2222222222222,8.88888888888889,0.4,6.2,8,19.6,25.7,505,"CO",2024,191,7,NA,0,134,0
3479,2024-07-10,0,0,0,5,18.2222222222222,10.2222222222222,0.4,5.8,7.7,19.2,25.6,505,"CO",2024,192,7,NA,0,134,0
3480,2024-07-11,0,0,0,6.72222222222222,20.8888888888889,13.1111111111111,0.4,5.7,7.4,18.9,25.5,505,"CO",2024,193,7,NA,0,134,0
3481,2024-07-12,0,0,0,10,21.6111111111111,14.7777777777778,0.4,5.5,7.2,18.6,25.4,505,"CO",2024,194,7,NA,0,134,0
3482,2024-07-13,0,0,0,10.7222222222222,23.5,15.3888888888889,0.4,5.5,6.8,18.4,25.1,505,"CO",2024,195,7,NA,0,134,0
3483,2024-07-14,0,0,0.254,10.7777777777778,22.8888888888889,13.2777777777778,0.4,5.4,6.4,18.1,25,505,"CO",2024,196,7,NA,0,134,0
3484,2024-07-15,0,0,0.508,10.6111111111111,20.2777777777778,10.8888888888889,0.4,4.8,5.8,18.5,24.9,505,"CO",2024,197,7,NA,0,134,0
3485,2024-07-16,0,0,0,5.88888888888889,16.3888888888889,9,0.4,4.8,5.4,18.4,24.6,505,"CO",2024,198,7,NA,0,134,0
3486,2024-07-17,0,0,0,5.5,19,10.7777777777778,0.4,4.3,5,18.2,24.7,505,"CO",2024,199,7,NA,0,134,0
3487,2024-07-18,0,0,0,6.61111111111111,19.6111111111111,10.8888888888889,0.4,3.9,4.6,18,24.4,505,"CO",2024,200,7,NA,0,134,0
3488,2024-07-19,0,0,0.508,8.5,18.6111111111111,10.7222222222222,0.4,3.4,4.2,17.8,24.3,505,"CO",2024,201,7,NA,0,134,0
3489,2024-07-20,0,0,0,5.38888888888889,18,10.7222222222222,0.4,3.5,3.8,17.5,24.2,505,"CO",2024,202,7,NA,0,134,0
3490,2024-07-21,0,0,0,7.38888888888889,15.3888888888889,8.38888888888889,0.4,2.8,3.5,17.2,23.9,505,"CO",2024,203,7,NA,0,134,0
3491,2024-07-22,0,0,0,3.72222222222222,16.2222222222222,7.77777777777778,0.4,2.4,3.1,17.1,23.8,505,"CO",2024,204,7,NA,0,134,0
3492,2024-07-23,0,0,0,4.11111111111111,18.8888888888889,10.5,0.4,2,2.8,17,23.6,505,"CO",2024,205,7,NA,0,134,0
3493,2024-07-24,0,0,0,7.38888888888889,19.1111111111111,11.6111111111111,0.4,2.2,2.6,16.7,23.4,505,"CO",2024,206,7,NA,0,134,0
3494,2024-07-25,0,0,0,8.38888888888889,23,14.3888888888889,0.4,2.1,2.4,16.5,23.2,505,"CO",2024,207,7,NA,0,134,0
3495,2024-07-26,0,0,0,10.6111111111111,17,11.3888888888889,0.4,1.4,2.3,16.4,23.1,505,"CO",2024,208,7,NA,0,134,0
3496,2024-07-27,0,0,0.254,6.77777777777778,19.6111111111111,12,0.4,2.2,2.1,16.2,23.1,505,"CO",2024,209,7,NA,0,134,0
3497,2024-07-28,0,0,0,5.61111111111111,19.2222222222222,11.8888888888889,0.4,2,1.9,19.8,22.7,505,"CO",2024,210,7,NA,0,134,0
3498,2024-07-29,0,0,0,8.88888888888889,21.8888888888889,13.7777777777778,0.4,1.9,1.8,18.1,22.7,505,"CO",2024,211,7,NA,0,134,0
3499,2024-07-30,0,0,0,8.72222222222222,21.2222222222222,13.8888888888889,0.4,1.3,1.7,17.3,22.5,505,"CO",2024,212,7,NA,0,134,0
3500,2024-07-31,0,0,0,9.5,21.5,13.6111111111111,0.4,1.4,1.6,16.8,22.2,505,"CO",2024,213,7,NA,0,134,0
3501,2024-08-01,0,0,0,8.88888888888889,24.2222222222222,15.5,0.4,1.3,1.5,16.5,22.1,505,"CO",2024,214,8,NA,0,134,0
3502,2024-08-02,0,0,0,10.3888888888889,23,15.5,0.4,0.8,1.4,16,22.1,505,"CO",2024,215,8,NA,0,134,0
