"X","date","swe","snow_depth","precip","airtemp","airtemp_max","airtemp_avg","soilm_p2","soilm_p4","soilm_p8","soilm_p20","soilm_p40","site_code","state","year","doy","month","density_calc","d_soilm_p2","peak_swe","sm_pulse_flag"
1,2015-01-01,20.828,86.36,0.508,-15.2777777777778,-9,-13.3888888888889,11.7,12.2,10,11.4,14.1,531,"CO",2015,1,1,241.176470588235,0,144,0
2,2015-01-02,21.336,88.9,0,-17.3888888888889,-6.5,-14.1111111111111,11.7,11.1,9.1,11.3,14.2,531,"CO",2015,2,1,240,0,144,0
3,2015-01-03,21.336,86.36,0.508,-15.2777777777778,-8.27777777777778,-14,11.4,11.7,9.4,11.1,14.1,531,"CO",2015,3,1,247.058823529412,-0.299999999999999,144,0
4,2015-01-04,21.844,91.44,0.254,-16.7777777777778,-6.77777777777778,-11,11.7,11,9,10.9,13.7,531,"CO",2015,4,1,238.888888888889,0.299999999999999,144,0
5,2015-01-05,22.098,91.44,0,-8.61111111111111,1.11111111111111,-3.5,11,11.9,8.7,10.9,14.1,531,"CO",2015,5,1,241.666666666667,-0.699999999999999,144,0
6,2015-01-06,22.352,88.9,0,-3.61111111111111,1.61111111111111,-3,11.5,11.9,9.4,10.7,13.9,531,"CO",2015,6,1,251.428571428571,0.5,144,0
7,2015-01-07,22.352,88.9,0,-5.27777777777778,2,-3,11.2,11.2,9,10.4,14.1,531,"CO",2015,7,1,251.428571428571,-0.300000000000001,144,0
8,2015-01-08,22.352,86.36,0,-2.27777777777778,1.61111111111111,-1.77777777777778,11.9,11.6,8.7,10.4,14.1,531,"CO",2015,8,1,258.823529411765,0.700000000000001,144,0
9,2015-01-09,22.352,86.36,0,-4.5,0.277777777777778,-4.77777777777778,12,11.3,9.5,10.1,14,531,"CO",2015,9,1,258.823529411765,0.0999999999999996,144,0
10,2015-01-10,22.352,83.82,0,-7.61111111111111,-0.722222222222223,-6.38888888888889,12.2,11.6,9.5,10.1,13.7,531,"CO",2015,10,1,266.666666666667,0.199999999999999,144,0
11,2015-01-11,22.352,83.82,0.508,-7.77777777777778,-2.27777777777778,-7,11.9,11.7,8.7,10.1,13.8,531,"CO",2015,11,1,266.666666666667,-0.299999999999999,144,0
12,2015-01-12,22.86,86.36,0,-10,-4.22222222222222,-9.61111111111111,12,11.2,9.4,10.2,13.6,531,"CO",2015,12,1,264.705882352941,0.0999999999999996,144,0
13,2015-01-13,22.86,86.36,0.254,-10.1111111111111,-4.5,-8.61111111111111,11.1,11.9,8.9,10.1,13.7,531,"CO",2015,13,1,264.705882352941,-0.9,144,0
14,2015-01-14,23.114,88.9,0,-11.2777777777778,-6.11111111111111,-11.8888888888889,12,11.5,8.6,9.9,13.7,531,"CO",2015,14,1,260,0.9,144,0
15,2015-01-15,23.114,88.9,0,-14.6111111111111,-0.777777777777777,-8.11111111111111,12.2,11.8,9.4,10.1,13.9,531,"CO",2015,15,1,260,0.199999999999999,144,0
16,2015-01-16,23.114,88.9,0,-3.77777777777778,0.722222222222221,-3.5,11.9,11.8,9.2,9.8,13.8,531,"CO",2015,16,1,260,-0.299999999999999,144,0
17,2015-01-17,23.114,86.36,0.508,-7.61111111111111,-4.88888888888889,-8.5,11.8,11.4,9.1,10,14,531,"CO",2015,17,1,267.647058823529,-0.0999999999999996,144,0
18,2015-01-18,23.622,91.44,0,-5.27777777777778,-0.388888888888889,-4.27777777777778,12,11.8,8.4,9.8,13.7,531,"CO",2015,18,1,258.333333333333,0.199999999999999,144,0
19,2015-01-19,23.622,88.9,0.508,-5,0,-5.38888888888889,11.6,12,9.5,9.8,13.6,531,"CO",2015,19,1,265.714285714286,-0.4,144,0
20,2015-01-20,24.384,99.06,0.508,-8.38888888888889,-7.61111111111111,-11.3888888888889,11.2,12.4,8.9,9.6,13.3,531,"CO",2015,20,1,246.153846153846,-0.4,144,0
21,2015-01-21,24.892,104.14,0.762,-14.7777777777778,-8.11111111111111,-15.7222222222222,12.3,11.8,9.4,9.8,13.2,531,"CO",2015,21,1,239.024390243902,1.1,144,0
22,2015-01-22,25.4,109.22,0,-22,-11,-18.2777777777778,11.9,12.2,9.4,9.5,13.3,531,"CO",2015,22,1,232.558139534884,-0.4,144,0
23,2015-01-23,25.4,104.14,0.254,-18.7222222222222,-6.5,-13.2222222222222,11.8,11.5,9,9.5,13.3,531,"CO",2015,23,1,243.90243902439,-0.0999999999999996,144,0
24,2015-01-24,25.654,101.6,0,-15,-3,-8.61111111111111,12.2,11.7,9.4,9.7,13.7,531,"CO",2015,24,1,252.5,0.399999999999999,144,0
25,2015-01-25,25.654,99.06,0,-7.27777777777778,0.222222222222221,-5.61111111111111,12,11.8,9,9.5,13.4,531,"CO",2015,25,1,258.974358974359,-0.199999999999999,144,0
26,2015-01-26,25.654,99.06,0,-6.72222222222222,6.61111111111111,-0.277777777777778,11.2,12.3,8.5,9.3,13.3,531,"CO",2015,26,1,258.974358974359,-0.800000000000001,144,0
27,2015-01-27,25.654,96.52,0,-0.722222222222223,8.61111111111111,0.277777777777778,12,11.8,9.2,9.2,13.2,531,"CO",2015,27,1,265.789473684211,0.800000000000001,144,0
28,2015-01-28,25.654,96.52,0,-6.27777777777778,-1.22222222222222,-5.61111111111111,11.7,11.5,8.1,9.1,13.3,531,"CO",2015,28,1,265.789473684211,-0.300000000000001,144,0
29,2015-01-29,25.654,96.52,0,-8.27777777777778,-3.77777777777778,-8.11111111111111,12,11.4,8.4,9,13.3,531,"CO",2015,29,1,265.789473684211,0.300000000000001,144,0
30,2015-01-30,25.908,93.98,0.254,-7.22222222222222,-3,-6.61111111111111,12,11.8,8.8,8.9,13.3,531,"CO",2015,30,1,275.675675675676,0,144,0
31,2015-01-31,26.162,93.98,0.254,-7.77777777777778,-4.22222222222222,-7.77777777777778,11.8,11.2,8.5,8.6,13.3,531,"CO",2015,31,1,278.378378378378,-0.199999999999999,144,0
32,2015-02-01,26.416,96.52,0.254,-12.7222222222222,-8.38888888888889,-12.1111111111111,10.7,11.2,8.6,8.6,13.6,531,"CO",2015,32,2,273.684210526316,-1.1,144,0
33,2015-02-02,26.416,96.52,0.254,-9.38888888888889,-4.77777777777778,-8.22222222222222,11.8,11.3,8.6,8.6,12.9,531,"CO",2015,33,2,273.684210526316,1.1,144,0
34,2015-02-03,26.67,99.06,0,-7.22222222222222,-1.61111111111111,-5.22222222222222,12.1,11.8,9,8.5,13.3,531,"CO",2015,34,2,269.230769230769,0.299999999999999,144,0
35,2015-02-04,26.924,101.6,2.032,-5.5,-2.72222222222222,-5.61111111111111,11.5,12.2,9.2,8.5,13.3,531,"CO",2015,35,2,265,-0.6,144,0
36,2015-02-05,29.21,129.54,0,-6.22222222222222,1.5,-2.72222222222222,11.5,11.6,8.9,8.4,13.3,531,"CO",2015,36,2,225.490196078431,0,144,0
37,2015-02-06,29.21,119.38,0,-1,4.88888888888889,0.611111111111112,12,11.9,9.4,8.2,13.3,531,"CO",2015,37,2,244.68085106383,0.5,144,0
38,2015-02-07,29.21,116.84,0,0.277777777777778,4.88888888888889,-0.388888888888889,11.8,11.4,9.2,8.4,12.8,531,"CO",2015,38,2,250,-0.199999999999999,144,0
39,2015-02-08,29.21,114.3,0,-4.38888888888889,3.77777777777778,-2.27777777777778,11.8,11.2,8.6,8.4,13,531,"CO",2015,39,2,255.555555555556,0,144,0
40,2015-02-09,29.21,111.76,0.254,-4.38888888888889,7.11111111111111,-0.388888888888889,12,11.5,8.5,8.3,13,531,"CO",2015,40,2,261.363636363636,0.199999999999999,144,0
41,2015-02-10,29.21,109.22,0,-3.5,-1.61111111111111,-4.88888888888889,12.2,11.5,9.1,8.3,13.1,531,"CO",2015,41,2,267.441860465116,0.199999999999999,144,0
42,2015-02-11,29.464,109.22,0.254,-8.88888888888889,-2.61111111111111,-8.11111111111111,11.8,11.6,8.4,8.4,13,531,"CO",2015,42,2,269.767441860465,-0.399999999999999,144,0
43,2015-02-12,29.718,111.76,0,-10.6111111111111,1.22222222222222,-5.72222222222222,11.7,12,9.1,8.3,13.1,531,"CO",2015,43,2,265.909090909091,-0.100000000000001,144,0
44,2015-02-13,29.718,111.76,0,-6.61111111111111,3.22222222222222,-4,11.6,12.1,8.5,8.3,13.1,531,"CO",2015,44,2,265.909090909091,-0.0999999999999996,144,0
45,2015-02-14,29.718,109.22,0,-6,7.11111111111111,0.277777777777778,12,11.9,8.4,8.2,12.9,531,"CO",2015,45,2,272.093023255814,0.4,144,0
46,2015-02-15,29.718,106.68,0.254,-1.38888888888889,1.5,-5.38888888888889,12.1,12,9,8.2,13.2,531,"CO",2015,46,2,278.571428571429,0.0999999999999996,144,0
47,2015-02-16,29.972,111.76,0.508,-13.1111111111111,-8.11111111111111,-14.2222222222222,11.8,12.1,8.3,8.3,13,531,"CO",2015,47,2,268.181818181818,-0.299999999999999,144,0
48,2015-02-17,30.226,114.3,0.254,-17.6111111111111,-11.2777777777778,-14.7222222222222,11.9,12.1,9.1,8.3,12.9,531,"CO",2015,48,2,264.444444444444,0.0999999999999996,144,0
49,2015-02-18,30.48,114.3,0,-12,-1.77777777777778,-7.27777777777778,11.6,11.7,8.6,8.2,12.6,531,"CO",2015,49,2,266.666666666667,-0.300000000000001,144,0
50,2015-02-19,30.734,111.76,0,-4.22222222222222,1.5,-3.11111111111111,11.8,11.8,8.4,8.3,12.8,531,"CO",2015,50,2,275,0.200000000000001,144,0
51,2015-02-20,30.734,111.76,0.762,-4.72222222222222,-2.77777777777778,-8.27777777777778,12.3,12,8.7,8.3,12.5,531,"CO",2015,51,2,275,0.5,144,0
52,2015-02-21,31.496,119.38,0.254,-13.3888888888889,-5.77777777777778,-12.7222222222222,12,12.1,8.8,8.4,12.6,531,"CO",2015,52,2,263.829787234043,-0.300000000000001,144,0
53,2015-02-22,32.004,121.92,0.762,-18.3888888888889,-16.7222222222222,-19.2777777777778,11.8,12.1,8.9,8.4,12.6,531,"CO",2015,53,2,262.5,-0.199999999999999,144,0
54,2015-02-23,32.512,124.46,0.508,-20,-1.5,-10.2222222222222,11.7,11.9,9.2,8.1,12.6,531,"CO",2015,54,2,261.224489795918,-0.100000000000001,144,0
55,2015-02-24,32.766,121.92,0,-13.8888888888889,-2.38888888888889,-10.7222222222222,11.9,11.4,8.8,8,12.4,531,"CO",2015,55,2,268.75,0.200000000000001,144,0
56,2015-02-25,33.02,121.92,1.016,-9.27777777777778,-5.38888888888889,-10.7222222222222,12,11.6,8.6,8,12.4,531,"CO",2015,56,2,270.833333333333,0.0999999999999996,144,0
57,2015-02-26,34.036,132.08,0,-16.3888888888889,-9.11111111111111,-16.2222222222222,12,11.2,8.6,7.9,12.4,531,"CO",2015,57,2,257.692307692308,0,144,0
58,2015-02-27,34.29,132.08,0.254,-17.2222222222222,-8.72222222222222,-14.7222222222222,11.7,11.7,8.3,7.8,12.8,531,"CO",2015,58,2,259.615384615385,-0.300000000000001,144,0
59,2015-02-28,34.544,132.08,0.762,-17.3888888888889,-5.22222222222222,-12.7222222222222,11.7,12.3,8.4,7.8,12.5,531,"CO",2015,59,2,261.538461538461,0,144,0
60,2015-03-01,35.052,132.08,0.508,-11.2777777777778,-4.5,-8.27777777777778,11.5,12,8.8,7.6,12.5,531,"CO",2015,60,3,265.384615384615,-0.199999999999999,144,0
61,2015-03-02,35.56,134.62,0.508,-8.11111111111111,0.722222222222221,-4.88888888888889,11.7,11.8,8.3,7.4,12.6,531,"CO",2015,61,3,264.150943396226,0.199999999999999,144,0
62,2015-03-03,36.068,137.16,0.254,-11.3888888888889,-5.5,-11,11.8,11.8,8.2,7.3,12.7,531,"CO",2015,62,3,262.962962962963,0.100000000000001,144,0
63,2015-03-04,36.322,137.16,0.254,-16.2222222222222,-14.2777777777778,-18.3888888888889,11.3,12.1,7.8,7,12.5,531,"CO",2015,63,3,264.814814814815,-0.5,144,0
64,2015-03-05,36.576,139.7,0.254,-21.1111111111111,-5.22222222222222,-13.2222222222222,12.1,11.4,8,6.6,12.3,531,"CO",2015,64,3,261.818181818182,0.799999999999999,144,0
65,2015-03-06,36.83,134.62,0,-13.2222222222222,0.722222222222221,-8.27777777777778,12.2,11.8,8.2,6.6,12.4,531,"CO",2015,65,3,273.584905660377,0.0999999999999996,144,0
66,2015-03-07,36.83,132.08,0,-11.2777777777778,4.88888888888889,-4.72222222222222,11.6,12.1,8,6.5,12.4,531,"CO",2015,66,3,278.846153846154,-0.6,144,0
67,2015-03-08,36.83,132.08,0,-9.5,2.5,-5.72222222222222,11.8,11.4,8.1,6.3,12.2,531,"CO",2015,67,3,278.846153846154,0.200000000000001,144,0
68,2015-03-09,36.83,129.54,0,-9.27777777777778,1.5,-6.61111111111111,11.5,11.8,7.8,6.5,12.4,531,"CO",2015,68,3,284.313725490196,-0.300000000000001,144,0
69,2015-03-10,36.83,129.54,0,-11,3.72222222222222,-5,11.7,10.9,8.2,5.9,12.2,531,"CO",2015,69,3,284.313725490196,0.199999999999999,144,0
70,2015-03-11,36.83,127,0,-7.61111111111111,5.88888888888889,-1.77777777777778,12,11.9,8.2,6,12.1,531,"CO",2015,70,3,290,0.300000000000001,144,0
71,2015-03-12,36.83,127,0,-3.61111111111111,3.88888888888889,-2.72222222222222,11.5,11.3,8,5.7,11.9,531,"CO",2015,71,3,290,-0.5,144,0
72,2015-03-13,36.83,127,0.508,-5.77777777777778,1.61111111111111,-4.61111111111111,11.8,11.7,8.4,5.7,12.2,531,"CO",2015,72,3,290,0.300000000000001,144,0
73,2015-03-14,37.338,127,0,-9.22222222222222,7.77777777777778,-2.88888888888889,11.7,11.9,8.5,5.4,12.5,531,"CO",2015,73,3,294,-0.100000000000001,144,0
74,2015-03-15,37.338,127,0,-3.11111111111111,13,3.22222222222222,12.1,11.5,8,5.3,12.3,531,"CO",2015,74,3,294,0.4,144,0
75,2015-03-16,37.338,121.92,0,0.277777777777778,11.1111111111111,2.88888888888889,11.7,11.9,8.7,5,11.9,531,"CO",2015,75,3,306.25,-0.4,144,0
76,2015-03-17,37.338,119.38,0,-3,7.72222222222222,0,12.2,12.2,7.8,5,11.8,531,"CO",2015,76,3,312.765957446808,0.5,144,0
77,2015-03-18,37.338,119.38,0.254,0.722222222222221,5.61111111111111,-0.222222222222221,13.8,12.7,8.4,4.9,12.1,531,"CO",2015,77,3,312.765957446808,1.6,144,0
78,2015-03-19,37.592,124.46,0.254,-4.72222222222222,1.27777777777778,-4.5,14,12.9,9.1,5.3,12.3,531,"CO",2015,78,3,302.040816326531,0.199999999999999,144,0
79,2015-03-20,38.1,121.92,0,-9.88888888888889,5.72222222222222,-3.72222222222222,14,13.5,8.4,5.4,12.2,531,"CO",2015,79,3,312.5,0,144,0
80,2015-03-21,38.354,119.38,0,-5.88888888888889,7.38888888888889,-0.88888888888889,14.5,13.7,8.7,5.6,11.6,531,"CO",2015,80,3,321.276595744681,0.5,144,0
81,2015-03-22,38.608,116.84,0,-4.27777777777778,6.77777777777778,0,15.1,15,9.3,5.8,12.2,531,"CO",2015,81,3,330.434782608696,0.6,144,0
82,2015-03-23,38.608,116.84,0.762,-3.88888888888889,5.5,-1.77777777777778,15.1,14.5,9.3,5.9,11.6,531,"CO",2015,82,3,330.434782608696,0,144,0
83,2015-03-24,39.116,121.92,0.254,-7.88888888888889,0.499999999999999,-5.88888888888889,15.6,15.1,9.6,6.1,11.5,531,"CO",2015,83,3,320.833333333333,0.5,144,0
84,2015-03-25,39.37,124.46,0.762,-6.11111111111111,-6,-9.5,16.6,14.6,9.5,6,11.5,531,"CO",2015,84,3,316.326530612245,1,144,0
85,2015-03-26,40.132,134.62,0,-11.1111111111111,0.277777777777778,-5.5,16.5,14.7,8.9,6.5,11.8,531,"CO",2015,85,3,298.11320754717,-0.100000000000001,144,0
86,2015-03-27,40.132,129.54,0,-3.38888888888889,5.72222222222222,-0.388888888888889,16.1,16.1,9.5,6.5,11.9,531,"CO",2015,86,3,309.803921568628,-0.399999999999999,144,0
87,2015-03-28,40.132,124.46,0,-1.27777777777778,9.77777777777778,2.38888888888889,16.1,16.8,9.8,6.7,11.9,531,"CO",2015,87,3,322.448979591837,0,144,0
88,2015-03-29,40.132,121.92,0,-3.11111111111111,7.61111111111111,0,16.8,19,10,7,12.1,531,"CO",2015,88,3,329.166666666667,0.699999999999999,144,0
89,2015-03-30,40.132,121.92,0,-1.27777777777778,8.22222222222222,1.27777777777778,18.6,28.1,20.5,7.1,11.8,531,"CO",2015,89,3,329.166666666667,1.8,144,1
90,2015-03-31,40.132,119.38,0,-1.77777777777778,10.2222222222222,2.88888888888889,32,31.9,11.5,7.3,11.7,531,"CO",2015,90,3,336.170212765958,13.4,144,0
91,2015-04-01,40.132,116.84,0,0.277777777777778,6,-0.277777777777778,36,34.9,11.6,7.2,12,531,"CO",2015,91,4,343.478260869565,4,144,0
92,2015-04-02,39.878,116.84,0.508,-4.27777777777778,NA,NA,36.8,35.4,12.1,7.4,11.7,531,"CO",2015,92,4,341.304347826087,0.799999999999997,144,0
93,2015-04-03,40.132,119.38,0.254,-13.1111111111111,-1.5,-9.27777777777778,36.8,NA,NA,NA,NA,531,"CO",2015,93,4,336.170212765958,0,144,0
94,2015-04-04,40.64,127,0,-10.5,6.61111111111111,-2.27777777777778,37.1,34.6,12.9,7.9,12.1,531,"CO",2015,94,4,320,0.300000000000004,144,0
95,2015-04-05,40.64,121.92,0,-3.61111111111111,8.72222222222222,0.722222222222221,37.1,35.1,13.3,8.2,11.8,531,"CO",2015,95,4,333.333333333333,0,144,0
96,2015-04-06,40.64,116.84,0,-1.77777777777778,8.38888888888889,1.11111111111111,37.6,36.6,13.3,8.4,11.9,531,"CO",2015,96,4,347.826086956522,0.5,144,0
97,2015-04-07,40.64,114.3,0,-3,7.5,-0.111111111111111,38.6,39.9,13.8,8.8,11.9,531,"CO",2015,97,4,355.555555555556,1,144,0
98,2015-04-08,40.64,114.3,0,-4.72222222222222,4.88888888888889,-3.72222222222222,39.1,40.3,13.8,9.1,11.8,531,"CO",2015,98,4,355.555555555556,0.5,144,0
99,2015-04-09,40.386,114.3,0,-10.8888888888889,2,-5.38888888888889,39.2,40.3,14.2,9.7,12.2,531,"CO",2015,99,4,353.333333333333,0.100000000000001,144,0
100,2015-04-10,39.878,111.76,0.254,-7.61111111111111,7.72222222222222,-2.38888888888889,39.2,40.3,15,10.5,11.7,531,"CO",2015,100,4,356.818181818182,0,144,0
101,2015-04-11,40.894,124.46,0,-4.72222222222222,7.61111111111111,-0.222222222222221,39.4,40.4,15.1,11.7,11.8,531,"CO",2015,101,4,328.571428571429,0.199999999999996,144,0
102,2015-04-12,40.894,111.76,0,-3,4,-1.61111111111111,39.5,40.5,15.5,12.5,11.8,531,"CO",2015,102,4,365.909090909091,0.100000000000001,144,0
103,2015-04-13,40.894,111.76,0,-3.38888888888889,8.22222222222222,0.222222222222221,39.5,40.4,16.3,13.4,11.7,531,"CO",2015,103,4,365.909090909091,0,144,0
104,2015-04-14,40.386,106.68,0,-3.88888888888889,10.3888888888889,2.11111111111111,39.7,40.6,16.6,14.1,11.9,531,"CO",2015,104,4,378.571428571429,0.200000000000003,144,0
105,2015-04-15,39.878,104.14,0.254,-2.27777777777778,3.38888888888889,-4,40,40.6,16.9,15.7,12,531,"CO",2015,105,4,382.926829268293,0.299999999999997,144,0
106,2015-04-16,40.132,106.68,2.032,-8.88888888888889,-1.61111111111111,-6.61111111111111,39.9,40.6,17.4,17.9,12.2,531,"CO",2015,106,4,376.190476190476,-0.100000000000001,144,0
107,2015-04-17,40.64,109.22,2.032,-6.88888888888889,-0.111111111111111,-7.38888888888889,39.7,40.6,17.6,18.9,12.1,531,"CO",2015,107,4,372.093023255814,-0.199999999999996,144,0
108,2015-04-18,42.672,127,0.508,-10.6111111111111,-1.77777777777778,-7.11111111111111,39.5,39.7,18.6,19.1,12.7,531,"CO",2015,108,4,336,-0.200000000000003,144,0
109,2015-04-19,43.18,127,0.254,-8.38888888888889,-0.777777777777777,-6,39.1,39.1,18.7,18.7,12.7,531,"CO",2015,109,4,340,-0.399999999999999,144,0
110,2015-04-20,43.434,124.46,1.524,-8.11111111111111,0.111111111111113,-5.27777777777778,38.4,38.8,19.2,18.3,13.1,531,"CO",2015,110,4,348.979591836735,-0.700000000000003,144,0
111,2015-04-21,44.958,149.86,0,-5.5,5.38888888888889,-1.77777777777778,37.7,38.4,19,18.1,13.6,531,"CO",2015,111,4,300,-0.699999999999996,144,0
112,2015-04-22,44.958,137.16,0.762,-5.38888888888889,7.61111111111111,-0.777777777777777,39.5,39.7,18.9,18,13.5,531,"CO",2015,112,4,327.777777777778,1.8,144,0
113,2015-04-23,45.466,134.62,0.254,-4.88888888888889,8.11111111111111,-1,40.4,40.2,19.3,18.1,13.6,531,"CO",2015,113,4,337.735849056604,0.899999999999999,144,0
114,2015-04-24,45.466,129.54,0,-4.88888888888889,4.61111111111111,-2.38888888888889,40.5,40.2,19.7,19,13.8,531,"CO",2015,114,4,350.980392156863,0.100000000000001,144,0
115,2015-04-25,45.466,129.54,0.508,-4,6.61111111111111,-0.88888888888889,40.5,40.2,20.1,20.2,14.1,531,"CO",2015,115,4,350.980392156863,0,144,0
116,2015-04-26,45.72,132.08,2.794,-4,-0.111111111111111,-3.61111111111111,40.1,40.1,20.1,20.2,14.1,531,"CO",2015,116,4,346.153846153846,-0.399999999999999,144,0
117,2015-04-27,48.514,152.4,0.254,-5.5,5.11111111111111,-2.61111111111111,39.8,39.2,19.8,19.9,14.7,531,"CO",2015,117,4,318.333333333333,-0.300000000000004,144,0
118,2015-04-28,48.26,144.78,0,-6.77777777777778,8.77777777777778,-1,40.6,39.5,20.2,19.7,14.8,531,"CO",2015,118,4,333.333333333333,0.800000000000004,144,0
119,2015-04-29,47.752,134.62,0,-3.5,10.7777777777778,3,40.7,39.6,20.1,20.8,15,531,"CO",2015,119,4,354.716981132075,0.100000000000001,144,0
120,2015-04-30,46.99,129.54,0,2.22222222222222,12.8888888888889,4.38888888888889,40.7,39.6,20.2,22.5,15.5,531,"CO",2015,120,4,362.745098039216,0,144,0
121,2015-05-01,46.228,124.46,0,-0.722222222222223,11,2.27777777777778,40.7,39.6,20.3,23.5,15.9,531,"CO",2015,121,5,371.428571428571,0,144,0
122,2015-05-02,45.72,121.92,0,0.111111111111113,11.7777777777778,3.38888888888889,40.7,39.6,20.2,23.9,17,531,"CO",2015,122,5,375,0,144,0
123,2015-05-03,45.466,121.92,0.254,0.222222222222221,12.2222222222222,2.38888888888889,40.7,39.6,20.2,23.9,17.7,531,"CO",2015,123,5,372.916666666667,0,144,0
124,2015-05-04,44.958,114.3,1.524,-1.11111111111111,7,0.388888888888891,40.7,39.6,20.2,23.8,18.2,531,"CO",2015,124,5,393.333333333333,0,144,0
125,2015-05-05,45.974,124.46,0.762,-1.22222222222222,4,0.222222222222221,40.7,39.5,20.2,23.5,18.5,531,"CO",2015,125,5,369.387755102041,0,144,0
126,2015-05-06,46.482,116.84,0.762,-1,7.5,0.277777777777778,40.6,39.6,20.4,23.7,18.6,531,"CO",2015,126,5,397.826086956522,-0.100000000000001,144,0
127,2015-05-07,46.99,124.46,0,-2.38888888888889,8.22222222222222,0.999999999999998,40.7,39.6,20.4,24,19.1,531,"CO",2015,127,5,377.551020408163,0.100000000000001,144,0
128,2015-05-08,45.974,119.38,2.286,-1.77777777777778,5.5,-0.722222222222223,40.7,39.6,20.6,23.9,19.8,531,"CO",2015,128,5,385.106382978723,0,144,0
129,2015-05-09,48.006,121.92,2.032,-2.5,2.72222222222222,-3.38888888888889,40.7,39.6,20.3,23.4,20.6,531,"CO",2015,129,5,393.75,0,144,0
130,2015-05-10,50.292,142.24,1.016,-8.72222222222222,-0.277777777777778,-6.72222222222222,40.6,39.6,20.4,22.9,20.9,531,"CO",2015,130,5,353.571428571429,-0.100000000000001,144,0
131,2015-05-11,50.8,144.78,0,-7.77777777777778,5,-3.22222222222222,40.5,39.6,20.5,22.4,20.4,531,"CO",2015,131,5,350.877192982456,-0.100000000000001,144,0
132,2015-05-12,50.546,134.62,0,-5.27777777777778,11.1111111111111,2.5,40.7,39.6,20.6,22.2,20.1,531,"CO",2015,132,5,375.471698113208,0.200000000000003,144,0
133,2015-05-13,50.038,129.54,0,0,8.61111111111111,1.77777777777778,40.7,39.6,20.3,24.1,20.5,531,"CO",2015,133,5,386.274509803922,0,144,0
134,2015-05-14,49.784,124.46,0.254,-1.22222222222222,8.72222222222222,1.77777777777778,40.7,39.6,20.5,23.7,21,531,"CO",2015,134,5,400,0,144,0
135,2015-05-15,49.276,119.38,0.508,-1,6,-1.27777777777778,40.7,39.7,20.6,23.6,21.6,531,"CO",2015,135,5,412.765957446808,0,144,0
136,2015-05-16,50.038,129.54,0.254,-7.61111111111111,5,-3.38888888888889,40.6,39.6,20.6,23.3,22.1,531,"CO",2015,136,5,386.274509803922,-0.100000000000001,144,0
137,2015-05-17,49.784,129.54,0.508,-5.22222222222222,5.72222222222222,-0.88888888888889,40.3,39.5,20.4,22.4,21.6,531,"CO",2015,137,5,384.313725490196,-0.300000000000004,144,0
138,2015-05-18,49.784,127,3.302,-2.72222222222222,5.11111111111111,-1.11111111111111,40.6,39.6,20.3,22,21.1,531,"CO",2015,138,5,392,0.300000000000004,144,0
139,2015-05-19,53.086,147.32,2.54,-2.38888888888889,5.22222222222222,-2.11111111111111,40.7,39.6,20.7,22.1,21,531,"CO",2015,139,5,360.344827586207,0.100000000000001,144,0
140,2015-05-20,55.372,160.02,0.254,-4.61111111111111,5.5,-0.777777777777777,40.6,39.6,20.5,21.9,21,531,"CO",2015,140,5,346.031746031746,-0.100000000000001,144,0
141,2015-05-21,55.372,154.94,0.508,-3.22222222222222,6,-0.222222222222221,39.9,39.5,20.6,21.6,20.8,531,"CO",2015,141,5,357.377049180328,-0.700000000000003,144,0
142,2015-05-22,56.134,154.94,0.762,-2.38888888888889,8.77777777777778,0.388888888888891,40.6,39.4,20.6,21.9,20.6,531,"CO",2015,142,5,362.295081967213,0.700000000000003,144,0
143,2015-05-23,55.88,142.24,0.762,-2.72222222222222,4.61111111111111,-2.5,40.6,39.5,20.6,22.8,20.8,531,"CO",2015,143,5,392.857142857143,0,144,0
144,2015-05-24,56.642,147.32,0.254,-6,6.11111111111111,-1.38888888888889,40.6,39.4,20.6,22.9,21.3,531,"CO",2015,144,5,384.48275862069,0,144,0
145,2015-05-25,56.388,142.24,0.254,-3.77777777777778,6.61111111111111,-0.222222222222221,40.5,39.5,20.5,22.4,21.3,531,"CO",2015,145,5,396.428571428571,-0.100000000000001,144,0
146,2015-05-26,56.134,139.7,0,-2.38888888888889,10.2222222222222,2,40.6,39.5,20.8,22.4,21.1,531,"CO",2015,146,5,401.818181818182,0.100000000000001,144,0
147,2015-05-27,54.864,137.16,0,0.277777777777778,11.5,3.5,40.7,39.6,20.9,23.7,22.5,531,"CO",2015,147,5,400,0.100000000000001,144,0
148,2015-05-28,54.102,134.62,0.254,0,10.8888888888889,2.5,40.7,39.6,20.8,24.2,26.3,531,"CO",2015,148,5,401.88679245283,0,144,0
149,2015-05-29,53.086,129.54,0,-2.61111111111111,7.77777777777778,0.499999999999999,40.7,39.6,20.9,24.7,39.6,531,"CO",2015,149,5,409.803921568627,0,144,0
150,2015-05-30,52.07,124.46,0,-2.77777777777778,12.6111111111111,4.22222222222222,40.7,39.6,21,24.6,39.7,531,"CO",2015,150,5,418.367346938775,0,144,0
151,2015-05-31,50.546,124.46,0,3.72222222222222,13.8888888888889,6.88888888888889,40.7,39.6,21,25.3,39.7,531,"CO",2015,151,5,406.122448979592,0,144,0
152,2015-06-01,48.768,119.38,0,5,16.7222222222222,8.22222222222222,40.7,39.6,21.3,25.5,39.8,531,"CO",2015,152,6,408.510638297872,0,144,0
153,2015-06-02,46.736,111.76,0,5,16.7222222222222,9.11111111111111,40.7,39.6,21.1,25.6,39.9,531,"CO",2015,153,6,418.181818181818,0,144,0
154,2015-06-03,44.45,109.22,0,2.77777777777778,16.2222222222222,8.22222222222222,40.7,39.6,21.3,26.1,40,531,"CO",2015,154,6,406.976744186047,0,144,0
155,2015-06-04,42.418,101.6,0,4,16.2777777777778,8.72222222222222,40.7,39.6,21.6,26.8,40,531,"CO",2015,155,6,417.5,0,144,0
156,2015-06-05,39.878,96.52,0,4.61111111111111,9.61111111111111,4.61111111111111,40.7,39.6,21.3,32.9,40.1,531,"CO",2015,156,6,413.157894736842,0,144,0
157,2015-06-06,38.862,88.9,0.254,0.611111111111112,13.7777777777778,5.11111111111111,40.6,39.6,21.8,32,40.2,531,"CO",2015,157,6,437.142857142857,-0.100000000000001,144,0
158,2015-06-07,37.084,86.36,0,2.5,13.1111111111111,5,40.7,39.6,21.7,38.9,40.2,531,"CO",2015,158,6,429.411764705882,0.100000000000001,144,0
159,2015-06-08,35.56,81.28,0,0.611111111111112,16.2777777777778,7.61111111111111,40.7,39.6,21.7,37.7,40.2,531,"CO",2015,159,6,437.5,0,144,0
160,2015-06-09,32.004,76.2,0,4.22222222222222,18.2777777777778,9.38888888888889,40.6,39.7,22.1,37.4,40.3,531,"CO",2015,160,6,420,-0.100000000000001,144,0
161,2015-06-10,29.972,68.58,0,5.61111111111111,13.3888888888889,6.61111111111111,40.6,39.7,22.4,36.1,40.3,531,"CO",2015,161,6,437.037037037037,0,144,0
162,2015-06-11,27.686,66.04,0.254,3.77777777777778,13,4.5,40.6,39.6,22.5,33.2,40.3,531,"CO",2015,162,6,419.230769230769,0,144,0
163,2015-06-12,25.4,58.42,0.254,1.72222222222222,13.6111111111111,5.72222222222222,40.6,39.6,22.2,37.1,40.3,531,"CO",2015,163,6,434.782608695652,0,144,0
164,2015-06-13,22.352,48.26,1.27,2.77777777777778,15,5.72222222222222,40.6,39.6,22.7,36.5,40.3,531,"CO",2015,164,6,463.157894736842,0,144,0
165,2015-06-14,20.32,38.1,0,2.11111111111111,11.3888888888889,5.5,40.7,39.7,23.3,34.9,40.3,531,"CO",2015,165,6,533.333333333333,0.100000000000001,144,0
166,2015-06-15,18.542,38.1,0,4,17.2222222222222,7.77777777777778,40.7,39.7,23,30.7,40.3,531,"CO",2015,166,6,486.666666666667,0,144,0
167,2015-06-16,15.494,25.4,0.762,4.22222222222222,14.7222222222222,6.61111111111111,40.7,39.6,23,31.8,40.3,531,"CO",2015,167,6,610,0,144,0
168,2015-06-17,12.446,25.4,0,3.38888888888889,17.7777777777778,9.88888888888889,40.7,39.6,23.3,38.4,40.3,531,"CO",2015,168,6,490,0,144,0
169,2015-06-18,8.636,17.78,0,7.5,19.8888888888889,12.1111111111111,39.3,38,22.9,31.2,40.3,531,"CO",2015,169,6,485.714285714286,-1.40000000000001,144,0
170,2015-06-19,4.572,7.62,0,7.22222222222222,20.3888888888889,13,37.4,37.1,23,28.5,40.3,531,"CO",2015,170,6,600,-1.9,144,0
171,2015-06-20,0.762,2.54,0,10.7222222222222,21.1111111111111,14,36.1,36.1,27.1,26.5,40.3,531,"CO",2015,171,6,300,-1.3,144,0
172,2015-06-21,0,0,0,10.6111111111111,21.8888888888889,14.8888888888889,34.9,35.4,25.7,24.6,40.3,531,"CO",2015,172,6,NA,-1.2,144,0
173,2015-06-22,0,0,0,11.5,22.3888888888889,14.3888888888889,34.2,34.5,24.2,22.7,40.3,531,"CO",2015,173,6,NA,-0.699999999999996,144,0
174,2015-06-23,0,0,0,7.61111111111111,22.5,13.7777777777778,33.3,33.6,22.5,21.3,30.9,531,"CO",2015,174,6,NA,-0.900000000000006,144,0
175,2015-06-24,0,0,0,8.72222222222222,20.2777777777778,11.3888888888889,32.6,33,22.2,20.3,27.6,531,"CO",2015,175,6,NA,-0.699999999999996,144,0
176,2015-06-25,0,0,0,7,19,11.3888888888889,32.7,32.5,21.1,19.6,25.2,531,"CO",2015,176,6,NA,0.100000000000001,144,0
177,2015-06-26,0,0,0,8.72222222222222,19.8888888888889,11.7222222222222,32.1,31.8,20.3,19,23.6,531,"CO",2015,177,6,NA,-0.600000000000001,144,0
178,2015-06-27,0,0,0,6.22222222222222,20.2777777777778,11.8888888888889,31.6,31.4,19.9,18.5,22.5,531,"CO",2015,178,6,NA,-0.5,144,0
179,2015-06-28,0,0,0,7.72222222222222,19.7777777777778,10.8888888888889,30.8,30.7,19.8,18,21.6,531,"CO",2015,179,6,NA,-0.800000000000001,144,0
180,2015-06-29,0,0,0,7.38888888888889,20.6111111111111,12.1111111111111,30.2,30.4,19,17.7,20,531,"CO",2015,180,6,NA,-0.600000000000001,144,0
181,2015-06-30,0,0,0,6.77777777777778,22,12.8888888888889,29.9,29.3,18.4,17.3,19.4,531,"CO",2015,181,6,NA,-0.300000000000001,144,0
182,2015-07-01,0,0,0.254,8.72222222222222,19.3888888888889,11.7222222222222,29.7,29.1,18.1,16.9,18.6,531,"CO",2015,182,7,NA,-0.199999999999999,144,0
183,2015-07-02,0,0,0,7.61111111111111,17.5,10.5,29.1,28,17.8,16.6,18.6,531,"CO",2015,183,7,NA,-0.599999999999998,144,0
184,2015-07-03,0,0,0,6.61111111111111,18.6111111111111,11.1111111111111,28.6,27.2,17.4,16.2,18.5,531,"CO",2015,184,7,NA,-0.5,144,0
185,2015-07-04,0,0,0.762,7,20.2777777777778,11.7222222222222,27.8,26,17.1,15.8,18,531,"CO",2015,185,7,NA,-0.800000000000001,144,0
186,2015-07-05,0,0,0.254,6.88888888888889,14.2777777777778,8.88888888888889,32.3,25.6,16.4,15.4,18.2,531,"CO",2015,186,7,NA,4.5,144,0
187,2015-07-06,0,0,0.254,5.77777777777778,12.7777777777778,7.61111111111111,34.4,28.8,17.1,15.6,17.7,531,"CO",2015,187,7,NA,2.1,144,0
188,2015-07-07,0,0,0.762,5.22222222222222,11.8888888888889,6.22222222222222,33.1,29,17.1,15.5,17.8,531,"CO",2015,188,7,NA,-1.3,144,0
189,2015-07-08,0,0,0.508,4.5,7.61111111111111,4.72222222222222,36,31,17.4,15.5,17.8,531,"CO",2015,189,7,NA,2.9,144,0
190,2015-07-09,0,0,0.254,2.88888888888889,14.2777777777778,6.11111111111111,35.8,32.2,18.5,15.8,17.7,531,"CO",2015,190,7,NA,-0.200000000000003,144,0
191,2015-07-10,0,0,0,3.5,14.8888888888889,7.22222222222222,37.1,32.8,19.2,16,17.7,531,"CO",2015,191,7,NA,1.3,144,0
192,2015-07-11,0,0,0,5.11111111111111,16.6111111111111,8.72222222222222,33.7,31,18.9,16.1,17.8,531,"CO",2015,192,7,NA,-3.4,144,0
193,2015-07-12,0,0,0,5.61111111111111,18.8888888888889,11.5,32.4,30,18.2,15.9,17.8,531,"CO",2015,193,7,NA,-1.3,144,0
194,2015-07-13,0,0,0,9.38888888888889,17.6111111111111,9.22222222222222,31.4,29.3,18.3,15.7,17.4,531,"CO",2015,194,7,NA,-1,144,0
195,2015-07-14,0,0,0.254,6.5,16.1111111111111,7.72222222222222,30.4,28.5,17.4,15.6,17.5,531,"CO",2015,195,7,NA,-1,144,0
196,2015-07-15,0,0,0.254,3,15.2222222222222,6.88888888888889,32.3,28.5,17.4,15.4,17.1,531,"CO",2015,196,7,NA,1.9,144,0
197,2015-07-16,0,0,0,3.38888888888889,16,9.5,31,27.7,17.4,15.3,17.3,531,"CO",2015,197,7,NA,-1.3,144,0
198,2015-07-17,0,0,0,6.72222222222222,17,10.6111111111111,30,26.7,16.9,14.9,17.2,531,"CO",2015,198,7,NA,-1,144,0
199,2015-07-18,0,0,0,6.72222222222222,16,9.11111111111111,28.7,26.5,16.7,14.7,16.9,531,"CO",2015,199,7,NA,-1.3,144,0
200,2015-07-19,0,0,0,3.5,11.8888888888889,6.88888888888889,27.7,25.6,15.8,14.3,16.5,531,"CO",2015,200,7,NA,-1,144,0
201,2015-07-20,0,0,1.524,4.72222222222222,14,6.88888888888889,27.9,25.6,16,14.2,16.8,531,"CO",2015,201,7,NA,0.199999999999999,144,0
202,2015-07-21,0,0,0.508,5.5,10.8888888888889,6.88888888888889,37.4,33.7,16.6,14.3,16.7,531,"CO",2015,202,7,NA,9.5,144,0
203,2015-07-22,0,0,0,5,15.5,9.22222222222222,35.3,32,18,14.4,16.4,531,"CO",2015,203,7,NA,-2.1,144,0
204,2015-07-23,0,0,0,7.22222222222222,18.2777777777778,11.7777777777778,32.7,30.4,17.7,14.7,16.7,531,"CO",2015,204,7,NA,-2.59999999999999,144,0
205,2015-07-24,0,0,0.254,9.72222222222222,13,7.5,31.6,29,17.8,14.5,16.6,531,"CO",2015,205,7,NA,-1.1,144,0
206,2015-07-25,0,0,0,6.5,19.7222222222222,10.8888888888889,35.3,30,17.3,14.6,16.8,531,"CO",2015,206,7,NA,3.7,144,0
207,2015-07-26,0,0,0,7.88888888888889,17.3888888888889,11.2222222222222,32.6,29.1,17,14.3,16.5,531,"CO",2015,207,7,NA,-2.7,144,0
208,2015-07-27,0,0,0,9.88888888888889,20.1111111111111,12.2777777777778,30.7,28.3,16.5,14.2,16.4,531,"CO",2015,208,7,NA,-1.9,144,0
209,2015-07-28,0,0,0,9.11111111111111,18.5,11.5,29.9,27,16,14,16.3,531,"CO",2015,209,7,NA,-0.800000000000001,144,0
210,2015-07-29,0,0,0,4.77777777777778,20,10.6111111111111,28.5,25.6,15.9,13.7,15.9,531,"CO",2015,210,7,NA,-1.4,144,0
211,2015-07-30,0,0,0,5.88888888888889,19.3888888888889,11,27.3,25,15.3,13.4,16.2,531,"CO",2015,211,7,NA,-1.2,144,0
212,2015-07-31,0,0,0,7.38888888888889,17.2777777777778,10.2222222222222,26.2,24.1,14.7,13.1,15.9,531,"CO",2015,212,7,NA,-1.1,144,0
213,2015-08-01,0,0,0,6.38888888888889,19.7222222222222,12.1111111111111,25.3,23,15,12.8,15.7,531,"CO",2015,213,8,NA,-0.899999999999999,144,0
214,2015-08-02,0,0,0.254,7.72222222222222,13.8888888888889,8.5,24.3,21.5,13.9,12.4,15.5,531,"CO",2015,214,8,NA,-1,144,0
366,2016-01-01,19.558,81.28,0,-21.1111111111111,-6.77777777777778,-14.7777777777778,10.5,8.1,3,0,4.2,531,"CO",2016,1,1,240.625,0,122,0
367,2016-01-02,19.558,83.82,0,-13.3888888888889,-2.88888888888889,-9.22222222222222,9.8,7.6,3.1,0,3.9,531,"CO",2016,2,1,233.333333333333,-0.699999999999999,122,0
368,2016-01-03,19.558,83.82,0,-8.5,-0.777777777777777,-6.88888888888889,10,7.8,2.7,0,4,531,"CO",2016,3,1,233.333333333333,0.199999999999999,122,0
369,2016-01-04,19.558,83.82,0,-6.88888888888889,2.11111111111111,-5.38888888888889,9.1,7,2.2,0,4,531,"CO",2016,4,1,233.333333333333,-0.9,122,0
370,2016-01-05,19.558,83.82,0,-8,-2,-7.77777777777778,9.9,7.5,2.5,0,4.1,531,"CO",2016,5,1,233.333333333333,0.800000000000001,122,0
371,2016-01-06,19.558,83.82,0,-9.77777777777778,-2.88888888888889,-8.22222222222222,9,6.7,2.3,0,4.2,531,"CO",2016,6,1,233.333333333333,-0.9,122,0
372,2016-01-07,19.812,83.82,0.254,-9,-4.22222222222222,-9.38888888888889,9.1,7,2.6,0,3.9,531,"CO",2016,7,1,236.363636363636,0.0999999999999996,122,0
373,2016-01-08,20.066,83.82,0.254,-13.7777777777778,-8.77777777777778,-12.7222222222222,9.2,6.7,2.4,0,4.2,531,"CO",2016,8,1,239.393939393939,0.0999999999999996,122,0
374,2016-01-09,20.066,83.82,0,-14.1111111111111,-10.7222222222222,-14.7777777777778,8.9,7.3,2.1,0,4.3,531,"CO",2016,9,1,239.393939393939,-0.299999999999999,122,0
375,2016-01-10,20.066,88.9,0,-19.3888888888889,-13.5,-17.8888888888889,9.2,6.7,2.7,0,4.4,531,"CO",2016,10,1,225.714285714286,0.299999999999999,122,0
376,2016-01-11,20.066,83.82,0,-19.5,-10,-14.7777777777778,9.1,6.8,2.3,0,4.1,531,"CO",2016,11,1,239.393939393939,-0.0999999999999996,122,0
377,2016-01-12,20.066,86.36,0,-13.2222222222222,-1.38888888888889,-7.38888888888889,9.7,7.1,2.6,0,4.3,531,"CO",2016,12,1,232.352941176471,0.6,122,0
378,2016-01-13,20.32,83.82,0,-8.27777777777778,0.499999999999999,-6.11111111111111,9.4,7.2,2.3,0,4.4,531,"CO",2016,13,1,242.424242424242,-0.299999999999999,122,0
379,2016-01-14,20.32,86.36,0.254,-5.77777777777778,-5.72222222222222,-11.2222222222222,9.5,7.4,2,0,4.4,531,"CO",2016,14,1,235.294117647059,0.0999999999999996,122,0
380,2016-01-15,20.32,88.9,0,-14.7222222222222,-7.88888888888889,-13.2222222222222,8.8,6.6,2.5,0,4,531,"CO",2016,15,1,228.571428571429,-0.699999999999999,122,0
381,2016-01-16,20.828,91.44,0.508,-16.1111111111111,-9.38888888888889,-14.2222222222222,9.1,6.8,2.3,0,4,531,"CO",2016,16,1,227.777777777778,0.299999999999999,122,0
382,2016-01-17,21.336,91.44,0.254,-10.8888888888889,-8.61111111111111,-10.7222222222222,8.6,6.8,2.3,0,4.5,531,"CO",2016,17,1,233.333333333333,-0.5,122,0
383,2016-01-18,21.59,91.44,0,-8.72222222222222,-1.38888888888889,-6.38888888888889,9.2,6.7,2.4,0,4.3,531,"CO",2016,18,1,236.111111111111,0.6,122,0
384,2016-01-19,21.844,91.44,0.254,-9.72222222222222,-4.27777777777778,-8.72222222222222,9.4,6.8,2.1,0,4.4,531,"CO",2016,19,1,238.888888888889,0.200000000000001,122,0
385,2016-01-20,21.844,93.98,0.254,-9.72222222222222,-6.88888888888889,-11.7777777777778,9.1,6.5,2.6,0,4.2,531,"CO",2016,20,1,232.432432432432,-0.300000000000001,122,0
386,2016-01-21,22.098,96.52,0,-16.7222222222222,-10.5,-14.3888888888889,9.3,6.7,2.5,0,4.4,531,"CO",2016,21,1,228.947368421053,0.200000000000001,122,0
387,2016-01-22,22.098,96.52,0,-13.7777777777778,1.27777777777778,-5.88888888888889,9.1,6.5,2.2,0,4.5,531,"CO",2016,22,1,228.947368421053,-0.200000000000001,122,0
388,2016-01-23,22.098,93.98,0,-3.61111111111111,4.61111111111111,-1.77777777777778,8.6,6.7,2,0,4.4,531,"CO",2016,23,1,235.135135135135,-0.5,122,0
389,2016-01-24,22.352,93.98,0,-6.5,-1,-8.61111111111111,8.7,6.3,2.4,0,4.2,531,"CO",2016,24,1,237.837837837838,0.0999999999999996,122,0
390,2016-01-25,22.352,91.44,0,-14.2777777777778,-10.6111111111111,-15,9.3,7.2,2.1,0,4.4,531,"CO",2016,25,1,244.444444444444,0.600000000000001,122,0
391,2016-01-26,22.606,96.52,0.254,-19.2222222222222,-10.6111111111111,-16.3888888888889,9,7.1,2.3,0,4.4,531,"CO",2016,26,1,234.21052631579,-0.300000000000001,122,0
392,2016-01-27,22.606,93.98,0,-15,-2.38888888888889,-9.61111111111111,9.1,7,2,0,4.2,531,"CO",2016,27,1,240.540540540541,0.0999999999999996,122,0
393,2016-01-28,22.606,91.44,0,-9.77777777777778,0.611111111111112,-6.72222222222222,9,6.8,2,0,4.5,531,"CO",2016,28,1,247.222222222222,-0.0999999999999996,122,0
394,2016-01-29,22.606,88.9,0.254,-4,-1.77777777777778,-4.72222222222222,9,6.9,2.2,0,4.3,531,"CO",2016,29,1,254.285714285714,0,122,0
395,2016-01-30,22.86,93.98,1.27,-3.5,2.61111111111111,-3.77777777777778,9.1,6.6,2.1,0,4.4,531,"CO",2016,30,1,243.243243243243,0.0999999999999996,122,0
396,2016-01-31,24.13,109.22,1.27,-10.5,-5.5,-10.6111111111111,9,6.8,2.2,0,4.3,531,"CO",2016,31,1,220.93023255814,-0.0999999999999996,122,0
397,2016-02-01,25.654,116.84,1.016,-13.2777777777778,-8.38888888888889,-12.5,9,6.6,2.1,0,4.2,531,"CO",2016,32,2,219.565217391304,0,122,0
398,2016-02-02,26.416,129.54,0.254,-16.7777777777778,-13.3888888888889,-18.2777777777778,9.7,7.1,2.2,0,4.4,531,"CO",2016,33,2,203.921568627451,0.699999999999999,122,0
399,2016-02-03,26.67,124.46,0.254,-21.2777777777778,-19,-22.1111111111111,9.4,7,2.3,0,4.4,531,"CO",2016,34,2,214.285714285714,-0.299999999999999,122,0
400,2016-02-04,26.924,121.92,0.254,-24.1111111111111,-11.7777777777778,-16.2222222222222,9.1,6.5,2.1,0,4.3,531,"CO",2016,35,2,220.833333333333,-0.300000000000001,122,0
401,2016-02-05,27.178,119.38,0,-17.1111111111111,-11,-16.6111111111111,9.3,7.1,2.3,0,4.6,531,"CO",2016,36,2,227.659574468085,0.200000000000001,122,0
402,2016-02-06,27.178,119.38,0,-18.1111111111111,-3.88888888888889,-9.72222222222222,9.3,7,2,0,4.5,531,"CO",2016,37,2,227.659574468085,0,122,0
403,2016-02-07,27.178,116.84,0.254,-7.61111111111111,-3.72222222222222,-7.88888888888889,8.9,6.5,2.3,0,4.4,531,"CO",2016,38,2,232.608695652174,-0.4,122,0
404,2016-02-08,27.178,114.3,0,-8.11111111111111,-0.777777777777777,-6.72222222222222,9.3,7,2.4,0,4.4,531,"CO",2016,39,2,237.777777777778,0.4,122,0
405,2016-02-09,27.178,114.3,0,-11.2777777777778,0.222222222222221,-6.77777777777778,9,6.4,2.2,0,4.2,531,"CO",2016,40,2,237.777777777778,-0.300000000000001,122,0
406,2016-02-10,27.178,111.76,0,-6,5.61111111111111,-0.88888888888889,9.2,6.7,2,0,4.4,531,"CO",2016,41,2,243.181818181818,0.199999999999999,122,0
407,2016-02-11,27.178,111.76,0,-5.61111111111111,3.27777777777778,-1.61111111111111,9.1,6.8,2.4,0,4.4,531,"CO",2016,42,2,243.181818181818,-0.0999999999999996,122,0
408,2016-02-12,27.178,109.22,0,-2.11111111111111,6.11111111111111,0.722222222222221,8.7,7,2.1,0,4.2,531,"CO",2016,43,2,248.837209302326,-0.4,122,0
409,2016-02-13,27.178,109.22,0,-0.222222222222221,4.61111111111111,-1,8.8,6.4,2.2,0,4.3,531,"CO",2016,44,2,248.837209302326,0.100000000000001,122,0
410,2016-02-14,27.178,109.22,0.508,-5.77777777777778,-3.22222222222222,-7,9.1,7,2.3,0,4.3,531,"CO",2016,45,2,248.837209302326,0.299999999999999,122,0
411,2016-02-15,27.686,116.84,0.508,-9.22222222222222,-1.61111111111111,-5.88888888888889,8.9,6.7,2.2,0,4,531,"CO",2016,46,2,236.95652173913,-0.199999999999999,122,0
412,2016-02-16,28.448,119.38,0,-5.77777777777778,2,-3.77777777777778,8.8,6.9,2.2,0,4.2,531,"CO",2016,47,2,238.297872340426,-0.0999999999999996,122,0
413,2016-02-17,28.448,116.84,0,-4.27777777777778,9.61111111111111,1.77777777777778,8.7,6.6,2.3,0,4.1,531,"CO",2016,48,2,243.478260869565,-0.100000000000001,122,0
414,2016-02-18,28.448,114.3,0.508,1.27777777777778,6.22222222222222,-0.611111111111112,8.6,6.6,1.9,0,4.3,531,"CO",2016,49,2,248.888888888889,-0.0999999999999996,122,0
415,2016-02-19,28.956,119.38,0,-9.11111111111111,4.72222222222222,-3.72222222222222,9.2,7.2,1.9,0,4.3,531,"CO",2016,50,2,242.553191489362,0.6,122,0
416,2016-02-20,28.956,119.38,0,-4,5.11111111111111,-2.5,9.2,7.1,1.9,0,4.3,531,"CO",2016,51,2,242.553191489362,0,122,0
417,2016-02-21,28.956,114.3,0,-5.22222222222222,4.61111111111111,-3.77777777777778,9.9,7.6,2.5,0,4.4,531,"CO",2016,52,2,253.333333333333,0.700000000000001,122,0
418,2016-02-22,28.956,114.3,0.762,-7.88888888888889,-6,-9.38888888888889,9.1,6.8,2.4,0,4.3,531,"CO",2016,53,2,253.333333333333,-0.800000000000001,122,0
419,2016-02-23,29.718,124.46,0,-13.6111111111111,-5.88888888888889,-13.2222222222222,9.4,7.4,2.1,0,4.1,531,"CO",2016,54,2,238.775510204082,0.300000000000001,122,0
420,2016-02-24,29.718,121.92,0,-17.3888888888889,-3.5,-10.6111111111111,9,7.3,2.4,0,4,531,"CO",2016,55,2,243.75,-0.4,122,0
421,2016-02-25,29.972,119.38,0.254,-11.6111111111111,0.999999999999998,-6.38888888888889,9.1,7.1,2,0,4.3,531,"CO",2016,56,2,251.063829787234,0.0999999999999996,122,0
422,2016-02-26,29.972,119.38,0,-5.22222222222222,5.38888888888889,-3.11111111111111,9.3,7.1,2.6,0,4.3,531,"CO",2016,57,2,251.063829787234,0.200000000000001,122,0
423,2016-02-27,29.972,116.84,0,-3.61111111111111,6.11111111111111,-1.77777777777778,8.7,6.8,2.1,0,4.3,531,"CO",2016,58,2,256.521739130435,-0.600000000000001,122,0
424,2016-02-28,29.972,116.84,0,-4.88888888888889,4.38888888888889,-3.88888888888889,8.8,6.8,2.1,0,4.4,531,"CO",2016,59,2,256.521739130435,0.100000000000001,122,0
425,2016-02-29,29.972,114.3,0,-4.72222222222222,1.38888888888889,-4.77777777777778,8.9,7,2.4,0,4.4,531,"CO",2016,60,2,262.222222222222,0.0999999999999996,122,0
426,2016-03-01,29.972,116.84,0.254,-9,0.222222222222221,-5.38888888888889,9.8,7,2.3,0,4.3,531,"CO",2016,61,3,256.521739130435,0.9,122,0
427,2016-03-02,29.972,116.84,0.508,-4.38888888888889,-0.222222222222221,-4.72222222222222,9.1,6.7,2.2,0,4.1,531,"CO",2016,62,3,256.521739130435,-0.700000000000001,122,0
428,2016-03-03,30.48,119.38,0,-7.22222222222222,5.72222222222222,-2,9.7,7.2,2.2,0,4,531,"CO",2016,63,3,255.31914893617,0.6,122,0
429,2016-03-04,30.48,116.84,0,-1.77777777777778,5.77777777777778,-1.5,9.4,7.5,2.2,0,4.1,531,"CO",2016,64,3,260.869565217391,-0.299999999999999,122,0
430,2016-03-05,30.48,116.84,0,-7.22222222222222,8.72222222222222,-0.777777777777777,9,6.6,2.4,0,4.3,531,"CO",2016,65,3,260.869565217391,-0.4,122,0
431,2016-03-06,30.48,114.3,0,-3,7,-2,8.7,6.7,2.1,0,4.2,531,"CO",2016,66,3,266.666666666667,-0.300000000000001,122,0
432,2016-03-07,30.48,106.68,0.254,-5.38888888888889,-3.11111111111111,-7.61111111111111,9.5,7.2,2.3,0,4.1,531,"CO",2016,67,3,285.714285714286,0.800000000000001,122,0
433,2016-03-08,30.734,119.38,0,-10.6111111111111,0.722222222222221,-8.61111111111111,9.5,7.5,2.4,0,4.3,531,"CO",2016,68,3,257.446808510638,0,122,0
434,2016-03-09,30.734,119.38,0,-10.7222222222222,-1.77777777777778,-8.11111111111111,9.1,7,2.4,0,4.2,531,"CO",2016,69,3,257.446808510638,-0.4,122,0
435,2016-03-10,30.988,116.84,0,-8.5,5.88888888888889,-2.72222222222222,9.4,7.3,2.3,0,4.4,531,"CO",2016,70,3,265.217391304348,0.300000000000001,122,0
436,2016-03-11,30.988,116.84,0,-3,12.8888888888889,2.5,9.4,7.4,2.5,0,4.3,531,"CO",2016,71,3,265.217391304348,0,122,0
437,2016-03-12,30.988,111.76,0.254,-2.11111111111111,4.72222222222222,-1.5,8.9,6.8,2.6,0,4.2,531,"CO",2016,72,3,277.272727272727,-0.5,122,0
438,2016-03-13,31.242,111.76,0,-5.5,5.61111111111111,-2.72222222222222,9.2,7.1,2.4,0,4.3,531,"CO",2016,73,3,279.545454545455,0.299999999999999,122,0
439,2016-03-14,31.496,114.3,1.016,-5,1.5,-5.38888888888889,9.8,7.1,2.4,0,4.4,531,"CO",2016,74,3,275.555555555556,0.600000000000001,122,0
440,2016-03-15,32.258,129.54,0.762,-11.5,-8.5,-12.2777777777778,9.8,7.6,2.6,0,4.3,531,"CO",2016,75,3,249.019607843137,0,122,0
441,2016-03-16,33.274,132.08,0.762,-13.3888888888889,-6.22222222222222,-11.6111111111111,9,7.1,2.3,0,4.2,531,"CO",2016,76,3,251.923076923077,-0.800000000000001,122,0
442,2016-03-17,34.036,134.62,0.762,-10.6111111111111,-3.38888888888889,-8.5,9.3,7,2.5,0,4,531,"CO",2016,77,3,252.830188679245,0.300000000000001,122,0
443,2016-03-18,34.798,144.78,0.762,-12.1111111111111,-3.22222222222222,-10.1111111111111,9.6,7.3,2.7,0,4.2,531,"CO",2016,78,3,240.350877192982,0.299999999999999,122,0
444,2016-03-19,35.306,144.78,0,-10.2777777777778,-4,-10.3888888888889,9.4,7,2.4,0,4.3,531,"CO",2016,79,3,243.859649122807,-0.199999999999999,122,0
445,2016-03-20,35.306,139.7,0.254,-14.5,4.77777777777778,-4.5,9.7,7.8,2.3,0,4.2,531,"CO",2016,80,3,252.727272727273,0.299999999999999,122,0
446,2016-03-21,35.56,134.62,0,-2.61111111111111,9.88888888888889,1.27777777777778,9.3,7.1,2.4,0,4.3,531,"CO",2016,81,3,264.150943396226,-0.399999999999999,122,0
447,2016-03-22,35.56,132.08,0.254,-0.111111111111111,6.11111111111111,-1.38888888888889,10,7.6,2.9,0,4.5,531,"CO",2016,82,3,269.230769230769,0.699999999999999,122,0
448,2016-03-23,35.814,134.62,0.508,-8.72222222222222,-8.38888888888889,-10.3888888888889,8.9,7.1,2.5,0,4.4,531,"CO",2016,83,3,266.037735849057,-1.1,122,0
449,2016-03-24,36.576,142.24,0,-11.6111111111111,-0.88888888888889,-8.61111111111111,9.4,7.2,2.5,0,4.6,531,"CO",2016,84,3,257.142857142857,0.5,122,0
450,2016-03-25,36.83,137.16,1.016,-9,-4.27777777777778,-10.2222222222222,9.7,7.4,2.6,0,4.2,531,"CO",2016,85,3,268.518518518518,0.299999999999999,122,0
451,2016-03-26,37.846,147.32,0.508,-16.2777777777778,-6.77777777777778,-13,9.9,7.7,2.5,0,4.2,531,"CO",2016,86,3,256.896551724138,0.200000000000001,122,0
452,2016-03-27,38.354,149.86,0,-16.6111111111111,0.611111111111112,-8.27777777777778,9.4,7,2.5,0,4.6,531,"CO",2016,87,3,255.93220338983,-0.5,122,0
453,2016-03-28,38.608,144.78,0.254,-5.72222222222222,6.88888888888889,-1.77777777777778,9.4,7.3,2.2,0,4.4,531,"CO",2016,88,3,266.666666666667,0,122,0
454,2016-03-29,38.608,142.24,0,-4.72222222222222,3.5,-4.38888888888889,9.6,7.3,2.6,0,4.5,531,"CO",2016,89,3,271.428571428571,0.199999999999999,122,0
455,2016-03-30,38.608,137.16,0,-12.6111111111111,-4.11111111111111,-10.3888888888889,9.3,7,2.5,0,4.3,531,"CO",2016,90,3,281.481481481481,-0.299999999999999,122,0
456,2016-03-31,38.862,139.7,0.508,-12.8888888888889,-3.77777777777778,-11.7777777777778,9.7,7.9,2.3,0,4.5,531,"CO",2016,91,3,278.181818181818,0.399999999999999,122,0
457,2016-04-01,39.116,137.16,0,-16.5,-4.72222222222222,-11.2222222222222,9.6,7.7,2.6,0,4.7,531,"CO",2016,92,4,285.185185185185,-0.0999999999999996,122,0
458,2016-04-02,39.116,144.78,0.254,-12.2777777777778,5.38888888888889,-4.11111111111111,9.3,7.5,2.3,0,4.2,531,"CO",2016,93,4,270.175438596491,-0.299999999999999,122,0
459,2016-04-03,39.116,139.7,0,-6.38888888888889,6.5,-0.777777777777777,9.7,7.5,2.6,0,4.4,531,"CO",2016,94,4,280,0.399999999999999,122,0
460,2016-04-04,39.116,137.16,0,-2.72222222222222,9.5,1.27777777777778,9.9,7.9,2.7,0,4.4,531,"CO",2016,95,4,285.185185185185,0.200000000000001,122,0
461,2016-04-05,39.116,132.08,0.762,-1.11111111111111,2.61111111111111,-5.27777777777778,11.5,26.1,3,0,4.7,531,"CO",2016,96,4,296.153846153846,1.6,122,0
462,2016-04-06,40.132,144.78,0,-10.5,6.61111111111111,-3,14.3,28.2,3.2,0,4.2,531,"CO",2016,97,4,277.19298245614,2.8,122,1
463,2016-04-07,40.132,137.16,0,-1.77777777777778,9.38888888888889,0.777777777777777,21.8,29.4,3.2,0,4.1,531,"CO",2016,98,4,292.592592592593,7.5,122,0
464,2016-04-08,40.132,132.08,0,-3.88888888888889,8.88888888888889,1.22222222222222,37.2,33.1,3.8,0,4.7,531,"CO",2016,99,4,303.846153846154,15.4,122,0
465,2016-04-09,39.878,129.54,0.508,-2.61111111111111,7.61111111111111,0.111111111111113,38,34.4,4.3,0,4.3,531,"CO",2016,100,4,307.843137254902,0.799999999999997,122,0
466,2016-04-10,39.878,127,0,-2.27777777777778,7.72222222222222,-0.111111111111111,38.2,35.1,8.3,0,4.5,531,"CO",2016,101,4,314,0.200000000000003,122,0
467,2016-04-11,39.878,127,0,-5.22222222222222,7.72222222222222,-0.777777777777777,38.2,35.2,11.4,0,4.6,531,"CO",2016,102,4,314,0,122,0
468,2016-04-12,39.878,127,0.254,-4.5,8.38888888888889,-0.777777777777777,38.4,35.5,12.6,0,4.4,531,"CO",2016,103,4,314,0.199999999999996,122,0
469,2016-04-13,39.624,121.92,0,-3.38888888888889,9.61111111111111,0.999999999999998,39,36,14.2,0,4.6,531,"CO",2016,104,4,325,0.600000000000001,122,0
470,2016-04-14,39.624,121.92,0,-0.777777777777777,9.11111111111111,1.61111111111111,39.4,36.5,16.8,0,4.7,531,"CO",2016,105,4,325,0.399999999999999,122,0
471,2016-04-15,39.37,121.92,3.302,0.388888888888891,0.611111111111112,-3.77777777777778,38.3,35.8,17.6,0,4.3,531,"CO",2016,106,4,322.916666666667,-1.1,122,0
472,2016-04-16,42.164,152.4,2.286,-7.27777777777778,-4.11111111111111,-7.77777777777778,37.3,35.3,17.1,0,4.6,531,"CO",2016,107,4,276.666666666667,-1,122,0
473,2016-04-17,44.45,172.72,0.762,-10.3888888888889,-2.38888888888889,-8.38888888888889,35.3,33.7,16.6,0,4.8,531,"CO",2016,108,4,257.352941176471,-2,122,0
474,2016-04-18,44.958,172.72,1.016,-10.8888888888889,1.61111111111111,-7,33.9,32.3,16.1,2.1,4.7,531,"CO",2016,109,4,260.294117647059,-1.4,122,0
475,2016-04-19,45.974,175.26,0.254,-8.5,0.388888888888891,-5.5,32.6,31.2,16.5,3.4,5,531,"CO",2016,110,4,262.31884057971,-1.3,122,0
476,2016-04-20,46.228,157.48,0,-6.72222222222222,2.61111111111111,-3.77777777777778,31.9,30.4,15.5,4.1,5.1,531,"CO",2016,111,4,293.548387096774,-0.700000000000003,122,0
477,2016-04-21,46.228,157.48,0.254,-5.5,9,0.111111111111113,31.3,29.6,14.9,4.5,5.1,531,"CO",2016,112,4,293.548387096774,-0.599999999999998,122,0
478,2016-04-22,45.72,147.32,0,-3,13.2222222222222,4.11111111111111,38,35.4,15.9,5,4.9,531,"CO",2016,113,4,310.344827586207,6.7,122,0
479,2016-04-23,45.212,144.78,0,0.999999999999998,10.8888888888889,1.61111111111111,38.7,36.2,18.4,5.5,4.9,531,"CO",2016,114,4,312.280701754386,0.700000000000003,122,0
480,2016-04-24,44.958,142.24,0.508,-5.77777777777778,4,-2.5,38.7,36.4,19.3,7.2,4.8,531,"CO",2016,115,4,316.071428571429,0,122,0
481,2016-04-25,45.466,139.7,0.254,-3.5,9.22222222222222,-0.111111111111111,36.9,34.7,19.6,11,4.8,531,"CO",2016,116,4,325.454545454545,-1.8,122,0
482,2016-04-26,45.466,137.16,0,-7,2.88888888888889,-4.88888888888889,38.5,36,19.7,12.7,5.2,531,"CO",2016,117,4,331.481481481481,1.6,122,0
483,2016-04-27,45.466,132.08,0.254,-7.38888888888889,4.22222222222222,-3.77777777777778,37.9,35.9,19.3,15.1,5.2,531,"CO",2016,118,4,344.230769230769,-0.600000000000001,122,0
484,2016-04-28,45.72,134.62,1.524,-4.38888888888889,-0.611111111111112,-4.5,36.6,34.7,19.7,16.1,5.7,531,"CO",2016,119,4,339.622641509434,-1.3,122,0
485,2016-04-29,46.228,142.24,2.032,-6.72222222222222,-1.27777777777778,-6.11111111111111,35.2,33.8,18.8,16.3,5.9,531,"CO",2016,120,4,325,-1.4,122,0
486,2016-04-30,48.006,160.02,1.016,-7.22222222222222,-2.38888888888889,-6.77777777777778,34.5,33.1,18.5,16.3,6.1,531,"CO",2016,121,4,300,-0.700000000000003,122,0
487,2016-05-01,49.022,165.1,0,-11.6111111111111,-1.77777777777778,-7.88888888888889,33.6,32.5,17.8,16.2,6.6,531,"CO",2016,122,5,296.923076923077,-0.899999999999999,122,0
488,2016-05-02,49.022,165.1,0,-10.5,5.72222222222222,-3.61111111111111,32.9,31.6,17.5,16.2,6.7,531,"CO",2016,123,5,296.923076923077,-0.700000000000003,122,0
489,2016-05-03,48.768,152.4,0,-5.5,8.61111111111111,-0.111111111111111,37.8,35.6,18.4,16.2,7.1,531,"CO",2016,124,5,320,4.9,122,0
490,2016-05-04,48.514,144.78,0,-2.72222222222222,12.8888888888889,4.5,38.2,36.2,19.4,17.4,7.5,531,"CO",2016,125,5,335.087719298246,0.400000000000006,122,0
491,2016-05-05,48.006,137.16,0,1.61111111111111,15.5,6.61111111111111,38.7,36.4,21.7,19.2,7.6,531,"CO",2016,126,5,350,0.5,122,0
492,2016-05-06,47.244,132.08,0.254,1.61111111111111,12.8888888888889,4.88888888888889,39,37.2,23.6,23.3,8.6,531,"CO",2016,127,5,357.692307692308,0.299999999999997,122,0
493,2016-05-07,46.736,129.54,0.254,2.72222222222222,7.77777777777778,0.111111111111113,38.9,37.1,23.9,24.4,14.1,531,"CO",2016,128,5,360.78431372549,-0.100000000000001,122,0
494,2016-05-08,46.736,129.54,0,-4.77777777777778,6.38888888888889,-1.5,38.3,36.5,22.4,23.4,16.8,531,"CO",2016,129,5,360.78431372549,-0.600000000000001,122,0
495,2016-05-09,46.482,124.46,0.762,-3.77777777777778,5.22222222222222,-0.388888888888889,38,35.9,22.4,22.7,16.6,531,"CO",2016,130,5,373.469387755102,-0.299999999999997,122,0
496,2016-05-10,46.99,129.54,0.762,-1,7.61111111111111,-0.222222222222221,36.2,34.9,20.8,22.1,17,531,"CO",2016,131,5,362.745098039216,-1.8,122,0
497,2016-05-11,47.498,129.54,0,-5.38888888888889,5.22222222222222,-2,38.6,36.6,23,23.2,16.9,531,"CO",2016,132,5,366.666666666667,2.4,122,0
498,2016-05-12,46.736,127,0,-4.22222222222222,9.88888888888889,2.38888888888889,38.6,36.8,22.7,23.4,17.5,531,"CO",2016,133,5,368,0,122,0
499,2016-05-13,45.466,121.92,0,2,13.7777777777778,5.72222222222222,38.7,36.9,23.2,24.2,18.3,531,"CO",2016,134,5,372.916666666667,0.100000000000001,122,0
500,2016-05-14,43.688,116.84,0,2.88888888888889,14.6111111111111,5.72222222222222,38.6,37.1,25.8,25.2,20,531,"CO",2016,135,5,373.913043478261,-0.100000000000001,122,0
501,2016-05-15,42.418,114.3,0.508,0.499999999999999,9.61111111111111,1.77777777777778,38.8,37.1,25.2,24.5,20.2,531,"CO",2016,136,5,371.111111111111,0.199999999999996,122,0
502,2016-05-16,42.418,114.3,0.762,-0.777777777777777,8.22222222222222,-0.222222222222221,38.3,36.5,23.1,23.2,19.9,531,"CO",2016,137,5,371.111111111111,-0.5,122,0
503,2016-05-17,42.672,116.84,0.508,-4.11111111111111,1.27777777777778,-2.5,37.4,35.6,22.3,22.6,19.3,531,"CO",2016,138,5,365.217391304348,-0.899999999999999,122,0
504,2016-05-18,42.926,119.38,1.27,-3.61111111111111,9.11111111111111,0.111111111111113,35.3,34.2,20.9,21.8,19.1,531,"CO",2016,139,5,359.574468085106,-2.1,122,0
505,2016-05-19,43.688,119.38,0,-3,10,2.38888888888889,38.3,36.2,22.3,22,18.9,531,"CO",2016,140,5,365.957446808511,3,122,0
506,2016-05-20,42.418,114.3,0,1.38888888888889,13.7222222222222,5.61111111111111,38.7,36.8,23.6,23.8,19.9,531,"CO",2016,141,5,371.111111111111,0.400000000000006,122,0
507,2016-05-21,41.148,111.76,0,1.5,14.6111111111111,6.88888888888889,38.8,36.8,24.4,24.2,20.4,531,"CO",2016,142,5,368.181818181818,0.0999999999999943,122,0
508,2016-05-22,39.116,104.14,0,2.72222222222222,14.2777777777778,4.77777777777778,38.6,37,25.4,25.3,24.8,531,"CO",2016,143,5,375.609756097561,-0.199999999999996,122,0
509,2016-05-23,37.084,96.52,0,-1.77777777777778,10.6111111111111,2.38888888888889,38.3,36.9,25.3,25.4,39.4,531,"CO",2016,144,5,384.210526315789,-0.300000000000004,122,0
510,2016-05-24,36.83,96.52,0,-0.777777777777777,12.7222222222222,4.22222222222222,37.2,35.4,22.9,23.6,39.5,531,"CO",2016,145,5,381.578947368421,-1.09999999999999,122,0
511,2016-05-25,35.814,91.44,0,0.722222222222221,10.5,3.38888888888889,38.2,36.7,25.2,25,39.5,531,"CO",2016,146,5,391.666666666667,1,122,0
512,2016-05-26,33.782,88.9,1.016,-0.777777777777777,8.22222222222222,0.611111111111112,37.8,36.3,24.9,25,39.6,531,"CO",2016,147,5,380,-0.400000000000006,122,0
513,2016-05-27,33.02,88.9,0,-2.5,4.5,-1.22222222222222,36.2,34.3,22.5,23.2,39.6,531,"CO",2016,148,5,371.428571428571,-1.59999999999999,122,0
514,2016-05-28,33.02,88.9,0,-3.38888888888889,10.5,1.38888888888889,34.9,33.6,21.4,22.2,31.1,531,"CO",2016,149,5,371.428571428571,-1.3,122,0
515,2016-05-29,32.512,86.36,0,-0.111111111111111,13.1111111111111,4.22222222222222,36.5,34.1,21.7,22.1,28,531,"CO",2016,150,5,376.470588235294,1.6,122,0
516,2016-05-30,31.242,81.28,0.254,1.77777777777778,12.7222222222222,4.61111111111111,38.1,36.4,24.5,24.5,38.9,531,"CO",2016,151,5,384.375,1.6,122,0
517,2016-05-31,29.972,78.74,0,-0.388888888888889,13.1111111111111,4.38888888888889,38.1,36.5,24,24.2,39,531,"CO",2016,152,5,380.645161290323,0,122,0
518,2016-06-01,27.94,73.66,0,1.22222222222222,14,5.5,38,36.4,24.7,25.3,39.1,531,"CO",2016,153,6,379.310344827586,-0.100000000000001,122,0
519,2016-06-02,26.67,71.12,0,1.72222222222222,14.2777777777778,7.5,38.1,36.3,25,25.4,39.2,531,"CO",2016,154,6,375,0.100000000000001,122,0
520,2016-06-03,24.13,60.96,0,5,14.8888888888889,8,38,36.4,25.1,25.9,39.4,531,"CO",2016,155,6,395.833333333333,-0.100000000000001,122,0
521,2016-06-04,21.59,58.42,0,4.22222222222222,17.7222222222222,9.38888888888889,38.1,36.5,25.3,26.3,39.6,531,"CO",2016,156,6,369.565217391304,0.100000000000001,122,0
522,2016-06-05,18.796,45.72,0,4.38888888888889,17.1111111111111,9.72222222222222,38.4,36.8,25.1,26.7,39.8,531,"CO",2016,157,6,411.111111111111,0.299999999999997,122,0
523,2016-06-06,15.24,38.1,0.254,4.88888888888889,18.2222222222222,8.5,38,36.5,25.3,27,39.9,531,"CO",2016,158,6,400,-0.399999999999999,122,0
524,2016-06-07,13.208,30.48,0,2.88888888888889,19,9.11111111111111,38,36.6,25.5,27.1,40,531,"CO",2016,159,6,433.333333333333,0,122,0
525,2016-06-08,10.668,22.86,0,5.61111111111111,17.2222222222222,8.88888888888889,36.9,35.7,25.8,26.8,40.1,531,"CO",2016,160,6,466.666666666667,-1.1,122,0
526,2016-06-09,7.62,15.24,0,3.5,19.2222222222222,10.3888888888889,36.1,35.2,24.8,26.3,40.1,531,"CO",2016,161,6,500,-0.799999999999997,122,0
527,2016-06-10,3.81,5.08,0,9.22222222222222,21.3888888888889,13.1111111111111,35,34.4,23.9,25.9,40.1,531,"CO",2016,162,6,750,-1.1,122,0
528,2016-06-11,0.762,2.54,0,7.77777777777778,21,11.7222222222222,34,33.8,23.2,25.1,40.1,531,"CO",2016,163,6,300,-1,122,0
529,2016-06-12,0,0,0,7.22222222222222,18,9.38888888888889,33.2,33.4,22.7,24.1,40.1,531,"CO",2016,164,6,NA,-0.799999999999997,122,0
530,2016-06-13,0,0,0.254,4.5,15.5,6.11111111111111,32.4,32.7,21.7,22.7,40.1,531,"CO",2016,165,6,NA,-0.800000000000004,122,0
531,2016-06-14,0,0,0,0.499999999999999,14.8888888888889,6.38888888888889,32.6,31.8,21,21.7,39.9,531,"CO",2016,166,6,NA,0.200000000000003,122,0
532,2016-06-15,0,0,0,6,21.6111111111111,11.7222222222222,31.5,31,20,20.6,30,531,"CO",2016,167,6,NA,-1.1,122,0
533,2016-06-16,0,0,0,6.88888888888889,20.8888888888889,11.7222222222222,30.9,30.6,19.2,19.7,27.1,531,"CO",2016,168,6,NA,-0.600000000000001,122,0
534,2016-06-17,0,0,0,6.11111111111111,20.2777777777778,11.7777777777778,29.8,29.6,18.4,19.1,24.8,531,"CO",2016,169,6,NA,-1.1,122,0
535,2016-06-18,0,0,0,8.11111111111111,24.2222222222222,14,29.4,29,18.3,18.5,23,531,"CO",2016,170,6,NA,-0.400000000000002,122,0
536,2016-06-19,0,0,0,8.38888888888889,24,15.8888888888889,29.1,27.9,17.7,18,21.8,531,"CO",2016,171,6,NA,-0.299999999999997,122,0
537,2016-06-20,0,0,0.254,10,25.2777777777778,13.6111111111111,28.2,26.9,17.1,17.3,20.9,531,"CO",2016,172,6,NA,-0.900000000000002,122,0
538,2016-06-21,0,0,0,9,24.5,16.3888888888889,31.9,26.3,16.8,16.8,20.2,531,"CO",2016,173,6,NA,3.7,122,0
539,2016-06-22,0,0,0.508,10.8888888888889,20.7777777777778,10.8888888888889,31.9,NA,NA,NA,NA,531,"CO",2016,174,6,NA,0,122,0
540,2016-06-23,0,0,0,6,18.7222222222222,10.7222222222222,31.9,NA,NA,NA,NA,531,"CO",2016,175,6,NA,0,122,0
541,2016-06-24,0,0,0,5.61111111111111,19.8888888888889,11.5,32.1,29.3,16.9,16.1,18.4,531,"CO",2016,176,6,NA,0.200000000000003,122,0
542,2016-06-25,0,0,0,9.38888888888889,20.1111111111111,11.8888888888889,32.3,28.3,16.4,15.9,18.2,531,"CO",2016,177,6,NA,0.199999999999996,122,0
543,2016-06-26,0,0,0,6.22222222222222,21.6111111111111,12.2777777777778,30.2,27.1,16.1,15.7,18.2,531,"CO",2016,178,6,NA,-2.1,122,0
544,2016-06-27,0,0,0,8.38888888888889,22.2222222222222,13.2777777777778,29.1,26.1,16.2,15.3,17.7,531,"CO",2016,179,6,NA,-1.1,122,0
545,2016-06-28,0,0,0,8.77777777777778,22.7777777777778,13.2222222222222,28,25.2,15.6,14.9,17.6,531,"CO",2016,180,6,NA,-1.1,122,0
546,2016-06-29,0,0,0,9.11111111111111,19.3888888888889,11.3888888888889,27.1,23.2,14.9,14.5,17.5,531,"CO",2016,181,6,NA,-0.899999999999999,122,0
547,2016-06-30,0,0,2.54,6.72222222222222,13.8888888888889,8.38888888888889,26.2,22.6,14.9,14.4,17.3,531,"CO",2016,182,6,NA,-0.900000000000002,122,0
548,2016-07-01,0,0,0.254,6.61111111111111,11.1111111111111,7.5,38.9,35,20.7,14.3,17.3,531,"CO",2016,183,7,NA,12.7,122,0
549,2016-07-02,0,0,0.762,5.61111111111111,11.7777777777778,6.61111111111111,35.8,33.3,20.3,15.5,17.2,531,"CO",2016,184,7,NA,-3.1,122,0
550,2016-07-03,0,0,0.254,4.77777777777778,15.2777777777778,7.5,36.5,34,21.6,17.1,17.6,531,"CO",2016,185,7,NA,0.700000000000003,122,0
551,2016-07-04,0,0,0,4.88888888888889,19.8888888888889,10.7222222222222,34.6,32.3,20.3,18.2,17.9,531,"CO",2016,186,7,NA,-1.9,122,0
552,2016-07-05,0,0,0,9.38888888888889,19.5,11.5,32.8,30.9,19.7,17.7,17.9,531,"CO",2016,187,7,NA,-1.8,122,0
553,2016-07-06,0,0,0,8.61111111111111,20.6111111111111,12.7777777777778,31.7,29.8,18.8,17.4,17.9,531,"CO",2016,188,7,NA,-1.1,122,0
554,2016-07-07,0,0,0,9.22222222222222,20,12.7777777777778,30.5,28.8,17.9,16.9,17.4,531,"CO",2016,189,7,NA,-1.2,122,0
555,2016-07-08,0,0,0,7.77777777777778,21.1111111111111,12.8888888888889,29.3,28,17.4,16.3,17.6,531,"CO",2016,190,7,NA,-1.2,122,0
556,2016-07-09,0,0,0,7.72222222222222,22.3888888888889,14.1111111111111,28.5,26.8,16.9,15.7,17.5,531,"CO",2016,191,7,NA,-0.800000000000001,122,0
557,2016-07-10,0,0,0,10.3888888888889,23.1111111111111,15.1111111111111,27.4,25.5,16.3,15.5,17.3,531,"CO",2016,192,7,NA,-1.1,122,0
558,2016-07-11,0,0,0,10.3888888888889,17.7222222222222,11,26.6,24.2,15.8,14.9,17.3,531,"CO",2016,193,7,NA,-0.799999999999997,122,0
559,2016-07-12,0,0,0,6.11111111111111,20.1111111111111,12.1111111111111,25,22.9,15.2,14.5,17,531,"CO",2016,194,7,NA,-1.6,122,0
560,2016-07-13,0,0,0,10.7222222222222,20.8888888888889,13.2222222222222,23.8,21.3,14.8,14,17,531,"CO",2016,195,7,NA,-1.2,122,0
561,2016-07-14,0,0,0,8.22222222222222,21.2222222222222,12,22.3,19.6,14.3,13.6,16.5,531,"CO",2016,196,7,NA,-1.5,122,0
562,2016-07-15,0,0,0,5.72222222222222,21.3888888888889,12.2222222222222,20.2,17.3,13.3,13.3,16.7,531,"CO",2016,197,7,NA,-2.1,122,0
563,2016-07-16,0,0,0,7.88888888888889,21.8888888888889,13.6111111111111,19.4,16.2,12.7,12.8,16.4,531,"CO",2016,198,7,NA,-0.800000000000001,122,0
564,2016-07-17,0,0,0,10.7222222222222,22,14.2222222222222,16.9,14,12.4,12,16.2,531,"CO",2016,199,7,NA,-2.5,122,0
565,2016-07-18,0,0,0.254,11.1111111111111,17.5,10.7777777777778,16.5,13.3,11.9,11.5,15.9,531,"CO",2016,200,7,NA,-0.399999999999999,122,0
566,2016-07-19,0,0,0,8.5,19.3888888888889,11.6111111111111,15.7,12.8,11.4,11,15.6,531,"CO",2016,201,7,NA,-0.800000000000001,122,0
567,2016-07-20,0,0,0.508,8.72222222222222,21.5,11.1111111111111,16.4,13.1,10.9,10.9,15.6,531,"CO",2016,202,7,NA,0.699999999999999,122,0
568,2016-07-21,0,0,0.508,6.77777777777778,18.7777777777778,9.72222222222222,34.3,29.1,10.7,10.3,15.3,531,"CO",2016,203,7,NA,17.9,122,0
569,2016-07-22,0,0,0,8,21.2222222222222,11.7777777777778,35.4,30.3,11.8,10.1,15.2,531,"CO",2016,204,7,NA,1.1,122,0
570,2016-07-23,0,0,0,8.38888888888889,22.7222222222222,13.2777777777778,31.3,26.1,12.1,9.7,15,531,"CO",2016,205,7,NA,-4.1,122,0
571,2016-07-24,0,0,0,8.72222222222222,21.7777777777778,11.8888888888889,28.9,23.4,11.7,9.5,15,531,"CO",2016,206,7,NA,-2.4,122,0
572,2016-07-25,0,0,0,8.61111111111111,21.1111111111111,12.7777777777778,27.4,21.1,11.2,9.2,14.8,531,"CO",2016,207,7,NA,-1.5,122,0
573,2016-07-26,0,0,0,7.22222222222222,18.2777777777778,11.2222222222222,25.6,19.2,10.6,8.7,14.4,531,"CO",2016,208,7,NA,-1.8,122,0
574,2016-07-27,0,0,0,7.77777777777778,22.6111111111111,13.7777777777778,23.2,17.6,10.1,8.2,14.2,531,"CO",2016,209,7,NA,-2.4,122,0
575,2016-07-28,0,0,0,9.22222222222222,22.1111111111111,14.1111111111111,21.3,16,9.6,7.7,14,531,"CO",2016,210,7,NA,-1.9,122,0
576,2016-07-29,0,0,0,7.72222222222222,21,13.1111111111111,18.5,13.4,8.6,7.1,13.9,531,"CO",2016,211,7,NA,-2.8,122,0
577,2016-07-30,0,0,0,7.61111111111111,22.6111111111111,13.8888888888889,17.7,12.9,8.4,6.5,13.9,531,"CO",2016,212,7,NA,-0.800000000000001,122,0
578,2016-07-31,0,0,0.508,9,17.7777777777778,10,16.1,11.9,7.7,5.9,13.1,531,"CO",2016,213,7,NA,-1.6,122,0
579,2016-08-01,0,0,0.508,6.38888888888889,19.8888888888889,11.6111111111111,29.8,27.3,7.8,5.7,13.2,531,"CO",2016,214,8,NA,13.7,122,0
580,2016-08-02,0,0,0,9.77777777777778,21.6111111111111,12.2777777777778,27.6,21.9,9.2,5.2,13,531,"CO",2016,215,8,NA,-2.2,122,0
732,2017-01-01,14.224,60.96,0,-12.8888888888889,-3.88888888888889,-9.72222222222222,9.3,6.3,2.2,0,5.8,531,"CO",2017,1,1,233.333333333333,0,96,0
733,2017-01-02,14.224,60.96,0,-10.3888888888889,-4.11111111111111,-9.11111111111111,8.6,6.4,2.2,0,6,531,"CO",2017,2,1,233.333333333333,-0.700000000000001,96,0
734,2017-01-03,14.224,60.96,0,-10.1111111111111,-9.88888888888889,-11.1111111111111,8.9,5.7,1.8,0,5.9,531,"CO",2017,3,1,233.333333333333,0.300000000000001,96,0
735,2017-01-04,14.224,60.96,1.524,-11.7222222222222,-6.72222222222222,-8.38888888888889,8.7,5.5,2.3,0,5.8,531,"CO",2017,4,1,233.333333333333,-0.200000000000001,96,0
736,2017-01-05,16.002,78.74,1.27,-8.11111111111111,-7.77777777777778,-17.3888888888889,9.1,6.2,2.3,0,6.1,531,"CO",2017,5,1,203.225806451613,0.4,96,0
737,2017-01-06,17.018,91.44,0,-24.2777777777778,-16.6111111111111,-21.1111111111111,8.5,5.9,2.2,0,5.9,531,"CO",2017,6,1,186.111111111111,-0.6,96,0
738,2017-01-07,17.272,86.36,0.762,-16.7222222222222,-6.27777777777778,-11,9,6.3,2.5,0,5.7,531,"CO",2017,7,1,200,0.5,96,0
739,2017-01-08,18.288,81.28,2.286,-6.5,-1.61111111111111,-3.77777777777778,8.8,5.9,2.2,0,6,531,"CO",2017,8,1,225,-0.199999999999999,96,0
740,2017-01-09,20.574,99.06,1.778,-2.5,-1.38888888888889,-4,8.9,6.3,2.1,0,5.6,531,"CO",2017,9,1,207.692307692308,0.0999999999999996,96,0
741,2017-01-10,22.606,114.3,0.762,-10.2777777777778,-7.61111111111111,-9.5,9.1,6.2,2.4,0,5.8,531,"CO",2017,10,1,197.777777777778,0.199999999999999,96,0
742,2017-01-11,23.368,114.3,1.27,-8.5,-4.5,-7.77777777777778,8.3,6.2,2.3,0,5.8,531,"CO",2017,11,1,204.444444444444,-0.799999999999999,96,0
743,2017-01-12,24.638,121.92,1.016,-10.6111111111111,-3.22222222222222,-8.77777777777778,8.6,6.2,2.2,0,5.9,531,"CO",2017,12,1,202.083333333333,0.299999999999999,96,0
744,2017-01-13,24.892,121.92,0,-8.77777777777778,-0.388888888888889,-6.88888888888889,8.6,6.1,2.4,0,6.1,531,"CO",2017,13,1,204.166666666667,0,96,0
745,2017-01-14,24.892,116.84,0.254,-9.5,-2.11111111111111,-6.88888888888889,8.5,6.7,2.2,0,5.7,531,"CO",2017,14,1,213.04347826087,-0.0999999999999996,96,0
746,2017-01-15,25.4,111.76,0.254,-7.61111111111111,-0.777777777777777,-5.27777777777778,8.8,6.3,2.5,0,5.9,531,"CO",2017,15,1,227.272727272727,0.300000000000001,96,0
747,2017-01-16,25.4,111.76,0,-6.5,-3.72222222222222,-7.77777777777778,9.3,6.8,2.5,0,5.7,531,"CO",2017,16,1,227.272727272727,0.5,96,0
748,2017-01-17,25.4,109.22,0.254,-11.1111111111111,-4.11111111111111,-8.88888888888889,8.8,5.8,2.4,0,6,531,"CO",2017,17,1,232.558139534884,-0.5,96,0
749,2017-01-18,25.4,104.14,0,-8.5,-4.22222222222222,-9.72222222222222,9.1,6.1,2.4,0,5.9,531,"CO",2017,18,1,243.90243902439,0.299999999999999,96,0
750,2017-01-19,25.4,101.6,0.254,-11.7777777777778,0,-8,8.5,6.4,2.2,0,5.9,531,"CO",2017,19,1,250,-0.6,96,0
751,2017-01-20,25.654,104.14,0.254,-10.1111111111111,-6.5,-10.6111111111111,9.3,6.7,2.7,0,5.8,531,"CO",2017,20,1,246.341463414634,0.800000000000001,96,0
752,2017-01-21,25.908,104.14,0.508,-12.5,-3.11111111111111,-11.1111111111111,8.9,6.8,2.4,0,5.9,531,"CO",2017,21,1,248.780487804878,-0.4,96,0
753,2017-01-22,26.162,109.22,0.254,-13.2222222222222,-6.11111111111111,-11.5,8.5,6.4,2.2,0,5.5,531,"CO",2017,22,1,239.53488372093,-0.4,96,0
754,2017-01-23,26.67,111.76,0,-6.72222222222222,-4.22222222222222,-8.38888888888889,8.9,6.5,2.3,0,5.6,531,"CO",2017,23,1,238.636363636364,0.4,96,0
755,2017-01-24,26.67,114.3,0,-14.2222222222222,-9.61111111111111,-15.3888888888889,8.9,7,2.6,0,5.7,531,"CO",2017,24,1,233.333333333333,0,96,0
756,2017-01-25,26.67,114.3,0,-19.5,-13.7222222222222,-18.6111111111111,9.1,6.1,2.4,0,5.9,531,"CO",2017,25,1,233.333333333333,0.199999999999999,96,0
757,2017-01-26,26.67,111.76,0,-21.7777777777778,-16.2777777777778,-21.5,8.5,6.9,2.5,0,5.6,531,"CO",2017,26,1,238.636363636364,-0.6,96,0
758,2017-01-27,26.67,109.22,0,-25,-12.7777777777778,-20.2777777777778,9.2,6.1,2.2,0,5.7,531,"CO",2017,27,1,244.186046511628,0.699999999999999,96,0
759,2017-01-28,26.67,106.68,0,-20,-8.77777777777778,-14.7222222222222,9.3,6.3,2.6,0,5.7,531,"CO",2017,28,1,250,0.100000000000001,96,0
760,2017-01-29,26.924,104.14,0.254,-15.2777777777778,-4.72222222222222,-10.2222222222222,9.2,6.3,2.5,0,5.5,531,"CO",2017,29,1,258.536585365854,-0.100000000000001,96,0
761,2017-01-30,27.432,104.14,0.254,-9.72222222222222,-0.777777777777777,-5,8.6,6.1,2,0,5.7,531,"CO",2017,30,1,263.414634146341,-0.6,96,0
762,2017-01-31,27.686,104.14,0,-4.22222222222222,1.72222222222222,-3.5,9.3,6.6,2.3,0,5.5,531,"CO",2017,31,1,265.853658536585,0.700000000000001,96,0
763,2017-02-01,27.686,101.6,0,-6,1.72222222222222,-3.72222222222222,8.8,5.9,2.2,0,5.6,531,"CO",2017,32,2,272.5,-0.5,96,0
764,2017-02-02,27.686,101.6,0.254,-5.27777777777778,-2.27777777777778,-6.22222222222222,8.9,5.9,2.2,0,5.9,531,"CO",2017,33,2,272.5,0.0999999999999996,96,0
765,2017-02-03,27.94,101.6,0,-8.72222222222222,1.77777777777778,-5.22222222222222,8.7,6.2,2.3,0,5.9,531,"CO",2017,34,2,275,-0.200000000000001,96,0
766,2017-02-04,27.94,104.14,0.254,-7,0.111111111111113,-5.5,8.6,6.4,2.2,0,5.6,531,"CO",2017,35,2,268.292682926829,-0.0999999999999996,96,0
767,2017-02-05,28.194,101.6,0,-6.22222222222222,1.11111111111111,-3.5,8.6,6.3,2.3,0,5.6,531,"CO",2017,36,2,277.5,0,96,0
768,2017-02-06,28.194,101.6,0,-4.72222222222222,-1.27777777777778,-5.38888888888889,8.4,6.4,2.4,0,5.6,531,"CO",2017,37,2,277.5,-0.199999999999999,96,0
769,2017-02-07,28.194,101.6,1.27,-7.22222222222222,-1.11111111111111,-4.5,9,6.4,2.2,0,5.5,531,"CO",2017,38,2,277.5,0.6,96,0
770,2017-02-08,29.718,111.76,0.508,-4.72222222222222,-2.38888888888889,-5.27777777777778,8.5,6.5,2.5,0,5.6,531,"CO",2017,39,2,265.909090909091,-0.5,96,0
771,2017-02-09,30.48,114.3,0.508,-2.61111111111111,4.88888888888889,0.999999999999998,8.3,6.2,2.3,0,5.6,531,"CO",2017,40,2,266.666666666667,-0.199999999999999,96,0
772,2017-02-10,30.988,109.22,0.254,2.77777777777778,8.72222222222222,2.61111111111111,8.6,6.7,2.5,0,5.5,531,"CO",2017,41,2,283.720930232558,0.299999999999999,96,0
773,2017-02-11,30.988,106.68,0,-0.111111111111111,4,-2.61111111111111,9,6.7,2.2,0,5.6,531,"CO",2017,42,2,290.47619047619,0.4,96,0
774,2017-02-12,30.988,111.76,0.508,-6.72222222222222,1.11111111111111,-4.72222222222222,8.5,6.8,2.5,0,5.5,531,"CO",2017,43,2,277.272727272727,-0.5,96,0
775,2017-02-13,31.242,111.76,0,-5.61111111111111,-1.77777777777778,-6.27777777777778,8.6,6.6,2.6,0,5.4,531,"CO",2017,44,2,279.545454545455,0.0999999999999996,96,0
776,2017-02-14,31.242,111.76,0,-11.7222222222222,-2.77777777777778,-10,8.7,7,2.6,0,5.6,531,"CO",2017,45,2,279.545454545455,0.0999999999999996,96,0
777,2017-02-15,31.242,111.76,0,-12.3888888888889,5,-5.77777777777778,9.1,6.6,2.5,0,5.4,531,"CO",2017,46,2,279.545454545455,0.4,96,0
778,2017-02-16,31.242,109.22,0,-8.11111111111111,8,-2,8.8,6.4,2.5,0,5.3,531,"CO",2017,47,2,286.046511627907,-0.299999999999999,96,0
779,2017-02-17,31.242,106.68,0,-6.88888888888889,6.61111111111111,-2.77777777777778,9,6.6,2.5,0,5.6,531,"CO",2017,48,2,292.857142857143,0.199999999999999,96,0
780,2017-02-18,31.242,106.68,0,-3,3.38888888888889,-2.61111111111111,9.3,7,2.4,0,5.4,531,"CO",2017,49,2,292.857142857143,0.300000000000001,96,0
781,2017-02-19,31.242,106.68,0.508,-4.27777777777778,2.22222222222222,-4.38888888888889,8.7,6.7,2.5,0,5.4,531,"CO",2017,50,2,292.857142857143,-0.600000000000001,96,0
782,2017-02-20,32.004,116.84,0.254,-9,0.222222222222221,-5.27777777777778,9,6.8,2.8,0,5.7,531,"CO",2017,51,2,273.913043478261,0.300000000000001,96,0
783,2017-02-21,32.004,114.3,0.254,-2.22222222222222,6.61111111111111,-0.777777777777777,9.5,6.5,2.3,0,5.7,531,"CO",2017,52,2,280,0.5,96,0
784,2017-02-22,32.258,111.76,0,-2.77777777777778,3.5,-2.72222222222222,8.6,6.7,2.2,0,5.7,531,"CO",2017,53,2,288.636363636364,-0.9,96,0
785,2017-02-23,32.258,111.76,0,-8,-7.61111111111111,-12.5,9.4,6.5,2.5,0,5.5,531,"CO",2017,54,2,288.636363636364,0.800000000000001,96,0
786,2017-02-24,32.258,111.76,0,-17.7222222222222,-11.1111111111111,-17.1111111111111,9.1,6.5,2.3,0,5.5,531,"CO",2017,55,2,288.636363636364,-0.300000000000001,96,0
787,2017-02-25,32.258,116.84,0,-20,-13.8888888888889,-18,9.2,6.3,2.6,0,5.2,531,"CO",2017,56,2,276.086956521739,0.0999999999999996,96,0
788,2017-02-26,32.258,116.84,0.254,-18.2777777777778,-9.72222222222222,-15.7777777777778,9,6.2,2.1,0,5.6,531,"CO",2017,57,2,276.086956521739,-0.199999999999999,96,0
789,2017-02-27,32.258,114.3,0,-14.8888888888889,-1.77777777777778,-9.61111111111111,9,6,2.4,0,5.2,531,"CO",2017,58,2,282.222222222222,0,96,0
790,2017-02-28,33.02,116.84,0.254,-10.2777777777778,-5.88888888888889,-12.5,9.2,6.4,2.5,0,5.6,531,"CO",2017,59,2,282.608695652174,0.199999999999999,96,0
791,2017-03-01,33.02,121.92,0.508,-18.7777777777778,-7.27777777777778,-14.2777777777778,8.7,6,2.1,0,5.7,531,"CO",2017,60,3,270.833333333333,-0.5,96,0
792,2017-03-02,33.274,121.92,0.254,-14.7222222222222,-2.22222222222222,-9.88888888888889,9.1,5.8,2.3,0,5.8,531,"CO",2017,61,3,272.916666666667,0.4,96,0
793,2017-03-03,33.528,119.38,0,-8.61111111111111,3.72222222222222,-4.11111111111111,9,5.8,2.3,0,5.6,531,"CO",2017,62,3,280.851063829787,-0.0999999999999996,96,0
794,2017-03-04,33.782,119.38,0.254,-4.72222222222222,5.5,-1.77777777777778,8.6,6.9,2.4,0,5.6,531,"CO",2017,63,3,282.978723404255,-0.4,96,0
795,2017-03-05,34.036,116.84,0,-3.77777777777778,5.5,-2.5,8.8,6.1,2.4,0,5.4,531,"CO",2017,64,3,291.304347826087,0.200000000000001,96,0
796,2017-03-06,34.036,116.84,0,-6.77777777777778,-6.77777777777778,-15.2222222222222,9,6.6,2.4,0,5.5,531,"CO",2017,65,3,291.304347826087,0.199999999999999,96,0
797,2017-03-07,34.036,124.46,0.254,-18.6111111111111,-3.72222222222222,-11.2777777777778,8.5,6.8,2.1,0,5.4,531,"CO",2017,66,3,273.469387755102,-0.5,96,0
798,2017-03-08,34.544,121.92,0.762,-8.11111111111111,3.88888888888889,-3.38888888888889,8.5,6.7,2.4,0,5.6,531,"CO",2017,67,3,283.333333333333,0,96,0
799,2017-03-09,35.052,121.92,0,-3.11111111111111,5.61111111111111,-0.388888888888889,8.8,6.2,2.1,0,5.3,531,"CO",2017,68,3,287.5,0.300000000000001,96,0
800,2017-03-10,35.052,119.38,0,-3.22222222222222,7.72222222222222,0.611111111111112,8.3,6.4,2.4,0,5.6,531,"CO",2017,69,3,293.617021276596,-0.5,96,0
801,2017-03-11,35.306,116.84,0.508,-4.11111111111111,5.5,-1.77777777777778,8.6,6.2,2.1,0,5.6,531,"CO",2017,70,3,302.173913043478,0.299999999999999,96,0
802,2017-03-12,35.56,116.84,0,-2.72222222222222,-0.611111111111112,-4.27777777777778,8.6,6.6,2.5,0,5.2,531,"CO",2017,71,3,304.347826086957,0,96,0
803,2017-03-13,35.56,119.38,0,-7.61111111111111,1.61111111111111,-3.11111111111111,8.7,6.9,2.5,0,5.2,531,"CO",2017,72,3,297.872340425532,0.0999999999999996,96,0
804,2017-03-14,35.56,116.84,0.508,-1.77777777777778,6.61111111111111,1.22222222222222,9,6.3,2.3,0,5.4,531,"CO",2017,73,3,304.347826086957,0.300000000000001,96,0
805,2017-03-15,35.814,114.3,0,-0.111111111111111,9.72222222222222,2.77777777777778,8.7,6.8,2.5,0,5.5,531,"CO",2017,74,3,313.333333333333,-0.300000000000001,96,0
806,2017-03-16,35.814,114.3,0,0.277777777777778,8.38888888888889,2.61111111111111,9,7,2.5,0,5,531,"CO",2017,75,3,313.333333333333,0.300000000000001,96,0
807,2017-03-17,35.814,111.76,0,0.777777777777777,10.1111111111111,2.88888888888889,9.7,7.2,2.4,0,5.4,531,"CO",2017,76,3,320.454545454545,0.699999999999999,96,0
808,2017-03-18,35.814,109.22,0,1.5,12.6111111111111,4.77777777777778,9.5,8.2,2.8,0,5.3,531,"CO",2017,77,3,327.906976744186,-0.199999999999999,96,0
809,2017-03-19,35.814,106.68,0,2.22222222222222,11,3.77777777777778,10.6,7.4,3.1,0,5.4,531,"CO",2017,78,3,335.714285714286,1.1,96,0
810,2017-03-20,35.814,106.68,0,2,9.38888888888889,3.22222222222222,11.1,8.5,3,0,5.5,531,"CO",2017,79,3,335.714285714286,0.5,96,0
811,2017-03-21,35.814,104.14,0,0.111111111111113,9.88888888888889,2.88888888888889,12,8.6,2.9,0,5.1,531,"CO",2017,80,3,343.90243902439,0.9,96,0
812,2017-03-22,35.814,104.14,0.254,1.61111111111111,11,3.38888888888889,12.1,9.4,3.1,0,5.3,531,"CO",2017,81,3,343.90243902439,0.0999999999999996,96,0
813,2017-03-23,35.814,101.6,0,0.277777777777778,7.22222222222222,-0.777777777777777,12.3,13.6,3.6,0,5.3,531,"CO",2017,82,3,352.5,0.200000000000001,96,1
814,2017-03-24,36.068,106.68,0,-4.72222222222222,-2.22222222222222,-5.5,29.4,28,3.5,0,5.4,531,"CO",2017,83,3,338.095238095238,17.1,96,0
815,2017-03-25,36.068,106.68,0.508,-7.11111111111111,8.72222222222222,-1,33.4,28.8,4,0,5.5,531,"CO",2017,84,3,338.095238095238,4,96,0
816,2017-03-26,36.576,101.6,0.254,-4.27777777777778,2.27777777777778,-3.22222222222222,32.9,27.8,4.2,0,5.9,531,"CO",2017,85,3,360,-0.5,96,0
817,2017-03-27,37.084,104.14,0.254,-7.22222222222222,6.5,-2.38888888888889,32.6,27,5.1,0,5.3,531,"CO",2017,86,3,356.09756097561,-0.299999999999997,96,0
818,2017-03-28,37.338,104.14,2.286,-3.77777777777778,2.61111111111111,-3.77777777777778,31.5,26.3,5.4,0,5.8,531,"CO",2017,87,3,358.536585365854,-1.1,96,0
819,2017-03-29,39.624,127,0,-6.61111111111111,0.277777777777778,-5.27777777777778,31,26.3,4.5,0,5.4,531,"CO",2017,88,3,312,-0.5,96,0
820,2017-03-30,39.624,124.46,0.508,-8,6.88888888888889,-1.77777777777778,30,25,5.3,0,5.4,531,"CO",2017,89,3,318.367346938775,-1,96,0
821,2017-03-31,39.878,121.92,1.27,-3.22222222222222,-0.777777777777777,-4.5,28.9,24.6,5.4,0,5.5,531,"CO",2017,90,3,327.083333333333,-1.1,96,0
822,2017-04-01,40.894,137.16,0,-8.27777777777778,2.27777777777778,-5.27777777777778,28.9,24.8,4.9,0,5.7,531,"CO",2017,91,4,298.148148148148,0,96,0
823,2017-04-02,41.148,127,0.762,-5.77777777777778,2.88888888888889,-3.72222222222222,28.4,24.3,5.2,0,5.5,531,"CO",2017,92,4,324,-0.5,96,0
824,2017-04-03,41.91,129.54,0,-8,-1.22222222222222,-7.22222222222222,27.9,24.1,5.4,0,5.7,531,"CO",2017,93,4,323.529411764706,-0.5,96,0
825,2017-04-04,42.164,137.16,1.27,-8.88888888888889,-3,-9.38888888888889,27.1,22.8,6.2,0,5.5,531,"CO",2017,94,4,307.407407407407,-0.799999999999997,96,0
826,2017-04-05,43.18,147.32,0.508,-13.2222222222222,-0.88888888888889,-8,27,23.2,6.4,0,6.1,531,"CO",2017,95,4,293.103448275862,-0.100000000000001,96,0
827,2017-04-06,43.688,144.78,0.254,-7.38888888888889,8.11111111111111,-1,26.5,22.3,6.8,0.2,5.8,531,"CO",2017,96,4,301.754385964912,-0.5,96,0
828,2017-04-07,43.688,137.16,0.254,-1.38888888888889,11.2222222222222,3,26.6,22.2,6.8,0.1,5.8,531,"CO",2017,97,4,318.518518518518,0.100000000000001,96,0
829,2017-04-08,43.688,132.08,0,1.27777777777778,10.5,2.22222222222222,26.7,23.1,6,0.2,5.7,531,"CO",2017,98,4,330.769230769231,0.0999999999999979,96,0
830,2017-04-09,43.688,129.54,0,-3.22222222222222,-0.611111111111112,-6.11111111111111,31.9,23.3,6.6,0.1,5.8,531,"CO",2017,99,4,337.254901960784,5.2,96,0
831,2017-04-10,43.688,129.54,0,-10.7777777777778,5,-4.72222222222222,34.8,28.9,7,0.3,5.6,531,"CO",2017,100,4,337.254901960784,2.9,96,0
832,2017-04-11,43.688,127,0,-5.77777777777778,8.72222222222222,0.222222222222221,34.1,29,7.5,0.2,6,531,"CO",2017,101,4,344,-0.699999999999996,96,0
833,2017-04-12,43.688,127,0,-0.388888888888889,12.7222222222222,3.61111111111111,33.3,29.4,8.2,0.2,6,531,"CO",2017,102,4,344,-0.800000000000004,96,0
834,2017-04-13,43.434,121.92,0,-1.5,13.3888888888889,3.77777777777778,37.8,32.7,8,0.5,6.1,531,"CO",2017,103,4,356.25,4.5,96,0
835,2017-04-14,43.18,119.38,0,2,11.7777777777778,4,39,36.1,21.4,0.3,6.2,531,"CO",2017,104,4,361.702127659575,1.2,96,0
836,2017-04-15,42.926,114.3,0,-1.27777777777778,8.88888888888889,1.72222222222222,39.1,36.4,22,0.4,6.2,531,"CO",2017,105,4,375.555555555556,0.100000000000001,96,0
837,2017-04-16,42.418,111.76,0,-1.77777777777778,10.2222222222222,2.38888888888889,38.9,36.4,21.9,0.8,5.9,531,"CO",2017,106,4,379.545454545455,-0.200000000000003,96,0
838,2017-04-17,41.91,111.76,0,-0.388888888888889,11.6111111111111,3.38888888888889,39.1,36.6,22.6,9.1,5.8,531,"CO",2017,107,4,375,0.200000000000003,96,0
839,2017-04-18,41.656,109.22,0.254,0.999999999999998,13.3888888888889,5.38888888888889,39.2,36.9,23,19.8,6,531,"CO",2017,108,4,381.395348837209,0.100000000000001,96,0
840,2017-04-19,41.148,106.68,0,1.5,7.38888888888889,1.11111111111111,39.6,37.1,25.4,24.8,6.1,531,"CO",2017,109,4,385.714285714286,0.399999999999999,96,0
841,2017-04-20,40.894,104.14,0.254,-1.77777777777778,7.11111111111111,-1.77777777777778,38.7,36.4,23,23.8,6.6,531,"CO",2017,110,4,392.682926829268,-0.899999999999999,96,0
842,2017-04-21,40.386,106.68,0,-5.72222222222222,-1.61111111111111,-6.27777777777778,38.8,36.5,22.5,23.7,11.2,531,"CO",2017,111,4,378.571428571429,0.0999999999999943,96,0
843,2017-04-22,40.64,111.76,0,-10.5,4.22222222222222,-4.5,37.4,35.2,22.1,23.2,14.1,531,"CO",2017,112,4,363.636363636364,-1.4,96,0
844,2017-04-23,40.64,106.68,0.762,-5.88888888888889,13.3888888888889,4.77777777777778,35.8,33.9,21,22.1,15.2,531,"CO",2017,113,4,380.952380952381,-1.6,96,0
845,2017-04-24,40.386,106.68,0,-1.77777777777778,7.88888888888889,0.277777777777778,39.1,36.4,22.6,22.4,15.1,531,"CO",2017,114,4,378.571428571429,3.3,96,0
846,2017-04-25,40.386,106.68,0,-5.77777777777778,-1,-6,39.2,37,23.9,23.9,16,531,"CO",2017,115,4,378.571428571429,0.100000000000001,96,0
847,2017-04-26,40.894,109.22,0.508,-8.61111111111111,1.27777777777778,-5.72222222222222,37.5,35.2,22.5,23.2,17.2,531,"CO",2017,116,4,374.418604651163,-1.7,96,0
848,2017-04-27,41.148,109.22,1.016,-6,2.27777777777778,-6.11111111111111,35.6,33.7,20.7,22.2,17,531,"CO",2017,117,4,376.744186046512,-1.9,96,0
849,2017-04-28,41.656,114.3,0.508,-11.8888888888889,-1.22222222222222,-9.27777777777778,34.6,32.5,19.8,21.2,16.6,531,"CO",2017,118,4,364.444444444444,-1,96,0
850,2017-04-29,42.418,127,0.508,-13.3888888888889,-6.77777777777778,-10.5,34,31.7,19.1,20.6,16.4,531,"CO",2017,119,4,334,-0.600000000000001,96,0
851,2017-04-30,42.672,127,0.508,-11.8888888888889,-0.777777777777777,-6.88888888888889,33.6,31.5,19.2,20,16.5,531,"CO",2017,120,4,336,-0.399999999999999,96,0
852,2017-05-01,42.672,119.38,0.508,-5,7.22222222222222,-1.22222222222222,33.1,31.1,18.8,19.5,16.3,531,"CO",2017,121,5,357.446808510638,-0.5,96,0
853,2017-05-02,42.672,114.3,0.254,-1.27777777777778,4.22222222222222,-1.38888888888889,34.6,32.4,19.8,19.6,16.1,531,"CO",2017,122,5,373.333333333333,1.5,96,0
854,2017-05-03,42.926,111.76,0.254,-5.38888888888889,4.38888888888889,-1.61111111111111,33.7,31.4,19.1,19.7,16.5,531,"CO",2017,123,5,384.090909090909,-0.899999999999999,96,0
855,2017-05-04,43.688,111.76,0.508,-2.61111111111111,12.7777777777778,4.11111111111111,33.2,30.5,18.6,19.4,16.5,531,"CO",2017,124,5,390.909090909091,-0.5,96,0
856,2017-05-05,42.926,106.68,0,2.5,14.3888888888889,6.72222222222222,38.6,36.4,22.2,20.6,16.4,531,"CO",2017,125,5,402.380952380952,5.4,96,0
857,2017-05-06,42.418,104.14,0,2,16.5,6.88888888888889,39.2,36.9,25.2,24.9,17.6,531,"CO",2017,126,5,407.317073170732,0.600000000000001,96,0
858,2017-05-07,41.402,99.06,0,1.61111111111111,11.5,3.38888888888889,39.7,37.3,25.7,25.7,21.6,531,"CO",2017,127,5,417.948717948718,0.5,96,0
859,2017-05-08,40.386,99.06,1.27,1.11111111111111,10.7222222222222,2.38888888888889,39.5,37.1,23.9,24.1,21,531,"CO",2017,128,5,407.692307692308,-0.200000000000003,96,0
860,2017-05-09,41.402,93.98,0.762,-0.611111111111112,7.77777777777778,0.722222222222221,39.1,36.6,23.3,23.4,20.7,531,"CO",2017,129,5,440.540540540541,-0.399999999999999,96,0
861,2017-05-10,41.656,93.98,0.762,-1.38888888888889,6.38888888888889,-0.388888888888889,38.8,36.5,23,23.6,20.9,531,"CO",2017,130,5,443.243243243243,-0.300000000000004,96,0
862,2017-05-11,42.418,99.06,0.254,-2.72222222222222,10,2.27777777777778,37.3,35.1,22.2,22.6,20.4,531,"CO",2017,131,5,428.205128205128,-1.5,96,0
863,2017-05-12,42.164,99.06,0,0,15.1111111111111,6.5,39.3,37,24.6,23.9,21,531,"CO",2017,132,5,425.641025641026,2,96,0
864,2017-05-13,40.894,93.98,0,2.5,14.8888888888889,7.11111111111111,40,38.4,26.6,25.1,24.3,531,"CO",2017,133,5,435.135135135135,0.700000000000003,96,0
865,2017-05-14,38.608,86.36,0,3.61111111111111,13.1111111111111,5.5,39.8,38,27.1,25,39.2,531,"CO",2017,134,5,447.058823529412,-0.200000000000003,96,0
866,2017-05-15,37.084,81.28,0,1.11111111111111,13.8888888888889,5.5,39.8,38.1,27.5,25,39.3,531,"CO",2017,135,5,456.25,0,96,0
867,2017-05-16,35.306,76.2,0,0.611111111111112,9.77777777777778,1.22222222222222,39.9,38.1,28,25.4,39.3,531,"CO",2017,136,5,463.333333333333,0.100000000000001,96,0
868,2017-05-17,34.544,73.66,0.762,-2.88888888888889,8.38888888888889,0.222222222222221,39.4,37.5,25.9,24.2,39.3,531,"CO",2017,137,5,468.965517241379,-0.5,96,0
869,2017-05-18,34.544,81.28,3.556,-5.72222222222222,-1,-5.77777777777778,39.5,37.7,25.8,23.8,39.3,531,"CO",2017,138,5,425,0.100000000000001,96,0
870,2017-05-19,37.846,106.68,1.524,-8.61111111111111,2,-6,36.2,34.3,22.3,22.6,35.7,531,"CO",2017,139,5,354.761904761905,-3.3,96,0
871,2017-05-20,39.37,116.84,0.254,-7.61111111111111,0.277777777777778,-4.88888888888889,34.5,32.8,21.5,21.5,28.6,531,"CO",2017,140,5,336.95652173913,-1.7,96,0
872,2017-05-21,39.37,99.06,0.508,-6.5,7.88888888888889,-0.388888888888889,33.4,31.7,20.5,21,25.9,531,"CO",2017,141,5,397.435897435897,-1.1,96,0
873,2017-05-22,39.624,99.06,1.016,-2.11111111111111,5.72222222222222,-1.61111111111111,34,31.9,20.4,20.6,24.4,531,"CO",2017,142,5,400,0.600000000000001,96,0
874,2017-05-23,41.148,111.76,0.508,-6.27777777777778,2.5,-2.5,33.6,31.3,19.7,20.3,23.5,531,"CO",2017,143,5,368.181818181818,-0.399999999999999,96,0
875,2017-05-24,40.64,101.6,0.508,1.38888888888889,14.7222222222222,6.22222222222222,33.3,31.2,19.9,20.2,22.8,531,"CO",2017,144,5,400,-0.300000000000004,96,0
876,2017-05-25,40.132,91.44,0,4.11111111111111,13.7777777777778,4.77777777777778,37.5,34.3,21.1,21.9,23.5,531,"CO",2017,145,5,438.888888888889,4.2,96,0
877,2017-05-26,39.37,83.82,0,-0.611111111111112,13,4.77777777777778,39.3,37,25.2,23.4,28.5,531,"CO",2017,146,5,469.69696969697,1.8,96,0
878,2017-05-27,38.354,83.82,0,-1.77777777777778,7.11111111111111,-0.722222222222223,39.4,37.4,25.8,23.7,38.4,531,"CO",2017,147,5,457.575757575758,0.100000000000001,96,0
879,2017-05-28,37.846,81.28,0.254,-5.38888888888889,11.1111111111111,1.77777777777778,38.5,36.2,23.7,23,38.4,531,"CO",2017,148,5,465.625,-0.899999999999999,96,0
880,2017-05-29,37.338,78.74,0.254,-1.38888888888889,11.8888888888889,3.61111111111111,39.3,37.1,25.3,23.2,38.3,531,"CO",2017,149,5,474.193548387097,0.799999999999997,96,0
881,2017-05-30,36.068,76.2,0,0.388888888888891,13.8888888888889,5.5,39.4,37.5,25.9,23.8,38.4,531,"CO",2017,150,5,473.333333333333,0.100000000000001,96,0
882,2017-05-31,34.29,71.12,0,1.5,15.5,6.61111111111111,39.7,37.7,26.7,25,38.5,531,"CO",2017,151,5,482.142857142857,0.300000000000004,96,0
883,2017-06-01,32.512,63.5,0,3.27777777777778,14.1111111111111,6,39.8,37.8,26.8,25.1,38.6,531,"CO",2017,152,6,512,0.0999999999999943,96,0
884,2017-06-02,30.988,55.88,0,1.11111111111111,12.7777777777778,4.72222222222222,39.9,38,26.7,24.5,38.6,531,"CO",2017,153,6,554.545454545455,0.100000000000001,96,0
885,2017-06-03,28.956,53.34,0,1.38888888888889,16.1111111111111,7.22222222222222,39.6,37.6,26.9,25.2,38.8,531,"CO",2017,154,6,542.857142857143,-0.299999999999997,96,0
886,2017-06-04,26.416,50.8,0,3.27777777777778,17,9.38888888888889,39.7,37.8,27.6,25.8,38.9,531,"CO",2017,155,6,520,0.100000000000001,96,0
887,2017-06-05,23.622,45.72,0,6.22222222222222,17.3888888888889,9.38888888888889,39.3,37.2,26.9,26,39.1,531,"CO",2017,156,6,516.666666666667,-0.400000000000006,96,0
888,2017-06-06,20.828,40.64,0,6.38888888888889,14.7222222222222,6.61111111111111,38.5,36.6,26.9,26.3,39.2,531,"CO",2017,157,6,512.5,-0.799999999999997,96,0
889,2017-06-07,19.558,38.1,0,2.38888888888889,16.5,8.11111111111111,37.5,35.8,25.2,24.8,39.2,531,"CO",2017,158,6,513.333333333333,-1,96,0
890,2017-06-08,17.78,33.02,0,4.77777777777778,18.5,11,37.5,35.6,24.8,24.4,39.2,531,"CO",2017,159,6,538.461538461538,0,96,0
891,2017-06-09,14.732,25.4,0,7.5,18.8888888888889,11.5,36.9,34.9,24.7,24.4,39.3,531,"CO",2017,160,6,580,-0.600000000000001,96,0
892,2017-06-10,12.192,17.78,0,8.38888888888889,21.5,12.8888888888889,34.9,33.6,23.4,23.8,39.3,531,"CO",2017,161,6,685.714285714286,-2,96,0
893,2017-06-11,8.89,12.7,0,8.38888888888889,20.2777777777778,11.7222222222222,33.8,32.7,22.9,23.4,39.3,531,"CO",2017,162,6,700,-1.1,96,0
894,2017-06-12,6.35,10.16,0,4.5,18.2777777777778,9.72222222222222,32.7,32,22,22.4,39.3,531,"CO",2017,163,6,625,-1.09999999999999,96,0
895,2017-06-13,3.048,7.62,0,4.61111111111111,12.2222222222222,5.61111111111111,31.7,31.4,21.1,21.7,39.3,531,"CO",2017,164,6,400,-1,96,0
896,2017-06-14,1.524,2.54,0,2.61111111111111,16.2777777777778,7.77777777777778,31,30.7,20.3,20.9,30.5,531,"CO",2017,165,6,600,-0.699999999999999,96,0
897,2017-06-15,0,0,0,4.5,18.7777777777778,10.6111111111111,30.5,29.8,19.7,20,27.4,531,"CO",2017,166,6,NA,-0.5,96,0
898,2017-06-16,0,0,0.508,6.72222222222222,20,12.2222222222222,30.1,29.5,19.1,19.3,25.2,531,"CO",2017,167,6,NA,-0.399999999999999,96,0
899,2017-06-17,0,0,0,9.88888888888889,19.5,12.2222222222222,29.4,28.6,18.4,18.7,23.3,531,"CO",2017,168,6,NA,-0.700000000000003,96,0
900,2017-06-18,0,0,0,6.61111111111111,19.3888888888889,9.88888888888889,29.1,27.4,18,18.3,22.5,531,"CO",2017,169,6,NA,-0.299999999999997,96,0
901,2017-06-19,0,0,0,5.38888888888889,21.5,11.6111111111111,28.3,27.4,17.9,17.8,21.4,531,"CO",2017,170,6,NA,-0.800000000000001,96,0
902,2017-06-20,0,0,0,7.77777777777778,22.6111111111111,15.6111111111111,27.8,26.2,17.3,17.2,20.6,531,"CO",2017,171,6,NA,-0.5,96,0
903,2017-06-21,0,0,0.254,9.5,21,13.6111111111111,26.8,25.3,17.1,16.8,19.8,531,"CO",2017,172,6,NA,-1,96,0
904,2017-06-22,0,0,0,10.3888888888889,22,12.2777777777778,26,24.3,16.7,16.5,19.2,531,"CO",2017,173,6,NA,-0.800000000000001,96,0
905,2017-06-23,0,0,0,7.5,21,10.1111111111111,25.1,22.6,15.9,15.9,18.5,531,"CO",2017,174,6,NA,-0.899999999999999,96,0
906,2017-06-24,0,0,0,1.38888888888889,19,10.1111111111111,24.7,21.5,15.8,15.5,18.2,531,"CO",2017,175,6,NA,-0.400000000000002,96,0
907,2017-06-25,0,0,0,4.72222222222222,20.2222222222222,10.7222222222222,23.2,20.6,15.4,15.1,17.8,531,"CO",2017,176,6,NA,-1.5,96,0
908,2017-06-26,0,0,0,4.88888888888889,21.3888888888889,11.3888888888889,21.6,19.4,14.8,14.8,17.6,531,"CO",2017,177,6,NA,-1.6,96,0
909,2017-06-27,0,0,0,6.11111111111111,21.5,12.6111111111111,20.8,18.1,14.6,14.5,17.3,531,"CO",2017,178,6,NA,-0.800000000000001,96,0
910,2017-06-28,0,0,0,6.5,19.6111111111111,11.3888888888889,20.5,15.9,14.1,14.1,17,531,"CO",2017,179,6,NA,-0.300000000000001,96,0
911,2017-06-29,0,0,0,5.38888888888889,18.3888888888889,10.6111111111111,18.1,14.8,13.8,13.7,16.7,531,"CO",2017,180,6,NA,-2.4,96,0
912,2017-06-30,0,0,0,4.5,17.8888888888889,8.72222222222222,17.9,14.1,13,13.2,16.5,531,"CO",2017,181,6,NA,-0.200000000000003,96,0
913,2017-07-01,0,0,0,3.22222222222222,21,11.2222222222222,15.6,12,13,12.7,16.7,531,"CO",2017,182,7,NA,-2.3,96,0
914,2017-07-02,0,0,0,7.88888888888889,20.8888888888889,10.6111111111111,16,11.4,12.5,12.4,16.1,531,"CO",2017,183,7,NA,0.4,96,0
915,2017-07-03,0,0,0,7.72222222222222,18.2777777777778,11.6111111111111,14.9,11.6,12.3,12,15.8,531,"CO",2017,184,7,NA,-1.1,96,0
916,2017-07-04,0,0,0,8,19.8888888888889,12,14.3,11.8,11.5,11.6,16.2,531,"CO",2017,185,7,NA,-0.6,96,0
917,2017-07-05,0,0,0,7.88888888888889,24.3888888888889,14.1111111111111,13.9,10.1,11.3,11.1,15.8,531,"CO",2017,186,7,NA,-0.4,96,0
918,2017-07-06,0,0,0,10.3888888888889,24,13.8888888888889,14.2,10.1,10.7,10.4,15.3,531,"CO",2017,187,7,NA,0.299999999999999,96,0
919,2017-07-07,0,0,0,8.11111111111111,21.7777777777778,12.2777777777778,13.1,10.5,10.2,9.9,15.4,531,"CO",2017,188,7,NA,-1.1,96,0
920,2017-07-08,0,0,0,8.61111111111111,21.6111111111111,11.7222222222222,12.4,8.9,9.9,9.4,15.3,531,"CO",2017,189,7,NA,-0.699999999999999,96,0
921,2017-07-09,0,0,0,7.5,24,14,11.5,9,9.6,9.1,14.8,531,"CO",2017,190,7,NA,-0.9,96,0
922,2017-07-10,0,0,0.508,10.3888888888889,23.2222222222222,11.6111111111111,10.5,10.2,8.8,8.3,14.7,531,"CO",2017,191,7,NA,-1,96,0
923,2017-07-11,0,0,0.254,6.11111111111111,19.7777777777778,9.88888888888889,11.5,7.2,9.2,7.8,14.4,531,"CO",2017,192,7,NA,1,96,0
924,2017-07-12,0,0,2.54,6.22222222222222,11.7777777777778,7.22222222222222,31.7,12.6,8.6,7.9,14.6,531,"CO",2017,193,7,NA,20.2,96,0
925,2017-07-13,0,0,0.508,4.5,16.3888888888889,8.5,36.4,33.4,20.3,8,14.7,531,"CO",2017,194,7,NA,4.7,96,0
926,2017-07-14,0,0,0,6.22222222222222,15.2222222222222,8.5,33.8,31.3,19.4,9,14.3,531,"CO",2017,195,7,NA,-2.6,96,0
927,2017-07-15,0,0,0,5.72222222222222,20.2222222222222,10.7222222222222,34.5,30.9,19,10.4,14.7,531,"CO",2017,196,7,NA,0.700000000000003,96,0
928,2017-07-16,0,0,0,5.88888888888889,21,11.7222222222222,31.8,29.5,18,11.4,14.7,531,"CO",2017,197,7,NA,-2.7,96,0
929,2017-07-17,0,0,0.254,7,21.6111111111111,11.6111111111111,30.6,28.2,17.4,11.8,14.5,531,"CO",2017,198,7,NA,-1.2,96,0
930,2017-07-18,0,0,0.254,10.8888888888889,20.6111111111111,11.7222222222222,29.8,27.2,17.1,11.8,14.6,531,"CO",2017,199,7,NA,-0.800000000000001,96,0
931,2017-07-19,0,0,0,9,21,11.5,29.2,25.8,16.1,11.6,14.5,531,"CO",2017,200,7,NA,-0.600000000000001,96,0
932,2017-07-20,0,0,0,7.22222222222222,21.8888888888889,11.7777777777778,28.7,25.5,15.7,11.6,14.6,531,"CO",2017,201,7,NA,-0.5,96,0
933,2017-07-21,0,0,0.508,8.5,20.1111111111111,9.77777777777778,28.4,24.8,15.3,11.5,14.2,531,"CO",2017,202,7,NA,-0.300000000000001,96,0
934,2017-07-22,0,0,0,6.61111111111111,18.2222222222222,9.77777777777778,35,29.2,15.7,11.3,14.6,531,"CO",2017,203,7,NA,6.6,96,0
935,2017-07-23,0,0,0.254,7.72222222222222,18.7222222222222,10.7222222222222,33.4,28.8,15.8,11.3,14.2,531,"CO",2017,204,7,NA,-1.6,96,0
936,2017-07-24,0,0,0,7.61111111111111,21.2222222222222,12.3888888888889,32.7,27.5,15.6,11.3,14.3,531,"CO",2017,205,7,NA,-0.699999999999996,96,0
937,2017-07-25,0,0,0.508,10.7222222222222,19.7777777777778,11.2222222222222,31.1,26.3,15.1,10.9,13.9,531,"CO",2017,206,7,NA,-1.6,96,0
938,2017-07-26,0,0,0.254,7.88888888888889,17.7222222222222,10.7222222222222,36.7,29.4,14.9,10.8,14,531,"CO",2017,207,7,NA,5.6,96,0
939,2017-07-27,0,0,0.254,8,21.7222222222222,11.7777777777778,35.5,29.7,16.1,10.9,14.1,531,"CO",2017,208,7,NA,-1.2,96,0
940,2017-07-28,0,0,0.508,7.61111111111111,17.2222222222222,9.5,35.9,29.7,16.3,10.8,13.7,531,"CO",2017,209,7,NA,0.399999999999999,96,0
941,2017-07-29,0,0,0.508,7.5,10.6111111111111,7.77777777777778,36.4,30.7,17,11.1,14,531,"CO",2017,210,7,NA,0.5,96,0
942,2017-07-30,0,0,0.254,6.77777777777778,17.1111111111111,8.88888888888889,38.1,33,20,11.8,13.9,531,"CO",2017,211,7,NA,1.7,96,0
943,2017-07-31,0,0,0,6,17,9.11111111111111,35.4,31.5,19.9,13.6,13.8,531,"CO",2017,212,7,NA,-2.7,96,0
944,2017-08-01,0,0,0.508,6,17.2777777777778,8.38888888888889,33.4,29.9,18.9,14.5,14.1,531,"CO",2017,213,8,NA,-2,96,0
945,2017-08-02,0,0,0,6.5,18,10.5,35.8,30.9,19.1,14.4,13.9,531,"CO",2017,214,8,NA,2.4,96,0
1097,2018-01-01,15.494,60.96,0,-9,-1.5,-7,10.8,9.1,4.2,0.3,10.8,531,"CO",2018,1,1,254.166666666667,0,112,0
1098,2018-01-02,15.494,60.96,0,-10.2777777777778,-7.61111111111111,-12.1111111111111,10.2,9.1,4.1,0.4,10.7,531,"CO",2018,2,1,254.166666666667,-0.600000000000001,112,0
1099,2018-01-03,15.494,60.96,0,-11.1111111111111,0.388888888888891,-5,10.2,8.9,4,0.1,10.7,531,"CO",2018,3,1,254.166666666667,0,112,0
1100,2018-01-04,15.494,60.96,0,-5.77777777777778,1.11111111111111,-5.22222222222222,10.3,8.8,3.8,0,10.4,531,"CO",2018,4,1,254.166666666667,0.100000000000001,112,0
1101,2018-01-05,15.494,58.42,0,-5,0.777777777777777,-2.72222222222222,10.4,9.1,3.7,0.2,10.3,531,"CO",2018,5,1,265.217391304348,0.0999999999999996,112,0
1102,2018-01-06,15.494,58.42,0.254,-4.72222222222222,0.777777777777777,-3.72222222222222,10.2,9.1,3.9,0.3,10.4,531,"CO",2018,6,1,265.217391304348,-0.200000000000001,112,0
1103,2018-01-07,15.748,60.96,0.254,-6.11111111111111,-4.88888888888889,-8.11111111111111,10.2,8.9,3.8,0,10.3,531,"CO",2018,7,1,258.333333333333,0,112,0
1104,2018-01-08,15.748,63.5,0,-7.38888888888889,7.88888888888889,-0.777777777777777,10.7,8.9,3.6,0.2,10.1,531,"CO",2018,8,1,248,0.5,112,0
1105,2018-01-09,16.002,63.5,0,0.111111111111113,4.77777777777778,0,10.2,9.3,3.9,0.2,10.4,531,"CO",2018,9,1,252,-0.5,112,0
1106,2018-01-10,16.002,63.5,0.254,-1.11111111111111,0.111111111111113,-5.5,10.5,9.3,4.1,0.1,10.3,531,"CO",2018,10,1,252,0.300000000000001,112,0
1107,2018-01-11,16.51,66.04,0.254,-13.3888888888889,-9.5,-13.2777777777778,10.8,9.2,3.8,0.2,10.1,531,"CO",2018,11,1,250,0.300000000000001,112,0
1108,2018-01-12,16.51,60.96,1.016,-9.77777777777778,-6.27777777777778,-9.5,10.4,9.1,4,0.2,10.1,531,"CO",2018,12,1,270.833333333333,-0.4,112,0
1109,2018-01-13,17.526,81.28,0,-11.3888888888889,-5.27777777777778,-8.88888888888889,10.2,8.8,3.8,0.5,10.1,531,"CO",2018,13,1,215.625,-0.200000000000001,112,0
1110,2018-01-14,17.78,78.74,0,-10.2222222222222,-0.777777777777777,-4.77777777777778,10.8,9.4,4,0.2,10,531,"CO",2018,14,1,225.806451612903,0.600000000000001,112,0
1111,2018-01-15,17.78,71.12,0,-4.72222222222222,-4.72222222222222,-10.3888888888889,10.6,9.2,4.2,0,10.1,531,"CO",2018,15,1,250,-0.200000000000001,112,0
1112,2018-01-16,17.78,71.12,0,-19.2222222222222,-4.72222222222222,-12.2777777777778,10.5,8.8,3.9,0.1,10,531,"CO",2018,16,1,250,-0.0999999999999996,112,0
1113,2018-01-17,17.78,71.12,0,-11.8888888888889,-2.38888888888889,-9,10.2,9,4.1,0.1,10,531,"CO",2018,17,1,250,-0.300000000000001,112,0
1114,2018-01-18,17.78,71.12,0,-10.7222222222222,2,-4.38888888888889,10.6,9.1,4,0.1,10.1,531,"CO",2018,18,1,250,0.4,112,0
1115,2018-01-19,17.78,71.12,0,0.222222222222221,6.5,0.722222222222221,10.1,9.1,3.7,0.1,9.6,531,"CO",2018,19,1,250,-0.5,112,0
1116,2018-01-20,17.78,71.12,0.254,-2.72222222222222,3.22222222222222,-2.72222222222222,10.5,9,3.9,0,9.6,531,"CO",2018,20,1,250,0.4,112,0
1117,2018-01-21,18.034,71.12,2.54,-7.77777777777778,-7.77777777777778,-13.6111111111111,10.6,9.1,3.6,0,9.8,531,"CO",2018,21,1,253.571428571429,0.0999999999999996,112,0
1118,2018-01-22,20.574,93.98,0.254,-18.2222222222222,-10.7222222222222,-15.6111111111111,10.4,9.1,4,0,9.5,531,"CO",2018,22,1,218.918918918919,-0.199999999999999,112,0
1119,2018-01-23,20.574,88.9,0,-15.2777777777778,-9.22222222222222,-13.2777777777778,10.7,9,4.1,0.2,9.4,531,"CO",2018,23,1,231.428571428571,0.299999999999999,112,0
1120,2018-01-24,20.828,88.9,0,-11.5,-1.5,-7.11111111111111,10.4,9,3.9,0,9.6,531,"CO",2018,24,1,234.285714285714,-0.299999999999999,112,0
1121,2018-01-25,20.828,86.36,0,-5.27777777777778,3.22222222222222,-3.61111111111111,10.5,9.3,3.6,0.2,9.5,531,"CO",2018,25,1,241.176470588235,0.0999999999999996,112,0
1122,2018-01-26,20.828,76.2,0.254,-8.27777777777778,-8.27777777777778,-14.1111111111111,10.5,9,4.1,0,9.2,531,"CO",2018,26,1,273.333333333333,0,112,0
1123,2018-01-27,21.082,81.28,0.254,-15.8888888888889,-5.22222222222222,-12.1111111111111,10.8,9.2,3.9,0,9.6,531,"CO",2018,27,1,259.375,0.300000000000001,112,0
1124,2018-01-28,21.082,83.82,0,-14.1111111111111,-3.38888888888889,-8.77777777777778,10.5,8.7,4.1,0,9.1,531,"CO",2018,28,1,251.515151515152,-0.300000000000001,112,0
1125,2018-01-29,21.336,81.28,0,-9.77777777777778,1.38888888888889,-4.5,10.8,9,3.8,0,9,531,"CO",2018,29,1,262.5,0.300000000000001,112,0
1126,2018-01-30,21.336,78.74,0,-2.5,3.72222222222222,-0.722222222222223,10.8,9.1,4.1,0,9.3,531,"CO",2018,30,1,270.967741935484,0,112,0
1127,2018-01-31,21.336,78.74,0,-3.5,1.61111111111111,-2.88888888888889,10.3,8.9,3.8,0,9.1,531,"CO",2018,31,1,270.967741935484,-0.5,112,0
1128,2018-02-01,21.336,76.2,0.254,-5.72222222222222,-2.11111111111111,-5.5,10.9,9,4,0,8.8,531,"CO",2018,32,2,280,0.6,112,0
1129,2018-02-02,21.59,86.36,0.254,-5.5,1.22222222222222,-3.5,10.6,9,3.7,0,8.9,531,"CO",2018,33,2,250,-0.300000000000001,112,0
1130,2018-02-03,21.59,83.82,0.254,-5.77777777777778,-0.611111111111112,-5,10.5,9.1,4.1,0,9,531,"CO",2018,34,2,257.575757575758,-0.0999999999999996,112,0
1131,2018-02-04,21.844,86.36,0,-6.22222222222222,1.22222222222222,-4,10.7,9.4,4.1,0,8.8,531,"CO",2018,35,2,252.941176470588,0.199999999999999,112,0
1132,2018-02-05,22.098,86.36,1.778,-4.77777777777778,-4.61111111111111,-6.77777777777778,10.8,8.9,4.2,0,8.6,531,"CO",2018,36,2,255.882352941176,0.100000000000001,112,0
1133,2018-02-06,23.876,109.22,0,-9.72222222222222,-7,-10.5,10.8,9.3,3.8,0,8.7,531,"CO",2018,37,2,218.604651162791,0,112,0
1134,2018-02-07,24.384,104.14,0.254,-12.5,-3.22222222222222,-8.22222222222222,10.6,9.2,3.8,0,8.8,531,"CO",2018,38,2,234.146341463415,-0.200000000000001,112,0
1135,2018-02-08,24.384,101.6,0.254,-7.88888888888889,0.277777777777778,-5.5,11,9.4,4.1,0.2,8.1,531,"CO",2018,39,2,240,0.4,112,0
1136,2018-02-09,24.638,99.06,0,-5.72222222222222,1.77777777777778,-3.77777777777778,10.8,9.4,4.3,0.2,8.4,531,"CO",2018,40,2,248.717948717949,-0.199999999999999,112,0
1137,2018-02-10,24.638,93.98,0.762,-5.77777777777778,-5.77777777777778,-11.6111111111111,10.8,9.4,4.3,0.2,8.6,531,"CO",2018,41,2,262.162162162162,0,112,0
1138,2018-02-11,25.654,106.68,0.254,-19.6111111111111,-6.5,-14.7777777777778,10.7,9.3,4.1,0.1,8.2,531,"CO",2018,42,2,240.47619047619,-0.100000000000001,112,0
1139,2018-02-12,25.908,104.14,0.254,-14.5,-5,-9.5,11,9.4,4,0,8.6,531,"CO",2018,43,2,248.780487804878,0.300000000000001,112,0
1140,2018-02-13,25.908,99.06,0,-9,0.388888888888891,-6.5,11,9.4,4.1,0,7.9,531,"CO",2018,44,2,261.538461538461,0,112,0
1141,2018-02-14,25.908,101.6,0,-7.77777777777778,1.38888888888889,-4.88888888888889,10.6,9.3,4.2,0.4,8.1,531,"CO",2018,45,2,255,-0.4,112,0
1142,2018-02-15,26.162,99.06,0.254,-7.27777777777778,-2.5,-9.61111111111111,10.6,8.9,4,0,8.2,531,"CO",2018,46,2,264.102564102564,0,112,0
1143,2018-02-16,26.416,106.68,0,-17.3888888888889,-1.38888888888889,-10.6111111111111,10.7,9.1,4.2,0,8.1,531,"CO",2018,47,2,247.619047619048,0.0999999999999996,112,0
1144,2018-02-17,26.67,104.14,0.508,-11.7222222222222,-2,-7.11111111111111,10.8,9.4,3.9,0,8,531,"CO",2018,48,2,256.09756097561,0.100000000000001,112,0
1145,2018-02-18,26.67,101.6,0,-3.77777777777778,4,-2.72222222222222,10.7,9.3,4,0.2,8.2,531,"CO",2018,49,2,262.5,-0.100000000000001,112,0
1146,2018-02-19,26.67,96.52,0.254,-5.77777777777778,-2.11111111111111,-7.88888888888889,10.6,9.1,4.2,0,7.9,531,"CO",2018,50,2,276.315789473684,-0.0999999999999996,112,0
1147,2018-02-20,26.924,104.14,0,-15.7222222222222,-13.6111111111111,-18.3888888888889,10.8,8.9,4.2,0.2,8,531,"CO",2018,51,2,258.536585365854,0.200000000000001,112,0
1148,2018-02-21,27.178,104.14,0,-22.1111111111111,-6,-15,10.8,9.3,4.1,0.2,7.9,531,"CO",2018,52,2,260.975609756098,0,112,0
1149,2018-02-22,27.178,101.6,0.508,-13.7777777777778,-5.22222222222222,-12.7777777777778,11,9.4,4,0.2,7.9,531,"CO",2018,53,2,267.5,0.199999999999999,112,0
1150,2018-02-23,27.432,104.14,0,-17.1111111111111,-5.77777777777778,-13.3888888888889,10.5,8.7,3.9,0.2,7.8,531,"CO",2018,54,2,263.414634146341,-0.5,112,0
1151,2018-02-24,27.432,101.6,0,-17.2777777777778,-13.2222222222222,-17.2777777777778,10.2,8.9,3.6,0,7.9,531,"CO",2018,55,2,270,-0.300000000000001,112,0
1152,2018-02-25,27.432,104.14,0.508,-18,-11.5,-15.6111111111111,10.6,8.7,4,0,7.8,531,"CO",2018,56,2,263.414634146341,0.4,112,0
1153,2018-02-26,27.686,101.6,0,-12.8888888888889,0.611111111111112,-6.77777777777778,10.2,9,4.1,0,7.6,531,"CO",2018,57,2,272.5,-0.4,112,0
1154,2018-02-27,27.686,101.6,0,-9.27777777777778,1.27777777777778,-6.77777777777778,10.1,8.9,4,0,7.7,531,"CO",2018,58,2,272.5,-0.0999999999999996,112,0
1155,2018-02-28,27.686,99.06,0,-10.8888888888889,-3.77777777777778,-9.88888888888889,10.4,8.8,3.8,0,7.6,531,"CO",2018,59,2,279.48717948718,0.300000000000001,112,0
1156,2018-03-01,27.686,99.06,0,-11.8888888888889,3.22222222222222,-6.38888888888889,10.5,8.9,4,0,7.7,531,"CO",2018,60,3,279.48717948718,0.0999999999999996,112,0
1157,2018-03-02,27.686,99.06,0,-8.77777777777778,5.5,-2.72222222222222,10.4,8.8,3.5,0,7.6,531,"CO",2018,61,3,279.48717948718,-0.0999999999999996,112,0
1158,2018-03-03,27.94,96.52,0,-1.77777777777778,7.61111111111111,-0.222222222222221,10.4,9,4,0,7.5,531,"CO",2018,62,3,289.473684210526,0,112,0
1159,2018-03-04,27.94,99.06,0,-3.22222222222222,2.27777777777778,-7.22222222222222,10.2,8.7,3.7,0,7.1,531,"CO",2018,63,3,282.051282051282,-0.200000000000001,112,0
1160,2018-03-05,27.94,101.6,0,-17.8888888888889,-9.72222222222222,-16.1111111111111,10.4,9,3.9,0,7.3,531,"CO",2018,64,3,275,0.200000000000001,112,0
1161,2018-03-06,28.194,104.14,0.254,-16.8888888888889,-6,-12.7777777777778,10.4,9,3.9,0,7.5,531,"CO",2018,65,3,270.731707317073,0,112,0
1162,2018-03-07,28.194,104.14,0,-10.5,-0.611111111111112,-7,10.6,9,4.2,0,7.3,531,"CO",2018,66,3,270.731707317073,0.199999999999999,112,0
1163,2018-03-08,28.194,99.06,0,-7.77777777777778,2.61111111111111,-4,10.6,8.7,3.9,0,6.9,531,"CO",2018,67,3,284.615384615385,0,112,0
1164,2018-03-09,28.448,101.6,0.254,-5.72222222222222,3.27777777777778,-3.5,10.4,8.7,4,0,7.1,531,"CO",2018,68,3,280,-0.199999999999999,112,0
1165,2018-03-10,28.448,101.6,1.016,-7,-1.77777777777778,-8.38888888888889,10.3,8.8,3.7,0,7.1,531,"CO",2018,69,3,280,-0.0999999999999996,112,0
1166,2018-03-11,29.21,111.76,0,-13.5,2.72222222222222,-6.88888888888889,10.5,8.9,3.7,0,6.7,531,"CO",2018,70,3,261.363636363636,0.199999999999999,112,0
1167,2018-03-12,29.464,114.3,0,-7.77777777777778,4.38888888888889,-4.72222222222222,10.5,9.1,4.1,0,6.8,531,"CO",2018,71,3,257.777777777778,0,112,0
1168,2018-03-13,29.464,109.22,0.254,-9.38888888888889,4.22222222222222,-4.11111111111111,10.5,8.8,4.2,0,6.8,531,"CO",2018,72,3,269.767441860465,0,112,0
1169,2018-03-14,29.464,109.22,0,-4.11111111111111,6.61111111111111,-0.611111111111112,10.6,9,3.8,0,6.6,531,"CO",2018,73,3,269.767441860465,0.0999999999999996,112,0
1170,2018-03-15,29.464,104.14,0.254,-1.27777777777778,7.38888888888889,-2.61111111111111,10.5,8.9,4.2,0,6.5,531,"CO",2018,74,3,282.926829268293,-0.0999999999999996,112,0
1171,2018-03-16,29.718,111.76,0,-9.11111111111111,-2.5,-8.38888888888889,10.8,9.1,3.7,0,6.9,531,"CO",2018,75,3,265.909090909091,0.300000000000001,112,0
1172,2018-03-17,29.972,111.76,0,-10.1111111111111,4.5,-5,10.5,9,4.1,0,6.6,531,"CO",2018,76,3,268.181818181818,-0.300000000000001,112,0
1173,2018-03-18,29.972,109.22,0.254,-8.77777777777778,1.5,-8,10.4,9,4.1,0,6.6,531,"CO",2018,77,3,274.418604651163,-0.0999999999999996,112,0
1174,2018-03-19,30.226,111.76,0.254,-14.2777777777778,-5,-11.3888888888889,10.8,9.2,4,0,6.7,531,"CO",2018,78,3,270.454545454545,0.4,112,0
1175,2018-03-20,30.226,106.68,0.254,-14.1111111111111,-4.61111111111111,-9.88888888888889,10.5,9.2,4.1,0,6.4,531,"CO",2018,79,3,283.333333333333,-0.300000000000001,112,0
1176,2018-03-21,30.734,111.76,0,-9.11111111111111,3.5,-3.22222222222222,10.4,9.3,4,0,6.4,531,"CO",2018,80,3,275,-0.0999999999999996,112,0
1177,2018-03-22,30.734,111.76,0,-2.27777777777778,10.5,2,10.7,8.9,4,0,6.5,531,"CO",2018,81,3,275,0.299999999999999,112,0
1178,2018-03-23,30.734,106.68,1.524,1.61111111111111,3.77777777777778,-2.22222222222222,10.8,9.1,3.8,0,6.8,531,"CO",2018,82,3,288.095238095238,0.100000000000001,112,0
1179,2018-03-24,32.004,116.84,0,-8.27777777777778,6,-2.5,10.9,9.3,4.5,0,6.3,531,"CO",2018,83,3,273.913043478261,0.0999999999999996,112,0
1180,2018-03-25,32.258,116.84,0,-3.77777777777778,7.11111111111111,-1.38888888888889,11,9.6,4.1,0,6.3,531,"CO",2018,84,3,276.086956521739,0.0999999999999996,112,0
1181,2018-03-26,32.258,114.3,0,-6.22222222222222,3.61111111111111,-5,10.9,9.4,4.1,0.1,6.8,531,"CO",2018,85,3,282.222222222222,-0.0999999999999996,112,0
1182,2018-03-27,32.258,114.3,0.254,-10.7222222222222,-0.722222222222223,-7.77777777777778,11.4,9.8,4.6,0,6.4,531,"CO",2018,86,3,282.222222222222,0.5,112,0
1183,2018-03-28,32.258,116.84,0.254,-12.2222222222222,-0.111111111111111,-9,11.2,9.8,4.6,0.1,6.6,531,"CO",2018,87,3,276.086956521739,-0.200000000000001,112,0
1184,2018-03-29,32.766,119.38,0.254,-11.1111111111111,-2.72222222222222,-8.22222222222222,11.4,9.7,4.6,0,6.4,531,"CO",2018,88,3,274.468085106383,0.200000000000001,112,0
1185,2018-03-30,33.02,119.38,0,-8,4.22222222222222,-2.77777777777778,11.3,9.6,4.1,0.2,6.7,531,"CO",2018,89,3,276.595744680851,-0.0999999999999996,112,0
1186,2018-03-31,33.02,116.84,0,-4.11111111111111,8.11111111111111,-0.111111111111111,11.2,9.6,4.3,0,6.4,531,"CO",2018,90,3,282.608695652174,-0.100000000000001,112,0
1187,2018-04-01,33.02,111.76,0.254,0.222222222222221,7.88888888888889,0.999999999999998,11.4,9.5,4.3,0.1,6.8,531,"CO",2018,91,4,295.454545454545,0.200000000000001,112,0
1188,2018-04-02,33.274,109.22,0.254,-0.611111111111112,8.22222222222222,0.277777777777778,11.7,10.1,4.3,0.4,6.6,531,"CO",2018,92,4,304.651162790698,0.299999999999999,112,0
1189,2018-04-03,33.274,116.84,0,-7.77777777777778,-1.77777777777778,-8.72222222222222,11.8,10.5,4.5,0.1,6.5,531,"CO",2018,93,4,284.782608695652,0.100000000000001,112,0
1190,2018-04-04,33.274,114.3,0.254,-7.22222222222222,4.5,-2.27777777777778,11.6,10.1,4.6,0.1,6.8,531,"CO",2018,94,4,291.111111111111,-0.200000000000001,112,0
1191,2018-04-05,33.528,111.76,0.254,-5.22222222222222,6.72222222222222,-2.11111111111111,11.9,10.3,4.7,0.1,6.7,531,"CO",2018,95,4,300,0.300000000000001,112,0
1192,2018-04-06,33.528,109.22,1.778,-3.61111111111111,1.27777777777778,-2,12.5,10.8,4.6,0.2,6.8,531,"CO",2018,96,4,306.976744186046,0.6,112,0
1193,2018-04-07,35.306,124.46,2.286,-3.5,6.11111111111111,-0.388888888888889,12.8,11.1,4.9,0.2,6.9,531,"CO",2018,97,4,283.673469387755,0.300000000000001,112,0
1194,2018-04-08,37.338,147.32,1.524,-0.88888888888889,0.222222222222221,-4.27777777777778,13.7,11.4,4.8,0.3,6.9,531,"CO",2018,98,4,253.448275862069,0.899999999999999,112,0
1195,2018-04-09,39.116,147.32,0.508,-8.22222222222222,1.5,-6.11111111111111,13.6,11.3,5.2,0.4,6.8,531,"CO",2018,99,4,265.51724137931,-0.0999999999999996,112,0
1196,2018-04-10,39.37,144.78,0.254,-6.72222222222222,7.22222222222222,-0.388888888888889,14.3,11.9,5.1,0.3,6.8,531,"CO",2018,100,4,271.929824561403,0.700000000000001,112,0
1197,2018-04-11,39.624,139.7,0,-0.88888888888889,11,4,13.9,11.9,5,0.6,6.8,531,"CO",2018,101,4,283.636363636364,-0.4,112,0
1198,2018-04-12,39.624,134.62,0.254,3.72222222222222,8.38888888888889,0.611111111111112,14.6,12,5.5,0.3,6.8,531,"CO",2018,102,4,294.339622641509,0.699999999999999,112,0
1199,2018-04-13,39.624,134.62,0,-10.6111111111111,-7.77777777777778,-11.6111111111111,14.5,12.1,5.5,0.6,7,531,"CO",2018,103,4,294.339622641509,-0.0999999999999996,112,0
1200,2018-04-14,39.878,132.08,0.254,-12.5,-3.72222222222222,-8.72222222222222,14.6,12.3,5.4,0.5,6.8,531,"CO",2018,104,4,301.923076923077,0.0999999999999996,112,0
1201,2018-04-15,40.132,127,0.254,-7,4.88888888888889,-2.5,14.8,12.1,5.5,0.6,6.9,531,"CO",2018,105,4,316,0.200000000000001,112,0
1202,2018-04-16,40.386,129.54,0,-2.27777777777778,9.22222222222222,2.72222222222222,15,12.5,5.4,0.8,6.7,531,"CO",2018,106,4,311.764705882353,0.199999999999999,112,0
1203,2018-04-17,40.386,127,0.508,-0.777777777777777,3.88888888888889,-6.11111111111111,15.3,13,5.8,0.9,7,531,"CO",2018,107,4,318,0.300000000000001,112,0
1204,2018-04-18,40.386,132.08,0,-14,5.77777777777778,-6.27777777777778,15.4,12.9,5.4,0.5,6.8,531,"CO",2018,108,4,305.769230769231,0.0999999999999996,112,0
1205,2018-04-19,41.402,124.46,0,-9.5,7.88888888888889,-1.11111111111111,15.5,12.8,5.9,0.8,6.8,531,"CO",2018,109,4,332.65306122449,0.0999999999999996,112,0
1206,2018-04-20,41.402,124.46,2.54,-1.61111111111111,0.222222222222221,-3.88888888888889,16.2,13,5.8,0.9,7,531,"CO",2018,110,4,332.65306122449,0.699999999999999,112,0
1207,2018-04-21,42.672,149.86,0.254,-6.61111111111111,-0.277777777777778,-4.77777777777778,16.3,13.3,5.7,1,7.2,531,"CO",2018,111,4,284.745762711864,0.100000000000001,112,0
1208,2018-04-22,43.434,139.7,0.254,-5.72222222222222,8.11111111111111,0.111111111111113,16.2,13.3,6.2,1,7.2,531,"CO",2018,112,4,310.909090909091,-0.100000000000001,112,0
1209,2018-04-23,42.418,121.92,0,-2.22222222222222,10.7222222222222,2.72222222222222,16.4,13.3,6.4,0.9,7.4,531,"CO",2018,113,4,347.916666666667,0.199999999999999,112,0
1210,2018-04-24,42.418,127,0.762,-2,9.22222222222222,-2.38888888888889,16.9,13.3,6,1.1,7.2,531,"CO",2018,114,4,334,0.5,112,0
1211,2018-04-25,43.18,124.46,0,-8.22222222222222,9.72222222222222,-0.722222222222223,18.2,13.7,6.5,0.9,7.4,531,"CO",2018,115,4,346.938775510204,1.3,112,0
1212,2018-04-26,43.18,124.46,0,0,7,0,20.5,14.2,6.1,1.1,7.2,531,"CO",2018,116,4,346.938775510204,2.3,112,1
1213,2018-04-27,42.672,121.92,0,-2.77777777777778,12.2222222222222,4,23.7,14.8,6.4,1.3,7.4,531,"CO",2018,117,4,350,3.2,112,0
1214,2018-04-28,41.91,119.38,0,-0.777777777777777,14.8888888888889,4.22222222222222,27.6,15.2,6.6,1.2,7.3,531,"CO",2018,118,4,351.063829787234,3.9,112,0
1215,2018-04-29,41.148,111.76,0,0.277777777777778,12.7777777777778,4.22222222222222,30.6,15.7,6.6,1.5,7.2,531,"CO",2018,119,4,368.181818181818,3,112,0
1216,2018-04-30,40.132,111.76,0,-0.722222222222223,9.72222222222222,1.77777777777778,33.4,16.1,6.7,1.5,7.5,531,"CO",2018,120,4,359.090909090909,2.8,112,0
1217,2018-05-01,39.116,104.14,0,-3.11111111111111,7,-0.222222222222221,36.1,16.3,6.4,1.3,7.5,531,"CO",2018,121,5,375.609756097561,2.7,112,0
1218,2018-05-02,38.354,101.6,1.016,-3,3,-2.22222222222222,38.3,17.1,6.8,1.5,7.4,531,"CO",2018,122,5,377.5,2.2,112,0
1219,2018-05-03,39.116,111.76,0.762,-4.88888888888889,1.27777777777778,-3.38888888888889,38.5,17.6,6.5,2,7.5,531,"CO",2018,123,5,350,0.200000000000003,112,0
1220,2018-05-04,39.878,114.3,0,-5,6.88888888888889,-0.611111111111112,38.7,18.8,6.8,1.7,7.4,531,"CO",2018,124,5,348.888888888889,0.200000000000003,112,0
1221,2018-05-05,40.132,106.68,0,-2,11.6111111111111,4,39.5,20.3,7.4,2.1,7.6,531,"CO",2018,125,5,376.190476190476,0.799999999999997,112,0
1222,2018-05-06,39.116,101.6,0,1.22222222222222,13.1111111111111,6.22222222222222,39.8,23.4,7.4,2.2,7.9,531,"CO",2018,126,5,385,0.299999999999997,112,0
1223,2018-05-07,37.846,99.06,0,4.22222222222222,14.7222222222222,7.61111111111111,40,25.8,7,2.5,8,531,"CO",2018,127,5,382.051282051282,0.200000000000003,112,0
1224,2018-05-08,37.084,93.98,0,3.38888888888889,13.8888888888889,6.38888888888889,40.2,27.3,7.5,3.1,13.3,531,"CO",2018,128,5,394.594594594595,0.200000000000003,112,0
1225,2018-05-09,34.798,86.36,0,5.11111111111111,15.2222222222222,7.38888888888889,40.3,28.1,8.1,4.6,38.6,531,"CO",2018,129,5,402.941176470588,0.0999999999999943,112,0
1226,2018-05-10,33.274,86.36,0,3.72222222222222,16.3888888888889,9,40.3,28.7,8.6,7.9,38.4,531,"CO",2018,130,5,385.294117647059,0,112,0
1227,2018-05-11,30.988,78.74,0,4.5,14.1111111111111,7,40.3,29,9.3,11.1,38.6,531,"CO",2018,131,5,393.548387096774,0,112,0
1228,2018-05-12,29.464,73.66,0,2.77777777777778,13.8888888888889,6.38888888888889,40.4,29.7,9.9,17.4,38.8,531,"CO",2018,132,5,400,0.100000000000001,112,0
1229,2018-05-13,28.194,68.58,0,2.77777777777778,13.2222222222222,4.88888888888889,40.5,30,11.1,20.3,38.9,531,"CO",2018,133,5,411.111111111111,0.100000000000001,112,0
1230,2018-05-14,26.924,66.04,0,0.388888888888891,12.3888888888889,4.38888888888889,40.6,30.2,12.8,21.8,38.9,531,"CO",2018,134,5,407.692307692308,0.100000000000001,112,0
1231,2018-05-15,25.4,58.42,0,1.11111111111111,14.2222222222222,5.22222222222222,40.6,30.7,14.9,22.4,38.9,531,"CO",2018,135,5,434.782608695652,0,112,0
1232,2018-05-16,24.384,58.42,0,2,15.3888888888889,7.38888888888889,40.6,30.7,17.8,23.5,39.1,531,"CO",2018,136,5,417.391304347826,0,112,0
1233,2018-05-17,22.352,50.8,0,2.88888888888889,16.2777777777778,7.72222222222222,40.6,30.7,20.3,25.1,39.2,531,"CO",2018,137,5,440,0,112,0
1234,2018-05-18,20.066,48.26,0.254,2.5,11.2222222222222,2.5,40.3,30.3,21.1,27.9,39.3,531,"CO",2018,138,5,415.789473684211,-0.300000000000004,112,0
1235,2018-05-19,19.558,38.1,0.762,-1.22222222222222,7.72222222222222,0.611111111111112,40.1,29.8,21.5,25,39.3,531,"CO",2018,139,5,513.333333333333,-0.199999999999996,112,0
1236,2018-05-20,20.066,40.64,0.508,-1.61111111111111,10.7222222222222,1.27777777777778,40.1,30.1,21.5,24.4,39.3,531,"CO",2018,140,5,493.75,0,112,0
1237,2018-05-21,20.32,40.64,0,-1.77777777777778,14.2777777777778,4.22222222222222,40.1,31.2,23.3,25.1,39.4,531,"CO",2018,141,5,500,0,112,0
1238,2018-05-22,19.05,40.64,0,2.77777777777778,12.6111111111111,4.5,40,37.7,25,25.6,39.4,531,"CO",2018,142,5,468.75,-0.100000000000001,112,0
1239,2018-05-23,18.288,40.64,0,1.72222222222222,14.7222222222222,6.11111111111111,39.4,38,24.2,25,39.4,531,"CO",2018,143,5,450,-0.600000000000001,112,0
1240,2018-05-24,16.002,35.56,0,2.5,14.8888888888889,7.22222222222222,38.9,37.7,24.1,25,39.5,531,"CO",2018,144,5,450,-0.5,112,0
1241,2018-05-25,13.462,30.48,0,4.22222222222222,18.6111111111111,10.6111111111111,38.4,37.3,26.5,25,39.6,531,"CO",2018,145,5,441.666666666667,-0.5,112,0
1242,2018-05-26,10.414,20.32,0,6,17,9.72222222222222,37.6,36.7,25.5,25.1,39.6,531,"CO",2018,146,5,512.5,-0.799999999999997,112,0
1243,2018-05-27,8.382,15.24,0,6.72222222222222,17.7777777777778,9.22222222222222,36.5,35.9,23.9,24.7,39.6,531,"CO",2018,147,5,550,-1.1,112,0
1244,2018-05-28,5.588,12.7,0,3.61111111111111,14.3888888888889,5.72222222222222,35.4,35.2,23.2,24.3,39.7,531,"CO",2018,148,5,440,-1.1,112,0
1245,2018-05-29,4.064,10.16,0,-0.388888888888889,13,4.77777777777778,34.7,34.4,22.1,23.9,39.7,531,"CO",2018,149,5,400,-0.699999999999996,112,0
1246,2018-05-30,3.048,7.62,0,3.38888888888889,15.3888888888889,7.22222222222222,34.2,33.2,21.7,22.7,32.7,531,"CO",2018,150,5,400,-0.5,112,0
1247,2018-05-31,1.524,5.08,0,4.5,18.3888888888889,10.3888888888889,33.5,32.7,21.2,21.9,30.2,531,"CO",2018,151,5,300,-0.700000000000003,112,0
1248,2018-06-01,0.508,2.54,0,6.88888888888889,16.3888888888889,8.77777777777778,32.8,32.1,20.1,21.2,28.5,531,"CO",2018,152,6,200,-0.700000000000003,112,0
1249,2018-06-02,0,0,0,4.5,18.6111111111111,7.77777777777778,32.1,31.6,19.9,20.7,27,531,"CO",2018,153,6,NA,-0.699999999999996,112,0
1250,2018-06-03,0,0,0.762,2,14.1111111111111,5.72222222222222,31.3,31,19.5,20.3,25.6,531,"CO",2018,154,6,NA,-0.800000000000001,112,0
1251,2018-06-04,0,0,0,0.277777777777778,18,8.72222222222222,35.7,32.1,19.7,19.8,24.5,531,"CO",2018,155,6,NA,4.4,112,0
1252,2018-06-05,0,0,0,7,20.2777777777778,11.8888888888889,34.1,32.7,20.6,20.1,24.3,531,"CO",2018,156,6,NA,-1.6,112,0
1253,2018-06-06,0,0,0,10.2222222222222,20,12.2222222222222,32.4,31.2,19.5,19.6,23.6,531,"CO",2018,157,6,NA,-1.7,112,0
1254,2018-06-07,0,0,0,8.22222222222222,21,11.7777777777778,31.4,30.1,18.8,19.1,22.8,531,"CO",2018,158,6,NA,-1,112,0
1255,2018-06-08,0,0,0,6.72222222222222,21.7222222222222,12.2777777777778,30.5,29.9,18.6,18.5,21.7,531,"CO",2018,159,6,NA,-0.899999999999999,112,0
1256,2018-06-09,0,0,0,6.88888888888889,21.7222222222222,13,30.3,28.5,18.3,18,20.9,531,"CO",2018,160,6,NA,-0.199999999999999,112,0
1257,2018-06-10,0,0,0,10.1111111111111,20.7777777777778,12.6111111111111,29.6,28,17.7,17.5,20.2,531,"CO",2018,161,6,NA,-0.699999999999999,112,0
1258,2018-06-11,0,0,0,7,20.2222222222222,11.1111111111111,28.8,27.5,17.5,17,19.2,531,"CO",2018,162,6,NA,-0.800000000000001,112,0
1259,2018-06-12,0,0,0,9,20.8888888888889,11.8888888888889,28.1,26.2,16.8,16.6,18.9,531,"CO",2018,163,6,NA,-0.699999999999999,112,0
1260,2018-06-13,0,0,0,6.11111111111111,22.2222222222222,13.2222222222222,27.2,25.7,16.7,16.1,18.1,531,"CO",2018,164,6,NA,-0.900000000000002,112,0
1261,2018-06-14,0,0,0,8.72222222222222,20.1111111111111,12.8888888888889,27.3,24.7,16.4,15.8,18,531,"CO",2018,165,6,NA,0.100000000000001,112,0
1262,2018-06-15,0,0,0,8.11111111111111,20.6111111111111,12.3888888888889,26.1,22.9,16,15.5,17.9,531,"CO",2018,166,6,NA,-1.2,112,0
1263,2018-06-16,0,0,0.254,9.22222222222222,17,10.1111111111111,25.2,21.8,16.1,15,17.5,531,"CO",2018,167,6,NA,-0.900000000000002,112,0
1264,2018-06-17,0,0,1.016,5.61111111111111,12.7777777777778,7.11111111111111,24.9,20.8,15.3,14.6,17.3,531,"CO",2018,168,6,NA,-0.300000000000001,112,0
1265,2018-06-18,0,0,0,5.61111111111111,19.5,10.1111111111111,33.4,29.7,16.9,14.9,17.2,531,"CO",2018,169,6,NA,8.5,112,0
1266,2018-06-19,0,0,0,7.77777777777778,18.5,10,30.5,27,15.9,14.7,17.1,531,"CO",2018,170,6,NA,-2.9,112,0
1267,2018-06-20,0,0,0,2.88888888888889,18.7222222222222,8.88888888888889,29.3,25.9,16,14.3,16.8,531,"CO",2018,171,6,NA,-1.2,112,0
1268,2018-06-21,0,0,0,5.5,20.5,12.6111111111111,28.3,24.4,15.5,14.2,16.8,531,"CO",2018,172,6,NA,-1,112,0
1269,2018-06-22,0,0,0,7.38888888888889,17.7222222222222,9.77777777777778,27.1,23.4,15.5,13.8,16.8,531,"CO",2018,173,6,NA,-1.2,112,0
1270,2018-06-23,0,0,0,4.5,18.7222222222222,10.3888888888889,25.7,22.2,15.1,13.5,16.5,531,"CO",2018,174,6,NA,-1.4,112,0
1271,2018-06-24,0,0,0,7.61111111111111,13.7777777777778,6.22222222222222,24.3,19.9,14.5,13.3,16.2,531,"CO",2018,175,6,NA,-1.4,112,0
1272,2018-06-25,0,0,0,3.5,18.6111111111111,9.61111111111111,23.9,18.5,14.1,12.9,16,531,"CO",2018,176,6,NA,-0.400000000000002,112,0
1273,2018-06-26,0,0,0,8.61111111111111,23.1111111111111,15.1111111111111,22.1,18.7,13.7,12.4,15.9,531,"CO",2018,177,6,NA,-1.8,112,0
1274,2018-06-27,0,0,0,11.6111111111111,24.7777777777778,15.8888888888889,20.6,16.8,13.2,12,15.6,531,"CO",2018,178,6,NA,-1.5,112,0
1275,2018-06-28,0,0,0,10.8888888888889,25,16,19.8,14.8,12.7,11.4,15.3,531,"CO",2018,179,6,NA,-0.800000000000001,112,0
1276,2018-06-29,0,0,0,10.8888888888889,22.6111111111111,14,17.8,12.5,12.3,11,15.3,531,"CO",2018,180,6,NA,-2,112,0
1277,2018-06-30,0,0,0,8.38888888888889,20.1111111111111,10.6111111111111,16.7,12.5,11.8,10.2,15.1,531,"CO",2018,181,6,NA,-1.1,112,0
1278,2018-07-01,0,0,0,2.88888888888889,20.7777777777778,11,14.1,12,11.4,9.6,14.9,531,"CO",2018,182,7,NA,-2.6,112,0
1279,2018-07-02,0,0,0,6,22,13.1111111111111,13.9,11.1,10.7,8.9,14.4,531,"CO",2018,183,7,NA,-0.199999999999999,112,0
1280,2018-07-03,0,0,0,9.22222222222222,22.1111111111111,12.3888888888889,12.4,9.3,9.8,8.4,14.5,531,"CO",2018,184,7,NA,-1.5,112,0
1281,2018-07-04,0,0,0,8.61111111111111,20.6111111111111,12.2777777777778,13.6,10.1,9.1,7.6,14.2,531,"CO",2018,185,7,NA,1.2,112,0
1282,2018-07-05,0,0,0.254,5.5,19.2222222222222,9.38888888888889,13.9,7.5,8.8,7.2,13.9,531,"CO",2018,186,7,NA,0.300000000000001,112,0
1283,2018-07-06,0,0,0,5.72222222222222,23.1111111111111,12.2222222222222,11,10,8.2,6.4,14,531,"CO",2018,187,7,NA,-2.9,112,0
1284,2018-07-07,0,0,0,8.72222222222222,23.2777777777778,13.7777777777778,13.5,6.8,8.1,6.1,13.4,531,"CO",2018,188,7,NA,2.5,112,0
1285,2018-07-08,0,0,0,8.5,21.8888888888889,11.6111111111111,13.5,6.2,7.3,5.8,13.1,531,"CO",2018,189,7,NA,0,112,0
1286,2018-07-09,0,0,0,6.72222222222222,23.5,14.7222222222222,13.1,6.2,7.7,5.1,12.7,531,"CO",2018,190,7,NA,-0.4,112,0
1287,2018-07-10,0,0,0,9.72222222222222,22.8888888888889,14.3888888888889,9.8,10.2,6.9,5,12.6,531,"CO",2018,191,7,NA,-3.3,112,0
1288,2018-07-11,0,0,0,8.61111111111111,22.8888888888889,13.7222222222222,9.9,10.5,7.3,4.4,12.6,531,"CO",2018,192,7,NA,0.0999999999999996,112,0
1289,2018-07-12,0,0,0.508,8.61111111111111,17.8888888888889,9.72222222222222,13.3,6.2,6.4,4.2,12,531,"CO",2018,193,7,NA,3.4,112,0
1290,2018-07-13,0,0,0,7,21.6111111111111,10.8888888888889,12.7,5.7,6.4,3.8,11.7,531,"CO",2018,194,7,NA,-0.600000000000001,112,0
1291,2018-07-14,0,0,0,7.61111111111111,24,14.2777777777778,12.7,7.3,5.9,3.4,11.7,531,"CO",2018,195,7,NA,0,112,0
1292,2018-07-15,0,0,1.27,9.88888888888889,14.3888888888889,9.38888888888889,13.3,8.9,6.2,3,11.1,531,"CO",2018,196,7,NA,0.600000000000001,112,0
1293,2018-07-16,0,0,0,6.11111111111111,21.3888888888889,10.7777777777778,33.6,31.1,14.4,3.2,10.8,531,"CO",2018,197,7,NA,20.3,112,0
1294,2018-07-17,0,0,0,8.22222222222222,20,12.7222222222222,30.4,26.6,14,2.9,10.7,531,"CO",2018,198,7,NA,-3.2,112,0
1295,2018-07-18,0,0,0,10.7777777777778,21.7222222222222,13.7222222222222,28.4,23.6,12.6,3,10.4,531,"CO",2018,199,7,NA,-2,112,0
1296,2018-07-19,0,0,0,11.2222222222222,23.6111111111111,15,26.3,20.9,11,2.5,10.1,531,"CO",2018,200,7,NA,-2.1,112,0
1297,2018-07-20,0,0,0,11.3888888888889,23.2777777777778,13.3888888888889,23.8,17.9,10,2.4,9.9,531,"CO",2018,201,7,NA,-2.5,112,0
1298,2018-07-21,0,0,0,9.38888888888889,20.8888888888889,13.3888888888889,23.1,17.1,9.1,2.1,9.7,531,"CO",2018,202,7,NA,-0.699999999999999,112,0
1299,2018-07-22,0,0,0.254,12,23,13.7222222222222,19.8,14.4,8.1,2.4,9.4,531,"CO",2018,203,7,NA,-3.3,112,0
1300,2018-07-23,0,0,0.762,8,21.1111111111111,11.3888888888889,17.6,12.4,7.3,1.9,8.9,531,"CO",2018,204,7,NA,-2.2,112,0
1301,2018-07-24,0,0,0,7.11111111111111,21.1111111111111,12,32.4,28.1,7.3,2,8.6,531,"CO",2018,205,7,NA,14.8,112,0
1302,2018-07-25,0,0,0,9.38888888888889,18.7777777777778,12.2777777777778,28.6,21.7,7.9,1.5,8.7,531,"CO",2018,206,7,NA,-3.8,112,0
1303,2018-07-26,0,0,0,8,19.6111111111111,11.5,26.2,19.3,7.4,1.8,8.2,531,"CO",2018,207,7,NA,-2.4,112,0
1304,2018-07-27,0,0,0,6.38888888888889,20.2222222222222,10.8888888888889,23.5,17.5,6.9,1.6,7.8,531,"CO",2018,208,7,NA,-2.7,112,0
1305,2018-07-28,0,0,0.508,9.5,19.1111111111111,10,20.5,14.8,7,1.3,7.4,531,"CO",2018,209,7,NA,-3,112,0
1306,2018-07-29,0,0,0,7,19.2222222222222,11.6111111111111,21.4,14.4,6.2,1.4,7.1,531,"CO",2018,210,7,NA,0.899999999999999,112,0
1307,2018-07-30,0,0,0,5.77777777777778,17.5,9.11111111111111,19.7,14.3,6.2,1.1,7.1,531,"CO",2018,211,7,NA,-1.7,112,0
1308,2018-07-31,0,0,0,4.77777777777778,20.2222222222222,10.6111111111111,18.1,13.3,5.8,0.9,7,531,"CO",2018,212,7,NA,-1.6,112,0
1309,2018-08-01,0,0,0,8.22222222222222,19.6111111111111,10.7777777777778,16.8,12.7,5.9,0.8,6.3,531,"CO",2018,213,8,NA,-1.3,112,0
1310,2018-08-02,0,0,0,7,21.6111111111111,12.7777777777778,15.4,11.2,5.7,0.9,6.2,531,"CO",2018,214,8,NA,-1.4,112,0
1462,2019-01-01,20.574,88.9,0,-23.2777777777778,-8.11111111111111,-17.6111111111111,10.9,8,3,0,2.9,531,"CO",2019,1,1,231.428571428571,0,131,0
1463,2019-01-02,20.574,88.9,0.254,-19,-6.88888888888889,-14.6111111111111,11.2,7.9,3.2,0,3.3,531,"CO",2019,2,1,231.428571428571,0.299999999999999,131,0
1464,2019-01-03,20.828,86.36,0,-14.2777777777778,-4,-10.2777777777778,11.2,7.8,3.1,0,3.5,531,"CO",2019,3,1,241.176470588235,0,131,0
1465,2019-01-04,20.828,81.28,0,-8.77777777777778,2,-4,11.2,7.8,3.2,0,3.3,531,"CO",2019,4,1,256.25,0,131,0
1466,2019-01-05,21.082,81.28,0,-2.5,6.61111111111111,-0.88888888888889,10.4,7.8,3.1,0,3,531,"CO",2019,5,1,259.375,-0.799999999999999,131,0
1467,2019-01-06,21.082,83.82,0.254,-4.27777777777778,-2.22222222222222,-6.22222222222222,10.4,7.3,3.1,0,3.1,531,"CO",2019,6,1,251.515151515152,0,131,0
1468,2019-01-07,21.336,91.44,0.508,-12.2777777777778,-8.11111111111111,-10.2777777777778,10.9,7.5,2.8,0,3.2,531,"CO",2019,7,1,233.333333333333,0.5,131,0
1469,2019-01-08,21.844,93.98,0,-9.88888888888889,-1,-6.88888888888889,10.4,7.6,3,0,3.1,531,"CO",2019,8,1,232.432432432432,-0.5,131,0
1470,2019-01-09,21.844,91.44,0,-6,4.5,-1.27777777777778,10.6,7.4,3,0,3,531,"CO",2019,9,1,238.888888888889,0.199999999999999,131,0
1471,2019-01-10,21.844,91.44,0.762,-2.22222222222222,2.5,-3.11111111111111,10.8,7.4,2.6,0,3.5,531,"CO",2019,10,1,238.888888888889,0.200000000000001,131,0
1472,2019-01-11,22.606,96.52,1.016,-6.61111111111111,-6.27777777777778,-8.38888888888889,10.4,7.7,2.6,0,3.4,531,"CO",2019,11,1,234.21052631579,-0.4,131,0
1473,2019-01-12,23.876,104.14,0,-10.7777777777778,-6.5,-11.8888888888889,11,7.2,2.8,0,3.5,531,"CO",2019,12,1,229.268292682927,0.6,131,0
1474,2019-01-13,23.876,101.6,0.254,-14.6111111111111,-4.88888888888889,-12.6111111111111,10.9,7.5,3.3,0,2.9,531,"CO",2019,13,1,235,-0.0999999999999996,131,0
1475,2019-01-14,23.876,104.14,0,-14.7222222222222,-5,-11.6111111111111,10.3,7.4,2.9,0,3.7,531,"CO",2019,14,1,229.268292682927,-0.6,131,0
1476,2019-01-15,23.876,101.6,0,-11.7222222222222,0.222222222222221,-7.22222222222222,11,7.6,2.8,0,3.1,531,"CO",2019,15,1,235,0.699999999999999,131,0
1477,2019-01-16,24.13,99.06,0.508,-7.61111111111111,-2.61111111111111,-7,10.4,7.5,3.1,0,3.2,531,"CO",2019,16,1,243.589743589744,-0.6,131,0
1478,2019-01-17,24.384,106.68,0,-9.27777777777778,0.277777777777778,-5,10.7,7.5,3.2,0,3.4,531,"CO",2019,17,1,228.571428571429,0.299999999999999,131,0
1479,2019-01-18,24.638,104.14,0.762,-6.72222222222222,-6.61111111111111,-10,10.6,7.3,2.6,0,3.4,531,"CO",2019,18,1,236.585365853659,-0.0999999999999996,131,0
1480,2019-01-19,25.654,116.84,0.254,-13.2222222222222,-5.72222222222222,-10.6111111111111,10.4,7.7,2.5,0,3.4,531,"CO",2019,19,1,219.565217391304,-0.199999999999999,131,0
1481,2019-01-20,25.654,114.3,0,-8.72222222222222,1.72222222222222,-3.38888888888889,10.7,7.5,2.7,0,3.4,531,"CO",2019,20,1,224.444444444444,0.299999999999999,131,0
1482,2019-01-21,25.908,111.76,0.508,-3,-2.72222222222222,-6.88888888888889,11,7.5,2.8,0,3.5,531,"CO",2019,21,1,231.818181818182,0.300000000000001,131,0
1483,2019-01-22,26.416,114.3,0,-13.6111111111111,-13.6111111111111,-17.3888888888889,10.3,7.4,3.1,0,3.4,531,"CO",2019,22,1,231.111111111111,-0.699999999999999,131,0
1484,2019-01-23,26.67,116.84,0.254,-19.7222222222222,-7.61111111111111,-14.5,10.5,7.7,2.6,0,3.2,531,"CO",2019,23,1,228.260869565217,0.199999999999999,131,0
1485,2019-01-24,27.178,116.84,0.508,-13.8888888888889,-11.7777777777778,-13.8888888888889,11,7.7,3.1,0,3.6,531,"CO",2019,24,1,232.608695652174,0.5,131,0
1486,2019-01-25,27.686,119.38,0.254,-15.7222222222222,-9.88888888888889,-14.1111111111111,10.4,7.9,3,0,3.3,531,"CO",2019,25,1,231.914893617021,-0.6,131,0
1487,2019-01-26,27.686,116.84,0,-14.3888888888889,-7.61111111111111,-12.6111111111111,10.3,7.5,2.7,0,3.3,531,"CO",2019,26,1,236.95652173913,-0.0999999999999996,131,0
1488,2019-01-27,27.686,114.3,0,-14.5,-3.88888888888889,-8.77777777777778,10.7,7.1,3.1,0,3.8,531,"CO",2019,27,1,242.222222222222,0.399999999999999,131,0
1489,2019-01-28,27.94,114.3,0,-8.88888888888889,-9,-13.6111111111111,10.6,7.1,3.2,0,3.4,531,"CO",2019,28,1,244.444444444444,-0.0999999999999996,131,0
1490,2019-01-29,27.94,116.84,0,-16.7222222222222,-7.11111111111111,-12.2222222222222,10.5,7.2,3.1,0,3.4,531,"CO",2019,29,1,239.130434782609,-0.0999999999999996,131,0
1491,2019-01-30,27.94,114.3,0.254,-11.8888888888889,-5.5,-9.22222222222222,10.6,7.6,3,0,3.5,531,"CO",2019,30,1,244.444444444444,0.0999999999999996,131,0
1492,2019-01-31,28.194,111.76,0,-9.38888888888889,-0.111111111111111,-8.22222222222222,10.7,7.5,2.7,0,3.5,531,"CO",2019,31,1,252.272727272727,0.0999999999999996,131,0
1493,2019-02-01,28.194,111.76,0,-11.5,2.11111111111111,-6.61111111111111,10.7,7.1,3,0,3.5,531,"CO",2019,32,2,252.272727272727,0,131,0
1494,2019-02-02,28.194,111.76,0,-10.2777777777778,2.5,-4.72222222222222,10.7,7.2,2.9,0,3.5,531,"CO",2019,33,2,252.272727272727,0,131,0
1495,2019-02-03,28.194,109.22,0,-3.38888888888889,2.77777777777778,-3.77777777777778,10.3,7.1,2.6,0,3.5,531,"CO",2019,34,2,258.139534883721,-0.399999999999999,131,0
1496,2019-02-04,28.194,106.68,0.254,-8.61111111111111,0.777777777777777,-5.22222222222222,10.5,7.4,2.8,0,3.2,531,"CO",2019,35,2,264.285714285714,0.199999999999999,131,0
1497,2019-02-05,28.448,106.68,0.254,-6.22222222222222,-1.77777777777778,-7.22222222222222,10.7,6.8,2.9,0,3.4,531,"CO",2019,36,2,266.666666666667,0.199999999999999,131,0
1498,2019-02-06,28.448,106.68,0.508,-10.2222222222222,-7.11111111111111,-12.7777777777778,10.3,7.3,2.8,0,3.9,531,"CO",2019,37,2,266.666666666667,-0.399999999999999,131,0
1499,2019-02-07,28.956,119.38,0,-20.6111111111111,-18.1111111111111,-21.1111111111111,10.7,7.3,2.8,0,3.8,531,"CO",2019,38,2,242.553191489362,0.399999999999999,131,0
1500,2019-02-08,29.21,119.38,0.508,-23.2222222222222,-3.11111111111111,-11.7222222222222,10.5,7,2.6,0,3.5,531,"CO",2019,39,2,244.68085106383,-0.199999999999999,131,0
1501,2019-02-09,29.21,116.84,0,-11.7222222222222,-4,-9.38888888888889,10.6,6.9,2.7,0,3.7,531,"CO",2019,40,2,250,0.0999999999999996,131,0
1502,2019-02-10,29.21,114.3,0,-12.6111111111111,-2.22222222222222,-10.2222222222222,10.9,7.4,3,0,3.4,531,"CO",2019,41,2,255.555555555556,0.300000000000001,131,0
1503,2019-02-11,29.21,114.3,0,-11.8888888888889,-8.61111111111111,-13.8888888888889,10.3,7.2,2.8,0,3.4,531,"CO",2019,42,2,255.555555555556,-0.6,131,0
1504,2019-02-12,29.21,114.3,0,-16.3888888888889,-4.22222222222222,-10.8888888888889,10.1,6.7,2.8,0,3.5,531,"CO",2019,43,2,255.555555555556,-0.200000000000001,131,0
1505,2019-02-13,29.464,114.3,0.508,-8,0.499999999999999,-4.77777777777778,10.7,6.9,2.7,0,3.7,531,"CO",2019,44,2,257.777777777778,0.6,131,0
1506,2019-02-14,29.972,114.3,1.016,-4.88888888888889,0,-4.38888888888889,10.2,7.1,2.4,0,3.6,531,"CO",2019,45,2,262.222222222222,-0.5,131,0
1507,2019-02-15,30.988,127,0.508,-4.72222222222222,0.222222222222221,-6.27777777777778,10.2,6.9,2.6,0,3.7,531,"CO",2019,46,2,244,0,131,0
1508,2019-02-16,31.242,129.54,0.254,-11.6111111111111,-8.77777777777778,-14,10,7,2.7,0,3.8,531,"CO",2019,47,2,241.176470588235,-0.199999999999999,131,0
1509,2019-02-17,31.75,134.62,0.254,-18.8888888888889,-8.27777777777778,-16.2222222222222,9.9,7,2.7,0,3.8,531,"CO",2019,48,2,235.849056603774,-0.0999999999999996,131,0
1510,2019-02-18,32.004,132.08,0.508,-17.3888888888889,-10.7777777777778,-17.1111111111111,10.4,6.9,2.5,0,3.7,531,"CO",2019,49,2,242.307692307692,0.5,131,0
1511,2019-02-19,32.512,134.62,0,-17.1111111111111,-8.77777777777778,-17.3888888888889,10.1,6.6,2.7,0,3.7,531,"CO",2019,50,2,241.509433962264,-0.300000000000001,131,0
1512,2019-02-20,32.766,134.62,0.254,-22.5,-13.3888888888889,-19.3888888888889,10.2,6.6,2.6,0,3.5,531,"CO",2019,51,2,243.396226415094,0.0999999999999996,131,0
1513,2019-02-21,32.766,132.08,0.762,-19.7777777777778,-9.27777777777778,-15.2777777777778,10,7.1,2.7,0,3.5,531,"CO",2019,52,2,248.076923076923,-0.199999999999999,131,0
1514,2019-02-22,33.274,137.16,1.524,-14.6111111111111,-7.88888888888889,-12.1111111111111,10.3,7.1,2.7,0,3.7,531,"CO",2019,53,2,242.592592592593,0.300000000000001,131,0
1515,2019-02-23,34.798,152.4,0.254,-14.2222222222222,-12.2222222222222,-16.1111111111111,9.9,6.5,2.8,0,3.6,531,"CO",2019,54,2,228.333333333333,-0.4,131,0
1516,2019-02-24,35.306,152.4,0.254,-17.2777777777778,-4.22222222222222,-11.5,10.2,7.1,3.1,0,3.6,531,"CO",2019,55,2,231.666666666667,0.299999999999999,131,0
1517,2019-02-25,35.56,147.32,0,-9,0.777777777777777,-6.11111111111111,10.4,6.7,2.5,0,3.6,531,"CO",2019,56,2,241.379310344828,0.200000000000001,131,0
1518,2019-02-26,35.56,144.78,0,-7,2.72222222222222,-2.88888888888889,9.7,6.6,2.5,0,3.7,531,"CO",2019,57,2,245.614035087719,-0.700000000000001,131,0
1519,2019-02-27,35.56,142.24,0.254,-8,5.22222222222222,-4.27777777777778,10.1,6.6,2.6,0,3.9,531,"CO",2019,58,2,250,0.4,131,0
1520,2019-02-28,35.56,137.16,0.254,-6.72222222222222,3.38888888888889,-4.72222222222222,9.8,6.8,2.5,0,3.6,531,"CO",2019,59,2,259.259259259259,-0.299999999999999,131,0
1521,2019-03-01,35.814,137.16,1.27,-7.27777777777778,-3.5,-6.38888888888889,9.8,7.1,2.4,0,3.8,531,"CO",2019,60,3,261.111111111111,0,131,0
1522,2019-03-02,37.338,162.56,1.778,-6.72222222222222,0.611111111111112,-5.38888888888889,9.8,6.8,2.7,0,3.5,531,"CO",2019,61,3,229.6875,0,131,0
1523,2019-03-03,38.608,172.72,2.286,-9.22222222222222,-4,-9.38888888888889,10,6.5,2.4,0,3.7,531,"CO",2019,62,3,223.529411764706,0.199999999999999,131,0
1524,2019-03-04,40.894,195.58,0,-12.3888888888889,-5.27777777777778,-11.6111111111111,9.7,6.6,2.8,0,3.8,531,"CO",2019,63,3,209.090909090909,-0.300000000000001,131,0
1525,2019-03-05,40.894,187.96,0,-14.1111111111111,-1.22222222222222,-8.11111111111111,10,6.8,3,0,3.8,531,"CO",2019,64,3,217.567567567568,0.300000000000001,131,0
1526,2019-03-06,41.148,177.8,1.778,-4.72222222222222,5.38888888888889,-1.61111111111111,9.4,7,2.5,0,3.9,531,"CO",2019,65,3,231.428571428571,-0.6,131,0
1527,2019-03-07,42.926,198.12,2.032,-4.22222222222222,-0.611111111111112,-5.72222222222222,10.1,7,2.4,0,3.6,531,"CO",2019,66,3,216.666666666667,0.699999999999999,131,0
1528,2019-03-08,44.704,205.74,1.016,-7.77777777777778,-3.11111111111111,-7.11111111111111,9.9,6.6,2.3,0,3.2,531,"CO",2019,67,3,217.283950617284,-0.199999999999999,131,0
1529,2019-03-09,45.72,208.28,0.254,-11.7777777777778,-5.72222222222222,-11.1111111111111,10,6.9,2.5,0,3.6,531,"CO",2019,68,3,219.512195121951,0.0999999999999996,131,0
1530,2019-03-10,45.974,200.66,0,-13.6111111111111,1.61111111111111,-8.5,10.2,6.8,2.7,0,3.6,531,"CO",2019,69,3,229.113924050633,0.199999999999999,131,0
1531,2019-03-11,45.974,193.04,0.254,-10.2222222222222,0.277777777777778,-6.61111111111111,9.8,7.3,2.4,0,3.5,531,"CO",2019,70,3,238.157894736842,-0.399999999999999,131,0
1532,2019-03-12,46.228,190.5,1.016,-7.11111111111111,4.38888888888889,-2.72222222222222,10.2,6.9,2.5,0,3.7,531,"CO",2019,71,3,242.666666666667,0.399999999999999,131,0
1533,2019-03-13,47.498,195.58,1.27,-2.61111111111111,-2.61111111111111,-9.5,10.3,7,2.9,0,3.8,531,"CO",2019,72,3,242.857142857143,0.100000000000001,131,0
1534,2019-03-14,48.768,205.74,0.508,-16.1111111111111,-9.61111111111111,-14.8888888888889,10.4,7,2.5,0,3.6,531,"CO",2019,73,3,237.037037037037,0.0999999999999996,131,0
1535,2019-03-15,49.022,200.66,0.254,-17.6111111111111,-3.61111111111111,-12.3888888888889,10.3,6.8,2.5,0,3.5,531,"CO",2019,74,3,244.303797468354,-0.0999999999999996,131,0
1536,2019-03-16,49.276,198.12,0,-13.7222222222222,0.277777777777778,-8.5,10,7,2.6,0,3.6,531,"CO",2019,75,3,248.717948717949,-0.300000000000001,131,0
1537,2019-03-17,49.276,193.04,0,-8.72222222222222,3.77777777777778,-6.11111111111111,10.1,6.8,2.5,0,3.7,531,"CO",2019,76,3,255.263157894737,0.0999999999999996,131,0
1538,2019-03-18,49.276,190.5,0.254,-11.7777777777778,4.22222222222222,-5.22222222222222,9.8,7.1,2.8,0,3.6,531,"CO",2019,77,3,258.666666666667,-0.299999999999999,131,0
1539,2019-03-19,49.276,187.96,0,-8.72222222222222,-1.27777777777778,-9.38888888888889,10.2,6.8,2.8,0,3.8,531,"CO",2019,78,3,262.162162162162,0.399999999999999,131,0
1540,2019-03-20,49.276,185.42,0.254,-15.2222222222222,5.11111111111111,-5.77777777777778,10.1,7.2,3.1,0,3.8,531,"CO",2019,79,3,265.753424657534,-0.0999999999999996,131,0
1541,2019-03-21,49.53,182.88,0,-8.72222222222222,2.88888888888889,-4.72222222222222,10.2,6.8,2.7,0,3.6,531,"CO",2019,80,3,270.833333333333,0.0999999999999996,131,0
1542,2019-03-22,49.53,182.88,0.254,-7.11111111111111,1.27777777777778,-6.22222222222222,10.3,7.2,2.7,0,3.7,531,"CO",2019,81,3,270.833333333333,0.100000000000001,131,0
1543,2019-03-23,49.784,182.88,0,-9.5,-0.222222222222221,-6.77777777777778,10.3,7.1,2.9,0,3.6,531,"CO",2019,82,3,272.222222222222,0,131,0
1544,2019-03-24,49.784,182.88,0.762,-10.2222222222222,1.61111111111111,-5.88888888888889,9.8,7.2,2.9,0,3.9,531,"CO",2019,83,3,272.222222222222,-0.5,131,0
1545,2019-03-25,50.546,187.96,0.254,-8.11111111111111,1.11111111111111,-4.77777777777778,10.2,7.3,3,0,3.6,531,"CO",2019,84,3,268.918918918919,0.399999999999999,131,0
1546,2019-03-26,50.8,182.88,0,-5.38888888888889,10.5,0.999999999999998,10.2,7,2.5,0,3.6,531,"CO",2019,85,3,277.777777777778,0,131,0
1547,2019-03-27,50.8,177.8,0,-1.27777777777778,12.1111111111111,2.88888888888889,10.6,7.1,3,0,3.6,531,"CO",2019,86,3,285.714285714286,0.4,131,0
1548,2019-03-28,50.8,172.72,0,-1.22222222222222,10.6111111111111,1.72222222222222,10,7.4,2.7,0,3.5,531,"CO",2019,87,3,294.117647058824,-0.6,131,0
1549,2019-03-29,50.8,170.18,0,-4.22222222222222,0.111111111111113,-6.27777777777778,10,7.5,3,0,3.8,531,"CO",2019,88,3,298.507462686567,0,131,0
1550,2019-03-30,50.8,172.72,0.762,-10.8888888888889,0,-8.22222222222222,10.5,7.5,3.1,0,3.8,531,"CO",2019,89,3,294.117647058824,0.5,131,0
1551,2019-03-31,51.308,175.26,0.762,-11.2222222222222,-0.111111111111111,-9.11111111111111,10.8,7.4,2.9,0,3.6,531,"CO",2019,90,3,292.753623188406,0.300000000000001,131,0
1552,2019-04-01,51.816,182.88,0,-11.2777777777778,0.611111111111112,-6.5,10.6,8.2,3,0,3.6,531,"CO",2019,91,4,283.333333333333,-0.200000000000001,131,0
1553,2019-04-02,51.816,177.8,0.254,-6.38888888888889,3.38888888888889,-3.22222222222222,11,7.7,3.2,0,3.6,531,"CO",2019,92,4,291.428571428571,0.4,131,0
1554,2019-04-03,52.07,177.8,0,-5.27777777777778,1.72222222222222,-3.77777777777778,10.8,8.1,3.5,0,3.6,531,"CO",2019,93,4,292.857142857143,-0.199999999999999,131,0
1555,2019-04-04,52.07,177.8,0,-5.38888888888889,7.88888888888889,-1.38888888888889,10.9,8.1,3.1,0,3.7,531,"CO",2019,94,4,292.857142857143,0.0999999999999996,131,0
1556,2019-04-05,52.324,175.26,0,-0.777777777777777,8.77777777777778,0.777777777777777,11,7.8,3,0,3.6,531,"CO",2019,95,4,298.550724637681,0.0999999999999996,131,0
1557,2019-04-06,52.324,172.72,0.254,-3.77777777777778,6.77777777777778,-1.22222222222222,11.3,8,3.6,0,3.8,531,"CO",2019,96,4,302.941176470588,0.300000000000001,131,0
1558,2019-04-07,52.324,172.72,0,-5.27777777777778,8.22222222222222,-0.777777777777777,11.5,7.9,3.6,0,3.9,531,"CO",2019,97,4,302.941176470588,0.199999999999999,131,0
1559,2019-04-08,52.324,167.64,0,-2.27777777777778,10.3888888888889,2.11111111111111,10.6,8.3,3.3,0,3.9,531,"CO",2019,98,4,312.121212121212,-0.9,131,0
1560,2019-04-09,52.324,165.1,0,0.222222222222221,13.1111111111111,4,11.7,8.2,3.3,0,3.7,531,"CO",2019,99,4,316.923076923077,1.1,131,0
1561,2019-04-10,52.324,162.56,1.27,-0.222222222222221,0.277777777777778,-5.61111111111111,12.1,11.7,3.9,0,4,531,"CO",2019,100,4,321.875,0.4,131,0
1562,2019-04-11,53.594,180.34,0.254,-14.3888888888889,-8.72222222222222,-13,13.3,15.8,3.7,0,3.6,531,"CO",2019,101,4,297.183098591549,1.2,131,1
1563,2019-04-12,53.594,177.8,0,-13.6111111111111,-2.38888888888889,-9.72222222222222,15.4,16,3.6,0,3.9,531,"CO",2019,102,4,301.428571428571,2.1,131,0
1564,2019-04-13,53.848,167.64,0.762,-10.2222222222222,-2.38888888888889,-8.72222222222222,16.5,15.9,4,0,3.9,531,"CO",2019,103,4,321.212121212121,1.1,131,0
1565,2019-04-14,54.102,180.34,0,-11.1111111111111,3.38888888888889,-3.22222222222222,17.1,15.7,3.8,0,3.8,531,"CO",2019,104,4,300,0.600000000000001,131,0
1566,2019-04-15,54.102,175.26,0,-1.61111111111111,10.3888888888889,1.61111111111111,17.7,15.2,3.7,0,3.9,531,"CO",2019,105,4,308.695652173913,0.599999999999998,131,0
1567,2019-04-16,54.102,170.18,0,-1.27777777777778,9.61111111111111,1.27777777777778,17.5,14.9,3.9,0,3.9,531,"CO",2019,106,4,317.910447761194,-0.199999999999999,131,0
1568,2019-04-17,53.594,165.1,0,-4.11111111111111,6.61111111111111,-1.22222222222222,23,15.7,4.2,0,4.1,531,"CO",2019,107,4,324.615384615385,5.5,131,0
1569,2019-04-18,53.34,154.94,0.254,-5.77777777777778,4.61111111111111,-2.22222222222222,31.5,18.9,4.5,0,4,531,"CO",2019,108,4,344.262295081967,8.5,131,0
1570,2019-04-19,53.848,162.56,0,-1.11111111111111,10.7777777777778,3.38888888888889,34.5,22.6,4.2,0,4,531,"CO",2019,109,4,331.25,3,131,0
1571,2019-04-20,52.578,157.48,0,1.77777777777778,14,4.5,38.8,33.4,4.7,0,3.9,531,"CO",2019,110,4,333.870967741935,4.3,131,0
1572,2019-04-21,52.324,154.94,0.254,-1.38888888888889,7.88888888888889,0.277777777777778,39.6,35,17.3,0,4.1,531,"CO",2019,111,4,337.704918032787,0.800000000000004,131,0
1573,2019-04-22,52.324,154.94,1.016,-4.61111111111111,7.88888888888889,-1.27777777777778,37.3,32.2,18.6,11.9,3.5,531,"CO",2019,112,4,337.704918032787,-2.3,131,0
1574,2019-04-23,53.086,157.48,0,-3.5,9.61111111111111,0.111111111111113,39.3,34.7,19.4,15.6,3.8,531,"CO",2019,113,4,337.096774193548,2,131,0
1575,2019-04-24,53.086,154.94,0.254,-2.88888888888889,10,2,39.6,35.4,21.6,21,4.1,531,"CO",2019,114,4,342.622950819672,0.300000000000004,131,0
1576,2019-04-25,52.832,152.4,0,0,10.6111111111111,2.5,39.4,34.5,21.8,21.2,4.1,531,"CO",2019,115,4,346.666666666667,-0.200000000000003,131,0
1577,2019-04-26,52.324,147.32,1.016,-0.222222222222221,10.5,2.72222222222222,39.8,35.9,23.1,23.1,4.1,531,"CO",2019,116,4,355.172413793103,0.399999999999999,131,0
1578,2019-04-27,52.832,154.94,0.254,-1.38888888888889,8.77777777777778,1.61111111111111,39.9,36,23.7,23.9,3.9,531,"CO",2019,117,4,340.983606557377,0.100000000000001,131,0
1579,2019-04-28,52.578,144.78,1.016,0.499999999999999,7,0.499999999999999,39.8,35.8,23.3,23.6,14,531,"CO",2019,118,4,363.157894736842,-0.100000000000001,131,0
1580,2019-04-29,53.34,152.4,2.032,-3.38888888888889,7.38888888888889,-2.11111111111111,38.6,34.1,22.3,22.4,16.3,531,"CO",2019,119,4,350,-1.2,131,0
1581,2019-04-30,54.864,160.02,0.508,-6.22222222222222,4.72222222222222,-2.61111111111111,37.5,33.6,21.4,21.9,16.4,531,"CO",2019,120,4,342.857142857143,-1.1,131,0
1582,2019-05-01,55.118,157.48,0.762,-4,3.61111111111111,-4.27777777777778,36.4,32.6,21.4,21.5,15.9,531,"CO",2019,121,5,350,-1.1,131,0
1583,2019-05-02,55.626,157.48,0,-10.5,5.72222222222222,-3,35.4,31.8,20.7,20.8,16.1,531,"CO",2019,122,5,353.225806451613,-1,131,0
1584,2019-05-03,55.372,149.86,0,-6.77777777777778,6.88888888888889,-1.27777777777778,35.9,31.5,20.1,20.3,16.2,531,"CO",2019,123,5,369.491525423729,0.5,131,0
1585,2019-05-04,55.372,149.86,0,-4.22222222222222,9.77777777777778,0.722222222222221,39.5,35.2,21.2,20.5,15.8,531,"CO",2019,124,5,369.491525423729,3.6,131,0
1586,2019-05-05,54.864,144.78,0,-1.77777777777778,9.72222222222222,1.77777777777778,39.5,35.6,22.4,21.3,16,531,"CO",2019,125,5,378.947368421053,0,131,0
1587,2019-05-06,54.61,144.78,0.254,-1.77777777777778,13,3.88888888888889,39.8,36.1,23,22.1,16.8,531,"CO",2019,126,5,377.19298245614,0.299999999999997,131,0
1588,2019-05-07,53.848,132.08,0.254,-0.222222222222221,9.38888888888889,1.27777777777778,39.9,36.5,24.1,23.9,18.4,531,"CO",2019,127,5,407.692307692308,0.100000000000001,131,0
1589,2019-05-08,53.594,139.7,1.778,-2.77777777777778,6.11111111111111,-3.22222222222222,39.8,36.1,23.6,23.4,19,531,"CO",2019,128,5,383.636363636364,-0.100000000000001,131,0
1590,2019-05-09,55.118,160.02,1.016,-8.38888888888889,-3.38888888888889,-7.61111111111111,39.1,35.5,23,23,18.8,531,"CO",2019,129,5,344.444444444444,-0.699999999999996,131,0
1591,2019-05-10,55.626,165.1,0.254,-9.11111111111111,6.77777777777778,-3.88888888888889,36.5,33.3,21.7,22.1,18.7,531,"CO",2019,130,5,336.923076923077,-2.6,131,0
1592,2019-05-11,55.88,154.94,0,-7.38888888888889,4.88888888888889,-2.88888888888889,35.1,31.9,20.4,21.3,18.4,531,"CO",2019,131,5,360.655737704918,-1.4,131,0
1593,2019-05-12,55.88,147.32,0,-6.22222222222222,9.11111111111111,1.77777777777778,35.3,32.1,21.3,21.6,18,531,"CO",2019,132,5,379.310344827586,0.199999999999996,131,0
1594,2019-05-13,55.626,144.78,0,2.22222222222222,12.3888888888889,5,38.5,34,22.4,23.9,18.3,531,"CO",2019,133,5,384.210526315789,3.2,131,0
1595,2019-05-14,54.864,139.7,0,3.27777777777778,14.8888888888889,5.77777777777778,39.7,36.3,23.8,25.6,20.8,531,"CO",2019,134,5,392.727272727273,1.2,131,0
1596,2019-05-15,53.34,137.16,0,2.5,15.8888888888889,7.22222222222222,39.8,36.6,24.5,25.3,22.6,531,"CO",2019,135,5,388.888888888889,0.0999999999999943,131,0
1597,2019-05-16,51.816,129.54,0,3.88888888888889,15,6.61111111111111,39.8,36.8,24.8,25.2,22.5,531,"CO",2019,136,5,400,0,131,0
1598,2019-05-17,50.546,124.46,0,2.5,7.61111111111111,0.222222222222221,39.8,36.6,24.8,24.8,22.5,531,"CO",2019,137,5,406.122448979592,0,131,0
1599,2019-05-18,49.784,127,0.254,-6.61111111111111,2.77777777777778,-4.5,38.1,34.2,22.8,23.1,22.1,531,"CO",2019,138,5,392,-1.7,131,0
1600,2019-05-19,49.53,124.46,0.254,-5.38888888888889,5.5,-1.38888888888889,36,32.8,21.7,22,21.2,531,"CO",2019,139,5,397.959183673469,-2.1,131,0
1601,2019-05-20,49.784,127,2.032,-3.61111111111111,0.499999999999999,-2.88888888888889,34.7,32,20.5,21.3,20.5,531,"CO",2019,140,5,392,-1.3,131,0
1602,2019-05-21,51.054,142.24,0.508,-5,0.611111111111112,-3.72222222222222,34.8,31.1,20.1,20.3,19.6,531,"CO",2019,141,5,358.928571428571,0.0999999999999943,131,0
1603,2019-05-22,51.308,134.62,1.27,-5.5,6.72222222222222,-1.77777777777778,34.3,30.8,19.7,20,19,531,"CO",2019,142,5,381.132075471698,-0.5,131,0
1604,2019-05-23,52.324,139.7,2.54,-2.77777777777778,-2.27777777777778,-4.38888888888889,33.6,30.4,19.3,19.5,18.7,531,"CO",2019,143,5,374.545454545455,-0.699999999999996,131,0
1605,2019-05-24,54.61,157.48,0.508,-8,6.61111111111111,-2.5,34.2,30.4,19.4,19.1,18,531,"CO",2019,144,5,346.774193548387,0.600000000000001,131,0
1606,2019-05-25,54.356,142.24,0,-4.5,10.6111111111111,2.11111111111111,36.7,31.9,20.5,19.8,17.9,531,"CO",2019,145,5,382.142857142857,2.5,131,0
1607,2019-05-26,53.594,134.62,0,-0.88888888888889,12.1111111111111,3,38.7,34.7,23.9,22,18.5,531,"CO",2019,146,5,398.11320754717,2,131,0
1608,2019-05-27,54.102,132.08,0,-1.11111111111111,11.2222222222222,0.611111111111112,38.7,34.6,24,22.7,20,531,"CO",2019,147,5,409.615384615385,0,131,0
1609,2019-05-28,52.324,127,0,-4.11111111111111,1.77777777777778,-2.88888888888889,38.4,34.4,22.9,22.3,20.7,531,"CO",2019,148,5,412,-0.300000000000004,131,0
1610,2019-05-29,51.816,127,2.54,-3.61111111111111,5.11111111111111,-1.77777777777778,36.5,32.8,22,21.9,20.8,531,"CO",2019,149,5,408,-1.9,131,0
1611,2019-05-30,54.102,147.32,0,-3.11111111111111,8.11111111111111,0.388888888888891,35.2,31.8,21,20.9,20.4,531,"CO",2019,150,5,367.241379310345,-1.3,131,0
1612,2019-05-31,54.102,137.16,0,-1.77777777777778,12.8888888888889,4.11111111111111,34.3,31.4,20.3,20.6,19.8,531,"CO",2019,151,5,394.444444444445,-0.900000000000006,131,0
1613,2019-06-01,53.34,132.08,0,1.61111111111111,15.8888888888889,7.11111111111111,35.9,32.8,22.8,24.5,21.1,531,"CO",2019,152,6,403.846153846154,1.6,131,0
1614,2019-06-02,52.578,129.54,0,3.27777777777778,13.7777777777778,5.77777777777778,38.6,34.5,23.9,24.4,22.3,531,"CO",2019,153,6,405.882352941176,2.7,131,0
1615,2019-06-03,51.054,127,0,3.22222222222222,15.6111111111111,6.38888888888889,39.1,35.8,24.8,25.1,39.6,531,"CO",2019,154,6,402,0.5,131,0
1616,2019-06-04,49.784,121.92,0,2.5,13,6,38.9,35.6,24.6,25,39.8,531,"CO",2019,155,6,408.333333333333,-0.200000000000003,131,0
1617,2019-06-05,49.022,119.38,0.508,2.27777777777778,14.6111111111111,5,39,35.7,24.2,24.1,39.8,531,"CO",2019,156,6,410.63829787234,0.100000000000001,131,0
1618,2019-06-06,47.498,114.3,0,0.222222222222221,15.6111111111111,7.11111111111111,39.4,36,25.1,25.1,39.9,531,"CO",2019,157,6,415.555555555556,0.399999999999999,131,0
1619,2019-06-07,45.212,109.22,0,4.11111111111111,16.2777777777778,8.5,38.9,35.9,24.9,25.3,39.9,531,"CO",2019,158,6,413.953488372093,-0.5,131,0
1620,2019-06-08,43.434,106.68,0,5.5,16.3888888888889,8.11111111111111,38.8,35.7,24.9,25.3,40,531,"CO",2019,159,6,407.142857142857,-0.100000000000001,131,0
1621,2019-06-09,40.894,99.06,0,-0.722222222222223,11,2.38888888888889,38.3,35.5,24.6,25.6,40.1,531,"CO",2019,160,6,412.820512820513,-0.5,131,0
1622,2019-06-10,39.116,91.44,0,-2.38888888888889,14.3888888888889,5.61111111111111,37.9,35.1,24.2,24.7,40.1,531,"CO",2019,161,6,427.777777777778,-0.399999999999999,131,0
1623,2019-06-11,36.83,88.9,0,4,12.1111111111111,6.61111111111111,37.9,35,24.5,25,40.1,531,"CO",2019,162,6,414.285714285714,0,131,0
1624,2019-06-12,34.29,83.82,0,3.27777777777778,15.3888888888889,7.11111111111111,38,35.3,24.8,25.2,40.2,531,"CO",2019,163,6,409.090909090909,0.100000000000001,131,0
1625,2019-06-13,31.75,78.74,0,2.72222222222222,16.7222222222222,8.11111111111111,38.1,35.6,25.1,26,40.2,531,"CO",2019,164,6,403.225806451613,0.100000000000001,131,0
1626,2019-06-14,29.464,71.12,0,5.61111111111111,15.2222222222222,7.11111111111111,38.3,35.9,25.6,26.7,40.2,531,"CO",2019,165,6,414.285714285714,0.199999999999996,131,0
1627,2019-06-15,27.432,68.58,0.254,2.27777777777778,13.8888888888889,4.61111111111111,38,35.7,25.4,26.9,40.2,531,"CO",2019,166,6,400,-0.299999999999997,131,0
1628,2019-06-16,25.4,63.5,0.254,2.11111111111111,15.3888888888889,7,37.7,35.1,25.2,26,40.3,531,"CO",2019,167,6,400,-0.299999999999997,131,0
1629,2019-06-17,23.622,60.96,0,2.88888888888889,13.8888888888889,5,37.3,34.9,24.6,25.3,40.3,531,"CO",2019,168,6,387.5,-0.400000000000006,131,0
1630,2019-06-18,21.59,55.88,0.254,2.72222222222222,8.72222222222222,3.5,37.5,35.1,24.5,25.1,40.3,531,"CO",2019,169,6,386.363636363636,0.200000000000003,131,0
1631,2019-06-19,20.066,50.8,0.254,1.27777777777778,13.2222222222222,6.38888888888889,37,34.6,24,24.7,40.3,531,"CO",2019,170,6,395,-0.5,131,0
1632,2019-06-20,17.018,43.18,0,7.5,16,8.61111111111111,36.8,34.4,24.1,24.6,40.3,531,"CO",2019,171,6,394.117647058824,-0.200000000000003,131,0
1633,2019-06-21,13.97,30.48,0.508,2.22222222222222,13.2777777777778,5.5,36.2,34,24.1,24.5,40.3,531,"CO",2019,172,6,458.333333333333,-0.599999999999994,131,0
1634,2019-06-22,11.938,30.48,1.016,0.999999999999998,8.61111111111111,0.611111111111112,36,33,23.1,23.9,40.3,531,"CO",2019,173,6,391.666666666667,-0.200000000000003,131,0
1635,2019-06-23,12.192,27.94,0,-3.61111111111111,5.5,-0.222222222222221,35.8,33,22.8,23.4,40.3,531,"CO",2019,174,6,436.363636363636,-0.200000000000003,131,0
1636,2019-06-24,11.684,30.48,0,0,13.2777777777778,5.72222222222222,34.3,31.8,21.5,22.1,40.3,531,"CO",2019,175,6,383.333333333333,-1.5,131,0
1637,2019-06-25,8.89,25.4,0,3.38888888888889,17.2777777777778,9.61111111111111,33.5,31.3,21.1,21.2,35.4,531,"CO",2019,176,6,350,-0.799999999999997,131,0
1638,2019-06-26,5.842,17.78,0,6.11111111111111,19,11.2222222222222,32.4,30.3,20.6,20.5,32.4,531,"CO",2019,177,6,328.571428571428,-1.1,131,0
1639,2019-06-27,3.048,7.62,0,6.61111111111111,20.6111111111111,12.6111111111111,31.8,30,20,20.1,30.4,531,"CO",2019,178,6,400,-0.599999999999998,131,0
1640,2019-06-28,0.762,2.54,0,8.5,21.1111111111111,12.3888888888889,31.3,29.4,20.1,19.7,29.4,531,"CO",2019,179,6,300,-0.5,131,0
1641,2019-06-29,0,0,0,7.88888888888889,21,12.7777777777778,30.6,28.8,19.4,19.3,28.1,531,"CO",2019,180,6,NA,-0.699999999999999,131,0
1642,2019-06-30,0,0,0,8.11111111111111,19.7777777777778,10.6111111111111,30.2,28.4,18.9,18.8,26.4,531,"CO",2019,181,6,NA,-0.400000000000002,131,0
1643,2019-07-01,0,0,0,8.22222222222222,18.7222222222222,10.8888888888889,29.9,28.3,19.1,18.6,24.6,531,"CO",2019,182,7,NA,-0.300000000000001,131,0
1644,2019-07-02,0,0,0,6.5,19.6111111111111,10.7222222222222,29.9,27.8,18.7,18,23,531,"CO",2019,183,7,NA,0,131,0
1645,2019-07-03,0,0,0,4.5,20.2222222222222,12.6111111111111,29.3,27.2,17.8,17.5,21.7,531,"CO",2019,184,7,NA,-0.599999999999998,131,0
1646,2019-07-04,0,0,0,9.38888888888889,21.1111111111111,13.2777777777778,28.4,25.7,17.7,17.1,20.8,531,"CO",2019,185,7,NA,-0.900000000000002,131,0
1647,2019-07-05,0,0,0,8.61111111111111,21.1111111111111,12.2777777777778,27.8,25.1,16.9,16.6,19.7,531,"CO",2019,186,7,NA,-0.599999999999998,131,0
1648,2019-07-06,0,0,0,7.38888888888889,17.2777777777778,9.22222222222222,27.1,24.6,17,16,18.8,531,"CO",2019,187,7,NA,-0.699999999999999,131,0
1649,2019-07-07,0,0,0,5.61111111111111,16.7222222222222,9.22222222222222,27,23.9,16.5,15.7,18.5,531,"CO",2019,188,7,NA,-0.100000000000001,131,0
1650,2019-07-08,0,0,0,5.11111111111111,15.6111111111111,8.38888888888889,25.7,23.1,16.1,15.4,18.2,531,"CO",2019,189,7,NA,-1.3,131,0
1651,2019-07-09,0,0,0,6.11111111111111,19,10.5,25,22,15.6,15.1,17.9,531,"CO",2019,190,7,NA,-0.699999999999999,131,0
1652,2019-07-10,0,0,0,7.61111111111111,22.6111111111111,13.2777777777778,24.5,21.1,15.2,14.6,17.7,531,"CO",2019,191,7,NA,-0.5,131,0
1653,2019-07-11,0,0,0,7.38888888888889,22.7777777777778,13.6111111111111,22.9,20.9,14.9,14.1,17.4,531,"CO",2019,192,7,NA,-1.6,131,0
1654,2019-07-12,0,0,0,9.77777777777778,21.7222222222222,12.6111111111111,22.1,19,15.3,13.8,17.3,531,"CO",2019,193,7,NA,-0.799999999999997,131,0
1655,2019-07-13,0,0,0.254,8.88888888888889,22.2222222222222,12,20.7,18.1,13.9,13.3,17.1,531,"CO",2019,194,7,NA,-1.4,131,0
1656,2019-07-14,0,0,2.54,9.38888888888889,19.1111111111111,10.7222222222222,20,16.5,14.3,13,16.6,531,"CO",2019,195,7,NA,-0.699999999999999,131,0
1657,2019-07-15,0,0,0,6.5,20,10.7222222222222,35.9,33.2,20.9,16.9,17.3,531,"CO",2019,196,7,NA,15.9,131,0
1658,2019-07-16,0,0,0,7.38888888888889,21.6111111111111,13.6111111111111,33.5,30.3,19.3,17,17.4,531,"CO",2019,197,7,NA,-2.4,131,0
1659,2019-07-17,0,0,0,9.22222222222222,21.6111111111111,14.1111111111111,31.7,28.8,18.8,16.4,17.3,531,"CO",2019,198,7,NA,-1.8,131,0
1660,2019-07-18,0,0,0,11,22.3888888888889,14.6111111111111,30.6,27.2,17.6,15.9,17.2,531,"CO",2019,199,7,NA,-1.1,131,0
1661,2019-07-19,0,0,0,10.7222222222222,24.7777777777778,15.5,29.3,25.7,17.4,15.2,17.2,531,"CO",2019,200,7,NA,-1.3,131,0
1662,2019-07-20,0,0,0,11.5,22,11.7222222222222,27.9,24.8,16.4,14.5,16.8,531,"CO",2019,201,7,NA,-1.4,131,0
1663,2019-07-21,0,0,0,6.5,22.8888888888889,13.3888888888889,26.7,24.1,15.6,14.2,16.8,531,"CO",2019,202,7,NA,-1.2,131,0
1664,2019-07-22,0,0,0.762,7.88888888888889,18.8888888888889,9.38888888888889,25.8,22.7,15.6,13.6,16.6,531,"CO",2019,203,7,NA,-0.899999999999999,131,0
1665,2019-07-23,0,0,0,7.11111111111111,20,12,32.9,27,15.2,13.5,16.6,531,"CO",2019,204,7,NA,7.1,131,0
1666,2019-07-24,0,0,0.254,8.72222222222222,22.1111111111111,11.7222222222222,31,25,15.5,13.2,16.4,531,"CO",2019,205,7,NA,-1.9,131,0
1667,2019-07-25,0,0,0.508,6.11111111111111,17.2777777777778,9.22222222222222,33.9,24.7,15.1,13.1,16.4,531,"CO",2019,206,7,NA,2.9,131,0
1668,2019-07-26,0,0,0,6.88888888888889,17.7222222222222,9.88888888888889,36.1,28.1,14.6,13.1,16,531,"CO",2019,207,7,NA,2.2,131,0
1669,2019-07-27,0,0,0,7.61111111111111,19.5,10.8888888888889,33,26.8,15.6,12.8,15.9,531,"CO",2019,208,7,NA,-3.1,131,0
1670,2019-07-28,0,0,0,8,18.7222222222222,11.2222222222222,31.3,25.2,15.2,12.4,15.9,531,"CO",2019,209,7,NA,-1.7,131,0
1671,2019-07-29,0,0,0,8.11111111111111,22,13.1111111111111,29.4,24.3,14.8,12.2,15.8,531,"CO",2019,210,7,NA,-1.9,131,0
1672,2019-07-30,0,0,0,8.77777777777778,21.8888888888889,12.7222222222222,27.9,22.9,14,11.7,15.3,531,"CO",2019,211,7,NA,-1.5,131,0
1673,2019-07-31,0,0,0,8.38888888888889,20.3888888888889,11.1111111111111,26.4,21.3,14,11.4,15.5,531,"CO",2019,212,7,NA,-1.5,131,0
1674,2019-08-01,0,0,0,8.61111111111111,19.1111111111111,10.8888888888889,25.6,20.1,13.4,11,15.3,531,"CO",2019,213,8,NA,-0.799999999999997,131,0
1675,2019-08-02,0,0,0,7.77777777777778,20.2222222222222,11.6111111111111,25.3,18.8,12.9,10.8,15.1,531,"CO",2019,214,8,NA,-0.300000000000001,131,0
1827,2020-01-01,21.336,88.9,0.508,-9.11111111111111,-3.5,-8.72222222222222,8.5,5.7,3.1,0,4.1,531,"CO",2020,1,1,240,0,117,0
1828,2020-01-02,22.098,91.44,0,-11.7222222222222,-9.88888888888889,-13.3888888888889,8.4,6.1,3,0,3.7,531,"CO",2020,2,1,241.666666666667,-0.0999999999999996,117,0
1829,2020-01-03,22.098,96.52,0.254,-15.5,-8.22222222222222,-12.2777777777778,8.3,6,2.5,0,4,531,"CO",2020,3,1,228.947368421053,-0.0999999999999996,117,0
1830,2020-01-04,22.352,93.98,0,-11.5,2.77777777777778,-5.61111111111111,8.2,5.8,2.8,0,3.6,531,"CO",2020,4,1,237.837837837838,-0.100000000000001,117,0
1831,2020-01-05,22.352,91.44,0.254,-10.2777777777778,-0.277777777777778,-7.77777777777778,8.7,6,3.2,0,4.1,531,"CO",2020,5,1,244.444444444444,0.5,117,0
1832,2020-01-06,22.606,93.98,0,-13.8888888888889,-9.72222222222222,-13.3888888888889,8.4,6.1,3.3,0,3.8,531,"CO",2020,6,1,240.540540540541,-0.299999999999999,117,0
1833,2020-01-07,22.606,93.98,0,-10.6111111111111,-1.38888888888889,-7.22222222222222,8.5,5.7,3.3,0,4,531,"CO",2020,7,1,240.540540540541,0.0999999999999996,117,0
1834,2020-01-08,22.606,91.44,0,-7.38888888888889,1.77777777777778,-6,8.2,6.2,2.9,0,3.8,531,"CO",2020,8,1,247.222222222222,-0.300000000000001,117,0
1835,2020-01-09,22.606,91.44,0.254,-12.7222222222222,-5.77777777777778,-12.3888888888889,8.8,5.6,2.9,0,4.2,531,"CO",2020,9,1,247.222222222222,0.600000000000001,117,0
1836,2020-01-10,22.86,93.98,0,-15,-11.1111111111111,-16.7222222222222,8.3,6.2,2.9,0,4.1,531,"CO",2020,10,1,243.243243243243,-0.5,117,0
1837,2020-01-11,22.86,93.98,0.254,-19.8888888888889,-4.38888888888889,-12.6111111111111,8.1,6.2,2.7,0,4,531,"CO",2020,11,1,243.243243243243,-0.200000000000001,117,0
1838,2020-01-12,23.114,96.52,0.254,-16.1111111111111,-9.61111111111111,-14.7777777777778,8,5.7,2.8,0,4.2,531,"CO",2020,12,1,239.473684210526,-0.0999999999999996,117,0
1839,2020-01-13,23.368,96.52,0,-14.7777777777778,-9.22222222222222,-12.2777777777778,8.1,6,2.9,0,3.8,531,"CO",2020,13,1,242.105263157895,0.0999999999999996,117,0
1840,2020-01-14,23.368,93.98,0,-9.77777777777778,-0.88888888888889,-7.22222222222222,8.7,5.8,2.7,0,4.2,531,"CO",2020,14,1,248.648648648649,0.6,117,0
1841,2020-01-15,23.368,93.98,0,-10.3888888888889,-1.5,-8.88888888888889,8.5,5.8,2.8,0,4.2,531,"CO",2020,15,1,248.648648648649,-0.199999999999999,117,0
1842,2020-01-16,23.368,93.98,0.254,-13.7777777777778,1.72222222222222,-6.11111111111111,8.2,6.1,3,0,4,531,"CO",2020,16,1,248.648648648649,-0.300000000000001,117,0
1843,2020-01-17,23.622,91.44,0.254,-8.11111111111111,-4.61111111111111,-10.6111111111111,8.2,5.8,2.3,0,4.1,531,"CO",2020,17,1,258.333333333333,0,117,0
1844,2020-01-18,24.13,99.06,0,-17.2222222222222,-5.72222222222222,-13.1111111111111,8.4,5.7,2.8,0,4.1,531,"CO",2020,18,1,243.589743589744,0.200000000000001,117,0
1845,2020-01-19,24.13,96.52,0,-13.2222222222222,-6.72222222222222,-11.3888888888889,8.3,5.7,2.3,0,4.1,531,"CO",2020,19,1,250,-0.0999999999999996,117,0
1846,2020-01-20,24.13,96.52,0,-9.72222222222222,3.38888888888889,-4.11111111111111,8.4,6.1,2.3,0,4.2,531,"CO",2020,20,1,250,0.0999999999999996,117,0
1847,2020-01-21,24.384,93.98,0.254,-3.77777777777778,-0.611111111111112,-4.38888888888889,8,5.8,3.2,0,3.9,531,"CO",2020,21,1,259.459459459459,-0.4,117,0
1848,2020-01-22,24.638,96.52,0.508,-7.61111111111111,-6.11111111111111,-9.11111111111111,8.2,5.9,2.1,0,4.1,531,"CO",2020,22,1,255.263157894737,0.199999999999999,117,0
1849,2020-01-23,25.146,104.14,0.254,-11.7777777777778,-7.61111111111111,-10.3888888888889,8.5,5.5,2.9,0,3.9,531,"CO",2020,23,1,241.463414634146,0.300000000000001,117,0
1850,2020-01-24,25.4,104.14,0,-10.7777777777778,-3,-8.72222222222222,8.2,5.7,2.9,0,4,531,"CO",2020,24,1,243.90243902439,-0.300000000000001,117,0
1851,2020-01-25,25.4,101.6,0,-8.77777777777778,-4.72222222222222,-9,8.2,6,2.8,0,4.1,531,"CO",2020,25,1,250,0,117,0
1852,2020-01-26,25.654,96.52,0,-9.61111111111111,-1.5,-6.38888888888889,7.9,5.9,2.8,0,3.8,531,"CO",2020,26,1,265.789473684211,-0.299999999999999,117,0
1853,2020-01-27,25.654,101.6,0.254,-8.5,-2.88888888888889,-8.61111111111111,8.4,6,2.9,0,4,531,"CO",2020,27,1,252.5,0.5,117,0
1854,2020-01-28,25.908,106.68,0.254,-14.8888888888889,-8,-13.2222222222222,8.5,5.8,2.4,0,4.3,531,"CO",2020,28,1,242.857142857143,0.0999999999999996,117,0
1855,2020-01-29,26.162,104.14,0,-12,-6.77777777777778,-11.7222222222222,8.4,5.8,2.8,0,4,531,"CO",2020,29,1,251.219512195122,-0.0999999999999996,117,0
1856,2020-01-30,26.162,101.6,0,-14.7222222222222,-9.11111111111111,-13.7777777777778,8.2,5.8,2.7,0,3.8,531,"CO",2020,30,1,257.5,-0.200000000000001,117,0
1857,2020-01-31,26.162,104.14,0.254,-17.2222222222222,-8.77777777777778,-13.3888888888889,8,5.7,2.9,0,4,531,"CO",2020,31,1,251.219512195122,-0.199999999999999,117,0
1858,2020-02-01,26.416,104.14,0,-10.1111111111111,0.111111111111113,-4.88888888888889,8,6,2.4,0,4.1,531,"CO",2020,32,2,253.658536585366,0,117,0
1859,2020-02-02,26.416,101.6,0,-1.22222222222222,8.22222222222222,0.611111111111112,8,6.1,2.8,0,3.9,531,"CO",2020,33,2,260,0,117,0
1860,2020-02-03,26.416,99.06,0.508,-4.38888888888889,-3.38888888888889,-9.61111111111111,8,5.5,3,0,3.9,531,"CO",2020,34,2,266.666666666667,0,117,0
1861,2020-02-04,26.924,111.76,0,-19.2777777777778,-17,-21.7777777777778,8.2,5.6,3.1,0,3.8,531,"CO",2020,35,2,240.909090909091,0.199999999999999,117,0
1862,2020-02-05,26.924,109.22,0.254,-25.7777777777778,-17.1111111111111,-22.3888888888889,8.2,5.6,2.9,0,4,531,"CO",2020,36,2,246.511627906977,0,117,0
1863,2020-02-06,27.178,109.22,1.016,-19,-9.77777777777778,-12.5,7.9,5.8,2.1,0,4.4,531,"CO",2020,37,2,248.837209302326,-0.299999999999999,117,0
1864,2020-02-07,28.956,116.84,1.524,-10.1111111111111,-7.27777777777778,-8.61111111111111,7.9,5.8,2.6,0,3.8,531,"CO",2020,38,2,247.826086956522,0,117,0
1865,2020-02-08,30.988,157.48,0.254,-8.22222222222222,0,-6.72222222222222,8.1,5.7,2.9,0,3.9,531,"CO",2020,39,2,196.774193548387,0.199999999999999,117,0
1866,2020-02-09,31.242,142.24,0.508,-12.7777777777778,-7.77777777777778,-11.2777777777778,8.2,6.1,2.5,0,3.9,531,"CO",2020,40,2,219.642857142857,0.0999999999999996,117,0
1867,2020-02-10,31.75,137.16,0.508,-10.6111111111111,-4.27777777777778,-11.2777777777778,8.4,5.7,2.5,0,4.3,531,"CO",2020,41,2,231.481481481481,0.200000000000001,117,0
1868,2020-02-11,32.258,139.7,0,-17.3888888888889,-9.11111111111111,-15.2222222222222,7.8,5.8,2.8,0,4,531,"CO",2020,42,2,230.909090909091,-0.600000000000001,117,0
1869,2020-02-12,32.258,134.62,0.254,-13.2777777777778,-9.88888888888889,-14.7222222222222,8.2,5.7,3,0,3.7,531,"CO",2020,43,2,239.622641509434,0.399999999999999,117,0
1870,2020-02-13,32.766,134.62,0.508,-16,-10.1111111111111,-13.3888888888889,8.2,5.6,2.8,0,4.1,531,"CO",2020,44,2,243.396226415094,0,117,0
1871,2020-02-14,33.274,134.62,0,-11.6111111111111,0.277777777777778,-7,8.1,5.9,2.8,0,4.1,531,"CO",2020,45,2,247.169811320755,-0.0999999999999996,117,0
1872,2020-02-15,33.274,132.08,0.254,-8.22222222222222,-2.88888888888889,-8.11111111111111,8.5,5.5,3,0,4.1,531,"CO",2020,46,2,251.923076923077,0.4,117,0
1873,2020-02-16,33.528,132.08,0.762,-9.38888888888889,-2.11111111111111,-6.61111111111111,7.8,5.8,2.4,0,4,531,"CO",2020,47,2,253.846153846154,-0.7,117,0
1874,2020-02-17,34.29,142.24,0.254,-7.61111111111111,-3.38888888888889,-9.88888888888889,8.1,5.8,2.4,0,4.1,531,"CO",2020,48,2,241.071428571429,0.3,117,0
1875,2020-02-18,34.544,142.24,0,-15,-3.22222222222222,-12.1111111111111,8,5.8,2.6,0,4,531,"CO",2020,49,2,242.857142857143,-0.0999999999999996,117,0
1876,2020-02-19,34.544,137.16,0.254,-11,-1.22222222222222,-10.7222222222222,8,5.9,2.9,0,3.9,531,"CO",2020,50,2,251.851851851852,0,117,0
1877,2020-02-20,34.798,139.7,0,-17.6111111111111,-2.72222222222222,-12.5,8.2,6,2.6,0,4,531,"CO",2020,51,2,249.090909090909,0.199999999999999,117,0
1878,2020-02-21,34.798,137.16,0.254,-10.8888888888889,3.38888888888889,-5.27777777777778,7.8,5.3,2.4,0,4,531,"CO",2020,52,2,253.703703703704,-0.399999999999999,117,0
1879,2020-02-22,35.052,134.62,0,-6.22222222222222,4,-3.11111111111111,8,5.8,2.5,0,4.1,531,"CO",2020,53,2,260.377358490566,0.2,117,0
1880,2020-02-23,35.052,127,2.286,-6.11111111111111,-3.11111111111111,-6.88888888888889,8.2,5.8,2.6,0,4.1,531,"CO",2020,54,2,276,0.199999999999999,117,0
1881,2020-02-24,37.338,160.02,0.508,-10.5,-9.5,-14.7777777777778,8.5,5.8,2.2,0,4,531,"CO",2020,55,2,233.333333333333,0.300000000000001,117,0
1882,2020-02-25,38.1,160.02,0,-20.3888888888889,-16,-20,7.6,5.9,2.2,0,3.7,531,"CO",2020,56,2,238.095238095238,-0.9,117,0
1883,2020-02-26,38.1,157.48,0.254,-24,-7,-15.2222222222222,8.1,6,2.2,0,3.7,531,"CO",2020,57,2,241.935483870968,0.5,117,0
1884,2020-02-27,38.354,152.4,0.254,-10.5,-3.77777777777778,-9.77777777777778,7.8,5.8,3.1,0,3.9,531,"CO",2020,58,2,251.666666666667,-0.3,117,0
1885,2020-02-28,38.608,149.86,0,-9.88888888888889,2.27777777777778,-5.72222222222222,8,6,2.6,0,3.7,531,"CO",2020,59,2,257.627118644068,0.2,117,0
1886,2020-02-29,38.608,147.32,0,-6.27777777777778,2.61111111111111,-4.61111111111111,7.9,5.5,2.7,0,3.9,531,"CO",2020,60,2,262.068965517241,-0.0999999999999996,117,0
1887,2020-03-01,38.608,144.78,0.254,-8.38888888888889,0.611111111111112,-6.61111111111111,8.4,5.9,2.9,0,3.8,531,"CO",2020,61,3,266.666666666667,0.5,117,0
1888,2020-03-02,38.862,144.78,0.762,-8.72222222222222,-3.61111111111111,-9,8,5.7,2.4,0,3.5,531,"CO",2020,62,3,268.421052631579,-0.4,117,0
1889,2020-03-03,39.624,149.86,0,-12.8888888888889,1.22222222222222,-7.77777777777778,8.3,5.6,2.6,0,3.7,531,"CO",2020,63,3,264.406779661017,0.300000000000001,117,0
1890,2020-03-04,39.624,147.32,0,-8.88888888888889,4.38888888888889,-4.27777777777778,8,5.8,3,0,3.8,531,"CO",2020,64,3,268.965517241379,-0.300000000000001,117,0
1891,2020-03-05,39.624,144.78,0,-7.61111111111111,4.72222222222222,-3.77777777777778,8.4,5.9,2.7,0,3.8,531,"CO",2020,65,3,273.684210526316,0.4,117,0
1892,2020-03-06,39.624,142.24,0,-4,6.22222222222222,-1.11111111111111,8.3,6,2.9,0,3.7,531,"CO",2020,66,3,278.571428571429,-0.0999999999999996,117,0
1893,2020-03-07,39.624,142.24,0,-4.11111111111111,7.11111111111111,-0.88888888888889,8.2,5.8,2.6,0,3.7,531,"CO",2020,67,3,278.571428571429,-0.100000000000001,117,0
1894,2020-03-08,39.624,139.7,0.254,-2.61111111111111,7.38888888888889,-1.5,8.3,6,2.9,0,3.8,531,"CO",2020,68,3,283.636363636364,0.100000000000001,117,0
1895,2020-03-09,39.624,134.62,0,-6.5,3.5,-4.5,8,5.8,2.9,0,3.8,531,"CO",2020,69,3,294.339622641509,-0.300000000000001,117,0
1896,2020-03-10,39.624,139.7,0.254,-6.27777777777778,0.722222222222221,-4.27777777777778,8.1,5.7,2.7,0,3.9,531,"CO",2020,70,3,283.636363636364,0.0999999999999996,117,0
1897,2020-03-11,39.878,134.62,0.254,-6.77777777777778,6.11111111111111,-2.38888888888889,7.9,5.8,3.1,0,3.8,531,"CO",2020,71,3,296.22641509434,-0.199999999999999,117,0
1898,2020-03-12,40.132,139.7,0,-4.72222222222222,3.27777777777778,-2.88888888888889,8.3,5.7,2.7,0,3.4,531,"CO",2020,72,3,287.272727272727,0.4,117,0
1899,2020-03-13,40.132,137.16,0.508,-7,-3,-6.77777777777778,8.3,5.9,2.7,0,3.5,531,"CO",2020,73,3,292.592592592593,0,117,0
1900,2020-03-14,40.64,147.32,0.254,-8.77777777777778,4,-4.22222222222222,8.5,5.8,2.7,0,3.6,531,"CO",2020,74,3,275.862068965517,0.199999999999999,117,0
1901,2020-03-15,40.894,142.24,0,-6.72222222222222,6.77777777777778,-2.72222222222222,8.5,5.7,2.8,0,3.8,531,"CO",2020,75,3,287.5,0,117,0
1902,2020-03-16,40.894,139.7,0,-6.38888888888889,5.5,-2.22222222222222,8.8,5.7,3,0,3.9,531,"CO",2020,76,3,292.727272727273,0.300000000000001,117,0
1903,2020-03-17,40.894,139.7,0,-6,8.22222222222222,-1.61111111111111,8.4,5.5,2.8,0,3.8,531,"CO",2020,77,3,292.727272727273,-0.4,117,0
1904,2020-03-18,40.894,137.16,0,-6.61111111111111,7.11111111111111,-3,7.9,6.1,2.5,0,3.5,531,"CO",2020,78,3,298.148148148148,-0.5,117,0
1905,2020-03-19,40.894,134.62,1.778,-5.88888888888889,-3,-6.88888888888889,8.6,5.6,2.7,0,3.4,531,"CO",2020,79,3,303.77358490566,0.699999999999999,117,0
1906,2020-03-20,42.164,152.4,0.254,-12.5,-2.5,-9.22222222222222,8.5,5.9,3.1,0,3.7,531,"CO",2020,80,3,276.666666666667,-0.0999999999999996,117,0
1907,2020-03-21,42.418,154.94,0.254,-11.2777777777778,0.777777777777777,-7.22222222222222,8.1,6,2.4,0,3.7,531,"CO",2020,81,3,273.770491803279,-0.4,117,0
1908,2020-03-22,42.672,152.4,0.254,-8.88888888888889,-1.11111111111111,-7.11111111111111,8.5,5.9,2.5,0,3.8,531,"CO",2020,82,3,280,0.4,117,0
1909,2020-03-23,42.926,152.4,0.254,-10.3888888888889,2.5,-5.77777777777778,8.8,5.7,3,0,3.5,531,"CO",2020,83,3,281.666666666667,0.300000000000001,117,0
1910,2020-03-24,43.18,152.4,0,-7.61111111111111,4.61111111111111,-3.38888888888889,8.1,6.2,2.7,0,3.9,531,"CO",2020,84,3,283.333333333333,-0.700000000000001,117,0
1911,2020-03-25,43.18,147.32,0,-4.72222222222222,4.61111111111111,-2.11111111111111,8.6,6.2,2.7,0,3.6,531,"CO",2020,85,3,293.103448275862,0.5,117,0
1912,2020-03-26,43.18,144.78,0,-3.72222222222222,6.5,-1.27777777777778,8.7,5.9,2.9,0,3.8,531,"CO",2020,86,3,298.245614035088,0.0999999999999996,117,0
1913,2020-03-27,43.18,142.24,0.508,-6.77777777777778,1.72222222222222,-7.61111111111111,8.9,6,2.7,0,4,531,"CO",2020,87,3,303.571428571429,0.200000000000001,117,0
1914,2020-03-28,43.688,154.94,0,-13.7777777777778,-7,-12.8888888888889,8.5,6,3.1,0,3.8,531,"CO",2020,88,3,281.967213114754,-0.4,117,0
1915,2020-03-29,43.688,147.32,0.254,-14.5,0.388888888888891,-8,8.3,6,3.5,0,4.1,531,"CO",2020,89,3,296.551724137931,-0.199999999999999,117,0
1916,2020-03-30,43.942,149.86,0.762,-8,-0.277777777777778,-6.5,9.1,6,3.2,0,4.1,531,"CO",2020,90,3,293.220338983051,0.799999999999999,117,0
1917,2020-03-31,44.45,152.4,0,-7.77777777777778,5.88888888888889,-2.22222222222222,8.9,6.3,2.7,0,3.8,531,"CO",2020,91,3,291.666666666667,-0.199999999999999,117,0
1918,2020-04-01,44.45,147.32,0,-2.22222222222222,8.5,0.277777777777778,8.9,6.3,3.1,0,3.9,531,"CO",2020,92,4,301.724137931035,0,117,0
1919,2020-04-02,44.45,144.78,0,-2.38888888888889,5.88888888888889,-3.72222222222222,8.6,6,2.9,0,4,531,"CO",2020,93,4,307.017543859649,-0.300000000000001,117,0
1920,2020-04-03,44.45,144.78,0,-14.2777777777778,0.777777777777777,-7.77777777777778,9,6.1,3.1,0,4,531,"CO",2020,94,4,307.017543859649,0.4,117,0
1921,2020-04-04,44.45,144.78,0,-9.72222222222222,4.88888888888889,-3.72222222222222,9.4,5.6,3.2,0,4.3,531,"CO",2020,95,4,307.017543859649,0.4,117,0
1922,2020-04-05,44.45,142.24,0,-5.27777777777778,9.22222222222222,-0.611111111111112,8.3,6.4,2.6,0,4.1,531,"CO",2020,96,4,312.5,-1.1,117,0
1923,2020-04-06,44.45,139.7,0,-4.22222222222222,8.88888888888889,0.611111111111112,8.6,6.2,3.4,0,4.3,531,"CO",2020,97,4,318.181818181818,0.299999999999999,117,0
1924,2020-04-07,44.45,137.16,0,-1.27777777777778,9.11111111111111,0.777777777777777,8.3,6.3,3.2,0,4.2,531,"CO",2020,98,4,324.074074074074,-0.299999999999999,117,0
1925,2020-04-08,44.196,134.62,0,-2.77777777777778,8,0.999999999999998,9.1,6.1,3.2,0,4.3,531,"CO",2020,99,4,328.301886792453,0.799999999999999,117,0
1926,2020-04-09,43.942,134.62,0,-1.22222222222222,12.1111111111111,2,9.3,6,3.2,0,4.2,531,"CO",2020,100,4,326.415094339623,0.200000000000001,117,1
1927,2020-04-10,43.942,129.54,0.254,-2.72222222222222,7.72222222222222,-1,31.2,6.2,3.5,0,4.1,531,"CO",2020,101,4,339.21568627451,21.9,117,0
1928,2020-04-11,44.196,132.08,0,-2.88888888888889,7.38888888888889,-0.777777777777777,34.6,16.6,3.6,0,4.2,531,"CO",2020,102,4,334.615384615385,3.4,117,0
1929,2020-04-12,44.196,129.54,1.778,-4.61111111111111,-1.77777777777778,-8.5,36.1,22.3,3.3,0,4.3,531,"CO",2020,103,4,341.176470588235,1.5,117,0
1930,2020-04-13,45.974,152.4,1.524,-13.7777777777778,-6.61111111111111,-13.6111111111111,34.2,23.4,3.6,0,4.2,531,"CO",2020,104,4,301.666666666667,-1.9,117,0
1931,2020-04-14,47.244,154.94,0,-18.5,-6,-14.3888888888889,32.5,23.4,4,0,4.4,531,"CO",2020,105,4,304.918032786885,-1.7,117,0
1932,2020-04-15,47.244,149.86,0,-13.1111111111111,-0.722222222222223,-7.77777777777778,31.3,22.9,3.7,0,4.6,531,"CO",2020,106,4,315.254237288136,-1.2,117,0
1933,2020-04-16,47.244,147.32,1.524,-8.61111111111111,2.11111111111111,-7.22222222222222,30.4,22.5,3.8,0,4.6,531,"CO",2020,107,4,320.689655172414,-0.900000000000002,117,0
1934,2020-04-17,48.26,165.1,0,-10.7222222222222,0.499999999999999,-6.77777777777778,29.5,22.4,4,0,4.4,531,"CO",2020,108,4,292.307692307692,-0.899999999999999,117,0
1935,2020-04-18,48.26,160.02,0.254,-6.38888888888889,5.72222222222222,-2.72222222222222,29,22.1,4.1,0,4.6,531,"CO",2020,109,4,301.587301587302,-0.5,117,0
1936,2020-04-19,48.514,165.1,0.254,-6.27777777777778,2.5,-4.5,28.5,21.8,3.8,0,4.5,531,"CO",2020,110,4,293.846153846154,-0.5,117,0
1937,2020-04-20,48.768,154.94,0,-6.5,5.5,-2.5,28.2,21.9,4.1,0,4.9,531,"CO",2020,111,4,314.754098360656,-0.300000000000001,117,0
1938,2020-04-21,48.768,149.86,0,-5.61111111111111,8,-0.88888888888889,28.1,21.9,4.8,0,4.6,531,"CO",2020,112,4,325.423728813559,-0.0999999999999979,117,0
1939,2020-04-22,48.26,144.78,0.254,-4.22222222222222,5.88888888888889,-0.722222222222223,29,21.8,5.3,0,5,531,"CO",2020,113,4,333.333333333333,0.899999999999999,117,0
1940,2020-04-23,48.514,144.78,0.762,-2.61111111111111,4.5,-1.61111111111111,31.2,22.2,5.4,0,4.8,531,"CO",2020,114,4,335.087719298246,2.2,117,0
1941,2020-04-24,49.276,147.32,0.508,-6.22222222222222,1.27777777777778,-4.61111111111111,31.3,22.5,5.6,0,4.7,531,"CO",2020,115,4,334.48275862069,0.100000000000001,117,0
1942,2020-04-25,49.784,144.78,0.254,-6.38888888888889,4.5,-1.27777777777778,31.1,22.7,6.3,0,4.8,531,"CO",2020,116,4,343.859649122807,-0.199999999999999,117,0
1943,2020-04-26,50.038,147.32,0,-0.777777777777777,10.7777777777778,1.22222222222222,31.9,22.7,6.7,0,5,531,"CO",2020,117,4,339.655172413793,0.799999999999997,117,0
1944,2020-04-27,50.038,147.32,0,-3.72222222222222,12.6111111111111,3.72222222222222,35.9,24.4,7.3,0,4.7,531,"CO",2020,118,4,339.655172413793,4,117,0
1945,2020-04-28,49.276,142.24,0,2.38888888888889,8.61111111111111,3,38.3,30.1,7.3,0,4.8,531,"CO",2020,119,4,346.428571428571,2.4,117,0
1946,2020-04-29,48.768,137.16,0,-1,14.7777777777778,5.72222222222222,38.6,33.1,14.9,0,4.6,531,"CO",2020,120,4,355.555555555556,0.300000000000004,117,0
1947,2020-04-30,48.768,134.62,0,5.77777777777778,17,8.38888888888889,38.6,33.6,18.7,0,5.2,531,"CO",2020,121,4,362.264150943396,0,117,0
1948,2020-05-01,48.514,129.54,0,1.5,16.5,8.38888888888889,38.6,34.2,21.6,0,5,531,"CO",2020,122,5,374.509803921569,0,117,0
1949,2020-05-02,47.498,127,0,1.77777777777778,14.7222222222222,5,38.4,34,22.7,19.6,4.5,531,"CO",2020,123,5,374,-0.200000000000003,117,0
1950,2020-05-03,46.228,121.92,0,-0.111111111111111,14.3888888888889,6.72222222222222,38.1,33.9,22.8,21.2,5.1,531,"CO",2020,124,5,379.166666666667,-0.299999999999997,117,0
1951,2020-05-04,44.704,116.84,0,2.27777777777778,7.22222222222222,0.777777777777777,38,34,22.8,21.8,4.8,531,"CO",2020,125,5,382.608695652174,-0.100000000000001,117,0
1952,2020-05-05,44.958,116.84,0,-4.61111111111111,9.11111111111111,0.611111111111112,36.4,31.7,21.4,21,13.3,531,"CO",2020,126,5,384.782608695652,-1.6,117,0
1953,2020-05-06,44.45,114.3,0,-2.5,12.8888888888889,3.77777777777778,37.8,33.2,21.8,21,15.8,531,"CO",2020,127,5,388.888888888889,1.4,117,0
1954,2020-05-07,43.434,111.76,0,2.38888888888889,9.72222222222222,1.5,38.1,33.8,22.7,21.7,17.3,531,"CO",2020,128,5,388.636363636364,0.300000000000004,117,0
1955,2020-05-08,42.926,109.22,0,-7,9.88888888888889,0.111111111111113,37.8,33.4,22.3,21.9,18.2,531,"CO",2020,129,5,393.023255813953,-0.300000000000004,117,0
1956,2020-05-09,41.91,104.14,0,-0.611111111111112,9.5,1.11111111111111,37.7,33.5,22.3,21.7,18.8,531,"CO",2020,130,5,402.439024390244,-0.0999999999999943,117,0
1957,2020-05-10,40.894,101.6,0,-3.77777777777778,12.6111111111111,3.27777777777778,37.7,33.7,22.7,21.9,19.3,531,"CO",2020,131,5,402.5,0,117,0
1958,2020-05-11,39.624,96.52,1.016,-1.22222222222222,6.61111111111111,1.27777777777778,37.7,33.5,22.6,22,20.1,531,"CO",2020,132,5,410.526315789474,0,117,0
1959,2020-05-12,40.132,104.14,0,-0.88888888888889,12.7222222222222,4,36.2,31.8,21.2,21.1,19.9,531,"CO",2020,133,5,385.365853658537,-1.5,117,0
1960,2020-05-13,39.624,93.98,0,2.22222222222222,12.2777777777778,4.5,38.1,33.9,22.7,22.1,20.5,531,"CO",2020,134,5,421.621621621622,1.9,117,0
1961,2020-05-14,38.608,91.44,0,0.999999999999998,12.7222222222222,4.5,37.6,33.5,22.8,22.4,22.3,531,"CO",2020,135,5,422.222222222222,-0.5,117,0
1962,2020-05-15,37.084,86.36,0,1.72222222222222,12,3.38888888888889,37.7,33.6,22.8,22.2,23.2,531,"CO",2020,136,5,429.411764705882,0.100000000000001,117,0
1963,2020-05-16,35.814,81.28,0,0.222222222222221,11.6111111111111,4.11111111111111,37.7,33.3,22.5,22.2,25,531,"CO",2020,137,5,440.625,0,117,0
1964,2020-05-17,34.036,78.74,0,-0.111111111111111,15.8888888888889,7.88888888888889,37.6,33.7,22.9,22.8,39.5,531,"CO",2020,138,5,432.258064516129,-0.100000000000001,117,0
1965,2020-05-18,32.004,76.2,0,3,19.7777777777778,10.7222222222222,37.9,34.2,23.2,23.2,39.6,531,"CO",2020,139,5,420,0.299999999999997,117,0
1966,2020-05-19,29.972,73.66,0,6.11111111111111,16.7222222222222,9.22222222222222,37.6,34.4,23.5,23.6,39.6,531,"CO",2020,140,5,406.896551724138,-0.299999999999997,117,0
1967,2020-05-20,27.94,66.04,0,4.38888888888889,13.8888888888889,5.11111111111111,37.7,34.3,23.4,23.8,39.7,531,"CO",2020,141,5,423.076923076923,0.100000000000001,117,0
1968,2020-05-21,26.416,63.5,0,-2.27777777777778,11.3888888888889,2.38888888888889,37.1,33.8,23.2,23.8,39.7,531,"CO",2020,142,5,416,-0.600000000000001,117,0
1969,2020-05-22,24.638,58.42,0,-1.27777777777778,14.8888888888889,5.5,36.6,33.3,23.1,23.3,39.8,531,"CO",2020,143,5,421.739130434783,-0.5,117,0
1970,2020-05-23,22.352,50.8,0,2.38888888888889,12.2777777777778,4.5,36.8,33.5,23.2,23.2,39.8,531,"CO",2020,144,5,440,0.199999999999996,117,0
1971,2020-05-24,21.082,45.72,1.524,-0.222222222222221,2.72222222222222,-1.77777777777778,36.4,33.2,22.6,22.7,39.8,531,"CO",2020,145,5,461.111111111111,-0.399999999999999,117,0
1972,2020-05-25,22.606,63.5,0,-4.22222222222222,5,-1.61111111111111,34.2,31.1,21.4,21.7,39.8,531,"CO",2020,146,5,356,-2.2,117,0
1973,2020-05-26,22.352,53.34,0,-4.11111111111111,11.3888888888889,4.11111111111111,34.6,30.8,20.9,21.4,35.5,531,"CO",2020,147,5,419.047619047619,0.399999999999999,117,0
1974,2020-05-27,21.336,43.18,0,4.72222222222222,14.2222222222222,5.72222222222222,36.9,33.5,22.7,21.7,37.4,531,"CO",2020,148,5,494.117647058824,2.3,117,0
1975,2020-05-28,19.05,40.64,0,2,17,8.11111111111111,36.6,33.2,22.9,21.8,39.1,531,"CO",2020,149,5,468.75,-0.299999999999997,117,0
1976,2020-05-29,16.002,35.56,0.254,4.11111111111111,18.6111111111111,9.88888888888889,35.1,31.5,22.1,21.6,39.3,531,"CO",2020,150,5,450,-1.5,117,0
1977,2020-05-30,13.208,30.48,0,4.77777777777778,17.7777777777778,9.22222222222222,36.1,32.1,21.9,21.8,39.5,531,"CO",2020,151,5,433.333333333333,1,117,0
1978,2020-05-31,10.414,20.32,0,5.77777777777778,16.6111111111111,9.77777777777778,34.1,31.4,22,21.8,39.6,531,"CO",2020,152,5,512.5,-2,117,0
1979,2020-06-01,7.62,15.24,0,4.38888888888889,17.6111111111111,10.2222222222222,33.3,30.9,21.7,21.7,39.6,531,"CO",2020,153,6,500,-0.800000000000004,117,0
1980,2020-06-02,4.826,7.62,0,8.72222222222222,17.1111111111111,10.1111111111111,32.4,30.3,21.2,21.4,39.6,531,"CO",2020,154,6,633.333333333333,-0.899999999999999,117,0
1981,2020-06-03,2.794,5.08,0,7,18.3888888888889,10,31.5,29.4,20,20.8,39.5,531,"CO",2020,155,6,550,-0.899999999999999,117,0
1982,2020-06-04,1.27,5.08,0,6.88888888888889,16.7777777777778,9.11111111111111,31,28.3,19.5,20,32.5,531,"CO",2020,156,6,250,-0.5,117,0
1983,2020-06-05,0.762,2.54,0.254,6.77777777777778,21.7777777777778,12.3888888888889,30.3,27.9,19.3,19.4,29.2,531,"CO",2020,157,6,300,-0.699999999999999,117,0
1984,2020-06-06,0.254,2.54,1.016,7.88888888888889,10.7222222222222,6.38888888888889,30.1,27.6,18.7,18.8,26.7,531,"CO",2020,158,6,100,-0.199999999999999,117,0
1985,2020-06-07,0.254,2.54,0,3,17.2777777777778,8.77777777777778,35,30.2,19.5,18.9,26.3,531,"CO",2020,159,6,100,4.9,117,0
1986,2020-06-08,0,0,0,4.88888888888889,14.8888888888889,4.61111111111111,32.7,28.7,19.3,18.7,25.3,531,"CO",2020,160,6,NA,-2.3,117,0
1987,2020-06-09,0.254,5.08,0.762,-5.5,0.111111111111113,-2.77777777777778,30.9,28.2,18.9,18.2,23.8,531,"CO",2020,161,6,50,-1.8,117,0
1988,2020-06-10,0,0,0,-1.38888888888889,12.3888888888889,4,34.7,30,18.9,18.3,22.7,531,"CO",2020,162,6,NA,3.8,117,0
1989,2020-06-11,0,0,0,2,16.2777777777778,8,33,29,18.8,18.1,21.8,531,"CO",2020,163,6,NA,-1.7,117,0
1990,2020-06-12,0,0,0.254,5,20.1111111111111,10,31.6,28.2,18.4,17.8,21.2,531,"CO",2020,164,6,NA,-1.4,117,0
1991,2020-06-13,0,0,0,6.22222222222222,19.7777777777778,9.11111111111111,30.8,27.1,18.4,17.2,20.4,531,"CO",2020,165,6,NA,-0.800000000000001,117,0
1992,2020-06-14,0,0,0,3,17.7777777777778,9.38888888888889,33.4,26.8,17.9,16.8,19.7,531,"CO",2020,166,6,NA,2.6,117,0
1993,2020-06-15,0,0,0,6.61111111111111,21,12.2222222222222,31.3,26.5,17.6,16.5,19.1,531,"CO",2020,167,6,NA,-2.1,117,0
1994,2020-06-16,0,0,0,9.38888888888889,19,11.7222222222222,29.8,25.6,16.6,16,18.8,531,"CO",2020,168,6,NA,-1.5,117,0
1995,2020-06-17,0,0,0,6.88888888888889,20.1111111111111,11.1111111111111,28.7,24.8,16.8,15.4,18.5,531,"CO",2020,169,6,NA,-1.1,117,0
1996,2020-06-18,0,0,0.762,2.88888888888889,14.7777777777778,4.5,27.7,24.1,16.4,15.1,18.3,531,"CO",2020,170,6,NA,-1,117,0
1997,2020-06-19,0,0,1.27,1.27777777777778,8.77777777777778,2.38888888888889,26.8,23.1,15.7,14.8,17.9,531,"CO",2020,171,6,NA,-0.899999999999999,117,0
1998,2020-06-20,0,0,0.508,1.5,16.3888888888889,7.77777777777778,36.4,32.1,20.3,15.5,17.9,531,"CO",2020,172,6,NA,9.6,117,0
1999,2020-06-21,0,0,0,6,17.2777777777778,8.72222222222222,33.9,29.8,19.3,16,18,531,"CO",2020,173,6,NA,-2.5,117,0
2000,2020-06-22,0,0,0,7.77777777777778,17.8888888888889,9.88888888888889,32.4,28.2,18.7,15.9,18,531,"CO",2020,174,6,NA,-1.5,117,0
2001,2020-06-23,0,0,0,5.11111111111111,19.7777777777778,9.72222222222222,31.1,27.9,18.3,15.4,17.9,531,"CO",2020,175,6,NA,-1.3,117,0
2002,2020-06-24,0,0,0,5.77777777777778,19.8888888888889,10.7222222222222,30.7,26.6,17.5,15.6,17.8,531,"CO",2020,176,6,NA,-0.400000000000002,117,0
2003,2020-06-25,0,0,0,7.77777777777778,18.3888888888889,9.77777777777778,29.6,25.7,17.1,15.2,17.5,531,"CO",2020,177,6,NA,-1.1,117,0
2004,2020-06-26,0,0,0,5.77777777777778,20.7777777777778,10.3888888888889,28.6,25.6,17,15,17.7,531,"CO",2020,178,6,NA,-1,117,0
2005,2020-06-27,0,0,0,4.5,17.8888888888889,10.5,28.7,24.3,16.5,14.5,17.5,531,"CO",2020,179,6,NA,0.0999999999999979,117,0
2006,2020-06-28,0,0,0,8.11111111111111,20,11.5,28.1,23.6,15.5,14.3,17.3,531,"CO",2020,180,6,NA,-0.599999999999998,117,0
2007,2020-06-29,0,0,0,8.38888888888889,20.6111111111111,11.6111111111111,27.1,22.8,15.3,13.9,17,531,"CO",2020,181,6,NA,-1,117,0
2008,2020-06-30,0,0,0,5.88888888888889,14.6111111111111,6.22222222222222,26.7,20.8,14.9,13.6,16.7,531,"CO",2020,182,6,NA,-0.400000000000002,117,0
2009,2020-07-01,0,0,0,3.38888888888889,20.2222222222222,9.72222222222222,25.4,20.5,14.6,13.4,16.6,531,"CO",2020,183,7,NA,-1.3,117,0
2010,2020-07-02,0,0,0,5.77777777777778,21,11.5,24.7,19.2,14.9,12.9,16.7,531,"CO",2020,184,7,NA,-0.699999999999999,117,0
2011,2020-07-03,0,0,0.254,9.11111111111111,19.8888888888889,10.3888888888889,22.7,19.1,13.8,12.6,16.5,531,"CO",2020,185,7,NA,-2,117,0
2012,2020-07-04,0,0,0,7,18.7777777777778,7.72222222222222,22.9,18.6,13.5,12.3,16,531,"CO",2020,186,7,NA,0.199999999999999,117,0
2013,2020-07-05,0,0,0.254,5.61111111111111,19.3888888888889,9.22222222222222,33.8,28.6,15.7,12.2,16.1,531,"CO",2020,187,7,NA,10.9,117,0
2014,2020-07-06,0,0,0.254,5.88888888888889,19.7222222222222,12.2777777777778,34.6,27.8,15.4,12.3,16,531,"CO",2020,188,7,NA,0.800000000000004,117,0
2015,2020-07-07,0,0,0,7.77777777777778,21.5,13.6111111111111,32,25.9,14.8,12.1,15.7,531,"CO",2020,189,7,NA,-2.6,117,0
2016,2020-07-08,0,0,0,8.77777777777778,21.1111111111111,13.3888888888889,30.4,24.8,14.9,11.9,15.5,531,"CO",2020,190,7,NA,-1.6,117,0
2017,2020-07-09,0,0,0,10.3888888888889,23,14.8888888888889,29,23.1,14.6,11.4,15.3,531,"CO",2020,191,7,NA,-1.4,117,0
2018,2020-07-10,0,0,0,10,24.2222222222222,15.1111111111111,27.4,21.5,13.5,11.1,15.3,531,"CO",2020,192,7,NA,-1.6,117,0
2019,2020-07-11,0,0,0,9,25.6111111111111,15.2777777777778,25.3,20,13.4,10.5,15.1,531,"CO",2020,193,7,NA,-2.1,117,0
2020,2020-07-12,0,0,0,9.61111111111111,20.7777777777778,13,23.5,17.6,12.4,10,14.8,531,"CO",2020,194,7,NA,-1.8,117,0
2021,2020-07-13,0,0,0,11.1111111111111,22.3888888888889,13.7777777777778,22.8,16.7,12,9.6,14.8,531,"CO",2020,195,7,NA,-0.699999999999999,117,0
2022,2020-07-14,0,0,0,9.77777777777778,21.1111111111111,11.7777777777778,20.8,15.3,11.3,9.1,14.4,531,"CO",2020,196,7,NA,-2,117,0
2023,2020-07-15,0,0,0,6.61111111111111,20.3888888888889,11.6111111111111,20.1,14.2,10.7,8.4,14.3,531,"CO",2020,197,7,NA,-0.699999999999999,117,0
2024,2020-07-16,0,0,0,7.38888888888889,18.7222222222222,9.77777777777778,20.4,14,10.4,7.7,14.1,531,"CO",2020,198,7,NA,0.299999999999997,117,0
2025,2020-07-17,0,0,0.254,6,20,10.3888888888889,20.5,12.9,9.5,7.4,13.6,531,"CO",2020,199,7,NA,0.100000000000001,117,0
2026,2020-07-18,0,0,0,7.88888888888889,20,12.1111111111111,28.2,13.6,9.5,7.1,13.7,531,"CO",2020,200,7,NA,7.7,117,0
2027,2020-07-19,0,0,0,8.88888888888889,17.3888888888889,10.8888888888889,24.8,13.8,9.2,6.5,13.1,531,"CO",2020,201,7,NA,-3.4,117,0
2028,2020-07-20,0,0,0,9.61111111111111,20.6111111111111,12.6111111111111,23.1,12.5,8.7,6.1,13.2,531,"CO",2020,202,7,NA,-1.7,117,0
2029,2020-07-21,0,0,0,8.11111111111111,21,11.6111111111111,21.6,11.2,8.4,5.7,13,531,"CO",2020,203,7,NA,-1.5,117,0
2030,2020-07-22,0,0,0,7.88888888888889,19.7222222222222,11.7777777777778,19.1,12.4,8,5.1,12.6,531,"CO",2020,204,7,NA,-2.5,117,0
2031,2020-07-23,0,0,0.254,8.61111111111111,19.8888888888889,10.3888888888889,18.3,11.3,7.7,4.7,12.3,531,"CO",2020,205,7,NA,-0.800000000000001,117,0
2032,2020-07-24,0,0,0,8.5,15.7777777777778,9.77777777777778,17.5,11.2,7.3,4.4,12,531,"CO",2020,206,7,NA,-0.800000000000001,117,0
2033,2020-07-25,0,0,2.032,7.22222222222222,11,7.77777777777778,32.6,20,7.3,4.2,11.9,531,"CO",2020,207,7,NA,15.1,117,0
2034,2020-07-26,0,0,1.524,7,15.6111111111111,8.5,37.7,32.7,16.7,4.6,11.7,531,"CO",2020,208,7,NA,5.1,117,0
2035,2020-07-27,0,0,0.254,5.38888888888889,18.3888888888889,9.61111111111111,37.3,32.7,19.8,5.5,11.9,531,"CO",2020,209,7,NA,-0.400000000000006,117,0
2036,2020-07-28,0,0,0,6.88888888888889,16.2222222222222,8.72222222222222,35,30.2,18.9,10.2,11.9,531,"CO",2020,210,7,NA,-2.3,117,0
2037,2020-07-29,0,0,0.254,6.61111111111111,18.6111111111111,10.7222222222222,33.6,28.7,18.4,11.7,12,531,"CO",2020,211,7,NA,-1.4,117,0
2038,2020-07-30,0,0,0,8.72222222222222,17.1111111111111,10.1111111111111,32.5,27.7,17.9,11.7,12.1,531,"CO",2020,212,7,NA,-1.1,117,0
2039,2020-07-31,0,0,0,5.22222222222222,20,10.8888888888889,31.2,26.4,16.8,11.5,12.1,531,"CO",2020,213,7,NA,-1.3,117,0
2040,2020-08-01,0,0,0,6.11111111111111,20.2222222222222,10.8888888888889,30.1,26.2,16.4,11.1,12.2,531,"CO",2020,214,8,NA,-1.1,117,0
2041,2020-08-02,0,0,0,6.11111111111111,20.1111111111111,11.3888888888889,29.1,24.5,16,10.7,11.8,531,"CO",2020,215,8,NA,-1,117,0
2193,2021-01-01,13.716,63.5,0,-12.3888888888889,-3,-10.5,8.9,6.2,2.9,0,3.7,531,"CO",2021,1,1,216,0,119,0
2194,2021-01-02,13.716,63.5,0,-14.2777777777778,-7.11111111111111,-12.2222222222222,9.2,6.4,3.1,0,3.9,531,"CO",2021,2,1,216,0.299999999999999,119,0
2195,2021-01-03,13.716,63.5,0,-12.2777777777778,-4.5,-9.27777777777778,8.6,5.8,3.1,0,3.6,531,"CO",2021,3,1,216,-0.6,119,0
2196,2021-01-04,13.716,58.42,0.254,-10.2222222222222,-0.388888888888889,-6.5,9.1,6.3,2.9,0,4,531,"CO",2021,4,1,234.782608695652,0.5,119,0
2197,2021-01-05,13.97,63.5,0,-3.77777777777778,-3.38888888888889,-8.88888888888889,9,6.3,3.5,0,3.6,531,"CO",2021,5,1,220,-0.0999999999999996,119,0
2198,2021-01-06,14.224,71.12,0,-15,-9.27777777777778,-13.3888888888889,9.1,6.5,3,0,3.9,531,"CO",2021,6,1,200,0.0999999999999996,119,0
2199,2021-01-07,14.224,66.04,0,-10.2222222222222,-1.22222222222222,-8.27777777777778,9.1,6.2,3,0,3.7,531,"CO",2021,7,1,215.384615384615,0,119,0
2200,2021-01-08,14.224,66.04,0,-14.2222222222222,-4,-11.1111111111111,9.1,6.1,3.4,0,3.5,531,"CO",2021,8,1,215.384615384615,0,119,0
2201,2021-01-09,14.224,66.04,0,-13,-6.77777777777778,-12.6111111111111,9,6.5,3,0,4.1,531,"CO",2021,9,1,215.384615384615,-0.0999999999999996,119,0
2202,2021-01-10,14.224,66.04,0,-15.2222222222222,-8.61111111111111,-14.7777777777778,8.7,6.3,3.4,0,3.6,531,"CO",2021,10,1,215.384615384615,-0.300000000000001,119,0
2203,2021-01-11,14.224,66.04,0,-16.8888888888889,-3,-12.1111111111111,8.9,6.2,3.1,0,3.8,531,"CO",2021,11,1,215.384615384615,0.200000000000001,119,0
2204,2021-01-12,14.224,66.04,0.254,-13,-2,-7.88888888888889,8.4,5.9,2.7,0,4,531,"CO",2021,12,1,215.384615384615,-0.5,119,0
2205,2021-01-13,14.478,66.04,0,-6.88888888888889,0.611111111111112,-4.77777777777778,8.6,5.8,3.2,0,4,531,"CO",2021,13,1,219.230769230769,0.199999999999999,119,0
2206,2021-01-14,14.478,66.04,0,-9.22222222222222,-9.27777777777778,-14,8.7,6,3.1,0,3.8,531,"CO",2021,14,1,219.230769230769,0.0999999999999996,119,0
2207,2021-01-15,14.478,63.5,0,-15,-3.5,-9.77777777777778,8.7,5.9,2.9,0,4.1,531,"CO",2021,15,1,228,0,119,0
2208,2021-01-16,14.478,63.5,0,-5.5,-5,-8.61111111111111,9,5.9,3.3,0,4,531,"CO",2021,16,1,228,0.300000000000001,119,0
2209,2021-01-17,14.478,63.5,0.508,-10.6111111111111,-3.61111111111111,-7,8.5,5.7,2.7,0,4.2,531,"CO",2021,17,1,228,-0.5,119,0
2210,2021-01-18,14.986,68.58,0.254,-7.61111111111111,-5.77777777777778,-11.3888888888889,8.7,5.8,2.7,0,4,531,"CO",2021,18,1,218.518518518519,0.199999999999999,119,0
2211,2021-01-19,15.24,71.12,0.254,-15.2777777777778,-5.77777777777778,-12.2777777777778,9,6,2.5,0,3.8,531,"CO",2021,19,1,214.285714285714,0.300000000000001,119,0
2212,2021-01-20,15.494,71.12,0,-12.7222222222222,-2.61111111111111,-7.27777777777778,8.9,6,3.1,0,3.8,531,"CO",2021,20,1,217.857142857143,-0.0999999999999996,119,0
2213,2021-01-21,15.494,68.58,0,-9.72222222222222,-1.27777777777778,-7.61111111111111,8.8,6,3,0,4,531,"CO",2021,21,1,225.925925925926,-0.0999999999999996,119,0
2214,2021-01-22,15.494,68.58,0,-8.88888888888889,-1.61111111111111,-7.27777777777778,8.5,5.9,3,0,4.2,531,"CO",2021,22,1,225.925925925926,-0.300000000000001,119,0
2215,2021-01-23,15.494,68.58,0,-9.5,-1.77777777777778,-8.88888888888889,8.9,6,3.2,0,4.3,531,"CO",2021,23,1,225.925925925926,0.4,119,0
2216,2021-01-24,15.494,68.58,0,-13,-5.27777777777778,-10.8888888888889,8.7,5.8,2.9,0,3.8,531,"CO",2021,24,1,225.925925925926,-0.200000000000001,119,0
2217,2021-01-25,15.748,71.12,0.254,-12.3888888888889,-8.38888888888889,-13.6111111111111,8.6,6,3.2,0,4.1,531,"CO",2021,25,1,221.428571428571,-0.0999999999999996,119,0
2218,2021-01-26,16.002,73.66,0,-16.1111111111111,-10.7777777777778,-15.3888888888889,8.4,6.2,3.2,0,3.9,531,"CO",2021,26,1,217.241379310345,-0.199999999999999,119,0
2219,2021-01-27,16.002,73.66,0.254,-18.1111111111111,-3.61111111111111,-10.7222222222222,8.9,6.2,3.2,0,4,531,"CO",2021,27,1,217.241379310345,0.5,119,0
2220,2021-01-28,16.256,73.66,0,-7,2.88888888888889,-3.22222222222222,8.5,5.8,2.8,0,4.2,531,"CO",2021,28,1,220.689655172414,-0.4,119,0
2221,2021-01-29,16.256,71.12,0,-2.72222222222222,2.72222222222222,-3.72222222222222,7.9,5.5,2.7,0,4.1,531,"CO",2021,29,1,228.571428571429,-0.6,119,0
2222,2021-01-30,16.256,71.12,0,-10.6111111111111,-6.38888888888889,-10.2777777777778,8.6,5.8,2.7,0,4,531,"CO",2021,30,1,228.571428571429,0.699999999999999,119,0
2223,2021-01-31,16.256,68.58,0.254,-14.1111111111111,-2.11111111111111,-9.27777777777778,8.5,5.9,2.8,0,4.3,531,"CO",2021,31,1,237.037037037037,-0.0999999999999996,119,0
2224,2021-02-01,16.51,71.12,0,-5.38888888888889,3.88888888888889,-2.22222222222222,8.2,5.7,2.9,0,4.2,531,"CO",2021,32,2,232.142857142857,-0.300000000000001,119,0
2225,2021-02-02,16.51,68.58,0.254,-5.72222222222222,4.5,-2.61111111111111,8.4,6,3.3,0,4.2,531,"CO",2021,33,2,240.740740740741,0.200000000000001,119,0
2226,2021-02-03,16.764,71.12,1.27,-2.72222222222222,2.38888888888889,-5,8.1,5.7,3,0,4.1,531,"CO",2021,34,2,235.714285714286,-0.300000000000001,119,0
2227,2021-02-04,18.542,83.82,0.254,-14.5,-12.7222222222222,-15.3888888888889,8.1,5.6,2.9,0,3.7,531,"CO",2021,35,2,221.212121212121,0,119,0
2228,2021-02-05,18.796,88.9,1.27,-15,-10.2222222222222,-13.5,8.3,5.8,2.8,0,4.2,531,"CO",2021,36,2,211.428571428571,0.200000000000001,119,0
2229,2021-02-06,20.574,96.52,0.254,-14.3888888888889,-8.88888888888889,-12.7222222222222,8.5,6.1,2.8,0,3.9,531,"CO",2021,37,2,213.157894736842,0.199999999999999,119,0
2230,2021-02-07,21.082,96.52,0,-11,-5.38888888888889,-9.5,8.2,5.7,3.1,0,4.1,531,"CO",2021,38,2,218.421052631579,-0.300000000000001,119,0
2231,2021-02-08,21.082,93.98,0,-9.61111111111111,-1.77777777777778,-7.11111111111111,8.2,5.8,3.2,0,3.7,531,"CO",2021,39,2,224.324324324324,0,119,0
2232,2021-02-09,21.082,91.44,0,-7.11111111111111,-1.27777777777778,-6.5,8.4,5.9,2.8,0,3.8,531,"CO",2021,40,2,230.555555555556,0.200000000000001,119,0
2233,2021-02-10,21.082,91.44,0,-7.88888888888889,-3.5,-7.61111111111111,8.5,6,3,0,3.9,531,"CO",2021,41,2,230.555555555556,0.0999999999999996,119,0
2234,2021-02-11,21.082,91.44,0.254,-9.27777777777778,-1.11111111111111,-6.72222222222222,8.6,6.1,2.8,0,3.9,531,"CO",2021,42,2,230.555555555556,0.0999999999999996,119,0
2235,2021-02-12,21.336,91.44,0.254,-7.61111111111111,-0.88888888888889,-6,8.2,5.9,3.2,0,3.6,531,"CO",2021,43,2,233.333333333333,-0.4,119,0
2236,2021-02-13,21.844,96.52,0.508,-8.27777777777778,-3.61111111111111,-9,8.7,5.9,3.1,0,3.8,531,"CO",2021,44,2,226.315789473684,0.5,119,0
2237,2021-02-14,22.352,104.14,0,-19,-7.11111111111111,-17.3888888888889,8.6,5.8,2.9,0,3.8,531,"CO",2021,45,2,214.634146341463,-0.0999999999999996,119,0
2238,2021-02-15,22.352,101.6,0.254,-18.3888888888889,-11.3888888888889,-16,8.4,5.7,3.2,0,3.8,531,"CO",2021,46,2,220,-0.199999999999999,119,0
2239,2021-02-16,22.606,99.06,0.508,-13.6111111111111,-8,-13.5,8.9,6.2,3.2,0,3.8,531,"CO",2021,47,2,228.205128205128,0.5,119,0
2240,2021-02-17,23.114,101.6,0.508,-15.7777777777778,-8.61111111111111,-15,8.6,6.1,3.3,0,3.5,531,"CO",2021,48,2,227.5,-0.300000000000001,119,0
2241,2021-02-18,23.622,101.6,0,-17.3888888888889,-12.1111111111111,-17.3888888888889,8.7,5.7,3.3,0,3.7,531,"CO",2021,49,2,232.5,0.0999999999999996,119,0
2242,2021-02-19,23.622,101.6,0.254,-19.7222222222222,-6.22222222222222,-11.2777777777778,8.5,5.7,2.9,0,3.9,531,"CO",2021,50,2,232.5,-0.199999999999999,119,0
2243,2021-02-20,23.876,96.52,0.254,-9.61111111111111,2.38888888888889,-8.38888888888889,8.6,5.9,3.2,0,3.7,531,"CO",2021,51,2,247.368421052632,0.0999999999999996,119,0
2244,2021-02-21,24.13,104.14,0.254,-16,-10.7222222222222,-14.7777777777778,8.4,6,3.2,0,3.7,531,"CO",2021,52,2,231.707317073171,-0.199999999999999,119,0
2245,2021-02-22,24.384,101.6,0.254,-12.2222222222222,-0.88888888888889,-7.61111111111111,8,5.8,3,0,3.7,531,"CO",2021,53,2,240,-0.4,119,0
2246,2021-02-23,24.638,99.06,0,-4.11111111111111,2.27777777777778,-4.38888888888889,8.2,5.9,3.1,0,3.8,531,"CO",2021,54,2,248.717948717949,0.199999999999999,119,0
2247,2021-02-24,24.638,99.06,0.254,-10,-1.22222222222222,-9.61111111111111,8.7,6,3,0,3.7,531,"CO",2021,55,2,248.717948717949,0.5,119,0
2248,2021-02-25,24.892,104.14,0,-15,-5,-12.5,8.8,6,2.8,0,4,531,"CO",2021,56,2,239.024390243902,0.100000000000001,119,0
2249,2021-02-26,24.892,101.6,0,-11.5,-4.61111111111111,-10.7222222222222,8.9,6,3,0,3.9,531,"CO",2021,57,2,245,0.0999999999999996,119,0
2250,2021-02-27,24.892,101.6,0,-10.2222222222222,-9.27777777777778,-14.3888888888889,8.2,5.8,3.1,0,3.8,531,"CO",2021,58,2,245,-0.700000000000001,119,0
2251,2021-02-28,24.892,101.6,0,-21.6111111111111,-10.2777777777778,-18.6111111111111,8.6,6,3.1,0,3.7,531,"CO",2021,59,2,245,0.4,119,0
2252,2021-03-01,24.892,99.06,0.254,-20.2777777777778,3.61111111111111,-8.88888888888889,8.7,5.9,3,0,3.9,531,"CO",2021,60,3,251.282051282051,0.0999999999999996,119,0
2253,2021-03-02,25.146,99.06,0,-8.5,4.72222222222222,-5,8.2,6,2.8,0,4,531,"CO",2021,61,3,253.846153846154,-0.5,119,0
2254,2021-03-03,25.146,96.52,0,-6.5,6.38888888888889,-3,8.4,6.1,3.2,0,3.5,531,"CO",2021,62,3,260.526315789474,0.200000000000001,119,0
2255,2021-03-04,25.146,91.44,0.508,-7,-5.27777777777778,-7.38888888888889,8.5,5.9,3,0,3.6,531,"CO",2021,63,3,275,0.0999999999999996,119,0
2256,2021-03-05,25.908,101.6,0,-8.77777777777778,-0.111111111111111,-6.61111111111111,8.4,5.6,3,0,3.8,531,"CO",2021,64,3,255,-0.0999999999999996,119,0
2257,2021-03-06,25.908,99.06,0,-6.72222222222222,7.72222222222222,-1.38888888888889,8.6,6,2.7,0,3.5,531,"CO",2021,65,3,261.538461538461,0.199999999999999,119,0
2258,2021-03-07,25.908,96.52,0,-3.77777777777778,8.11111111111111,-1,8.2,5.8,3,0,3.6,531,"CO",2021,66,3,268.421052631579,-0.4,119,0
2259,2021-03-08,25.908,96.52,0,-3,5.5,-0.88888888888889,8.7,5.9,3.2,0,3.5,531,"CO",2021,67,3,268.421052631579,0.5,119,0
2260,2021-03-09,25.908,93.98,0.254,-1,7.22222222222222,-1,8.3,5.8,3.1,0,3.3,531,"CO",2021,68,3,275.675675675676,-0.399999999999999,119,0
2261,2021-03-10,26.162,101.6,0,-6.72222222222222,-4.72222222222222,-10.7777777777778,8.6,5.8,3,0,3.1,531,"CO",2021,69,3,257.5,0.299999999999999,119,0
2262,2021-03-11,26.162,99.06,0.254,-15.2222222222222,-1,-9.38888888888889,8.7,5.9,2.9,0,3.5,531,"CO",2021,70,3,264.102564102564,0.0999999999999996,119,0
2263,2021-03-12,26.416,99.06,0.254,-9.11111111111111,-0.777777777777777,-7,8.4,5.9,3.3,0,3.2,531,"CO",2021,71,3,266.666666666667,-0.299999999999999,119,0
2264,2021-03-13,26.67,99.06,1.524,-9.61111111111111,-4.72222222222222,-8.5,8,5.8,2.7,0,3.2,531,"CO",2021,72,3,269.230769230769,-0.4,119,0
2265,2021-03-14,28.194,114.3,1.016,-10.8888888888889,-7.61111111111111,-11.5,8.7,5.9,3.1,0,3.2,531,"CO",2021,73,3,246.666666666667,0.699999999999999,119,0
2266,2021-03-15,29.464,127,0.254,-15.3888888888889,-2.5,-9.22222222222222,8.2,5.8,3.2,0,2.9,531,"CO",2021,74,3,232,-0.5,119,0
2267,2021-03-16,29.718,124.46,0.508,-9.72222222222222,-0.777777777777777,-8.5,8.8,6.1,3.1,0,3.4,531,"CO",2021,75,3,238.775510204082,0.600000000000001,119,0
2268,2021-03-17,30.226,119.38,0.254,-10.2222222222222,-3.5,-9.88888888888889,8.6,5.8,3,0,3.1,531,"CO",2021,76,3,253.191489361702,-0.200000000000001,119,0
2269,2021-03-18,30.48,114.3,0,-11.8888888888889,2.61111111111111,-6,8.3,5.8,3,0,3.4,531,"CO",2021,77,3,266.666666666667,-0.299999999999999,119,0
2270,2021-03-19,30.48,116.84,0.254,-6.72222222222222,6.22222222222222,-1.77777777777778,8.6,6,2.8,0,3.4,531,"CO",2021,78,3,260.869565217391,0.299999999999999,119,0
2271,2021-03-20,30.734,111.76,0,-2.72222222222222,8.22222222222222,0.222222222222221,8.5,6,3.1,0,3.5,531,"CO",2021,79,3,275,-0.0999999999999996,119,0
2272,2021-03-21,30.734,111.76,0.762,-4.61111111111111,2.5,-5.77777777777778,9.1,6.1,3.1,0,3.4,531,"CO",2021,80,3,275,0.6,119,0
2273,2021-03-22,31.496,124.46,0.254,-10,0.388888888888891,-8.22222222222222,8.4,5.9,2.9,0,3.4,531,"CO",2021,81,3,253.061224489796,-0.699999999999999,119,0
2274,2021-03-23,32.004,119.38,0.508,-11.2777777777778,-5.77777777777778,-10.5,9.1,6,3.1,0,3.2,531,"CO",2021,82,3,268.085106382979,0.699999999999999,119,0
2275,2021-03-24,32.512,127,0.508,-13.3888888888889,-2.72222222222222,-10.6111111111111,9.2,6.3,2.9,0,3.5,531,"CO",2021,83,3,256,0.0999999999999996,119,0
2276,2021-03-25,33.02,132.08,0,-11.8888888888889,-2.72222222222222,-9.11111111111111,8.7,6.2,3.2,0,3.1,531,"CO",2021,84,3,250,-0.5,119,0
2277,2021-03-26,33.02,127,0.254,-11.7777777777778,-1.77777777777778,-8.77777777777778,8.7,6.1,3.3,0,3.3,531,"CO",2021,85,3,260,0,119,0
2278,2021-03-27,33.274,127,0,-10.5,-2.77777777777778,-9,8.8,6.3,3.4,0,3.1,531,"CO",2021,86,3,262,0.100000000000001,119,0
2279,2021-03-28,33.274,127,0.254,-10.8888888888889,5,-3.38888888888889,8.9,6,3.2,0,3.1,531,"CO",2021,87,3,262,0.0999999999999996,119,0
2280,2021-03-29,33.528,121.92,0.508,-3.11111111111111,8.22222222222222,-0.777777777777777,8.9,5.8,3.3,0,3.6,531,"CO",2021,88,3,275,0,119,0
2281,2021-03-30,34.036,129.54,0.508,-9.88888888888889,-6.38888888888889,-12.5,9.5,6.4,3.1,0,3.5,531,"CO",2021,89,3,262.745098039216,0.6,119,0
2282,2021-03-31,34.544,129.54,0,-15.7777777777778,0.611111111111112,-8.61111111111111,8.6,6.3,3.2,0,3.5,531,"CO",2021,90,3,266.666666666667,-0.9,119,0
2283,2021-04-01,34.544,124.46,0,-5.22222222222222,9.72222222222222,-0.777777777777777,9.1,6.2,3.2,0,3.6,531,"CO",2021,91,4,277.551020408163,0.5,119,0
2284,2021-04-02,34.544,119.38,0,-1.11111111111111,9.72222222222222,2.61111111111111,8.8,6.7,3,0,3.4,531,"CO",2021,92,4,289.36170212766,-0.299999999999999,119,0
2285,2021-04-03,34.544,114.3,0,-0.111111111111111,12.7777777777778,4.11111111111111,9.2,6.8,3.8,0,3.6,531,"CO",2021,93,4,302.222222222222,0.399999999999999,119,0
2286,2021-04-04,34.29,111.76,0,1.38888888888889,12.3888888888889,4.5,9.8,16.2,3.7,0,3.8,531,"CO",2021,94,4,306.818181818182,0.600000000000001,119,1
2287,2021-04-05,34.29,109.22,0,1.27777777777778,13.1111111111111,4.61111111111111,23.9,26.1,3.8,0,3.3,531,"CO",2021,95,4,313.953488372093,14.1,119,0
2288,2021-04-06,33.782,104.14,0,0.388888888888891,5.5,-3.61111111111111,34.6,31.4,3.8,0,3.6,531,"CO",2021,96,4,324.390243902439,10.7,119,0
2289,2021-04-07,33.782,104.14,0,-9.72222222222222,2.77777777777778,-3.77777777777778,33.7,28.7,8.1,0,3.6,531,"CO",2021,97,4,324.390243902439,-0.899999999999999,119,0
2290,2021-04-08,33.782,104.14,0,-3.77777777777778,6.88888888888889,-0.611111111111112,32.7,27.3,11.3,0,3.5,531,"CO",2021,98,4,324.390243902439,-1,119,0
2291,2021-04-09,33.782,101.6,0.254,-4.5,1.38888888888889,-5.22222222222222,33.7,27.4,11.7,0,3.9,531,"CO",2021,99,4,332.5,1,119,0
2292,2021-04-10,34.036,104.14,0,-6,6.5,-1,33.6,28.1,12.5,0,3.8,531,"CO",2021,100,4,326.829268292683,-0.100000000000001,119,0
2293,2021-04-11,34.036,101.6,0,-1.77777777777778,7.77777777777778,-0.388888888888889,33.7,27.9,13.2,0,3.8,531,"CO",2021,101,4,335,0.100000000000001,119,0
2294,2021-04-12,34.036,99.06,0,-7.88888888888889,5.38888888888889,-2.88888888888889,37,32.4,14.5,0,3.8,531,"CO",2021,102,4,343.589743589744,3.3,119,0
2295,2021-04-13,34.036,99.06,0.254,-9.38888888888889,-2.11111111111111,-6.72222222222222,37.4,33.1,17.6,0,4.1,531,"CO",2021,103,4,343.589743589744,0.399999999999999,119,0
2296,2021-04-14,34.29,109.22,1.524,-8.61111111111111,-2.88888888888889,-6.38888888888889,35.7,31,17.5,0,4.1,531,"CO",2021,104,4,313.953488372093,-1.7,119,0
2297,2021-04-15,35.306,114.3,0.508,-7.27777777777778,-2.22222222222222,-6.27777777777778,33.9,29.4,17.3,0,4.1,531,"CO",2021,105,4,308.888888888889,-1.8,119,0
2298,2021-04-16,36.068,116.84,1.27,-10.2777777777778,-2.38888888888889,-9,32.5,28.3,16.4,0,4.2,531,"CO",2021,106,4,308.695652173913,-1.4,119,0
2299,2021-04-17,36.83,124.46,0,-12.5,-1.5,-10.6111111111111,31.8,27.3,15.6,0,4.2,531,"CO",2021,107,4,295.918367346939,-0.699999999999999,119,0
2300,2021-04-18,36.83,121.92,0.254,-14.6111111111111,1.11111111111111,-7.77777777777778,31.4,26.8,15.8,0,4.5,531,"CO",2021,108,4,302.083333333333,-0.400000000000002,119,0
2301,2021-04-19,37.084,119.38,1.016,-7.61111111111111,5.5,-4.5,30.8,26.2,15.4,0,4.4,531,"CO",2021,109,4,310.63829787234,-0.599999999999998,119,0
2302,2021-04-20,38.1,121.92,0.762,-13.7222222222222,-0.277777777777778,-9.77777777777778,31.1,26.3,14.9,0,4.7,531,"CO",2021,110,4,312.5,0.300000000000001,119,0
2303,2021-04-21,38.608,124.46,0.254,-11.7777777777778,2.11111111111111,-6,31,26.2,14.9,0,4.6,531,"CO",2021,111,4,310.204081632653,-0.100000000000001,119,0
2304,2021-04-22,38.862,124.46,0.254,-8.61111111111111,4,-4.77777777777778,30.7,26.1,15.1,0,4.7,531,"CO",2021,112,4,312.244897959184,-0.300000000000001,119,0
2305,2021-04-23,39.116,119.38,0.254,-8.22222222222222,0.999999999999998,-5.61111111111111,30.4,25.7,14.9,0,4.8,531,"CO",2021,113,4,327.659574468085,-0.300000000000001,119,0
2306,2021-04-24,39.37,121.92,0,-6.5,8.11111111111111,-0.111111111111111,30,25.4,14.8,0,5,531,"CO",2021,114,4,322.916666666667,-0.399999999999999,119,0
2307,2021-04-25,39.116,119.38,0,-2,11.8888888888889,3.61111111111111,34.4,26.5,14.7,0.3,5.3,531,"CO",2021,115,4,327.659574468085,4.4,119,0
2308,2021-04-26,38.862,111.76,0,1.5,11,2.88888888888889,37.4,33,18.6,0.6,5.1,531,"CO",2021,116,4,347.727272727273,3,119,0
2309,2021-04-27,38.862,109.22,0.254,-3.5,3.27777777777778,-3.22222222222222,37.9,33.7,21.5,1,5,531,"CO",2021,117,4,355.813953488372,0.5,119,0
2310,2021-04-28,39.116,109.22,0.762,-5.38888888888889,3.22222222222222,-2.38888888888889,35.8,31.4,20.5,6.7,5.3,531,"CO",2021,118,4,358.139534883721,-2.1,119,0
2311,2021-04-29,39.878,111.76,0,-4.5,11.8888888888889,2.5,34.4,30.3,18.9,10.3,5.4,531,"CO",2021,119,4,356.818181818182,-1.4,119,0
2312,2021-04-30,39.116,106.68,0,-0.777777777777777,15,6.22222222222222,37.7,33.7,20.6,11.9,5,531,"CO",2021,120,4,366.666666666667,3.3,119,0
2313,2021-05-01,38.1,106.68,0,4.77777777777778,15.2777777777778,7.88888888888889,38.3,34.7,23.6,19.5,5.1,531,"CO",2021,121,5,357.142857142857,0.599999999999994,119,0
2314,2021-05-02,37.338,99.06,0,4.22222222222222,9.11111111111111,1.27777777777778,38.6,35.9,24.6,22.4,7.4,531,"CO",2021,122,5,376.923076923077,0.300000000000004,119,0
2315,2021-05-03,37.084,99.06,1.524,-2.11111111111111,2.27777777777778,-3.88888888888889,38.4,35.2,23.6,21.4,16.4,531,"CO",2021,123,5,374.358974358974,-0.200000000000003,119,0
2316,2021-05-04,38.608,109.22,0.508,-6.22222222222222,4.88888888888889,-2.72222222222222,36.1,32.3,21.5,20.6,16.9,531,"CO",2021,124,5,353.488372093023,-2.3,119,0
2317,2021-05-05,39.116,111.76,0.508,-3.5,5.5,-1.5,35,31.3,20.6,19.8,16.3,531,"CO",2021,125,5,350,-1.1,119,0
2318,2021-05-06,39.37,111.76,0,-1.61111111111111,14.3888888888889,5.72222222222222,34.4,30.5,20.3,19.5,16.1,531,"CO",2021,126,5,352.272727272727,-0.600000000000001,119,0
2319,2021-05-07,38.862,99.06,0,3.88888888888889,14.6111111111111,7.61111111111111,38.2,35,22.9,20.6,16.3,531,"CO",2021,127,5,392.307692307692,3.8,119,0
2320,2021-05-08,38.354,99.06,0,4.11111111111111,9,2.22222222222222,38.8,35.8,24.1,22.3,18.2,531,"CO",2021,128,5,387.179487179487,0.599999999999994,119,0
2321,2021-05-09,37.338,96.52,0,-6.22222222222222,3.88888888888889,-2.61111111111111,38.5,36,24,22.8,20.2,531,"CO",2021,129,5,386.842105263158,-0.299999999999997,119,0
2322,2021-05-10,36.83,96.52,1.016,-5.22222222222222,1.38888888888889,-4,36.2,32.5,21.6,21,19.3,531,"CO",2021,130,5,381.578947368421,-2.3,119,0
2323,2021-05-11,37.846,99.06,0.254,-6.61111111111111,0.999999999999998,-5.27777777777778,35.2,31,21,20.1,18.3,531,"CO",2021,131,5,382.051282051282,-1,119,0
2324,2021-05-12,38.608,101.6,0.254,-8,7.72222222222222,-0.388888888888889,34.3,30.4,19.7,19.5,18.2,531,"CO",2021,132,5,380,-0.900000000000006,119,0
2325,2021-05-13,38.862,96.52,0,-0.277777777777778,12.1111111111111,4.38888888888889,36.6,31.8,20.7,19.4,17.9,531,"CO",2021,133,5,402.631578947368,2.3,119,0
2326,2021-05-14,37.084,91.44,0.254,1.5,13.2777777777778,5,38.3,35.6,23.8,21.5,19.4,531,"CO",2021,134,5,405.555555555555,1.7,119,0
2327,2021-05-15,35.814,88.9,0,1.22222222222222,15.1111111111111,5.5,38.5,35.6,24.4,22.8,20.9,531,"CO",2021,135,5,402.857142857143,0.200000000000003,119,0
2328,2021-05-16,34.544,81.28,0,0.388888888888891,14.3888888888889,4,38.6,35.7,24.5,22.8,21.3,531,"CO",2021,136,5,425,0.100000000000001,119,0
2329,2021-05-17,33.274,83.82,0.508,0.722222222222221,7.11111111111111,0.388888888888891,38.6,35.6,25.6,24.4,24.6,531,"CO",2021,137,5,396.969696969697,0,119,0
2330,2021-05-18,33.782,83.82,0.508,-1.61111111111111,4.22222222222222,0.499999999999999,37,33.6,22.8,22.3,21.8,531,"CO",2021,138,5,403.030303030303,-1.6,119,0
2331,2021-05-19,33.782,86.36,0,-0.777777777777777,13.8888888888889,3.27777777777778,35.1,31.2,21.7,21.4,20.7,531,"CO",2021,139,5,391.176470588235,-1.9,119,0
2332,2021-05-20,33.274,81.28,0,0.111111111111113,14.2222222222222,6,38.6,35.6,25.3,22.9,21.8,531,"CO",2021,140,5,409.375,3.5,119,0
2333,2021-05-21,31.75,78.74,0.254,2.27777777777778,7.61111111111111,3.5,38.6,35.3,26,24.5,27.6,531,"CO",2021,141,5,403.225806451613,0,119,0
2334,2021-05-22,31.242,76.2,1.778,-0.222222222222221,11.6111111111111,2.72222222222222,38.7,35.2,24.9,22.9,26.9,531,"CO",2021,142,5,410,0.100000000000001,119,0
2335,2021-05-23,30.734,73.66,0.254,0.222222222222221,5.72222222222222,0.611111111111112,39,36.4,27.2,24.6,39.4,531,"CO",2021,143,5,417.241379310345,0.299999999999997,119,0
2336,2021-05-24,30.988,76.2,0,-4,11.1111111111111,2.77777777777778,36.1,32.2,23.1,22.9,39.5,531,"CO",2021,144,5,406.666666666667,-2.9,119,0
2337,2021-05-25,29.464,71.12,0,0.222222222222221,12.8888888888889,4.61111111111111,37.9,34.6,24.8,23.8,39.5,531,"CO",2021,145,5,414.285714285714,1.8,119,0
2338,2021-05-26,26.924,63.5,0,1.38888888888889,11.7777777777778,5.61111111111111,38,34.6,25.1,24.2,39.6,531,"CO",2021,146,5,424,0.100000000000001,119,0
2339,2021-05-27,25.908,58.42,0,2.38888888888889,13.1111111111111,5.77777777777778,38.2,34.7,25.3,23.6,39.6,531,"CO",2021,147,5,443.478260869565,0.200000000000003,119,0
2340,2021-05-28,23.622,55.88,0.254,2.27777777777778,14.7222222222222,7.61111111111111,37.7,34.5,25.3,24.5,39.7,531,"CO",2021,148,5,422.727272727273,-0.5,119,0
2341,2021-05-29,21.59,50.8,0,5.72222222222222,14.8888888888889,6.61111111111111,37.7,34.3,25.2,24.5,39.7,531,"CO",2021,149,5,425,0,119,0
2342,2021-05-30,19.812,45.72,0,1.11111111111111,8.77777777777778,2.27777777777778,38.1,34.8,25.9,23.9,39.8,531,"CO",2021,150,5,433.333333333333,0.399999999999999,119,0
2343,2021-05-31,19.05,45.72,0,-0.722222222222223,6.77777777777778,0.611111111111112,36.5,32.9,24.1,23.2,39.8,531,"CO",2021,151,5,416.666666666667,-1.6,119,0
2344,2021-06-01,18.796,45.72,0.254,-1.77777777777778,10.6111111111111,2.61111111111111,37,33.2,23.9,22.7,39.8,531,"CO",2021,152,6,411.111111111111,0.5,119,0
2345,2021-06-02,17.78,43.18,0,0.999999999999998,12.2777777777778,5.88888888888889,37,33.7,23.7,22.4,39.8,531,"CO",2021,153,6,411.764705882353,0,119,0
2346,2021-06-03,16.256,38.1,0.254,3,17.5,8.38888888888889,37.3,34.1,24.4,22.5,39.9,531,"CO",2021,154,6,426.666666666667,0.299999999999997,119,0
2347,2021-06-04,13.716,33.02,0,5,19.2222222222222,11.3888888888889,37.1,33.3,23.8,22.3,39.9,531,"CO",2021,155,6,415.384615384615,-0.199999999999996,119,0
2348,2021-06-05,9.652,22.86,0.254,8.5,20.8888888888889,9.61111111111111,36.3,32.3,23.2,22.4,39.9,531,"CO",2021,156,6,422.222222222222,-0.800000000000004,119,0
2349,2021-06-06,6.858,12.7,0.254,5.61111111111111,17.3888888888889,8.11111111111111,37.2,33.2,23.9,22.6,40,531,"CO",2021,157,6,540,0.900000000000006,119,0
2350,2021-06-07,4.318,5.08,0,5.5,19.7777777777778,11.1111111111111,35.2,31.7,22.6,22.3,40,531,"CO",2021,158,6,850,-2,119,0
2351,2021-06-08,1.27,0,0,7.22222222222222,20.7777777777778,12.2777777777778,34.1,30.9,21.7,21.8,40,531,"CO",2021,159,6,Inf,-1.1,119,0
2352,2021-06-09,0.254,0,0,7.11111111111111,21.5,12.1111111111111,32.7,29.8,20.7,21,37.8,531,"CO",2021,160,6,Inf,-1.4,119,0
2353,2021-06-10,0,0,0,5.88888888888889,22,13.2222222222222,32,28.8,19.8,20.2,31.3,531,"CO",2021,161,6,NA,-0.700000000000003,119,0
2354,2021-06-11,0,0,0,6.88888888888889,21.3888888888889,11.3888888888889,31,28.4,19.8,19.4,28,531,"CO",2021,162,6,NA,-1,119,0
2355,2021-06-12,0,0,0,6.88888888888889,22.7777777777778,13.1111111111111,30.2,27.5,18.4,18.6,25.2,531,"CO",2021,163,6,NA,-0.800000000000001,119,0
2356,2021-06-13,0,0,0.254,7.77777777777778,24.3888888888889,15.1111111111111,29.7,27.4,18.2,18,23.3,531,"CO",2021,164,6,NA,-0.5,119,0
2357,2021-06-14,0,0,0,8.88888888888889,25,16,29.2,26.4,17.6,17.3,21.9,531,"CO",2021,165,6,NA,-0.5,119,0
2358,2021-06-15,0,0,0,11.6111111111111,25.2777777777778,17,28.7,24.8,17.5,16.7,20.5,531,"CO",2021,166,6,NA,-0.5,119,0
2359,2021-06-16,0,0,0,12.1111111111111,24.3888888888889,16.2777777777778,27.5,24.6,16.7,16.1,20.1,531,"CO",2021,167,6,NA,-1.2,119,0
2360,2021-06-17,0,0,0,11.7777777777778,25,15.2222222222222,26.3,22.8,16.1,15.3,19.1,531,"CO",2021,168,6,NA,-1.2,119,0
2361,2021-06-18,0,0,0,13.7222222222222,21.5,11.7222222222222,25.3,21.3,15.9,15,18.6,531,"CO",2021,169,6,NA,-1,119,0
2362,2021-06-19,0,0,0,6.88888888888889,19.8888888888889,10.8888888888889,24.4,20,15.3,14.5,18.7,531,"CO",2021,170,6,NA,-0.900000000000002,119,0
2363,2021-06-20,0,0,0,8.72222222222222,21.7222222222222,13,24.1,19.4,15.2,14,17.8,531,"CO",2021,171,6,NA,-0.299999999999997,119,0
2364,2021-06-21,0,0,0.254,6.88888888888889,19.7777777777778,11.7777777777778,23,19.1,14,13.6,17.7,531,"CO",2021,172,6,NA,-1.1,119,0
2365,2021-06-22,0,0,0,11.3888888888889,22.5,15.2222222222222,22.2,18.6,13.3,13.1,17.1,531,"CO",2021,173,6,NA,-0.800000000000001,119,0
2366,2021-06-23,0,0,0,12.1111111111111,20.7777777777778,12.7222222222222,20.6,16.9,13.1,12.6,17.1,531,"CO",2021,174,6,NA,-1.6,119,0
2367,2021-06-24,0,0,0,5.61111111111111,15.5,6.88888888888889,20.1,15.7,12.4,12,16.5,531,"CO",2021,175,6,NA,-0.5,119,0
2368,2021-06-25,0,0,0,3.61111111111111,16.6111111111111,7.38888888888889,19.9,15,12.3,12,16.5,531,"CO",2021,176,6,NA,-0.200000000000003,119,0
2369,2021-06-26,0,0,0,2.61111111111111,10,3.27777777777778,19.4,15.3,12.1,11.3,16.4,531,"CO",2021,177,6,NA,-0.5,119,0
2370,2021-06-27,0,0,0.508,1.5,13.7777777777778,4,35.2,27.2,12.3,11.8,16.2,531,"CO",2021,178,6,NA,15.8,119,0
2371,2021-06-28,0,0,0.254,1.27777777777778,13.1111111111111,4.72222222222222,33.2,24.8,13.7,11.9,16.5,531,"CO",2021,179,6,NA,-2,119,0
2372,2021-06-29,0,0,0.508,2.11111111111111,16.3888888888889,6.11111111111111,34.7,24.4,13.8,11.9,16.2,531,"CO",2021,180,6,NA,1.5,119,0
2373,2021-06-30,0,0,0,2.88888888888889,15,7.5,33.2,24.7,13.3,12.1,15.8,531,"CO",2021,181,6,NA,-1.5,119,0
2374,2021-07-01,0,0,0,4.88888888888889,15.7777777777778,8.38888888888889,36.3,24.8,13.9,11.8,15.9,531,"CO",2021,182,7,NA,3.09999999999999,119,0
2375,2021-07-02,0,0,0,4.77777777777778,18,10.1111111111111,33.8,25.9,13.4,11.6,15.8,531,"CO",2021,183,7,NA,-2.5,119,0
2376,2021-07-03,0,0,0.254,8.11111111111111,20.8888888888889,12.7777777777778,32.3,24.4,14,11.5,16.1,531,"CO",2021,184,7,NA,-1.5,119,0
2377,2021-07-04,0,0,0,8.88888888888889,23.1111111111111,13.3888888888889,31,23.9,13.6,11.2,15.5,531,"CO",2021,185,7,NA,-1.3,119,0
2378,2021-07-05,0,0,0,8.38888888888889,21.3888888888889,10.7222222222222,29.8,22.4,13.3,10.7,15.3,531,"CO",2021,186,7,NA,-1.2,119,0
2379,2021-07-06,0,0,0.254,7,20,12,34.5,26,12.9,10.7,15.5,531,"CO",2021,187,7,NA,4.7,119,0
2380,2021-07-07,0,0,0,8.38888888888889,22,12.2777777777778,32.1,25.1,13.2,10.4,15.2,531,"CO",2021,188,7,NA,-2.4,119,0
2381,2021-07-08,0,0,0,7.88888888888889,24.7777777777778,15.1111111111111,30.3,23.5,12.6,10.1,14.7,531,"CO",2021,189,7,NA,-1.8,119,0
2382,2021-07-09,0,0,0,12.8888888888889,24,17,28.8,22.2,12.1,9.5,14.6,531,"CO",2021,190,7,NA,-1.5,119,0
2383,2021-07-10,0,0,0,11.6111111111111,21.5,13.3888888888889,27.5,20.3,11.1,9,14.7,531,"CO",2021,191,7,NA,-1.3,119,0
2384,2021-07-11,0,0,0,7,20.7777777777778,12.1111111111111,25.8,18.5,11.1,8.2,14.4,531,"CO",2021,192,7,NA,-1.7,119,0
2385,2021-07-12,0,0,0,7.22222222222222,23,13.2777777777778,24,17.9,10.6,7.8,14,531,"CO",2021,193,7,NA,-1.8,119,0
2386,2021-07-13,0,0,0,9.88888888888889,20.7777777777778,11.5,22.6,15.9,9.7,7.3,13.9,531,"CO",2021,194,7,NA,-1.4,119,0
2387,2021-07-14,0,0,1.016,8.72222222222222,10.5,6.61111111111111,21.6,15.9,9.4,6.7,13.6,531,"CO",2021,195,7,NA,-1,119,0
2388,2021-07-15,0,0,0.254,4.5,19,9.72222222222222,32.2,28.1,13.2,6.7,13.8,531,"CO",2021,196,7,NA,10.6,119,0
2389,2021-07-16,0,0,0,6.38888888888889,18.7777777777778,10.7777777777778,30.4,24,13.2,6.5,13.1,531,"CO",2021,197,7,NA,-1.8,119,0
2390,2021-07-17,0,0,0.254,9,21.1111111111111,10.1111111111111,29.1,22.1,12.1,6.2,13.2,531,"CO",2021,198,7,NA,-1.3,119,0
2391,2021-07-18,0,0,0,7.11111111111111,22.8888888888889,12.8888888888889,35.5,27.3,12,6.1,13,531,"CO",2021,199,7,NA,6.4,119,0
2392,2021-07-19,0,0,0.254,8.22222222222222,22.3888888888889,13.7777777777778,32.5,24.8,12.4,5.7,12.8,531,"CO",2021,200,7,NA,-3,119,0
2393,2021-07-20,0,0,0,8.38888888888889,24,13.7777777777778,30.7,23.1,11.2,5.5,12.5,531,"CO",2021,201,7,NA,-1.8,119,0
2394,2021-07-21,0,0,0.254,9.72222222222222,22,11.5,29,21.5,10.4,5.2,12.4,531,"CO",2021,202,7,NA,-1.7,119,0
2395,2021-07-22,0,0,1.016,7.88888888888889,21.1111111111111,10.3888888888889,34.7,20.8,9.8,4.7,12,531,"CO",2021,203,7,NA,5.7,119,0
2396,2021-07-23,0,0,1.27,7.77777777777778,18.6111111111111,9.77777777777778,36.5,30.4,14.4,4.8,11.8,531,"CO",2021,204,7,NA,1.8,119,0
2397,2021-07-24,0,0,0.254,7.88888888888889,14.7777777777778,9.5,38.1,32.4,18.8,5,12,531,"CO",2021,205,7,NA,1.6,119,0
2398,2021-07-25,0,0,0,7.11111111111111,19,10.7222222222222,34.9,29,18.5,8.9,11.9,531,"CO",2021,206,7,NA,-3.2,119,0
2399,2021-07-26,0,0,0,6.38888888888889,20,11.7777777777778,34.4,28.8,17.7,10.6,12.2,531,"CO",2021,207,7,NA,-0.5,119,0
2400,2021-07-27,0,0,0.254,8.77777777777778,22.2222222222222,13.7222222222222,33.1,27.1,17.7,10.4,11.9,531,"CO",2021,208,7,NA,-1.3,119,0
2401,2021-07-28,0,0,0,9.77777777777778,22.8888888888889,14.6111111111111,31.8,26.2,16.1,10,12.4,531,"CO",2021,209,7,NA,-1.3,119,0
2402,2021-07-29,0,0,0,10.7222222222222,22.8888888888889,14.1111111111111,30.6,25,15.5,9.5,11.7,531,"CO",2021,210,7,NA,-1.2,119,0
2403,2021-07-30,0,0,2.286,10.1111111111111,20.5,10,29.1,24.1,15,9,11.9,531,"CO",2021,211,7,NA,-1.5,119,0
2404,2021-07-31,0,0,3.048,6.88888888888889,13.8888888888889,7.61111111111111,37.1,31.2,19.3,13.5,11.7,531,"CO",2021,212,7,NA,8,119,0
2405,2021-08-01,0,0,0.254,6.61111111111111,12.7222222222222,7.77777777777778,37.3,32.8,22.6,19.3,16.7,531,"CO",2021,213,8,NA,0.199999999999996,119,0
2406,2021-08-02,0,0,0.762,6.22222222222222,14.8888888888889,8.61111111111111,34.8,30.6,20.7,18.6,17.8,531,"CO",2021,214,8,NA,-2.5,119,0
2558,2022-01-01,14.478,76.2,0,-15,-15,-20.2222222222222,9.5,7.8,2.9,0,5,531,"CO",2022,1,1,190,0,116,0
2559,2022-01-02,14.732,76.2,0.254,-26.2222222222222,-8.72222222222222,-15.5,9.1,7.9,3.2,0,4.5,531,"CO",2022,2,1,193.333333333333,-0.4,116,0
2560,2022-01-03,14.986,71.12,0.254,-11.2777777777778,0.111111111111113,-6.27777777777778,8.6,7.6,2.5,0,4.7,531,"CO",2022,3,1,210.714285714286,-0.5,116,0
2561,2022-01-04,14.986,71.12,0,-5.77777777777778,-5.38888888888889,-9.11111111111111,9.2,6.5,2.6,0,4.4,531,"CO",2022,4,1,210.714285714286,0.6,116,0
2562,2022-01-05,14.986,68.58,1.524,-11.5,-7.61111111111111,-8.77777777777778,8.3,7.8,2.8,0,4.8,531,"CO",2022,5,1,218.518518518519,-0.899999999999999,116,0
2563,2022-01-06,17.018,88.9,1.016,-7.77777777777778,-2.72222222222222,-5.38888888888889,8.6,7.7,2.8,0,4.7,531,"CO",2022,6,1,191.428571428571,0.299999999999999,116,0
2564,2022-01-07,18.034,93.98,0,-5,3.72222222222222,-1.77777777777778,9.8,7.1,2.8,0,4.9,531,"CO",2022,7,1,191.891891891892,1.2,116,0
2565,2022-01-08,18.034,88.9,0.254,-5.27777777777778,-2.72222222222222,-9,9,6.6,2.8,0,4.5,531,"CO",2022,8,1,202.857142857143,-0.800000000000001,116,0
2566,2022-01-09,18.542,88.9,0,-15.3888888888889,-8.5,-14.1111111111111,8.8,7,2.8,0,4.6,531,"CO",2022,9,1,208.571428571429,-0.199999999999999,116,0
2567,2022-01-10,18.542,81.28,0.254,-13.5,2.61111111111111,-6.27777777777778,9.5,7.2,3,0,4.8,531,"CO",2022,10,1,228.125,0.699999999999999,116,0
2568,2022-01-11,18.542,76.2,0,-9.27777777777778,-0.611111111111112,-6.61111111111111,8.7,7.1,2.6,0,4.7,531,"CO",2022,11,1,243.333333333333,-0.800000000000001,116,0
2569,2022-01-12,18.542,81.28,0,-9,-2.77777777777778,-6.61111111111111,10.1,7.2,3.2,0,4.7,531,"CO",2022,12,1,228.125,1.4,116,0
2570,2022-01-13,18.542,81.28,0,-7.88888888888889,5.5,-1.77777777777778,9.5,6.8,3,0,4.2,531,"CO",2022,13,1,228.125,-0.6,116,0
2571,2022-01-14,18.542,81.28,0.254,-1.27777777777778,-1.11111111111111,-9.27777777777778,9.8,7.4,2.7,0,4.5,531,"CO",2022,14,1,228.125,0.300000000000001,116,0
2572,2022-01-15,19.304,91.44,0.254,-15.6111111111111,-5.22222222222222,-11.3888888888889,8.8,7.5,3,0,4.3,531,"CO",2022,15,1,211.111111111111,-1,116,0
2573,2022-01-16,19.558,86.36,0,-6.27777777777778,0.111111111111113,-4.72222222222222,8.8,7.1,2.8,0,4.8,531,"CO",2022,16,1,226.470588235294,0,116,0
2574,2022-01-17,19.558,83.82,0,-8.22222222222222,0.777777777777777,-5.27777777777778,9.9,7.1,3.1,0,4.7,531,"CO",2022,17,1,233.333333333333,1.1,116,0
2575,2022-01-18,19.558,81.28,0,-7.77777777777778,0,-6.38888888888889,9.6,6.9,3.1,0,4.7,531,"CO",2022,18,1,240.625,-0.300000000000001,116,0
2576,2022-01-19,19.558,81.28,0,-9.11111111111111,-3.72222222222222,-10.2777777777778,9.9,7.9,3,0,4.8,531,"CO",2022,19,1,240.625,0.300000000000001,116,0
2577,2022-01-20,19.558,78.74,0,-13.5,-7,-11.7777777777778,9,7,3,0,4.7,531,"CO",2022,20,1,248.387096774194,-0.9,116,0
2578,2022-01-21,19.558,81.28,0.508,-10.5,-7.61111111111111,-10.3888888888889,8.8,7.8,2.8,0,4.7,531,"CO",2022,21,1,240.625,-0.199999999999999,116,0
2579,2022-01-22,20.066,86.36,0,-14,-5.5,-11.5,9.3,6.6,2.6,0,4.8,531,"CO",2022,22,1,232.352941176471,0.5,116,0
2580,2022-01-23,20.32,83.82,0,-12.5,-2.77777777777778,-9.22222222222222,9.3,6.8,3.1,0,4.3,531,"CO",2022,23,1,242.424242424242,0,116,0
2581,2022-01-24,20.32,81.28,0,-12.1111111111111,-3.5,-10.1111111111111,9.8,7.2,2.6,0,4.7,531,"CO",2022,24,1,250,0.5,116,0
2582,2022-01-25,20.32,81.28,0.508,-11.6111111111111,-11.2777777777778,-14,9.1,6.5,2.9,0,4.4,531,"CO",2022,25,1,250,-0.700000000000001,116,0
2583,2022-01-26,20.574,88.9,0,-17.6111111111111,-10.1111111111111,-15.2777777777778,9.6,7.3,2.7,0,4.4,531,"CO",2022,26,1,231.428571428571,0.5,116,0
2584,2022-01-27,20.574,88.9,0.508,-16,-11.2777777777778,-15.3888888888889,8.7,7.6,2.8,0,4.6,531,"CO",2022,27,1,231.428571428571,-0.9,116,0
2585,2022-01-28,21.082,93.98,0,-19.7222222222222,-6.72222222222222,-14.2222222222222,9.9,7.6,2.7,0,4.3,531,"CO",2022,28,1,224.324324324324,1.2,116,0
2586,2022-01-29,21.336,91.44,0.254,-12.5,0.722222222222221,-7.38888888888889,9.6,7.6,2.6,0,4.5,531,"CO",2022,29,1,233.333333333333,-0.300000000000001,116,0
2587,2022-01-30,21.336,88.9,0,-9.72222222222222,1.38888888888889,-6,8.8,7,2.9,0,4.7,531,"CO",2022,30,1,240,-0.799999999999999,116,0
2588,2022-01-31,21.336,88.9,0,-9,0.999999999999998,-5.22222222222222,9.8,7.3,2.8,0,4.6,531,"CO",2022,31,1,240,1,116,0
2589,2022-02-01,21.336,86.36,0.508,-7.77777777777778,-4.72222222222222,-11.5,9.6,7,2.9,0,4.2,531,"CO",2022,32,2,247.058823529412,-0.200000000000001,116,0
2590,2022-02-02,21.844,96.52,0.254,-17.2777777777778,-15,-20.6111111111111,9.4,7.9,2.8,0,4.5,531,"CO",2022,33,2,226.315789473684,-0.199999999999999,116,0
2591,2022-02-03,22.098,96.52,0,-25,-15.2222222222222,-22.3888888888889,9.9,7,2.6,0,4.4,531,"CO",2022,34,2,228.947368421053,0.5,116,0
2592,2022-02-04,22.098,93.98,0.254,-23.7222222222222,-7.27777777777778,-15.2222222222222,9.5,7.8,2.6,0,4.3,531,"CO",2022,35,2,235.135135135135,-0.4,116,0
2593,2022-02-05,22.098,91.44,0,-12.7222222222222,-4.61111111111111,-10.2222222222222,8.9,6.7,2.7,0,4.4,531,"CO",2022,36,2,241.666666666667,-0.6,116,0
2594,2022-02-06,22.352,91.44,0,-14.1111111111111,-8,-14.2777777777778,9.2,7.1,2.7,0,4.2,531,"CO",2022,37,2,244.444444444444,0.299999999999999,116,0
2595,2022-02-07,22.352,93.98,0.254,-17.3888888888889,-4,-11.2222222222222,8.6,6.5,2.8,0,4.5,531,"CO",2022,38,2,237.837837837838,-0.6,116,0
2596,2022-02-08,22.606,93.98,0,-7.11111111111111,-2.88888888888889,-6.61111111111111,9.5,6.6,2.6,0,4.5,531,"CO",2022,39,2,240.540540540541,0.9,116,0
2597,2022-02-09,22.606,91.44,0,-7.22222222222222,-2.38888888888889,-7.38888888888889,9.5,6.6,2.7,0,4.1,531,"CO",2022,40,2,247.222222222222,0,116,0
2598,2022-02-10,22.606,91.44,0,-9.61111111111111,1.38888888888889,-6.72222222222222,9.4,6.6,2.6,0,4.1,531,"CO",2022,41,2,247.222222222222,-0.0999999999999996,116,0
2599,2022-02-11,22.606,91.44,0.254,-5.27777777777778,-2,-8.11111111111111,9.2,6.6,2.9,0,3.9,531,"CO",2022,42,2,247.222222222222,-0.200000000000001,116,0
2600,2022-02-12,22.86,93.98,0,-16.5,-7,-13.3888888888889,8.5,7.3,2.9,0,3.5,531,"CO",2022,43,2,243.243243243243,-0.699999999999999,116,0
2601,2022-02-13,22.86,93.98,0,-13.1111111111111,-1.22222222222222,-8.22222222222222,9.5,6.7,2.6,0,3.7,531,"CO",2022,44,2,243.243243243243,1,116,0
2602,2022-02-14,22.86,91.44,0,-10.2222222222222,2.72222222222222,-4.88888888888889,9.6,6.9,2.6,0,3.3,531,"CO",2022,45,2,250,0.0999999999999996,116,0
2603,2022-02-15,23.114,91.44,0,-4.72222222222222,5,-3.22222222222222,9.7,7,2.8,0,3.6,531,"CO",2022,46,2,252.777777777778,0.0999999999999996,116,0
2604,2022-02-16,23.114,91.44,0.254,-6.88888888888889,-1,-9.27777777777778,9.3,6.7,2.7,0,3.1,531,"CO",2022,47,2,252.777777777778,-0.399999999999999,116,0
2605,2022-02-17,23.622,96.52,0.254,-16.8888888888889,-10.6111111111111,-15.2777777777778,8.4,6.9,2.8,0,3.2,531,"CO",2022,48,2,244.736842105263,-0.9,116,0
2606,2022-02-18,23.622,96.52,0,-14.3888888888889,-5,-11.7222222222222,9,6.7,2.9,0,3.1,531,"CO",2022,49,2,244.736842105263,0.6,116,0
2607,2022-02-19,23.622,93.98,0,-13.6111111111111,1.72222222222222,-7.11111111111111,9.3,6.4,2.6,0,3.3,531,"CO",2022,50,2,251.351351351351,0.300000000000001,116,0
2608,2022-02-20,23.622,93.98,0.254,-9.5,4.22222222222222,-4.88888888888889,8.9,7.8,2.9,0,3.2,531,"CO",2022,51,2,251.351351351351,-0.4,116,0
2609,2022-02-21,23.622,93.98,0,-6.27777777777778,0.111111111111113,-6.77777777777778,9.1,6.4,2.7,0,3.2,531,"CO",2022,52,2,251.351351351351,0.199999999999999,116,0
2610,2022-02-22,23.876,93.98,0.762,-10.7777777777778,-9.72222222222222,-13.8888888888889,9.4,6.9,2.9,0,3.1,531,"CO",2022,53,2,254.054054054054,0.300000000000001,116,0
2611,2022-02-23,24.384,99.06,0.762,-21,-7.61111111111111,-14,9.4,7,2.9,0,2.8,531,"CO",2022,54,2,246.153846153846,0,116,0
2612,2022-02-24,25.146,101.6,0.254,-14.7222222222222,-10.2222222222222,-16.1111111111111,8.9,6.6,3,0,2.7,531,"CO",2022,55,2,247.5,-0.5,116,0
2613,2022-02-25,25.4,106.68,0,-18.7777777777778,-8.5,-16.2777777777778,8.7,8,2.9,0,3,531,"CO",2022,56,2,238.095238095238,-0.200000000000001,116,0
2614,2022-02-26,25.4,104.14,0,-20.7777777777778,-10.1111111111111,-17.2222222222222,8.5,7.4,2.7,0,3.1,531,"CO",2022,57,2,243.90243902439,-0.199999999999999,116,0
2615,2022-02-27,25.4,104.14,0.254,-17.1111111111111,0.611111111111112,-8.72222222222222,9.4,7.1,2.8,0,2.9,531,"CO",2022,58,2,243.90243902439,0.9,116,0
2616,2022-02-28,25.4,101.6,0,-11.3888888888889,4.22222222222222,-6.27777777777778,8.3,7,2.9,0,3,531,"CO",2022,59,2,250,-1.1,116,0
2617,2022-03-01,25.654,101.6,0,-8.11111111111111,5.61111111111111,-3.38888888888889,9.4,7.5,2.7,0,3.1,531,"CO",2022,60,3,252.5,1.1,116,0
2618,2022-03-02,25.654,101.6,0,-5.22222222222222,9.88888888888889,0.111111111111113,9.2,7,2.8,0,2.9,531,"CO",2022,61,3,252.5,-0.200000000000001,116,0
2619,2022-03-03,25.654,99.06,0,-0.88888888888889,10.5,2.27777777777778,9.3,7.1,2.9,0,3,531,"CO",2022,62,3,258.974358974359,0.100000000000001,116,0
2620,2022-03-04,25.908,96.52,0,-2.5,5.77777777777778,-2.5,9.1,7.7,2.8,0,2.7,531,"CO",2022,63,3,268.421052631579,-0.200000000000001,116,0
2621,2022-03-05,25.908,93.98,0.254,-8.61111111111111,-1.11111111111111,-8,9.3,7.1,2.9,0,2.5,531,"CO",2022,64,3,275.675675675676,0.200000000000001,116,0
2622,2022-03-06,25.908,93.98,1.016,-10,-8.72222222222222,-12.7777777777778,8.9,7.6,2.8,0,2.7,531,"CO",2022,65,3,275.675675675676,-0.4,116,0
2623,2022-03-07,26.67,111.76,0,-19.2777777777778,-6.77777777777778,-15.6111111111111,9.7,7.8,3,0,2.6,531,"CO",2022,66,3,238.636363636364,0.799999999999999,116,0
2624,2022-03-08,27.178,114.3,0.254,-21.6111111111111,-10.8888888888889,-17.1111111111111,9.9,7.8,3.2,0,2.7,531,"CO",2022,67,3,237.777777777778,0.200000000000001,116,0
2625,2022-03-09,27.178,109.22,0.762,-14.3888888888889,-5.5,-12.7222222222222,9.7,7.4,3.1,0,2.9,531,"CO",2022,68,3,248.837209302326,-0.200000000000001,116,0
2626,2022-03-10,27.94,116.84,0,-17.2777777777778,-10.5,-17.8888888888889,9.8,7.3,3.3,0,2.9,531,"CO",2022,69,3,239.130434782609,0.100000000000001,116,0
2627,2022-03-11,28.194,116.84,0.254,-25,-11.6111111111111,-17.6111111111111,9,6.7,2.8,0,2.5,531,"CO",2022,70,3,241.304347826087,-0.800000000000001,116,0
2628,2022-03-12,28.448,114.3,0,-13.5,0.611111111111112,-6.77777777777778,8.5,6.9,2.7,0,2.6,531,"CO",2022,71,3,248.888888888889,-0.5,116,0
2629,2022-03-13,28.448,114.3,0.508,-7.27777777777778,5.22222222222222,-4.38888888888889,8.5,7.4,2.6,0,2.8,531,"CO",2022,72,3,248.888888888889,0,116,0
2630,2022-03-14,28.956,116.84,0,-10.7777777777778,-2.5,-8.88888888888889,9,7.5,2.6,0,2.7,531,"CO",2022,73,3,247.826086956522,0.5,116,0
2631,2022-03-15,28.956,116.84,0,-10.2777777777778,7.22222222222222,-1.77777777777778,9.5,7.4,2.9,0,2.8,531,"CO",2022,74,3,247.826086956522,0.5,116,0
2632,2022-03-16,29.21,114.3,0.508,-2.77777777777778,2.77777777777778,-3.5,9.5,7.9,2.9,0,2.5,531,"CO",2022,75,3,255.555555555556,0,116,0
2633,2022-03-17,29.972,124.46,0.508,-9.22222222222222,-4.88888888888889,-10.2222222222222,9.5,7.3,2.9,0,2.8,531,"CO",2022,76,3,240.816326530612,0,116,0
2634,2022-03-18,30.734,127,0.254,-14.8888888888889,-4.5,-11,8.7,7.9,2.9,0,2.8,531,"CO",2022,77,3,242,-0.800000000000001,116,0
2635,2022-03-19,30.988,124.46,0,-10.5,4.72222222222222,-4.77777777777778,8.4,7.3,2.6,0,2.4,531,"CO",2022,78,3,248.979591836735,-0.299999999999999,116,0
2636,2022-03-20,30.988,119.38,0,-5.5,6.5,-2.11111111111111,9.1,6.7,2.8,0,2.8,531,"CO",2022,79,3,259.574468085106,0.699999999999999,116,0
2637,2022-03-21,30.988,116.84,0,-6,-4.11111111111111,-8.38888888888889,9.9,8,2.9,0,2.5,531,"CO",2022,80,3,265.217391304348,0.800000000000001,116,0
2638,2022-03-22,31.242,121.92,0.254,-13,-9.61111111111111,-13.2222222222222,9.7,8,3.1,0,2.6,531,"CO",2022,81,3,256.25,-0.200000000000001,116,0
2639,2022-03-23,31.242,119.38,0.254,-14,-3.77777777777778,-9.72222222222222,8.5,7,3.1,0,2.8,531,"CO",2022,82,3,261.702127659575,-1.2,116,0
2640,2022-03-24,31.496,119.38,0,-6.88888888888889,4.22222222222222,-2.72222222222222,8.8,7.1,2.9,0,2.4,531,"CO",2022,83,3,263.829787234043,0.300000000000001,116,0
2641,2022-03-25,31.496,116.84,0,-2.5,5.22222222222222,0.222222222222221,9.5,7.1,3.2,0,2.8,531,"CO",2022,84,3,269.565217391304,0.699999999999999,116,0
2642,2022-03-26,31.496,114.3,0,0.277777777777778,11.2222222222222,3.61111111111111,10.3,8.2,3.1,0,2.8,531,"CO",2022,85,3,275.555555555556,0.800000000000001,116,0
2643,2022-03-27,31.496,111.76,0,1.11111111111111,12.2222222222222,4.38888888888889,10.7,8.8,3.1,0,2.7,531,"CO",2022,86,3,281.818181818182,0.399999999999999,116,0
2644,2022-03-28,31.496,109.22,0,0.999999999999998,11.3888888888889,3.77777777777778,10.8,8.8,3.4,0,2.8,531,"CO",2022,87,3,288.372093023256,0.100000000000001,116,0
2645,2022-03-29,31.242,106.68,0.508,-2,2.5,-3.11111111111111,10.8,8.3,3.6,0,2.9,531,"CO",2022,88,3,292.857142857143,0,116,0
2646,2022-03-30,31.496,114.3,0,-7.61111111111111,-5.77777777777778,-8.88888888888889,11.7,9.4,3.5,0,2.7,531,"CO",2022,89,3,275.555555555556,0.899999999999999,116,0
2647,2022-03-31,31.75,116.84,0,-8.72222222222222,4.88888888888889,-4,12,9.9,3.9,0,2.8,531,"CO",2022,90,3,271.739130434783,0.300000000000001,116,0
2648,2022-04-01,31.75,114.3,0.508,-6,0.999999999999998,-5.22222222222222,12.3,10.2,4,0,2.7,531,"CO",2022,91,4,277.777777777778,0.300000000000001,116,0
2649,2022-04-02,32.258,116.84,0,-5.22222222222222,7.88888888888889,-0.277777777777778,11.9,9.2,4.1,0,2.6,531,"CO",2022,92,4,276.086956521739,-0.4,116,0
2650,2022-04-03,32.258,111.76,0.254,-1.27777777777778,1.11111111111111,-3.61111111111111,12.6,10.1,4.3,0,2.9,531,"CO",2022,93,4,288.636363636364,0.699999999999999,116,0
2651,2022-04-04,32.512,114.3,0,-5.5,5.5,-2.22222222222222,12.5,10.5,4,0,2.9,531,"CO",2022,94,4,284.444444444444,-0.0999999999999996,116,0
2652,2022-04-05,32.512,111.76,0.254,-1.38888888888889,-0.611111111111112,-5.22222222222222,12.8,10.5,3.9,0,3.2,531,"CO",2022,95,4,290.909090909091,0.300000000000001,116,0
2653,2022-04-06,33.274,119.38,0,-15.2222222222222,-5.61111111111111,-12.2777777777778,13,10.6,3.9,0,3.1,531,"CO",2022,96,4,278.723404255319,0.199999999999999,116,0
2654,2022-04-07,33.274,119.38,0,-13.2222222222222,-0.88888888888889,-7,12.6,10.4,4,0,3.2,531,"CO",2022,97,4,278.723404255319,-0.4,116,0
2655,2022-04-08,33.274,116.84,0.254,-6,7.22222222222222,-0.277777777777778,12,9.6,4.3,0,3.2,531,"CO",2022,98,4,284.782608695652,-0.6,116,0
2656,2022-04-09,33.528,111.76,0.254,-1.27777777777778,10.7222222222222,2.38888888888889,12.1,10.3,4.1,0,3,531,"CO",2022,99,4,300,0.0999999999999996,116,0
2657,2022-04-10,33.528,114.3,0.254,-4.38888888888889,-2.22222222222222,-6.77777777777778,12.6,10,4.1,0,3.1,531,"CO",2022,100,4,293.333333333333,0.5,116,0
2658,2022-04-11,33.782,116.84,0.254,-9,4.72222222222222,-3.22222222222222,12.5,10.9,4.1,0,3.2,531,"CO",2022,101,4,289.130434782609,-0.0999999999999996,116,0
2659,2022-04-12,33.782,114.3,0.254,-1.77777777777778,-1.61111111111111,-9,12.2,10.2,4.4,0,3.6,531,"CO",2022,102,4,295.555555555556,-0.300000000000001,116,0
2660,2022-04-13,34.036,116.84,0.254,-16.5,-12.5,-15.2777777777778,12.4,10.2,4.6,0,3.3,531,"CO",2022,103,4,291.304347826087,0.200000000000001,116,0
2661,2022-04-14,34.036,121.92,0,-15.2222222222222,-1.27777777777778,-8.72222222222222,13.1,10.8,4.7,0,3.5,531,"CO",2022,104,4,279.166666666667,0.699999999999999,116,0
2662,2022-04-15,34.29,119.38,0.254,-6.72222222222222,5.61111111111111,-3.11111111111111,12,10.4,4.4,0,3.5,531,"CO",2022,105,4,287.234042553192,-1.1,116,0
2663,2022-04-16,34.544,119.38,0.254,-4.11111111111111,9.22222222222222,0.277777777777778,11.8,10,4.4,0,3.5,531,"CO",2022,106,4,289.36170212766,-0.199999999999999,116,0
2664,2022-04-17,34.544,119.38,0.508,-4.38888888888889,1.38888888888889,-2.72222222222222,12.6,10.1,4.8,0,3.5,531,"CO",2022,107,4,289.36170212766,0.799999999999999,116,0
2665,2022-04-18,35.052,124.46,0,-3.11111111111111,11.7777777777778,3.27777777777778,13,10.7,4.5,0,3.5,531,"CO",2022,108,4,281.632653061224,0.4,116,0
2666,2022-04-19,34.798,114.3,0,1.77777777777778,11.8888888888889,4.72222222222222,12.7,11.2,4.4,0,3.5,531,"CO",2022,109,4,304.444444444444,-0.300000000000001,116,0
2667,2022-04-20,34.798,104.14,0,-2.38888888888889,9.5,2.22222222222222,13.2,10.6,4.8,0,3.9,531,"CO",2022,110,4,334.146341463415,0.5,116,0
2668,2022-04-21,34.544,106.68,0,-0.277777777777778,14,5.22222222222222,13.4,11,4.7,0,3.8,531,"CO",2022,111,4,323.809523809524,0.200000000000001,116,0
2669,2022-04-22,34.036,99.06,0,3.77777777777778,11.7777777777778,1.5,13.9,10.6,4.6,0,4.2,531,"CO",2022,112,4,343.589743589744,0.5,116,0
2670,2022-04-23,33.528,93.98,1.016,-7.11111111111111,-2.11111111111111,-7,13.6,11.6,4.8,0,3.7,531,"CO",2022,113,4,356.756756756757,-0.300000000000001,116,0
2671,2022-04-24,34.544,101.6,1.524,-9,-1.61111111111111,-7.27777777777778,13.9,12.1,5,0,3.7,531,"CO",2022,114,4,340,0.300000000000001,116,0
2672,2022-04-25,35.814,119.38,0.254,-8.88888888888889,0.611111111111112,-5.61111111111111,13.9,11.7,4.8,0,3.8,531,"CO",2022,115,4,300,0,116,0
2673,2022-04-26,36.322,104.14,0,-8.5,10.1111111111111,1.11111111111111,14.3,11.7,5.5,0,4,531,"CO",2022,116,4,348.780487804878,0.4,116,0
2674,2022-04-27,36.322,109.22,0,0.722222222222221,11.8888888888889,3.27777777777778,14.2,12,5,0,4,531,"CO",2022,117,4,332.558139534884,-0.100000000000001,116,0
2675,2022-04-28,36.322,106.68,0,0.111111111111113,11.8888888888889,4,14.3,12.4,5.4,0,4,531,"CO",2022,118,4,340.47619047619,0.100000000000001,116,0
2676,2022-04-29,36.322,104.14,0.254,-0.777777777777777,1.38888888888889,-3.77777777777778,14.3,12.5,5.4,0,4.1,531,"CO",2022,119,4,348.780487804878,0,116,0
2677,2022-04-30,36.322,104.14,0,-8.11111111111111,7.88888888888889,-1.11111111111111,14.7,13.1,5.4,0,4.2,531,"CO",2022,120,4,348.780487804878,0.399999999999999,116,0
2678,2022-05-01,36.322,101.6,0,-3.38888888888889,9.72222222222222,0.777777777777777,14.9,13.7,5.6,0,4.4,531,"CO",2022,121,5,357.5,0.200000000000001,116,0
2679,2022-05-02,36.068,99.06,0.254,-2.72222222222222,7.22222222222222,-0.611111111111112,15.7,13.9,5.9,0,4.2,531,"CO",2022,122,5,364.102564102564,0.799999999999999,116,1
2680,2022-05-03,36.068,101.6,0.254,-1.11111111111111,11.7222222222222,1.77777777777778,24.3,14.7,5.7,0,4.2,531,"CO",2022,123,5,355,8.6,116,0
2681,2022-05-04,35.56,99.06,0.254,-3.72222222222222,0.722222222222221,-4.5,32,15.8,6.4,0,4.5,531,"CO",2022,124,5,358.974358974359,7.7,116,0
2682,2022-05-05,35.56,99.06,0,-6.72222222222222,6.5,-0.111111111111111,34.9,17,6.6,0,4.5,531,"CO",2022,125,5,358.974358974359,2.9,116,0
2683,2022-05-06,35.56,96.52,0,1.72222222222222,13.7222222222222,6.61111111111111,36.1,18.7,7.3,0,4.6,531,"CO",2022,126,5,368.421052631579,1.2,116,0
2684,2022-05-07,33.782,86.36,0,3.22222222222222,14.7777777777778,7.72222222222222,36.7,19.4,7.8,0,4.7,531,"CO",2022,127,5,391.176470588235,0.600000000000001,116,0
2685,2022-05-08,32.004,78.74,0,1.5,11.1111111111111,5.5,37.1,21,8.5,0,4.3,531,"CO",2022,128,5,406.451612903226,0.399999999999999,116,0
2686,2022-05-09,31.242,76.2,0,2.11111111111111,11.7777777777778,4,37.4,21.5,9,0,4.6,531,"CO",2022,129,5,410,0.299999999999997,116,0
2687,2022-05-10,29.718,73.66,0,-0.222222222222221,14.2777777777778,6.5,37.6,22.3,9.6,0,4.9,531,"CO",2022,130,5,403.448275862069,0.200000000000003,116,0
2688,2022-05-11,27.686,68.58,0,2.72222222222222,14.8888888888889,7.22222222222222,37.9,22.9,10.1,6.1,36.8,531,"CO",2022,131,5,403.703703703704,0.299999999999997,116,0
2689,2022-05-12,25.4,58.42,0,5.38888888888889,6.38888888888889,1.5,38.3,23.6,11.4,16,36.7,531,"CO",2022,132,5,434.782608695652,0.399999999999999,116,0
2690,2022-05-13,23.876,50.8,0,-2.72222222222222,9.72222222222222,1.72222222222222,39,25.3,18.5,19.2,36.9,531,"CO",2022,133,5,470,0.700000000000003,116,0
2691,2022-05-14,22.352,45.72,0,0.277777777777778,13.2222222222222,6,39.8,29.6,21.8,21.2,37.1,531,"CO",2022,134,5,488.888888888889,0.799999999999997,116,0
2692,2022-05-15,20.32,40.64,0,3.88888888888889,15.2777777777778,7.22222222222222,40.6,31.2,23.7,27.6,37.5,531,"CO",2022,135,5,500,0.800000000000004,116,0
2693,2022-05-16,17.78,35.56,0,1.72222222222222,15.5,8.38888888888889,40.6,31.3,23.5,27.6,37.8,531,"CO",2022,136,5,500,0,116,0
2694,2022-05-17,17.018,33.02,0,6,16.6111111111111,8.11111111111111,40.1,30.8,22.9,25.5,37.8,531,"CO",2022,137,5,515.384615384615,-0.5,116,0
2695,2022-05-18,14.224,25.4,0,1.22222222222222,14.2777777777778,6.88888888888889,39.2,31,24.2,25.5,38,531,"CO",2022,138,5,560,-0.899999999999999,116,0
2696,2022-05-19,11.684,22.86,0,5,14.2777777777778,8,38.8,30.8,23.8,24.8,38.2,531,"CO",2022,139,5,511.111111111111,-0.400000000000006,116,0
2697,2022-05-20,9.398,15.24,2.794,5.5,5.5,-5.61111111111111,37.2,33.5,22.7,24.2,38.3,531,"CO",2022,140,5,616.666666666667,-1.59999999999999,116,0
2698,2022-05-21,12.446,33.02,1.27,-9.77777777777778,-0.388888888888889,-7.22222222222222,35.4,32.1,21.3,22.8,38.4,531,"CO",2022,141,5,376.923076923077,-1.8,116,0
2699,2022-05-22,13.208,33.02,0.508,-8.27777777777778,2.72222222222222,-3.61111111111111,34.3,31.1,20.3,21.6,38.2,531,"CO",2022,142,5,400,-1.1,116,0
2700,2022-05-23,13.462,30.48,1.016,-4.88888888888889,4.5,-1.5,34.3,30.4,20.2,20.8,30.3,531,"CO",2022,143,5,441.666666666667,0,116,0
2701,2022-05-24,14.224,30.48,1.27,-3.72222222222222,5,-2.88888888888889,36.3,31.8,20.6,20.4,28.3,531,"CO",2022,144,5,466.666666666667,2,116,0
2702,2022-05-25,15.24,27.94,0,-5.38888888888889,5.22222222222222,-0.222222222222221,34.5,30.6,20.2,20.2,26.6,531,"CO",2022,145,5,545.454545454545,-1.8,116,0
2703,2022-05-26,15.24,27.94,0,2.38888888888889,15.2777777777778,7,37.7,33.3,20.6,20.3,25.8,531,"CO",2022,146,5,545.454545454545,3.2,116,0
2704,2022-05-27,14.224,27.94,0,5.5,18.7777777777778,10.2222222222222,38.4,34.6,22.8,21.4,38.4,531,"CO",2022,147,5,509.090909090909,0.699999999999996,116,0
2705,2022-05-28,12.954,25.4,0,5.88888888888889,15.8888888888889,7.77777777777778,37.7,34.6,23.2,22.1,38.7,531,"CO",2022,148,5,510,-0.699999999999996,116,0
2706,2022-05-29,11.938,22.86,0.762,4.22222222222222,11.5,2,37.2,34,23.1,22,38.8,531,"CO",2022,149,5,522.222222222222,-0.5,116,0
2707,2022-05-30,11.684,20.32,0,-5,3.38888888888889,-3.11111111111111,36.7,33.4,22.2,21.7,38.7,531,"CO",2022,150,5,575,-0.5,116,0
2708,2022-05-31,11.938,20.32,0.762,-4.77777777777778,10.5,0.111111111111113,36,32.8,21.7,21.3,37.4,531,"CO",2022,151,5,587.5,-0.700000000000003,116,0
2709,2022-06-01,11.43,25.4,0.254,-2,10.6111111111111,2.5,35.3,31.9,20.6,21,29.9,531,"CO",2022,152,6,450,-0.700000000000003,116,0
2710,2022-06-02,10.922,20.32,0,0,15.2222222222222,6.5,36.5,33.1,21.8,20.8,30.3,531,"CO",2022,153,6,537.5,1.2,116,0
2711,2022-06-03,7.366,10.16,0,2.88888888888889,15.6111111111111,7.5,35,31.3,20.9,20.8,37.7,531,"CO",2022,154,6,725,-1.5,116,0
2712,2022-06-04,4.572,7.62,0,5.11111111111111,16.5,9.22222222222222,33.7,31.2,21,20.7,38.4,531,"CO",2022,155,6,600,-1.3,116,0
2713,2022-06-05,2.54,5.08,0,6.38888888888889,16,8.22222222222222,33.3,30,19.9,20.5,35.1,531,"CO",2022,156,6,500,-0.400000000000006,116,0
2714,2022-06-06,1.016,2.54,0,6.77777777777778,16,6.5,32.5,30,19.7,20.4,32.8,531,"CO",2022,157,6,400,-0.799999999999997,116,0
2715,2022-06-07,0.508,2.54,0,4.5,15.8888888888889,8.88888888888889,32.2,29.5,19.7,19.9,30.6,531,"CO",2022,158,6,200,-0.299999999999997,116,0
2716,2022-06-08,0.254,0,0,5.61111111111111,18.3888888888889,9.22222222222222,31.6,28.7,19.2,19.4,28.3,531,"CO",2022,159,6,Inf,-0.600000000000001,116,0
2717,2022-06-09,0,0,0,4.22222222222222,20.1111111111111,11.6111111111111,31.2,28.1,18.7,18.7,26,531,"CO",2022,160,6,NA,-0.400000000000002,116,0
2718,2022-06-10,0,0,0,7.77777777777778,21.5,13.3888888888889,30.8,26.8,18.7,18.3,24.7,531,"CO",2022,161,6,NA,-0.399999999999999,116,0
2719,2022-06-11,0,0,0,10.7777777777778,22.7777777777778,15.2222222222222,29.8,26.1,17.8,17.7,23.5,531,"CO",2022,162,6,NA,-1,116,0
2720,2022-06-12,0,0,0,11.6111111111111,22.7222222222222,14.2777777777778,29.5,26.3,16.9,17.3,22.5,531,"CO",2022,163,6,NA,-0.300000000000001,116,0
2721,2022-06-13,0,0,0,10.5,22.6111111111111,13.8888888888889,28.5,25.5,16.5,16.6,21.3,531,"CO",2022,164,6,NA,-1,116,0
2722,2022-06-14,0,0,0,7.61111111111111,15.3888888888889,8.61111111111111,27.7,24.1,15.7,16.1,20.5,531,"CO",2022,165,6,NA,-0.800000000000001,116,0
2723,2022-06-15,0,0,0,3.27777777777778,18.8888888888889,8.88888888888889,26.9,23,16.1,15.5,19.6,531,"CO",2022,166,6,NA,-0.800000000000001,116,0
2724,2022-06-16,0,0,0,7.22222222222222,24.3888888888889,14,25.9,22.2,15.7,15.3,18.7,531,"CO",2022,167,6,NA,-1,116,0
2725,2022-06-17,0,0,0,8.5,20.6111111111111,11.7777777777778,25.1,22.2,15.2,14.9,18.6,531,"CO",2022,168,6,NA,-0.799999999999997,116,0
2726,2022-06-18,0,0,0.508,7.5,17.8888888888889,9.61111111111111,23.9,20.6,14.9,14.4,18.1,531,"CO",2022,169,6,NA,-1.2,116,0
2727,2022-06-19,0,0,0,4.5,14.1111111111111,7.11111111111111,24.3,20,14.1,14.1,17.4,531,"CO",2022,170,6,NA,0.400000000000002,116,0
2728,2022-06-20,0,0,0,3.5,16.2777777777778,8,24.9,20.6,14.2,14.2,17.5,531,"CO",2022,171,6,NA,0.599999999999998,116,0
2729,2022-06-21,0,0,0,0.499999999999999,19.2222222222222,8.38888888888889,24,19.2,14.2,13.3,17.5,531,"CO",2022,172,6,NA,-0.899999999999999,116,0
2730,2022-06-22,0,0,0,5,15.5,9.22222222222222,23.6,18.7,13.8,13,17,531,"CO",2022,173,6,NA,-0.399999999999999,116,0
2731,2022-06-23,0,0,0,5,17.3888888888889,7.72222222222222,22.8,17.5,13.2,12.6,17.2,531,"CO",2022,174,6,NA,-0.800000000000001,116,0
2732,2022-06-24,0,0,0.254,3.5,16.2222222222222,7.77777777777778,22.3,17.2,12.4,12.2,17.1,531,"CO",2022,175,6,NA,-0.5,116,0
2733,2022-06-25,0,0,0.254,3.72222222222222,15.3888888888889,7.5,22.2,17.4,12.3,11.9,16.5,531,"CO",2022,176,6,NA,-0.100000000000001,116,0
2734,2022-06-26,0,0,1.27,3.88888888888889,10.5,4.22222222222222,22.3,16.8,12.3,11.5,16.3,531,"CO",2022,177,6,NA,0.100000000000001,116,0
2735,2022-06-27,0,0,0,3.38888888888889,16.3888888888889,7.72222222222222,35.1,31.8,16.6,11.8,16.1,531,"CO",2022,178,6,NA,12.8,116,0
2736,2022-06-28,0,0,0.254,4.88888888888889,18.2222222222222,9.88888888888889,32.4,28.7,16.4,12.5,16,531,"CO",2022,179,6,NA,-2.7,116,0
2737,2022-06-29,0,0,0,8.11111111111111,20.1111111111111,11.8888888888889,32.1,26.9,16,12.4,15.5,531,"CO",2022,180,6,NA,-0.299999999999997,116,0
2738,2022-06-30,0,0,1.27,5.61111111111111,11.3888888888889,6.88888888888889,31.1,25.8,15.6,12.4,16.3,531,"CO",2022,181,6,NA,-1,116,0
2739,2022-07-01,0,0,0.254,3.5,16.7222222222222,8.11111111111111,35.9,32.1,17.6,12.6,16,531,"CO",2022,182,7,NA,4.8,116,0
2740,2022-07-02,0,0,1.524,5,17.7777777777778,8.72222222222222,33.7,29.3,17.4,13,15.5,531,"CO",2022,183,7,NA,-2.2,116,0
2741,2022-07-03,0,0,0.254,6,19,9.38888888888889,37.5,33.7,19.5,13.3,15.8,531,"CO",2022,184,7,NA,3.8,116,0
2742,2022-07-04,0,0,1.524,7.61111111111111,18.8888888888889,9.77777777777778,35.5,31.1,19.6,15.1,15.9,531,"CO",2022,185,7,NA,-2,116,0
2743,2022-07-05,0,0,0,7.88888888888889,14.6111111111111,8.22222222222222,37.1,33.1,20.8,17.6,16.1,531,"CO",2022,186,7,NA,1.6,116,0
2744,2022-07-06,0.254,0,0.254,5.11111111111111,15.5,7.61111111111111,37.9,34.2,22.6,19.3,17.7,531,"CO",2022,187,7,Inf,0.799999999999997,116,0
2745,2022-07-07,0.254,0,0,5.72222222222222,19.1111111111111,10.2222222222222,35.6,32.3,20.9,19.1,19.5,531,"CO",2022,188,7,Inf,-2.3,116,0
2746,2022-07-08,0,0,0,7.11111111111111,22.1111111111111,12.6111111111111,34.1,30.6,19.9,18.6,19.3,531,"CO",2022,189,7,NA,-1.5,116,0
2747,2022-07-09,0,0,0,9,23.2222222222222,14.8888888888889,33,28.7,19.5,18,18.7,531,"CO",2022,190,7,NA,-1.1,116,0
2748,2022-07-10,0,0,0,12.1111111111111,22.6111111111111,12.2777777777778,31.9,28.7,18.3,17.3,18.3,531,"CO",2022,191,7,NA,-1.1,116,0
2749,2022-07-11,0,0,0.254,7,21.6111111111111,11.3888888888889,30.9,27.2,18.4,16.9,18.2,531,"CO",2022,192,7,NA,-1,116,0
2750,2022-07-12,0,0,0,7.11111111111111,21.6111111111111,11.8888888888889,30.4,27,17,16.3,17.8,531,"CO",2022,193,7,NA,-0.5,116,0
2751,2022-07-13,0,0,0,9.88888888888889,22.1111111111111,13.2222222222222,29.5,25.7,17,15.7,17.5,531,"CO",2022,194,7,NA,-0.899999999999999,116,0
2752,2022-07-14,0,0,0,8,21.5,11.8888888888889,28.6,25.7,16.4,15.4,17.2,531,"CO",2022,195,7,NA,-0.899999999999999,116,0
2753,2022-07-15,0,0,0,8.72222222222222,18.7222222222222,12,27.9,24.5,15.8,15,17.3,531,"CO",2022,196,7,NA,-0.700000000000003,116,0
2754,2022-07-16,0,0,0,8.5,21.2222222222222,12.7222222222222,27.9,23.6,16,14.5,16.8,531,"CO",2022,197,7,NA,0,116,0
2755,2022-07-17,0,0,0,8.72222222222222,23.6111111111111,14.7222222222222,27.4,22.7,15.3,14.1,16.4,531,"CO",2022,198,7,NA,-0.5,116,0
2756,2022-07-18,0,0,0,10.7222222222222,22.1111111111111,14.8888888888889,26.1,22.4,15.3,13.4,16.6,531,"CO",2022,199,7,NA,-1.3,116,0
2757,2022-07-19,0,0,0,11.8888888888889,21.1111111111111,13,25.4,21.2,13.8,12.9,16.2,531,"CO",2022,200,7,NA,-0.700000000000003,116,0
2758,2022-07-20,0,0,0,9.88888888888889,22.5,12.8888888888889,24,20.6,13.7,12.3,16,531,"CO",2022,201,7,NA,-1.4,116,0
2759,2022-07-21,0,0,0,9.77777777777778,22.6111111111111,14,22.6,19.5,13.4,11.7,15.5,531,"CO",2022,202,7,NA,-1.4,116,0
2760,2022-07-22,0,0,0.254,10.7222222222222,23,13.7777777777778,21.2,17.8,12.7,11.1,15.9,531,"CO",2022,203,7,NA,-1.4,116,0
2761,2022-07-23,0,0,0,11.6111111111111,22.6111111111111,13.6111111111111,19.5,16.7,11.6,10.6,15.3,531,"CO",2022,204,7,NA,-1.7,116,0
2762,2022-07-24,0,0,2.286,7.5,17.8888888888889,9.5,18.6,15.9,11.1,10,14.8,531,"CO",2022,205,7,NA,-0.899999999999999,116,0
2763,2022-07-25,0,0,0,5.88888888888889,16.7777777777778,10,35.1,31.7,19.8,10.1,15.8,531,"CO",2022,206,7,NA,16.5,116,0
2764,2022-07-26,0,0,0,8.72222222222222,20.6111111111111,12,33,28.5,18.2,12.7,16.3,531,"CO",2022,207,7,NA,-2.1,116,0
2765,2022-07-27,0,0,0,8.11111111111111,20.5,12.2222222222222,31.3,27.2,17.2,12.7,15.7,531,"CO",2022,208,7,NA,-1.7,116,0
2766,2022-07-28,0,0,0,10.2222222222222,12.8888888888889,8.77777777777778,29.9,26.1,16.3,12.5,15.4,531,"CO",2022,209,7,NA,-1.4,116,0
2767,2022-07-29,0,0,0.508,4.77777777777778,16.6111111111111,7.88888888888889,29.4,25.3,15.6,12.4,15,531,"CO",2022,210,7,NA,-0.5,116,0
2768,2022-07-30,0,0,0,5.38888888888889,17.8888888888889,9.5,34,30.5,16.6,11.9,15.1,531,"CO",2022,211,7,NA,4.6,116,0
2769,2022-07-31,0,0,0,8.61111111111111,18.2222222222222,10,32.4,27.7,16.5,11.8,15.2,531,"CO",2022,212,7,NA,-1.6,116,0
2770,2022-08-01,0,0,1.016,8.22222222222222,21.2222222222222,10.7777777777778,31.4,26.2,15.5,11.6,14.5,531,"CO",2022,213,8,NA,-1,116,0
2771,2022-08-02,0,0,0,7.5,18.2777777777778,10.8888888888889,36.8,32.6,16.9,11.2,14.5,531,"CO",2022,214,8,NA,5.4,116,0
2923,2023-01-01,12.954,60.96,0,-4.5,-1,-4.61111111111111,9.2,6,4,NA,9.7,531,"CO",2023,1,1,212.5,0,119,0
2924,2023-01-02,13.462,63.5,0,-6.22222222222222,-5.77777777777778,-9.27777777777778,9.4,6,4.1,NA,9.7,531,"CO",2023,2,1,212,0.200000000000001,119,0
2925,2023-01-03,13.462,66.04,0,-12.1111111111111,-8.27777777777778,-12.3888888888889,10.2,7.1,4.1,NA,9.4,531,"CO",2023,3,1,203.846153846154,0.799999999999999,119,0
2926,2023-01-04,13.716,71.12,0.508,-15,-11.2777777777778,-14.6111111111111,10.3,7.3,4,NA,9.2,531,"CO",2023,4,1,192.857142857143,0.100000000000001,119,0
2927,2023-01-05,13.97,71.12,0,-14.7777777777778,0.499999999999999,-5.77777777777778,9.3,7,4,NA,9.5,531,"CO",2023,5,1,196.428571428571,-1,119,0
2928,2023-01-06,13.97,68.58,0,-7,-4.27777777777778,-8.61111111111111,10.4,7.4,3.8,NA,9.3,531,"CO",2023,6,1,203.703703703704,1.1,119,0
2929,2023-01-07,13.97,63.5,0,-10.3888888888889,-4.72222222222222,-9.72222222222222,10.1,6.6,3.8,NA,9.2,531,"CO",2023,7,1,220,-0.300000000000001,119,0
2930,2023-01-08,13.97,63.5,0,-7.77777777777778,-1,-5.61111111111111,9.6,7.3,3.7,NA,9.3,531,"CO",2023,8,1,220,-0.5,119,0
2931,2023-01-09,14.224,60.96,0,-8.88888888888889,-0.611111111111112,-5.61111111111111,9.3,6.7,3.9,NA,9.1,531,"CO",2023,9,1,233.333333333333,-0.299999999999999,119,0
2932,2023-01-10,14.224,63.5,0,-3.88888888888889,0.222222222222221,-4.27777777777778,9.9,7.4,3.8,NA,8.9,531,"CO",2023,10,1,224,0.6,119,0
2933,2023-01-11,14.224,68.58,0.508,-6.72222222222222,-6.72222222222222,-10.2222222222222,9.6,7.5,4,NA,9.2,531,"CO",2023,11,1,207.407407407407,-0.300000000000001,119,0
2934,2023-01-12,14.732,71.12,0,-12.7777777777778,-4.88888888888889,-10.5,9.5,6,4.4,NA,9.2,531,"CO",2023,12,1,207.142857142857,-0.0999999999999996,119,0
2935,2023-01-13,14.732,68.58,0.254,-5.88888888888889,2.27777777777778,-3.11111111111111,9.4,7.1,4.1,NA,9,531,"CO",2023,13,1,214.814814814815,-0.0999999999999996,119,0
2936,2023-01-14,14.986,66.04,0,-1.22222222222222,3.61111111111111,-2.27777777777778,9.3,6.9,4.1,NA,9,531,"CO",2023,14,1,226.923076923077,-0.0999999999999996,119,0
2937,2023-01-15,14.986,63.5,0.508,-6.61111111111111,-4.5,-8.27777777777778,9.9,7.2,3.9,NA,9.1,531,"CO",2023,15,1,236,0.6,119,0
2938,2023-01-16,15.494,76.2,0,-11.2777777777778,-5.38888888888889,-10,9.4,6.5,3.7,NA,8.9,531,"CO",2023,16,1,203.333333333333,-0.5,119,0
2939,2023-01-17,15.748,73.66,1.778,-12.5,-6.88888888888889,-10.2222222222222,10,7.1,4.2,NA,9,531,"CO",2023,17,1,213.793103448276,0.6,119,0
2940,2023-01-18,17.272,93.98,0,-11.5,-10.8888888888889,-13.8888888888889,10.3,7,3.9,NA,8.6,531,"CO",2023,18,1,183.783783783784,0.300000000000001,119,0
2941,2023-01-19,17.526,93.98,0,-17.1111111111111,-8.72222222222222,-13.7222222222222,9.1,6.3,4,NA,8.9,531,"CO",2023,19,1,186.486486486486,-1.2,119,0
2942,2023-01-20,17.526,88.9,0,-14.2222222222222,-7.88888888888889,-14,10.3,7.8,4,NA,8.6,531,"CO",2023,20,1,197.142857142857,1.2,119,0
2943,2023-01-21,17.526,86.36,0.254,-17.3888888888889,-12.8888888888889,-16.3888888888889,9.4,6.7,4,NA,9,531,"CO",2023,21,1,202.941176470588,-0.9,119,0
2944,2023-01-22,17.78,83.82,0,-17.6111111111111,-4.72222222222222,-13,10.3,6.6,3.5,NA,8.6,531,"CO",2023,22,1,212.121212121212,0.9,119,0
2945,2023-01-23,17.78,81.28,0,-14.2777777777778,-7,-13.2222222222222,9.3,6.5,3.8,NA,8.6,531,"CO",2023,23,1,218.75,-1,119,0
2946,2023-01-24,18.034,81.28,0,-14.2777777777778,-12.5,-15.8888888888889,9.9,7.3,3.8,NA,8.6,531,"CO",2023,24,1,221.875,0.6,119,0
2947,2023-01-25,18.034,83.82,0.254,-19.2777777777778,-14.5,-18.7777777777778,9.8,7,3.9,NA,8.4,531,"CO",2023,25,1,215.151515151515,-0.0999999999999996,119,0
2948,2023-01-26,18.288,83.82,0.254,-21,-12.3888888888889,-16.6111111111111,9.2,6.4,3.7,NA,8.4,531,"CO",2023,26,1,218.181818181818,-0.600000000000001,119,0
2949,2023-01-27,18.288,81.28,0.762,-12.5,-3.72222222222222,-10.2222222222222,9.2,6.7,3.4,NA,8.5,531,"CO",2023,27,1,225,0,119,0
2950,2023-01-28,19.05,86.36,0,-11.7777777777778,-7.77777777777778,-12.3888888888889,9.7,7.1,4,NA,8.5,531,"CO",2023,28,1,220.588235294118,0.5,119,0
2951,2023-01-29,19.304,88.9,0,-15.7222222222222,-5.27777777777778,-10.8888888888889,10,6.8,3.7,NA,8.3,531,"CO",2023,29,1,217.142857142857,0.300000000000001,119,0
2952,2023-01-30,19.304,86.36,0,-11.2777777777778,-5.77777777777778,-12.5,9.6,6.8,3.4,NA,8.4,531,"CO",2023,30,1,223.529411764706,-0.4,119,0
2953,2023-01-31,19.304,86.36,0,-17,-10.8888888888889,-17.3888888888889,10.1,7.6,3.7,NA,8.4,531,"CO",2023,31,1,223.529411764706,0.5,119,0
2954,2023-02-01,19.304,86.36,0,-20,-6.22222222222222,-14.5,9.2,6.1,3.8,NA,8.4,531,"CO",2023,32,2,223.529411764706,-0.9,119,0
2955,2023-02-02,19.558,83.82,0.254,-14.1111111111111,-4,-11.1111111111111,9,6.9,4.1,NA,7.9,531,"CO",2023,33,2,233.333333333333,-0.199999999999999,119,0
2956,2023-02-03,19.558,83.82,0,-12.3888888888889,2.27777777777778,-6.61111111111111,9.7,7.5,3.7,NA,8.3,531,"CO",2023,34,2,233.333333333333,0.699999999999999,119,0
2957,2023-02-04,19.558,83.82,0,-7.61111111111111,-0.88888888888889,-6,9.6,7,3.6,NA,8,531,"CO",2023,35,2,233.333333333333,-0.0999999999999996,119,0
2958,2023-02-05,19.558,81.28,0,-6.38888888888889,4.11111111111111,-3.72222222222222,9.7,6.4,3.6,NA,8.1,531,"CO",2023,36,2,240.625,0.0999999999999996,119,0
2959,2023-02-06,19.558,81.28,0,-7.27777777777778,-7.27777777777778,-13.1111111111111,9.4,6.3,3.6,NA,7.8,531,"CO",2023,37,2,240.625,-0.299999999999999,119,0
2960,2023-02-07,20.066,83.82,0,-17.3888888888889,-6.5,-13.3888888888889,9.5,6.7,4,NA,7.9,531,"CO",2023,38,2,239.393939393939,0.0999999999999996,119,0
2961,2023-02-08,20.066,88.9,0.254,-14.7222222222222,-7.27777777777778,-12.7777777777778,9,7.3,3.5,NA,7.7,531,"CO",2023,39,2,225.714285714286,-0.5,119,0
2962,2023-02-09,20.32,93.98,0.254,-19,-14,-18.2777777777778,9,6.5,3.8,NA,8.1,531,"CO",2023,40,2,216.216216216216,0,119,0
2963,2023-02-10,20.574,91.44,0.254,-21.7222222222222,-2.72222222222222,-12.1111111111111,9.5,7.2,3.7,NA,7.9,531,"CO",2023,41,2,225,0.5,119,0
2964,2023-02-11,20.828,88.9,0,-6.5,5.61111111111111,-2.11111111111111,9,6.6,3.6,NA,7.8,531,"CO",2023,42,2,234.285714285714,-0.5,119,0
2965,2023-02-12,20.828,88.9,0,-8.11111111111111,-0.277777777777778,-6.61111111111111,9.6,6.9,3.8,NA,7.6,531,"CO",2023,43,2,234.285714285714,0.6,119,0
2966,2023-02-13,20.828,88.9,0.254,-8.22222222222222,3.5,-5.88888888888889,9.4,6.8,3.8,NA,7.2,531,"CO",2023,44,2,234.285714285714,-0.199999999999999,119,0
2967,2023-02-14,21.082,86.36,1.016,-9.22222222222222,-4.5,-11,9.6,5.8,4,NA,7.1,531,"CO",2023,45,2,244.117647058824,0.199999999999999,119,0
2968,2023-02-15,21.844,101.6,0.254,-16.2222222222222,-13.2222222222222,-17.8888888888889,9.2,5.8,4,NA,7.3,531,"CO",2023,46,2,215,-0.4,119,0
2969,2023-02-16,22.098,99.06,0,-21.8888888888889,-13.8888888888889,-20.1111111111111,9.6,5.7,4,NA,7.2,531,"CO",2023,47,2,223.076923076923,0.4,119,0
2970,2023-02-17,22.098,99.06,0,-19.7222222222222,NA,NA,10,6.5,4.2,NA,7.3,531,"CO",2023,48,2,223.076923076923,0.4,119,0
2971,2023-02-18,22.098,96.52,0,NA,NA,NA,10,NA,NA,NA,NA,531,"CO",2023,49,2,228.947368421053,0,119,0
2972,2023-02-19,22.098,96.52,0.254,NA,NA,NA,10,NA,NA,NA,NA,531,"CO",2023,50,2,228.947368421053,0,119,0
2973,2023-02-20,22.352,96.52,0,NA,NA,NA,10,NA,NA,NA,NA,531,"CO",2023,51,2,231.578947368421,0,119,0
2974,2023-02-21,22.352,93.98,0,NA,NA,NA,10,NA,NA,NA,NA,531,"CO",2023,52,2,237.837837837838,0,119,0
2975,2023-02-22,22.352,96.52,0.762,NA,NA,NA,10,NA,NA,NA,NA,531,"CO",2023,53,2,231.578947368421,0,119,0
2976,2023-02-23,23.114,104.14,0,NA,NA,NA,10,NA,NA,NA,NA,531,"CO",2023,54,2,221.951219512195,0,119,0
2977,2023-02-24,23.114,101.6,0.254,NA,NA,NA,10,NA,NA,NA,NA,531,"CO",2023,55,2,227.5,0,119,0
2978,2023-02-25,23.368,101.6,0,NA,NA,NA,10,NA,NA,NA,NA,531,"CO",2023,56,2,230,0,119,0
2979,2023-02-26,23.368,101.6,0.508,NA,NA,NA,10,NA,NA,NA,NA,531,"CO",2023,57,2,230,0,119,0
2980,2023-02-27,23.876,109.22,0.508,NA,-3.5,-11,10,NA,NA,NA,NA,531,"CO",2023,58,2,218.604651162791,0,119,0
2981,2023-02-28,24.13,111.76,0,-13,-6.61111111111111,-13.2777777777778,9.5,6.6,3.8,NA,6.4,531,"CO",2023,59,2,215.909090909091,-0.5,119,0
2982,2023-03-01,24.13,109.22,0.508,-16.1111111111111,-7.11111111111111,-13,9.5,6.6,3.8,NA,6.4,531,"CO",2023,60,3,220.93023255814,0,119,0
2983,2023-03-02,24.384,111.76,0,-14.7222222222222,-5.38888888888889,-12.2777777777778,9.5,6.6,3.8,NA,6.3,531,"CO",2023,61,3,218.181818181818,0,119,0
2984,2023-03-03,24.892,114.3,0.254,-15.6111111111111,-1.77777777777778,-11.6111111111111,9.4,6.6,3.8,NA,6.3,531,"CO",2023,62,3,217.777777777778,-0.0999999999999996,119,0
2985,2023-03-04,24.892,111.76,0.254,-15,-1.27777777777778,-9,9.4,6.6,3.8,NA,6.2,531,"CO",2023,63,3,222.727272727273,0,119,0
2986,2023-03-05,24.892,111.76,0,-9.27777777777778,-1.61111111111111,-8.27777777777778,9.5,6.6,3.8,NA,6.2,531,"CO",2023,64,3,222.727272727273,0.0999999999999996,119,0
2987,2023-03-06,24.892,109.22,0,-8.38888888888889,3.72222222222222,-4.38888888888889,9.4,6.6,3.8,NA,6.1,531,"CO",2023,65,3,227.906976744186,-0.0999999999999996,119,0
2988,2023-03-07,24.892,106.68,0,-6.5,3.27777777777778,-4.5,9.4,6.6,3.8,NA,6.1,531,"CO",2023,66,3,233.333333333333,0,119,0
2989,2023-03-08,24.892,106.68,0,-7.61111111111111,-1.38888888888889,-6.61111111111111,9.4,6.6,3.8,NA,6,531,"CO",2023,67,3,233.333333333333,0,119,0
2990,2023-03-09,24.892,106.68,0,-9.88888888888889,-1.77777777777778,-8.61111111111111,9.4,6.6,3.8,NA,6,531,"CO",2023,68,3,233.333333333333,0,119,0
2991,2023-03-10,24.892,106.68,1.016,-6.61111111111111,2.27777777777778,-3.77777777777778,9.5,6.6,3.8,NA,5.9,531,"CO",2023,69,3,233.333333333333,0.0999999999999996,119,0
2992,2023-03-11,25.908,114.3,0.508,-4.77777777777778,-2.11111111111111,-6.77777777777778,9.4,6.6,3.8,NA,5.9,531,"CO",2023,70,3,226.666666666667,-0.0999999999999996,119,0
2993,2023-03-12,26.416,116.84,1.016,-9.5,-1.22222222222222,-7.88888888888889,9.5,6.6,3.8,NA,5.8,531,"CO",2023,71,3,226.086956521739,0.0999999999999996,119,0
2994,2023-03-13,27.686,129.54,0,-10.3888888888889,-0.222222222222221,-8.11111111111111,9.5,6.6,3.8,NA,5.8,531,"CO",2023,72,3,213.725490196078,0,119,0
2995,2023-03-14,27.686,127,0,-9.38888888888889,1.38888888888889,-5.27777777777778,9.5,6.7,3.8,NA,5.7,531,"CO",2023,73,3,218,0,119,0
2996,2023-03-15,27.686,124.46,0.254,-4.61111111111111,6.61111111111111,-1.61111111111111,9.6,6.7,3.9,NA,5.6,531,"CO",2023,74,3,222.448979591837,0.0999999999999996,119,0
2997,2023-03-16,27.94,121.92,0,-8.38888888888889,-7.22222222222222,-12.2777777777778,9.6,6.8,3.9,NA,5.6,531,"CO",2023,75,3,229.166666666667,0,119,0
2998,2023-03-17,27.94,119.38,0,-15.7222222222222,-7.38888888888889,-16.1111111111111,9.7,6.8,3.9,NA,5.6,531,"CO",2023,76,3,234.042553191489,0.0999999999999996,119,0
2999,2023-03-18,27.94,119.38,0,-21.8888888888889,-7,-15.2777777777778,9.8,6.9,4,NA,5.6,531,"CO",2023,77,3,234.042553191489,0.100000000000001,119,0
3000,2023-03-19,27.94,116.84,0.254,-15.6111111111111,-1,-9.61111111111111,9.8,6.9,4,NA,5.5,531,"CO",2023,78,3,239.130434782609,0,119,0
3001,2023-03-20,28.194,114.3,0.254,-10.2222222222222,1.11111111111111,-7.88888888888889,9.8,6.9,4,NA,5.6,531,"CO",2023,79,3,246.666666666667,0,119,0
3002,2023-03-21,28.448,114.3,0.762,-9.22222222222222,-2.38888888888889,-8.27777777777778,9.8,6.9,4,NA,5.6,531,"CO",2023,80,3,248.888888888889,0,119,0
3003,2023-03-22,29.21,121.92,0.762,-7,-0.611111111111112,-7.11111111111111,9.7,6.9,4,NA,5.5,531,"CO",2023,81,3,239.583333333333,-0.100000000000001,119,0
3004,2023-03-23,29.972,129.54,0.254,-13.2777777777778,-2.11111111111111,-10.2222222222222,9.7,6.9,4,NA,5.5,531,"CO",2023,82,3,231.372549019608,0,119,0
3005,2023-03-24,30.226,132.08,0.254,-13.5,-2.5,-11.3888888888889,9.7,6.9,4,NA,5.5,531,"CO",2023,83,3,228.846153846154,0,119,0
3006,2023-03-25,30.48,132.08,0,-17.7222222222222,-12.7777777777778,-18.5,9.8,6.9,4,NA,5.5,531,"CO",2023,84,3,230.769230769231,0.100000000000001,119,0
3007,2023-03-26,30.48,132.08,0.254,-19.8888888888889,-8.88888888888889,-16.6111111111111,9.8,6.9,4,NA,5.5,531,"CO",2023,85,3,230.769230769231,0,119,0
3008,2023-03-27,30.734,129.54,0.254,-17.3888888888889,-14.2777777777778,-18.2222222222222,9.8,6.9,4,NA,5.5,531,"CO",2023,86,3,237.254901960784,0,119,0
3009,2023-03-28,30.988,129.54,0,-21.2777777777778,2.77777777777778,-7.61111111111111,9.8,6.9,4,NA,5.5,531,"CO",2023,87,3,239.21568627451,0,119,0
3010,2023-03-29,30.988,127,0,-6.61111111111111,7,-2,9.7,6.9,3.9,NA,5.5,531,"CO",2023,88,3,244,-0.100000000000001,119,0
3011,2023-03-30,30.988,127,0,-5.77777777777778,2.5,-5.88888888888889,9.8,6.9,3.9,NA,5.5,531,"CO",2023,89,3,244,0.100000000000001,119,0
3012,2023-03-31,30.988,127,0.508,-13.1111111111111,-10,-12.3888888888889,9.8,6.9,3.9,NA,5.5,531,"CO",2023,90,3,244,0,119,0
3013,2023-04-01,31.75,134.62,0.254,-11.3888888888889,3,-5,9.8,6.9,4,NA,5.5,531,"CO",2023,91,4,235.849056603774,0,119,0
3014,2023-04-02,32.004,129.54,0,-6.11111111111111,5.72222222222222,-2.22222222222222,9.8,6.9,4,NA,5.5,531,"CO",2023,92,4,247.058823529412,0,119,0
3015,2023-04-03,32.004,127,0,-4.5,4.88888888888889,-2,9.8,6.9,4,NA,5.5,531,"CO",2023,93,4,252,0,119,0
3016,2023-04-04,32.004,124.46,0,-5.61111111111111,-4.77777777777778,-12.2222222222222,9.9,7,4,NA,5.5,531,"CO",2023,94,4,257.142857142857,0.0999999999999996,119,0
3017,2023-04-05,32.004,124.46,0,-18.2777777777778,-7.38888888888889,-15.5,10,7.1,4,NA,5.5,531,"CO",2023,95,4,257.142857142857,0.0999999999999996,119,0
3018,2023-04-06,32.258,124.46,0,-18.1111111111111,0.722222222222221,-10.1111111111111,10,7.1,4.1,NA,5.5,531,"CO",2023,96,4,259.183673469388,0,119,0
3019,2023-04-07,32.258,124.46,0,-9.22222222222222,5.77777777777778,-2.77777777777778,10,7.1,4.1,NA,5.6,531,"CO",2023,97,4,259.183673469388,0,119,0
3020,2023-04-08,32.258,121.92,0,-5.27777777777778,4.72222222222222,-2.77777777777778,10,7.1,4.1,NA,5.6,531,"CO",2023,98,4,264.583333333333,0,119,0
3021,2023-04-09,32.258,121.92,0,-5.38888888888889,4.88888888888889,-2.77777777777778,10,7.1,4.1,NA,5.7,531,"CO",2023,99,4,264.583333333333,0,119,0
3022,2023-04-10,32.258,121.92,0,-6.38888888888889,12.3888888888889,1.77777777777778,10,7.1,4.1,NA,5.7,531,"CO",2023,100,4,264.583333333333,0,119,0
3023,2023-04-11,32.258,116.84,0,1.5,13.6111111111111,5.72222222222222,10.7,7.5,4.1,NA,5.7,531,"CO",2023,101,4,276.086956521739,0.699999999999999,119,0
3024,2023-04-12,32.258,114.3,0,2.5,12.2777777777778,5.22222222222222,11.7,8.8,4.4,NA,5.8,531,"CO",2023,102,4,282.222222222222,1,119,1
3025,2023-04-13,32.258,109.22,0,0.777777777777777,10,2.11111111111111,18.9,29.1,5,NA,5.8,531,"CO",2023,103,4,295.348837209302,7.2,119,0
3026,2023-04-14,31.242,106.68,0.762,-4.11111111111111,2.61111111111111,-4.77777777777778,36.1,31.2,13.1,NA,5.9,531,"CO",2023,104,4,292.857142857143,17.2,119,0
3027,2023-04-15,32.004,111.76,0.254,-11.3888888888889,-6,-10.6111111111111,35.6,30,12.3,NA,6,531,"CO",2023,105,4,286.363636363636,-0.5,119,0
3028,2023-04-16,32.512,114.3,0,-9.11111111111111,5.72222222222222,-2.77777777777778,34.8,29.2,12.3,NA,6,531,"CO",2023,106,4,284.444444444444,-0.800000000000004,119,0
3029,2023-04-17,32.512,109.22,0,-4.11111111111111,8.77777777777778,0.499999999999999,34.3,28.5,12.5,NA,6.1,531,"CO",2023,107,4,297.674418604651,-0.5,119,0
3030,2023-04-18,31.496,106.68,0,-2.22222222222222,9.5,0.999999999999998,37,31.6,12.7,NA,6.2,531,"CO",2023,108,4,295.238095238095,2.7,119,0
3031,2023-04-19,30.48,101.6,0,-2.72222222222222,0.777777777777777,-6.72222222222222,38.4,32.8,15.4,NA,6.3,531,"CO",2023,109,4,300,1.4,119,0
3032,2023-04-20,30.988,104.14,0,-15.7222222222222,-7.77777777777778,-14,37.5,32,16.7,NA,6.4,531,"CO",2023,110,4,297.560975609756,-0.899999999999999,119,0
3033,2023-04-21,30.988,104.14,1.016,-16.1111111111111,-5.22222222222222,-11,36.5,31.4,17,NA,6.4,531,"CO",2023,111,4,297.560975609756,-1,119,0
3034,2023-04-22,32.004,111.76,0.508,-10.7222222222222,-3.77777777777778,-9.22222222222222,35.6,30.9,17,0.1,6.5,531,"CO",2023,112,4,286.363636363636,-0.899999999999999,119,0
3035,2023-04-23,32.512,116.84,0,-13.1111111111111,3.72222222222222,-5.77777777777778,34.8,30.4,17.2,0.2,6.6,531,"CO",2023,113,4,278.260869565217,-0.800000000000004,119,0
3036,2023-04-24,32.512,111.76,1.016,-6.11111111111111,5.88888888888889,-2.5,34.8,30.3,17.1,0.3,6.6,531,"CO",2023,114,4,290.909090909091,0,119,0
3037,2023-04-25,33.782,119.38,1.524,-6.22222222222222,1.22222222222222,-5,37.1,31,17.3,0.4,6.7,531,"CO",2023,115,4,282.978723404255,2.3,119,0
3038,2023-04-26,35.052,132.08,0,-6.27777777777778,4.11111111111111,-3.11111111111111,36.9,31.2,17.8,0.5,6.8,531,"CO",2023,116,4,265.384615384615,-0.200000000000003,119,0
3039,2023-04-27,35.052,124.46,0.762,-5.38888888888889,6,-2.61111111111111,35.8,30.8,17.8,0.6,6.8,531,"CO",2023,117,4,281.632653061224,-1.1,119,0
3040,2023-04-28,35.814,127,0.762,-7.61111111111111,-2.22222222222222,-6.72222222222222,37.2,31.2,18,0.7,6.9,531,"CO",2023,118,4,282,1.40000000000001,119,0
3041,2023-04-29,36.83,121.92,0,-9,9,0.499999999999999,37,31.3,18.4,0.9,6.9,531,"CO",2023,119,4,302.083333333333,-0.200000000000003,119,0
3042,2023-04-30,36.068,116.84,0,0.222222222222221,10.3888888888889,2.72222222222222,38.4,32.4,19.1,1,7,531,"CO",2023,120,4,308.695652173913,1.4,119,0
3043,2023-05-01,35.306,111.76,0,1.5,13.7222222222222,4.77777777777778,39.7,34,20.8,1.1,7,531,"CO",2023,121,5,315.909090909091,1.3,119,0
3044,2023-05-02,34.798,109.22,0,-1.61111111111111,12.2222222222222,3,40,34.7,22.3,3.4,7,531,"CO",2023,122,5,318.604651162791,0.299999999999997,119,0
3045,2023-05-03,34.29,101.6,0,-1.38888888888889,13.7777777777778,3.72222222222222,40.1,34.8,22.7,15.9,7,531,"CO",2023,123,5,337.5,0.100000000000001,119,0
3046,2023-05-04,33.528,104.14,0.254,0.499999999999999,9.5,2.11111111111111,40.2,35.3,23.8,21.1,7,531,"CO",2023,124,5,321.951219512195,0.100000000000001,119,0
3047,2023-05-05,33.528,101.6,0,-2.11111111111111,10.1111111111111,0.722222222222221,40.2,35.2,24,21.7,14.9,531,"CO",2023,125,5,330,0,119,0
3048,2023-05-06,33.274,99.06,0,-3.5,8.22222222222222,0.222222222222221,40.2,35.3,25.4,22.2,17.5,531,"CO",2023,126,5,335.897435897436,0,119,0
3049,2023-05-07,32.512,93.98,0,-2,7.61111111111111,0.277777777777778,40.2,35.4,26.4,22.5,18.7,531,"CO",2023,127,5,345.945945945946,0,119,0
3050,2023-05-08,32.258,93.98,0,-2.11111111111111,12.2222222222222,2.88888888888889,40.2,35.4,24.6,22.5,19.1,531,"CO",2023,128,5,343.243243243243,0,119,0
3051,2023-05-09,31.75,91.44,0,0.277777777777778,13.6111111111111,5.38888888888889,40.2,35.5,27.1,23.1,20.7,531,"CO",2023,129,5,347.222222222222,0,119,0
3052,2023-05-10,30.48,86.36,0.762,2.27777777777778,10.2222222222222,2.38888888888889,40.3,35.5,27,23.3,21.8,531,"CO",2023,130,5,352.941176470588,0.0999999999999943,119,0
3053,2023-05-11,30.734,91.44,1.524,-2.5,0.999999999999998,-1.5,40.3,35.5,25.8,23.4,22.2,531,"CO",2023,131,5,336.111111111111,0,119,0
3054,2023-05-12,32.004,101.6,0,-2,2.38888888888889,-0.722222222222223,39.3,34.2,23.8,22.3,21.2,531,"CO",2023,132,5,315,-1,119,0
3055,2023-05-13,32.004,93.98,1.27,-1.77777777777778,5.77777777777778,-0.222222222222221,39.3,34.1,23.6,22.3,21.6,531,"CO",2023,133,5,340.540540540541,0,119,0
3056,2023-05-14,33.02,101.6,0.508,-1.11111111111111,9.5,1.11111111111111,39.3,34.1,23.6,22.2,21,531,"CO",2023,134,5,325,0,119,0
3057,2023-05-15,33.02,93.98,0,-0.388888888888889,11.1111111111111,2.72222222222222,40.1,35.1,24.3,22.6,21.5,531,"CO",2023,135,5,351.351351351351,0.800000000000004,119,0
3058,2023-05-16,32.258,83.82,0,-0.88888888888889,12,4,40.2,35.4,26.7,23.6,22.9,531,"CO",2023,136,5,384.848484848485,0.100000000000001,119,0
3059,2023-05-17,30.48,83.82,0,1.27777777777778,13.2222222222222,4.61111111111111,40.2,35.3,26.4,23.9,24.7,531,"CO",2023,137,5,363.636363636364,0,119,0
3060,2023-05-18,28.956,78.74,0.254,1.11111111111111,9.5,2.72222222222222,40.2,35.3,25.6,24,39.3,531,"CO",2023,138,5,367.741935483871,0,119,0
3061,2023-05-19,27.686,71.12,1.27,-0.388888888888889,5.22222222222222,0,40.2,35.3,25.2,23.8,39.4,531,"CO",2023,139,5,389.285714285714,0,119,0
3062,2023-05-20,28.702,81.28,0.254,-0.611111111111112,11.3888888888889,1.72222222222222,40.1,34.9,24.7,23.5,39.5,531,"CO",2023,140,5,353.125,-0.100000000000001,119,0
3063,2023-05-21,27.94,76.2,0,-1.27777777777778,11.7777777777778,3,40.3,35.4,25.6,24.1,39.6,531,"CO",2023,141,5,366.666666666667,0.199999999999996,119,0
3064,2023-05-22,26.924,73.66,0,0,12.2777777777778,3.61111111111111,40.3,35.4,25.6,24.3,39.6,531,"CO",2023,142,5,365.51724137931,0,119,0
3065,2023-05-23,25.654,71.12,0.762,-0.388888888888889,13.3888888888889,3.61111111111111,40.3,35.4,25.4,24.3,39.7,531,"CO",2023,143,5,360.714285714286,0,119,0
3066,2023-05-24,25.4,66.04,0,-0.777777777777777,11.2222222222222,2.72222222222222,40.3,35.4,25.4,24.3,39.7,531,"CO",2023,144,5,384.615384615385,0,119,0
3067,2023-05-25,24.638,66.04,0,-0.222222222222221,12.7777777777778,5.38888888888889,40.3,35.4,25.3,23.9,39.7,531,"CO",2023,145,5,373.076923076923,0,119,0
3068,2023-05-26,23.114,58.42,0.254,1.27777777777778,12.2777777777778,4.22222222222222,40.3,35.5,25.5,24.3,39.8,531,"CO",2023,146,5,395.652173913043,0,119,0
3069,2023-05-27,22.352,58.42,0,1.38888888888889,12.6111111111111,3.5,40.3,35.5,25.4,24,39.8,531,"CO",2023,147,5,382.608695652174,0,119,0
3070,2023-05-28,21.082,55.88,0,0.111111111111113,12.2777777777778,4.5,40.3,35.2,25.4,25,39.8,531,"CO",2023,148,5,377.272727272727,0,119,0
3071,2023-05-29,19.558,50.8,0,1.11111111111111,15.1111111111111,6.72222222222222,40,35,25.3,24.7,39.9,531,"CO",2023,149,5,385,-0.299999999999997,119,0
3072,2023-05-30,17.272,45.72,0,3.38888888888889,13.7222222222222,6.5,39.6,34.9,25.4,24.8,39.9,531,"CO",2023,150,5,377.777777777778,-0.399999999999999,119,0
3073,2023-05-31,16.256,43.18,0.254,3.22222222222222,11.1111111111111,3.27777777777778,39.2,35.1,25.3,24,39.9,531,"CO",2023,151,5,376.470588235294,-0.399999999999999,119,0
3074,2023-06-01,15.748,38.1,0.508,-0.222222222222221,8.61111111111111,2,38.2,35.9,25.3,23.6,39.9,531,"CO",2023,152,6,413.333333333333,-1,119,0
3075,2023-06-02,15.24,38.1,0.254,-0.88888888888889,7.5,0.611111111111112,37.9,35.6,25.2,23.4,39.4,531,"CO",2023,153,6,400,-0.300000000000004,119,0
3076,2023-06-03,14.732,38.1,0,-1.5,6.72222222222222,2,37.1,34.8,25.7,23.2,35.4,531,"CO",2023,154,6,386.666666666667,-0.799999999999997,119,0
3077,2023-06-04,13.716,33.02,1.27,0.277777777777778,10,2,36.5,34.2,26.7,23,31.8,531,"CO",2023,155,6,415.384615384615,-0.600000000000001,119,0
3078,2023-06-05,13.208,30.48,0.762,0.111111111111113,8.72222222222222,2.61111111111111,37.5,34.8,28,23.1,34.6,531,"CO",2023,156,6,433.333333333333,1,119,0
3079,2023-06-06,12.954,30.48,0.254,0.222222222222221,12.6111111111111,4,38.2,35.5,29.6,23.7,39.2,531,"CO",2023,157,6,425,0.700000000000003,119,0
3080,2023-06-07,11.43,27.94,0,2.61111111111111,9,2.88888888888889,36.6,34.2,27.1,23.4,39.3,531,"CO",2023,158,6,409.090909090909,-1.6,119,0
3081,2023-06-08,10.668,25.4,0,0.277777777777778,15.3888888888889,5.77777777777778,36.1,33.7,25.9,23.2,39.3,531,"CO",2023,159,6,420,-0.5,119,0
3082,2023-06-09,7.112,15.24,0,2.72222222222222,10.2222222222222,5.11111111111111,35.4,33,24.9,23.1,39.2,531,"CO",2023,160,6,466.666666666667,-0.700000000000003,119,0
3083,2023-06-10,6.096,15.24,0,0.499999999999999,13.6111111111111,5.61111111111111,34.5,32.2,23.6,22.9,33.1,531,"CO",2023,161,6,400,-0.899999999999999,119,0
3084,2023-06-11,4.064,10.16,1.016,1.38888888888889,12.1111111111111,3.61111111111111,34,31.5,22.6,21.6,30.2,531,"CO",2023,162,6,400,-0.5,119,0
3085,2023-06-12,3.048,7.62,0.254,1.5,6.61111111111111,1.22222222222222,36.3,32.2,22.9,21.3,29.7,531,"CO",2023,163,6,400,2.3,119,0
3086,2023-06-13,2.286,7.62,0,0,6.22222222222222,1.27777777777778,34.8,31.6,22.5,21.2,29.3,531,"CO",2023,164,6,300,-1.5,119,0
3087,2023-06-14,1.778,5.08,0,-1,13.6111111111111,4,34.1,31.1,21.9,20.6,27.5,531,"CO",2023,165,6,350,-0.699999999999996,119,0
3088,2023-06-15,0.762,2.54,0.254,-0.222222222222221,13.2222222222222,4,34,30.9,21.4,20,25.8,531,"CO",2023,166,6,300,-0.100000000000001,119,0
3089,2023-06-16,0,0,0.254,0.388888888888891,8.77777777777778,1.72222222222222,33.6,30.6,20.8,19.6,24.8,531,"CO",2023,167,6,NA,-0.399999999999999,119,0
3090,2023-06-17,0,0,0,-1.11111111111111,5,1.11111111111111,34.1,30.5,20.7,19.5,24.1,531,"CO",2023,168,6,NA,0.5,119,0
3091,2023-06-18,0,0,0,1.27777777777778,16.2777777777778,7.61111111111111,34.1,30.4,20.7,19.2,23.5,531,"CO",2023,169,6,NA,0,119,0
3092,2023-06-19,0,0,0,7.22222222222222,20,11.2222222222222,33.4,29.9,20.1,18.7,22.6,531,"CO",2023,170,6,NA,-0.700000000000003,119,0
3093,2023-06-20,0,0,0,8.61111111111111,18.7777777777778,10.7777777777778,32.6,29.3,19.8,18.2,21.7,531,"CO",2023,171,6,NA,-0.799999999999997,119,0
3094,2023-06-21,0,0,0,6,20.2777777777778,11.5,31.8,28.7,19.2,17.8,21.1,531,"CO",2023,172,6,NA,-0.800000000000001,119,0
3095,2023-06-22,0,0,0.254,6.72222222222222,15.5,8.22222222222222,31.2,28.1,18.8,17.4,20.5,531,"CO",2023,173,6,NA,-0.600000000000001,119,0
3096,2023-06-23,0,0,0,4.72222222222222,17.2777777777778,9,31.5,27.9,18.4,17.1,20,531,"CO",2023,174,6,NA,0.300000000000001,119,0
3097,2023-06-24,0,0,0,3.5,16.2222222222222,8,31,27.3,18,16.6,19.5,531,"CO",2023,175,6,NA,-0.5,119,0
3098,2023-06-25,0,0,0,3.77777777777778,20.2777777777778,10.6111111111111,30.3,26.6,17.5,16.1,19,531,"CO",2023,176,6,NA,-0.699999999999999,119,0
3099,2023-06-26,0,0,0,6.88888888888889,21.2777777777778,12.7777777777778,29.5,26,17.2,15.6,18.6,531,"CO",2023,177,6,NA,-0.800000000000001,119,0
3100,2023-06-27,0,0,0,9.72222222222222,20.1111111111111,12.3888888888889,28.6,25.3,16.7,15.2,18.2,531,"CO",2023,178,6,NA,-0.899999999999999,119,0
3101,2023-06-28,0,0,0,8,20.5,12,27.7,24.4,16.1,14.7,18,531,"CO",2023,179,6,NA,-0.900000000000002,119,0
3102,2023-06-29,0,0,0,7.38888888888889,20,9.72222222222222,26.8,23.5,15.8,14.2,17.7,531,"CO",2023,180,6,NA,-0.899999999999999,119,0
3103,2023-06-30,0,0,0,2.27777777777778,14,4.72222222222222,25.9,22.6,15.3,13.9,17.4,531,"CO",2023,181,6,NA,-0.900000000000002,119,0
3104,2023-07-01,0,0,0,0.222222222222221,16.7777777777778,7,25.4,22,15.1,13.8,17.3,531,"CO",2023,182,7,NA,-0.5,119,0
3105,2023-07-02,0,0,0,5.77777777777778,17.7777777777778,9.88888888888889,24.8,21.3,14.8,13.4,17.1,531,"CO",2023,183,7,NA,-0.599999999999998,119,0
3106,2023-07-03,0,0,0,7,20.8888888888889,11.7777777777778,23.6,20.4,14.2,12.8,16.8,531,"CO",2023,184,7,NA,-1.2,119,0
3107,2023-07-04,0,0,0.254,4.5,19,10.7222222222222,22.3,19.4,13.8,12.3,16.6,531,"CO",2023,185,7,NA,-1.3,119,0
3108,2023-07-05,0,0,0,6,19.6111111111111,10.3888888888889,21.7,18.5,13.3,11.9,16.4,531,"CO",2023,186,7,NA,-0.600000000000001,119,0
3109,2023-07-06,0,0,0,6.11111111111111,21.1111111111111,10.7222222222222,20.6,17.7,13,11.5,16.2,531,"CO",2023,187,7,NA,-1.1,119,0
3110,2023-07-07,0,0,0,3.22222222222222,21,10.8888888888889,19.5,16.6,12.2,11,16,531,"CO",2023,188,7,NA,-1.1,119,0
3111,2023-07-08,0,0,0,5.77777777777778,20.5,10.7777777777778,18.3,15.5,11.7,10.5,15.8,531,"CO",2023,189,7,NA,-1.2,119,0
3112,2023-07-09,0,0,0,5.72222222222222,22,12.2222222222222,17.2,14.6,11.1,10,15.6,531,"CO",2023,190,7,NA,-1.1,119,0
3113,2023-07-10,0,0,0,8.38888888888889,21.2777777777778,12.7777777777778,16.2,13.6,10.6,9.4,15.3,531,"CO",2023,191,7,NA,-1,119,0
3114,2023-07-11,0,0,0,10,22.6111111111111,14.2777777777778,15.5,12.7,9.9,8.8,15,531,"CO",2023,192,7,NA,-0.699999999999999,119,0
3115,2023-07-12,0,0,0,10.7222222222222,21.3888888888889,13.2222222222222,14.9,12,9.3,8.1,14.8,531,"CO",2023,193,7,NA,-0.6,119,0
3116,2023-07-13,0,0,0,7.88888888888889,22.6111111111111,13.3888888888889,14.5,11.4,8.6,7.5,14.5,531,"CO",2023,194,7,NA,-0.4,119,0
3117,2023-07-14,0,0,0,9.88888888888889,20.6111111111111,12.2777777777778,13.9,10.8,8.1,6.9,14.2,531,"CO",2023,195,7,NA,-0.6,119,0
3118,2023-07-15,0,0,0,6.72222222222222,20.7777777777778,11.7222222222222,13.6,10.3,7.6,6.3,13.9,531,"CO",2023,196,7,NA,-0.300000000000001,119,0
3119,2023-07-16,0,0,0,9,22.5,13.6111111111111,13.2,10,7.4,5.8,13.6,531,"CO",2023,197,7,NA,-0.4,119,0
3120,2023-07-17,0,0,0,12.8888888888889,24,15.8888888888889,12.9,9.6,7,5.3,13.3,531,"CO",2023,198,7,NA,-0.299999999999999,119,0
3121,2023-07-18,0,0,0,13.6111111111111,23.6111111111111,14.6111111111111,12.6,9.3,6.7,4.8,13,531,"CO",2023,199,7,NA,-0.300000000000001,119,0
3122,2023-07-19,0,0,0,10.2222222222222,21.6111111111111,12.7222222222222,12.4,9.2,6.5,4.3,12.6,531,"CO",2023,200,7,NA,-0.199999999999999,119,0
3123,2023-07-20,0,0,0.254,7.22222222222222,20.1111111111111,10.3888888888889,12.3,9,6.3,3.9,12.2,531,"CO",2023,201,7,NA,-0.0999999999999996,119,0
3124,2023-07-21,0,0,0,6.11111111111111,19.1111111111111,10.7222222222222,12.2,9,6.4,3.6,11.9,531,"CO",2023,202,7,NA,-0.100000000000001,119,0
3125,2023-07-22,0,0,0,6.61111111111111,21.6111111111111,12.3888888888889,12.1,8.8,6.3,3.3,11.6,531,"CO",2023,203,7,NA,-0.0999999999999996,119,0
3126,2023-07-23,0,0,0,8.38888888888889,23.5,13.8888888888889,11.9,8.5,6.1,2.9,11.1,531,"CO",2023,204,7,NA,-0.199999999999999,119,0
3127,2023-07-24,0,0,0,10.6111111111111,25.2777777777778,16,11.7,8.3,6,2.6,10.6,531,"CO",2023,205,7,NA,-0.200000000000001,119,0
3128,2023-07-25,0,0,0,10,21.7777777777778,14.2777777777778,11.6,8.3,5.9,2.3,10.1,531,"CO",2023,206,7,NA,-0.0999999999999996,119,0
3129,2023-07-26,0,0,0,10.3888888888889,23.1111111111111,14.1111111111111,11.4,8,5.8,2.1,9.5,531,"CO",2023,207,7,NA,-0.199999999999999,119,0
3130,2023-07-27,0,0,0.254,8.88888888888889,21.2777777777778,12.2777777777778,11.2,7.9,5.7,1.8,9,531,"CO",2023,208,7,NA,-0.200000000000001,119,0
3131,2023-07-28,0,0,0,8.11111111111111,22.6111111111111,13.2777777777778,11,7.7,5.7,1.6,8.4,531,"CO",2023,209,7,NA,-0.199999999999999,119,0
3132,2023-07-29,0,0,0,9.22222222222222,23.3888888888889,12.8888888888889,11,7.7,5.6,1.4,7.8,531,"CO",2023,210,7,NA,0,119,0
3133,2023-07-30,0,0,0,9.5,21.2222222222222,12.6111111111111,10.9,7.6,5.6,1.2,7.2,531,"CO",2023,211,7,NA,-0.0999999999999996,119,0
3134,2023-07-31,0,0,4.572,8.5,23.3888888888889,10.6111111111111,10.8,7.5,5.5,1,6.7,531,"CO",2023,212,7,NA,-0.0999999999999996,119,0
3135,2023-08-01,0,0,2.032,6.61111111111111,16.2777777777778,7.88888888888889,10.8,NA,22.6,0.8,6.3,531,"CO",2023,213,8,NA,0,119,0
3136,2023-08-02,0,0,0.508,4.88888888888889,16.2222222222222,8.38888888888889,36.5,33,23.7,0.8,6.3,531,"CO",2023,214,8,NA,25.7,119,0
3288,2024-01-01,10.668,48.26,0,-10.7777777777778,-2.77777777777778,-8.77777777777778,9.7,6.3,3.5,NA,5.2,531,"CO",2024,1,1,221.052631578947,0,134,0
3289,2024-01-02,10.668,48.26,0,-11.5,-2.88888888888889,-10.2777777777778,9.6,6.3,3.5,NA,5.2,531,"CO",2024,2,1,221.052631578947,-0.0999999999999996,134,0
3290,2024-01-03,10.668,48.26,0,-12.5,-1.22222222222222,-9.88888888888889,9.6,6.2,3.4,NA,5.2,531,"CO",2024,3,1,221.052631578947,0,134,0
3291,2024-01-04,10.668,45.72,0,-10.1111111111111,-7,-10.8888888888889,9.5,6.1,3.4,NA,5.2,531,"CO",2024,4,1,233.333333333333,-0.0999999999999996,134,0
3292,2024-01-05,11.176,50.8,0,-13.5,-10.7777777777778,-14.7222222222222,9.4,6.1,3.3,NA,5.2,531,"CO",2024,5,1,220,-0.0999999999999996,134,0
3293,2024-01-06,11.176,50.8,0.254,-16.7222222222222,-12.8888888888889,-16.2222222222222,9.4,6.1,3.3,NA,5.2,531,"CO",2024,6,1,220,0,134,0
3294,2024-01-07,11.43,55.88,0,-15.2222222222222,-10,-15.8888888888889,9.5,6.1,3.3,NA,5.2,531,"CO",2024,7,1,204.545454545455,0.0999999999999996,134,0
3295,2024-01-08,11.684,55.88,0,-17.2222222222222,-16,-19.2222222222222,9.4,6.1,3.3,NA,5.2,531,"CO",2024,8,1,209.090909090909,-0.0999999999999996,134,0
3296,2024-01-09,11.684,55.88,0.762,-22.2777777777778,-8.27777777777778,-15,9.2,6,3.3,NA,5.2,531,"CO",2024,9,1,209.090909090909,-0.200000000000001,134,0
3297,2024-01-10,12.192,58.42,0.254,-14,-13.7777777777778,-16.6111111111111,8.8,5.7,3.2,NA,5.2,531,"CO",2024,10,1,208.695652173913,-0.399999999999999,134,0
3298,2024-01-11,12.7,63.5,0.254,-16.5,-14.8888888888889,-19.2222222222222,8.8,5.7,3.2,NA,5.2,531,"CO",2024,11,1,200,0,134,0
3299,2024-01-12,13.462,66.04,0.762,-22.2222222222222,-15.2777777777778,-18.8888888888889,8.8,5.7,3.1,NA,5.2,531,"CO",2024,12,1,203.846153846154,0,134,0
3300,2024-01-13,14.224,68.58,0.508,-15.2777777777778,-11.6111111111111,-14.8888888888889,8.8,5.7,3.1,NA,5.2,531,"CO",2024,13,1,207.407407407407,0,134,0
3301,2024-01-14,14.732,71.12,2.286,-11.6111111111111,-7.61111111111111,-11,8.8,5.7,3.1,NA,5.2,531,"CO",2024,14,1,207.142857142857,0,134,0
3302,2024-01-15,17.018,96.52,0.508,-12.3888888888889,-12.3888888888889,-17.3888888888889,8.8,5.7,3.1,NA,5.1,531,"CO",2024,15,1,176.315789473684,0,134,0
3303,2024-01-16,18.288,101.6,0.508,-20.7777777777778,-9.77777777777778,-15.3888888888889,9,5.7,3.1,NA,5.1,531,"CO",2024,16,1,180,0.199999999999999,134,0
3304,2024-01-17,18.542,93.98,1.016,-10.7777777777778,-5.5,-8.5,9,5.8,3.1,NA,5.1,531,"CO",2024,17,1,197.297297297297,0,134,0
3305,2024-01-18,19.304,96.52,0.508,-10.2222222222222,-5.77777777777778,-8.77777777777778,9.1,5.8,3.2,NA,5.1,531,"CO",2024,18,1,200,0.0999999999999996,134,0
3306,2024-01-19,20.066,104.14,0.508,-7.61111111111111,-2.72222222222222,-5.88888888888889,9.2,5.9,3.2,NA,5.1,531,"CO",2024,19,1,192.682926829268,0.0999999999999996,134,0
3307,2024-01-20,20.32,99.06,0,-8.11111111111111,3.38888888888889,-4,9.3,5.9,3.2,NA,5,531,"CO",2024,20,1,205.128205128205,0.100000000000001,134,0
3308,2024-01-21,20.32,96.52,0,-7.11111111111111,-2.22222222222222,-6.38888888888889,9.4,6,3.2,NA,5,531,"CO",2024,21,1,210.526315789474,0.0999999999999996,134,0
3309,2024-01-22,20.32,93.98,0,-10,-2.38888888888889,-7.88888888888889,9.5,6,3.3,NA,5,531,"CO",2024,22,1,216.216216216216,0.0999999999999996,134,0
3310,2024-01-23,20.32,91.44,0,-7.77777777777778,-4.61111111111111,-8.61111111111111,9.6,6.1,3.3,NA,4.9,531,"CO",2024,23,1,222.222222222222,0.0999999999999996,134,0
3311,2024-01-24,20.32,91.44,0.254,-10.7777777777778,-4,-9.11111111111111,9.7,6.2,3.3,NA,4.9,531,"CO",2024,24,1,222.222222222222,0.0999999999999996,134,0
3312,2024-01-25,20.574,91.44,0,-10.7222222222222,-5,-10.2222222222222,9.8,6.2,3.4,NA,4.9,531,"CO",2024,25,1,225,0.100000000000001,134,0
3313,2024-01-26,20.574,91.44,0,-11.2777777777778,-6,-10.7222222222222,9.8,6.2,3.4,NA,4.9,531,"CO",2024,26,1,225,0,134,0
3314,2024-01-27,20.574,86.36,0,-12.7222222222222,-8.27777777777778,-12.3888888888889,9.8,6.2,3.4,NA,4.9,531,"CO",2024,27,1,238.235294117647,0,134,0
3315,2024-01-28,20.574,83.82,0.254,-11,-1.11111111111111,-7.27777777777778,9.8,6.2,3.4,NA,4.9,531,"CO",2024,28,1,245.454545454545,0,134,0
3316,2024-01-29,20.828,83.82,0,-8.38888888888889,-1.38888888888889,-6.11111111111111,9.7,6.2,3.4,NA,4.8,531,"CO",2024,29,1,248.484848484848,-0.100000000000001,134,0
3317,2024-01-30,20.828,83.82,0,-7.38888888888889,2.61111111111111,-4,9.8,6.2,3.4,NA,4.8,531,"CO",2024,30,1,248.484848484848,0.100000000000001,134,0
3318,2024-01-31,20.828,83.82,0,-5.61111111111111,2.5,-4.5,9.8,6.2,3.4,NA,4.8,531,"CO",2024,31,1,248.484848484848,0,134,0
3319,2024-02-01,20.828,83.82,0,-6.77777777777778,0.722222222222221,-5.5,9.8,6.2,3.4,NA,4.8,531,"CO",2024,32,2,248.484848484848,0,134,0
3320,2024-02-02,20.828,83.82,2.286,-6.61111111111111,-1.61111111111111,-5.77777777777778,9.7,6.2,3.4,NA,4.8,531,"CO",2024,33,2,248.484848484848,-0.100000000000001,134,0
3321,2024-02-03,22.86,106.68,0.762,-7.61111111111111,-7.61111111111111,-10,9.8,6.2,3.4,NA,4.8,531,"CO",2024,34,2,214.285714285714,0.100000000000001,134,0
3322,2024-02-04,24.13,114.3,0,-12.5,-5.61111111111111,-11.1111111111111,9.8,6.2,3.4,NA,4.8,531,"CO",2024,35,2,211.111111111111,0,134,0
3323,2024-02-05,24.13,109.22,0.254,-9.27777777777778,3,-3.77777777777778,9.8,6.3,3.4,NA,4.8,531,"CO",2024,36,2,220.93023255814,0,134,0
3324,2024-02-06,24.384,106.68,0,-3.72222222222222,3.22222222222222,-3.22222222222222,9.9,6.3,3.5,NA,4.8,531,"CO",2024,37,2,228.571428571429,0.0999999999999996,134,0
3325,2024-02-07,24.384,104.14,0,-6.61111111111111,-2.88888888888889,-8.5,9.9,6.3,3.5,NA,4.8,531,"CO",2024,38,2,234.146341463415,0,134,0
3326,2024-02-08,24.384,104.14,0,-12,-7,-11.7222222222222,9.9,6.3,3.5,NA,4.8,531,"CO",2024,39,2,234.146341463415,0,134,0
3327,2024-02-09,24.638,104.14,0.508,-14.2777777777778,-5.77777777777778,-12.2777777777778,10,6.4,3.5,NA,4.8,531,"CO",2024,40,2,236.585365853659,0.0999999999999996,134,0
3328,2024-02-10,25.146,106.68,0.508,-14.5,-8.61111111111111,-13.6111111111111,10,6.4,3.5,NA,4.8,531,"CO",2024,41,2,235.714285714286,0,134,0
3329,2024-02-11,25.654,111.76,0,-16.8888888888889,-10.7222222222222,-16.1111111111111,10,6.4,3.5,NA,4.8,531,"CO",2024,42,2,229.545454545455,0,134,0
3330,2024-02-12,25.654,109.22,0.254,-17.2777777777778,-3.77777777777778,-10.5,10,6.4,3.5,NA,4.8,531,"CO",2024,43,2,234.883720930233,0,134,0
3331,2024-02-13,25.908,106.68,0,-10.7222222222222,-1.27777777777778,-8.72222222222222,9.9,6.4,3.5,NA,4.8,531,"CO",2024,44,2,242.857142857143,-0.0999999999999996,134,0
3332,2024-02-14,25.908,106.68,0,-10.5,-3.72222222222222,-8.88888888888889,9.9,6.3,3.5,NA,4.8,531,"CO",2024,45,2,242.857142857143,0,134,0
3333,2024-02-15,25.908,101.6,0.762,-10.2777777777778,1.22222222222222,-7.61111111111111,9.9,6.3,3.5,NA,4.8,531,"CO",2024,46,2,255,0,134,0
3334,2024-02-16,26.67,111.76,0.762,-11.7222222222222,-4.61111111111111,-10.6111111111111,9.9,6.3,3.5,NA,4.8,531,"CO",2024,47,2,238.636363636364,0,134,0
3335,2024-02-17,27.686,121.92,0,-14.6111111111111,-9.22222222222222,-14.8888888888889,9.9,6.3,3.5,NA,4.8,531,"CO",2024,48,2,227.083333333333,0,134,0
3336,2024-02-18,27.686,116.84,0.254,-15.7222222222222,-2.77777777777778,-9.5,9.9,6.3,3.5,NA,4.8,531,"CO",2024,49,2,236.95652173913,0,134,0
3337,2024-02-19,27.94,116.84,0,-11.1111111111111,0.777777777777777,-6.38888888888889,9.9,6.3,3.4,NA,4.7,531,"CO",2024,50,2,239.130434782609,0,134,0
3338,2024-02-20,27.94,114.3,0.254,-5.61111111111111,2.61111111111111,-3.77777777777778,9.9,6.3,3.5,NA,4.7,531,"CO",2024,51,2,244.444444444444,0,134,0
3339,2024-02-21,28.194,111.76,0,-5.88888888888889,2.27777777777778,-5.22222222222222,9.9,6.3,3.5,NA,4.7,531,"CO",2024,52,2,252.272727272727,0,134,0
3340,2024-02-22,28.194,111.76,0,-9.11111111111111,-3.77777777777778,-9.5,9.9,6.3,3.5,NA,4.7,531,"CO",2024,53,2,252.272727272727,0,134,0
3341,2024-02-23,28.194,111.76,0,-12.5,-4.38888888888889,-10.2777777777778,9.9,6.3,3.5,NA,4.7,531,"CO",2024,54,2,252.272727272727,0,134,0
3342,2024-02-24,28.194,109.22,0,-7.11111111111111,2.38888888888889,-5,9.9,6.4,3.5,NA,4.7,531,"CO",2024,55,2,258.139534883721,0,134,0
3343,2024-02-25,28.194,106.68,0.254,-7.27777777777778,2.22222222222222,-4.61111111111111,9.9,6.4,3.5,NA,4.7,531,"CO",2024,56,2,264.285714285714,0,134,0
3344,2024-02-26,28.448,106.68,0.254,-5.27777777777778,1.61111111111111,-4.27777777777778,10,6.3,3.5,NA,4.7,531,"CO",2024,57,2,266.666666666667,0.0999999999999996,134,0
3345,2024-02-27,28.448,106.68,1.778,-7.38888888888889,-7.22222222222222,-13.7222222222222,9.9,6.3,3.5,NA,4.7,531,"CO",2024,58,2,266.666666666667,-0.0999999999999996,134,0
3346,2024-02-28,30.988,134.62,0.508,-20.8888888888889,-1.77777777777778,-10.7222222222222,9.9,6.3,3.5,NA,4.7,531,"CO",2024,59,2,230.188679245283,0,134,0
3347,2024-02-29,31.496,127,0,-7.61111111111111,1.11111111111111,-5.72222222222222,10,6.3,3.5,NA,4.7,531,"CO",2024,60,2,248,0.0999999999999996,134,0
3348,2024-03-01,31.496,124.46,0,-7.22222222222222,4.5,-4.27777777777778,10,6.3,3.5,NA,4.7,531,"CO",2024,61,3,253.061224489796,0,134,0
3349,2024-03-02,31.496,119.38,0.254,-6.38888888888889,4.72222222222222,-4,10,6.3,3.5,NA,4.7,531,"CO",2024,62,3,263.829787234043,0,134,0
3350,2024-03-03,31.75,121.92,0.762,-7.77777777777778,-6.5,-10.8888888888889,10,6.3,3.5,NA,4.7,531,"CO",2024,63,3,260.416666666667,0,134,0
3351,2024-03-04,32.766,127,0.254,-13.7222222222222,-2.38888888888889,-9.5,10,6.3,3.5,NA,4.7,531,"CO",2024,64,3,258,0,134,0
3352,2024-03-05,33.02,127,0,-10.5,-1.22222222222222,-8.22222222222222,10,6.3,3.5,NA,4.7,531,"CO",2024,65,3,260,0,134,0
3353,2024-03-06,33.02,124.46,0,-9.72222222222222,0.277777777777778,-7.27777777777778,10,6.3,3.5,NA,4.7,531,"CO",2024,66,3,265.30612244898,0,134,0
3354,2024-03-07,33.02,121.92,0.254,-9.88888888888889,-0.222222222222221,-8.11111111111111,10,6.3,3.5,NA,4.6,531,"CO",2024,67,3,270.833333333333,0,134,0
3355,2024-03-08,33.274,119.38,1.016,-11.5,-5.77777777777778,-10.7222222222222,10,6.3,3.5,NA,4.6,531,"CO",2024,68,3,278.723404255319,0,134,0
3356,2024-03-09,34.29,129.54,0.254,-15,-2,-10.7777777777778,10,6.4,3.5,NA,4.6,531,"CO",2024,69,3,264.705882352941,0,134,0
3357,2024-03-10,34.544,132.08,0,-12,3.88888888888889,-5.72222222222222,10,6.3,3.5,NA,4.6,531,"CO",2024,70,3,261.538461538461,0,134,0
3358,2024-03-11,34.544,129.54,0,-5.88888888888889,6.5,-3.11111111111111,10,6.4,3.5,NA,4.6,531,"CO",2024,71,3,266.666666666667,0,134,0
3359,2024-03-12,34.544,127,0.508,-7.38888888888889,3.61111111111111,-4.72222222222222,10,6.4,3.5,NA,4.6,531,"CO",2024,72,3,272,0,134,0
3360,2024-03-13,35.052,127,3.048,-6.77777777777778,-2.27777777777778,-7.61111111111111,10,6.3,3.5,NA,4.6,531,"CO",2024,73,3,276,0,134,0
3361,2024-03-14,38.1,157.48,2.54,-11.2222222222222,-4.38888888888889,-10.2222222222222,10,6.4,3.5,NA,4.6,531,"CO",2024,74,3,241.935483870968,0,134,0
3362,2024-03-15,40.64,175.26,0.508,-11.5,0,-8.61111111111111,10.1,6.4,3.6,NA,4.6,531,"CO",2024,75,3,231.884057971014,0.0999999999999996,134,0
3363,2024-03-16,41.148,172.72,0,-9.5,-0.388888888888889,-7.61111111111111,10.1,6.4,3.6,NA,4.6,531,"CO",2024,76,3,238.235294117647,0,134,0
3364,2024-03-17,41.148,165.1,0,-9.61111111111111,-3.11111111111111,-8.27777777777778,10.1,6.5,3.6,NA,4.6,531,"CO",2024,77,3,249.230769230769,0,134,0
3365,2024-03-18,41.148,160.02,0,-11.3888888888889,4.22222222222222,-6.11111111111111,10.1,6.4,3.6,NA,4.6,531,"CO",2024,78,3,257.142857142857,0,134,0
3366,2024-03-19,41.148,157.48,0,-9.22222222222222,7.22222222222222,-4.5,10.1,6.4,3.6,NA,4.6,531,"CO",2024,79,3,261.290322580645,0,134,0
3367,2024-03-20,41.148,154.94,0,-8.88888888888889,6,-4,10.2,6.5,3.6,NA,4.6,531,"CO",2024,80,3,265.573770491803,0.0999999999999996,134,0
3368,2024-03-21,41.148,152.4,0,-7.61111111111111,3.5,-3.5,10.2,6.5,3.6,NA,4.6,531,"CO",2024,81,3,270,0,134,0
3369,2024-03-22,41.402,144.78,0,-6.5,3.88888888888889,-3.77777777777778,10.2,6.5,3.6,NA,4.6,531,"CO",2024,82,3,285.964912280702,0,134,0
3370,2024-03-23,41.402,147.32,0.508,-5.27777777777778,5.72222222222222,-2.61111111111111,10.3,6.5,3.7,NA,4.6,531,"CO",2024,83,3,281.034482758621,0.100000000000001,134,0
3371,2024-03-24,41.656,149.86,1.778,-7.38888888888889,0.611111111111112,-6.72222222222222,10.3,6.6,3.7,NA,4.6,531,"CO",2024,84,3,277.966101694915,0,134,0
3372,2024-03-25,43.688,170.18,0.254,-11.7777777777778,-7.77777777777778,-12.5,10.4,6.6,3.7,NA,4.7,531,"CO",2024,85,3,256.716417910448,0.0999999999999996,134,0
3373,2024-03-26,43.942,167.64,0,-16.6111111111111,-6.11111111111111,-13.1111111111111,10.5,6.7,3.8,NA,4.7,531,"CO",2024,86,3,262.121212121212,0.0999999999999996,134,0
3374,2024-03-27,44.196,167.64,0,-15,-3.88888888888889,-10.8888888888889,10.5,6.8,3.8,NA,4.7,531,"CO",2024,87,3,263.636363636364,0,134,0
3375,2024-03-28,44.196,165.1,0.254,-9.77777777777778,4.38888888888889,-4,10.6,6.9,3.8,NA,4.7,531,"CO",2024,88,3,267.692307692308,0.0999999999999996,134,0
3376,2024-03-29,44.45,160.02,0.254,-5.38888888888889,2.5,-4.11111111111111,10.6,6.9,3.8,NA,4.7,531,"CO",2024,89,3,277.777777777778,0,134,0
3377,2024-03-30,44.704,157.48,0,-7,5.77777777777778,-2.22222222222222,10.7,7,3.9,NA,4.7,531,"CO",2024,90,3,283.870967741936,0.0999999999999996,134,0
3378,2024-03-31,44.704,154.94,0.508,-4.5,4,-4.27777777777778,10.7,6.9,3.9,NA,4.7,531,"CO",2024,91,3,288.524590163934,0,134,0
3379,2024-04-01,44.958,157.48,0,-10.2777777777778,-1.5,-8.27777777777778,10.7,6.9,3.9,NA,4.8,531,"CO",2024,92,4,285.483870967742,0,134,0
3380,2024-04-02,45.212,152.4,0,-9.88888888888889,0.499999999999999,-6.88888888888889,10.8,7,3.9,NA,4.8,531,"CO",2024,93,4,296.666666666667,0.100000000000001,134,0
3381,2024-04-03,45.212,152.4,0.254,-6.22222222222222,6.61111111111111,-1.77777777777778,10.8,7.1,3.9,NA,4.8,531,"CO",2024,94,4,296.666666666667,0,134,0
3382,2024-04-04,45.466,147.32,0,-4.11111111111111,10.3888888888889,1.38888888888889,11.3,7.2,3.9,NA,4.8,531,"CO",2024,95,4,308.620689655172,0.5,134,0
3383,2024-04-05,44.958,144.78,0,-0.277777777777778,7.88888888888889,0.222222222222221,11.9,7.6,4,NA,4.8,531,"CO",2024,96,4,310.526315789474,0.6,134,0
3384,2024-04-06,44.958,142.24,0.254,-4.72222222222222,-4.72222222222222,-11.1111111111111,12.5,8.1,4.1,NA,4.8,531,"CO",2024,97,4,316.071428571429,0.6,134,0
3385,2024-04-07,45.72,149.86,0.254,-14.7777777777778,-2.77777777777778,-10.5,13,8.5,4.2,NA,4.9,531,"CO",2024,98,4,305.084745762712,0.5,134,0
3386,2024-04-08,45.974,147.32,0,-12,-0.388888888888889,-7.77777777777778,13.2,8.8,4.3,NA,4.9,531,"CO",2024,99,4,312.068965517241,0.199999999999999,134,0
3387,2024-04-09,45.974,147.32,0,-10.8888888888889,2.77777777777778,-5.77777777777778,13.4,9,4.4,NA,4.9,531,"CO",2024,100,4,312.068965517241,0.200000000000001,134,0
3388,2024-04-10,46.228,144.78,0.254,-8.22222222222222,0.222222222222221,-5.77777777777778,13.4,9.1,4.4,NA,4.9,531,"CO",2024,101,4,319.298245614035,0,134,0
3389,2024-04-11,46.228,147.32,0.254,-6.27777777777778,5.72222222222222,-2.5,13.4,9.1,4.5,NA,4.9,531,"CO",2024,102,4,313.793103448276,0,134,0
3390,2024-04-12,46.482,142.24,0,-3.38888888888889,10.8888888888889,2.27777777777778,13.3,9.2,4.6,NA,5,531,"CO",2024,103,4,326.785714285714,-0.0999999999999996,134,0
3391,2024-04-13,45.72,137.16,0,-0.611111111111112,9.72222222222222,2.61111111111111,13.4,9.2,4.6,NA,5,531,"CO",2024,104,4,333.333333333333,0.0999999999999996,134,0
3392,2024-04-14,45.72,132.08,0,-0.388888888888889,12.6111111111111,3.27777777777778,13.8,25.2,4.8,NA,5,531,"CO",2024,105,4,346.153846153846,0.4,134,1
3393,2024-04-15,45.212,127,0.254,-2.38888888888889,6.22222222222222,-2.61111111111111,25.4,28.8,5.6,NA,5,531,"CO",2024,106,4,356,11.6,134,0
3394,2024-04-16,45.466,134.62,0.762,-6.61111111111111,1.27777777777778,-3.61111111111111,31,28.2,14.9,NA,5,531,"CO",2024,107,4,337.735849056604,5.6,134,0
3395,2024-04-17,46.228,137.16,0,-4.22222222222222,8.5,0.999999999999998,30.9,28.2,16.2,1.2,5.1,531,"CO",2024,108,4,337.037037037037,-0.100000000000001,134,0
3396,2024-04-18,46.228,129.54,0.254,-2.88888888888889,5.11111111111111,-0.277777777777778,31.6,28.9,17.7,3.4,5.1,531,"CO",2024,109,4,356.862745098039,0.700000000000003,134,0
3397,2024-04-19,46.228,129.54,0.508,-3.11111111111111,6.11111111111111,-1.11111111111111,32.5,29.1,18.6,7.1,5.2,531,"CO",2024,110,4,356.862745098039,0.899999999999999,134,0
3398,2024-04-20,45.974,127,0.508,-6.22222222222222,5.5,-3.38888888888889,32.5,29.3,18.9,9.2,5.2,531,"CO",2024,111,4,362,0,134,0
3399,2024-04-21,46.736,132.08,0,-5.27777777777778,7.88888888888889,0.222222222222221,32.7,29.6,19.4,11.6,5.3,531,"CO",2024,112,4,353.846153846154,0.200000000000003,134,0
3400,2024-04-22,46.736,129.54,0.254,0,9.72222222222222,3,34.6,31,21.8,14.1,5.4,531,"CO",2024,113,4,360.78431372549,1.9,134,0
3401,2024-04-23,46.228,127,0,-1.38888888888889,12.1111111111111,1.77777777777778,36.7,32,23.8,18.2,5.5,531,"CO",2024,114,4,364,2.1,134,0
3402,2024-04-24,45.466,124.46,0,-3.22222222222222,13,4.77777777777778,36.8,32.2,23.8,18.8,12.8,531,"CO",2024,115,4,365.30612244898,0.0999999999999943,134,0
3403,2024-04-25,43.688,119.38,0.254,0.111111111111113,12,1.22222222222222,37.5,32.6,24.9,21.2,18.4,531,"CO",2024,116,4,365.957446808511,0.700000000000003,134,0
3404,2024-04-26,43.688,119.38,0.508,-4.38888888888889,5,-2.11111111111111,37.6,32.7,24.9,21.6,19.8,531,"CO",2024,117,4,365.957446808511,0.100000000000001,134,0
3405,2024-04-27,43.688,116.84,3.048,-5.27777777777778,1.5,-4.22222222222222,37.3,32.6,24.6,21.1,19,531,"CO",2024,118,4,373.913043478261,-0.300000000000004,134,0
3406,2024-04-28,46.482,132.08,0.508,-6.61111111111111,1.77777777777778,-4.38888888888889,35.9,31.8,22.9,20.4,18.6,531,"CO",2024,119,4,351.923076923077,-1.4,134,0
3407,2024-04-29,47.498,144.78,0,-5.5,4.38888888888889,-1.77777777777778,35,31.2,21.7,19.7,18,531,"CO",2024,120,4,328.070175438596,-0.899999999999999,134,0
3408,2024-04-30,47.498,132.08,0,-2,8.88888888888889,1.5,34.6,30.7,20.8,19.2,17.6,531,"CO",2024,121,4,359.615384615385,-0.399999999999999,134,0
3409,2024-05-01,46.99,129.54,0,-1.22222222222222,9.88888888888889,-0.277777777777778,34.5,30.6,20.7,18.8,17.3,531,"CO",2024,122,5,362.745098039216,-0.100000000000001,134,0
3410,2024-05-02,46.99,127,0.254,-7.11111111111111,5.5,-2.61111111111111,35.6,31.4,22.1,19.1,17.3,531,"CO",2024,123,5,370,1.1,134,0
3411,2024-05-03,46.736,124.46,0,-2.72222222222222,10.7777777777778,0.222222222222221,35.6,31.4,22.4,19.5,17.7,531,"CO",2024,124,5,375.510204081633,0,134,0
3412,2024-05-04,46.736,119.38,0,-5.27777777777778,11.7222222222222,0.499999999999999,36.5,31.9,23.3,19.7,18,531,"CO",2024,125,5,391.489361702128,0.899999999999999,134,0
3413,2024-05-05,46.228,114.3,0,-3.11111111111111,9.77777777777778,1.61111111111111,37.3,32.5,24.5,20.7,19,531,"CO",2024,126,5,404.444444444445,0.799999999999997,134,0
3414,2024-05-06,44.958,111.76,0.254,-1.27777777777778,-1.27777777777778,-7.61111111111111,37.5,32.8,24.9,21.4,20,531,"CO",2024,127,5,402.272727272727,0.200000000000003,134,0
3415,2024-05-07,45.466,116.84,1.524,-9.22222222222222,-3,-8,36.3,32,23,20.6,19.7,531,"CO",2024,128,5,389.130434782609,-1.2,134,0
3416,2024-05-08,46.736,129.54,0.254,-11.7777777777778,-2.61111111111111,-9.22222222222222,35.4,31.4,21.8,20,19.1,531,"CO",2024,129,5,360.78431372549,-0.899999999999999,134,0
3417,2024-05-09,46.736,129.54,1.016,-10.2777777777778,-1.38888888888889,-6.22222222222222,34.8,30.9,21,19.5,18.5,531,"CO",2024,130,5,360.78431372549,-0.600000000000001,134,0
3418,2024-05-10,47.498,134.62,0.254,-6.88888888888889,1.72222222222222,-3.5,34.4,30.5,20.4,19.1,18.1,531,"CO",2024,131,5,352.830188679245,-0.399999999999999,134,0
3419,2024-05-11,47.752,132.08,2.794,-6.22222222222222,3.38888888888889,-2.5,34,30.2,20,18.7,17.8,531,"CO",2024,132,5,361.538461538462,-0.399999999999999,134,0
3420,2024-05-12,50.292,144.78,2.794,-3.77777777777778,5.38888888888889,-1.11111111111111,33.8,29.9,19.7,18.4,17.6,531,"CO",2024,133,5,347.368421052632,-0.200000000000003,134,0
3421,2024-05-13,53.086,157.48,0,-3.61111111111111,10,1.77777777777778,33.5,29.6,19.6,18.3,17.4,531,"CO",2024,134,5,337.096774193548,-0.299999999999997,134,0
3422,2024-05-14,52.832,149.86,0.254,-1.77777777777778,11,1.5,33.2,29.4,19.5,18.3,17.5,531,"CO",2024,135,5,352.542372881356,-0.299999999999997,134,0
3423,2024-05-15,53.086,134.62,0,-1.11111111111111,10.3888888888889,2.11111111111111,33.5,29.7,20.1,18.7,17.8,531,"CO",2024,136,5,394.339622641509,0.299999999999997,134,0
3424,2024-05-16,52.324,132.08,0,-1.77777777777778,11.3888888888889,3.27777777777778,35.1,30.7,22.1,19.7,18.3,531,"CO",2024,137,5,396.153846153846,1.6,134,0
3425,2024-05-17,51.562,127,0,0.111111111111113,14,5.22222222222222,36.3,31.8,23.9,21,19.4,531,"CO",2024,138,5,406,1.2,134,0
3426,2024-05-18,50.546,121.92,0,3,11.7777777777778,4.11111111111111,37.3,32.5,24.8,21.9,21.1,531,"CO",2024,139,5,414.583333333333,1,134,0
3427,2024-05-19,49.784,119.38,0,2.5,13.2777777777778,5,37.1,32.5,24.4,21.6,22,531,"CO",2024,140,5,417.021276595745,-0.199999999999996,134,0
3428,2024-05-20,48.768,119.38,0,0.611111111111112,14.2777777777778,4.5,37.3,32.5,24.3,21.5,23.3,531,"CO",2024,141,5,408.510638297872,0.199999999999996,134,0
3429,2024-05-21,48.006,114.3,0.254,-0.777777777777777,6,-3.22222222222222,37.9,33,25.3,22.4,39.1,531,"CO",2024,142,5,420,0.600000000000001,134,0
3430,2024-05-22,48.768,114.3,0,-7.61111111111111,9.22222222222222,0.499999999999999,36.9,32.4,23.6,21.4,31,531,"CO",2024,143,5,426.666666666667,-1,134,0
3431,2024-05-23,48.26,114.3,0.254,-0.388888888888889,11.7777777777778,1.77777777777778,37.6,32.9,24.5,21.7,31.6,531,"CO",2024,144,5,422.222222222222,0.700000000000003,134,0
3432,2024-05-24,46.736,111.76,0,-5.5,7.72222222222222,0.388888888888891,38.1,33.2,25.5,23,38,531,"CO",2024,145,5,418.181818181818,0.5,134,0
3433,2024-05-25,45.72,109.22,0.762,-0.388888888888889,9.77777777777778,2.27777777777778,38.1,33.3,25.4,22.8,38.2,531,"CO",2024,146,5,418.604651162791,0,134,0
3434,2024-05-26,44.704,106.68,0,-4.72222222222222,7.61111111111111,0.111111111111113,38.3,33.5,25.6,24.1,38.4,531,"CO",2024,147,5,419.047619047619,0.199999999999996,134,0
3435,2024-05-27,43.688,101.6,0,0.277777777777778,13.2222222222222,4.61111111111111,38.4,33.6,25.5,23.6,38.5,531,"CO",2024,148,5,430,0.100000000000001,134,0
3436,2024-05-28,42.418,96.52,0,1.22222222222222,14.6111111111111,6.11111111111111,38.6,33.8,25.8,25.2,38.6,531,"CO",2024,149,5,439.473684210526,0.200000000000003,134,0
3437,2024-05-29,40.64,88.9,0,0.499999999999999,14.8888888888889,6.38888888888889,38.9,34,26.1,25.1,38.8,531,"CO",2024,150,5,457.142857142857,0.299999999999997,134,0
3438,2024-05-30,38.862,86.36,0,1.11111111111111,15.2222222222222,5.77777777777778,38.8,34,26.1,25.1,38.9,531,"CO",2024,151,5,450,-0.100000000000001,134,0
3439,2024-05-31,36.576,81.28,0,1.5,12.7777777777778,5.72222222222222,38.8,34.1,26.1,25.4,39,531,"CO",2024,152,5,450,0,134,0
3440,2024-06-01,34.29,76.2,0,3.77777777777778,14.7777777777778,7,38.7,34.1,25.9,25.2,39.1,531,"CO",2024,153,6,450,-0.0999999999999943,134,0
3441,2024-06-02,32.766,71.12,0,2.5,15.5,7.88888888888889,38.7,34.2,25.9,24.8,39.2,531,"CO",2024,154,6,460.714285714286,0,134,0
3442,2024-06-03,30.226,66.04,0,3.5,15.2222222222222,7.5,38.6,34.3,26.1,25.5,39.3,531,"CO",2024,155,6,457.692307692308,-0.100000000000001,134,0
3443,2024-06-04,28.194,60.96,0,2.11111111111111,11.7777777777778,5.88888888888889,38.8,34.2,25.6,24.3,39.3,531,"CO",2024,156,6,462.5,0.199999999999996,134,0
3444,2024-06-05,25.654,55.88,0,2.77777777777778,17,8.38888888888889,38.6,34.3,26.3,25.6,39.5,531,"CO",2024,157,6,459.090909090909,-0.199999999999996,134,0
3445,2024-06-06,22.352,48.26,0,5.11111111111111,19.7777777777778,10.7777777777778,38.5,34.4,27.3,25.8,39.6,531,"CO",2024,158,6,463.157894736842,-0.100000000000001,134,0
3446,2024-06-07,18.796,40.64,0,4.77777777777778,18,10.7222222222222,38.7,34.6,28,26.2,39.7,531,"CO",2024,159,6,462.5,0.200000000000003,134,0
3447,2024-06-08,14.986,33.02,0,6.61111111111111,19.2222222222222,9.72222222222222,38.6,34.5,27.7,26.1,39.8,531,"CO",2024,160,6,453.846153846154,-0.100000000000001,134,0
3448,2024-06-09,11.43,25.4,0.762,5.22222222222222,20.2777777777778,8,37.3,34.1,26.2,25.4,39.9,531,"CO",2024,161,6,450,-1.3,134,0
3449,2024-06-10,7.62,17.78,0,3.72222222222222,16.2777777777778,7.61111111111111,37.6,33.7,25.7,25,39.9,531,"CO",2024,162,6,428.571428571429,0.300000000000004,134,0
3450,2024-06-11,4.318,10.16,0,5.11111111111111,18,10.5,36,32.6,24.5,25.2,40,531,"CO",2024,163,6,425,-1.6,134,0
3451,2024-06-12,1.524,5.08,0,9,19.5,11.6111111111111,35.1,31.7,23.3,23.9,40,531,"CO",2024,164,6,300,-0.899999999999999,134,0
3452,2024-06-13,0,0,0,9.38888888888889,21.3888888888889,14,34.3,30.7,22,22.3,40,531,"CO",2024,165,6,NA,-0.800000000000004,134,0
3453,2024-06-14,0,0,0,7,11.2222222222222,7.5,33.6,30.1,21.2,21.2,40,531,"CO",2024,166,6,NA,-0.699999999999996,134,0
3454,2024-06-15,0,0,0,3.72222222222222,18.2222222222222,9.77777777777778,33,29.4,20.3,20.4,34,531,"CO",2024,167,6,NA,-0.600000000000001,134,0
3455,2024-06-16,0,0,0,8.61111111111111,21.5,12.7222222222222,32.4,28.8,19.8,19.5,28.8,531,"CO",2024,168,6,NA,-0.600000000000001,134,0
3456,2024-06-17,0,0,0,8.22222222222222,21,12.2777777777778,31.6,28.2,19.4,18.7,25.8,531,"CO",2024,169,6,NA,-0.799999999999997,134,0
3457,2024-06-18,0,0,0,7.88888888888889,17.2777777777778,6.77777777777778,30.9,27.6,18.7,18.1,23.8,531,"CO",2024,170,6,NA,-0.700000000000003,134,0
3458,2024-06-19,0,0,0.254,0.999999999999998,9,3,30.3,27.1,18.4,17.6,22.2,531,"CO",2024,171,6,NA,-0.599999999999998,134,0
3459,2024-06-20,0,0,0.508,4.38888888888889,16.7777777777778,6.88888888888889,30,27,18.2,17.6,21.3,531,"CO",2024,172,6,NA,-0.300000000000001,134,0
3460,2024-06-21,0,0,0,4.38888888888889,15.1111111111111,7.77777777777778,32,27.1,18.1,17.2,20.5,531,"CO",2024,173,6,NA,2,134,0
3461,2024-06-22,0,0,0,3.38888888888889,18.2777777777778,9.22222222222222,32.4,27.1,17.8,16.8,19.8,531,"CO",2024,174,6,NA,0.399999999999999,134,0
3462,2024-06-23,0,0,0,7,21.5,12.2222222222222,31.8,26.6,17.6,16.2,19.2,531,"CO",2024,175,6,NA,-0.599999999999998,134,0
3463,2024-06-24,0,0,0,10,21.3888888888889,12.6111111111111,30.8,26,17.1,15.6,18.8,531,"CO",2024,176,6,NA,-1,134,0
3464,2024-06-25,0,0,0,10.1111111111111,22.7222222222222,13.2222222222222,29.8,25.3,16.8,15.2,18.5,531,"CO",2024,177,6,NA,-1,134,0
3465,2024-06-26,0,0,0,10.2222222222222,20.2222222222222,12.3888888888889,28.9,24.6,16.2,14.7,18.2,531,"CO",2024,178,6,NA,-0.900000000000002,134,0
3466,2024-06-27,0,0,1.016,10.3888888888889,19.6111111111111,8.88888888888889,28.1,23.9,15.9,14.3,17.9,531,"CO",2024,179,6,NA,-0.799999999999997,134,0
3467,2024-06-28,0,0,0,3,18.2222222222222,9.5,34.9,28.8,15.8,14.1,17.7,531,"CO",2024,180,6,NA,6.8,134,0
3468,2024-06-29,0,0,0,7.22222222222222,20.6111111111111,10.3888888888889,33.2,27.1,16.3,14.1,17.6,531,"CO",2024,181,6,NA,-1.7,134,0
3469,2024-06-30,0,0,0.254,6.22222222222222,20.2777777777778,10.7777777777778,32,26.2,16.2,14,17.4,531,"CO",2024,182,6,NA,-1.2,134,0
3470,2024-07-01,0,0,0,6.61111111111111,NA,NA,32.7,25.6,16,13.9,17.3,531,"CO",2024,183,7,NA,0.700000000000003,134,0
3471,2024-07-02,0,0,0,4.27777777777778,15.2222222222222,7.72222222222222,38.4,29.3,15.5,12.9,16.6,531,"CO",2024,184,7,NA,5.7,134,0
3472,2024-07-03,0,0,0.254,5.11111111111111,17,10.5,34.8,29.4,18.3,14.4,16.6,531,"CO",2024,185,7,NA,-3.6,134,0
3473,2024-07-04,0,0,0,3.5,17.2777777777778,8.77777777777778,33.1,27.8,17.8,14.2,16.6,531,"CO",2024,186,7,NA,-1.7,134,0
3474,2024-07-05,0,0,0,4.5,15.2222222222222,8,31.8,26.6,17.1,13.8,16.6,531,"CO",2024,187,7,NA,-1.3,134,0
3475,2024-07-06,0,0,0,6.5,18,10.2777777777778,30.5,25.7,16.6,13.5,16.4,531,"CO",2024,188,7,NA,-1.3,134,0
3476,2024-07-07,0,0,0,7.11111111111111,18,9.38888888888889,29.2,24.9,16.1,13.1,16.2,531,"CO",2024,189,7,NA,-1.3,134,0
3477,2024-07-08,0,0,0,2.38888888888889,NA,NA,27.9,24,15.5,12.7,16,531,"CO",2024,190,7,NA,-1.3,134,0
3478,2024-07-09,0,NA,0.254,4.38888888888889,17.1111111111111,8.61111111111111,26.9,23.3,15.1,12.4,15.9,531,"CO",2024,191,7,NA,-1,134,0
3479,2024-07-10,0,0,0.254,5.77777777777778,18.7222222222222,9,25.9,22.4,14.7,11.9,15.7,531,"CO",2024,192,7,NA,-1,134,0
3480,2024-07-11,0,0,0,6.22222222222222,21.2222222222222,12.6111111111111,27,22.5,14.2,11.5,15.5,531,"CO",2024,193,7,NA,1.1,134,0
3481,2024-07-12,0,0,0,9.88888888888889,22.5,15,26.6,21.8,13.7,11,15.2,531,"CO",2024,194,7,NA,-0.399999999999999,134,0
3482,2024-07-13,0,0,0,11.5,23.1111111111111,14.7777777777778,25,21,13.1,10.3,14.9,531,"CO",2024,195,7,NA,-1.6,134,0
3483,2024-07-14,0,0,0,10.2777777777778,20.7222222222222,13,23.4,19.7,12.4,9.7,14.7,531,"CO",2024,196,7,NA,-1.6,134,0
3484,2024-07-15,0,0,1.016,11.2777777777778,19.8888888888889,10.6111111111111,22.3,18.7,11.8,9.2,14.4,531,"CO",2024,197,7,NA,-1.1,134,0
3485,2024-07-16,0,0,0.762,6.61111111111111,17,8.38888888888889,24.2,26.5,12.7,8.7,14.2,531,"CO",2024,198,7,NA,1.9,134,0
3486,2024-07-17,0,0,0,4.5,18.8888888888889,9.72222222222222,33.1,28.3,14.3,8.5,14.1,531,"CO",2024,199,7,NA,8.9,134,0
3487,2024-07-18,0,0,0,4.77777777777778,19.1111111111111,10.7222222222222,31.8,26,14.6,8.3,13.9,531,"CO",2024,200,7,NA,-1.3,134,0
3488,2024-07-19,0,0,0.508,7.77777777777778,15.8888888888889,9.61111111111111,30.2,24.4,13.9,8.2,13.7,531,"CO",2024,201,7,NA,-1.6,134,0
3489,2024-07-20,0,0,0,6.27777777777778,17.2222222222222,10.7222222222222,30.6,23.7,13.4,8.2,13.6,531,"CO",2024,202,7,NA,0.400000000000002,134,0
3490,2024-07-21,0,0,0,5.27777777777778,15.6111111111111,7.11111111111111,29.5,22.7,12.6,7.7,13.3,531,"CO",2024,203,7,NA,-1.1,134,0
3491,2024-07-22,0,0,0,2.77777777777778,15.7222222222222,6.5,28.4,22,12.3,7.7,13.2,531,"CO",2024,204,7,NA,-1.1,134,0
3492,2024-07-23,0,0,0,3.38888888888889,18.8888888888889,10.2777777777778,27.3,21,11.8,7.4,13,531,"CO",2024,205,7,NA,-1.1,134,0
3493,2024-07-24,0,0,0,7.11111111111111,19,11.1111111111111,25.9,20.1,11,6.8,12.7,531,"CO",2024,206,7,NA,-1.4,134,0
3494,2024-07-25,0,0,0,8.11111111111111,21.2222222222222,13.2777777777778,24.6,19.1,10.4,6.3,12.5,531,"CO",2024,207,7,NA,-1.3,134,0
3495,2024-07-26,0,0,0.254,9.27777777777778,16.3888888888889,10.1111111111111,23,18,9.7,5.6,12.2,531,"CO",2024,208,7,NA,-1.6,134,0
3496,2024-07-27,0,0,1.524,5.77777777777778,19.7222222222222,10.1111111111111,22.3,17.4,9.5,5.3,11.9,531,"CO",2024,209,7,NA,-0.699999999999999,134,0
3497,2024-07-28,0,0,0,7.77777777777778,18.6111111111111,12.1111111111111,34.6,26.8,9.2,4.9,11.7,531,"CO",2024,210,7,NA,12.3,134,0
3498,2024-07-29,0,0,0,9.11111111111111,21.3888888888889,13.2222222222222,32.7,25.8,12.4,5,11.4,531,"CO",2024,211,7,NA,-1.9,134,0
3499,2024-07-30,0,0,0,9.38888888888889,21.6111111111111,13.5,30.7,24.2,12.5,4.8,11.2,531,"CO",2024,212,7,NA,-2,134,0
3500,2024-07-31,0,0,0,8,21.5,13.2777777777778,28.4,22.7,11.8,4.5,10.9,531,"CO",2024,213,7,NA,-2.3,134,0
3501,2024-08-01,0,0,0,9.27777777777778,24,14.2222222222222,26.1,21.1,10.7,4,10.6,531,"CO",2024,214,8,NA,-2.3,134,0
