"X","date","swe","snow_depth","precip","airtemp","airtemp_max","airtemp_avg","soilm_p2","soilm_p4","soilm_p8","soilm_p20","soilm_p40","site_code","state","year","doy","month","density_calc","d_soilm_p2","peak_swe","sm_pulse_flag"
1,2015-01-01,13.716,63.5,0.254,-19,-3.77777777777778,-14,9.2,NA,11.6,20.1,NA,802,"CO",2015,1,1,216,0,67,0
2,2015-01-02,13.716,63.5,0,-18.3888888888889,-5.5,-14.7222222222222,9,NA,11.6,20.1,NA,802,"CO",2015,2,1,216,-0.199999999999999,67,0
3,2015-01-03,13.716,63.5,0.254,-14.2777777777778,-5.88888888888889,-11,8.8,NA,11.6,19.9,NA,802,"CO",2015,3,1,216,-0.199999999999999,67,0
4,2015-01-04,13.97,66.04,0.254,-18.8888888888889,-2.22222222222222,-8.11111111111111,9.1,NA,11.5,19.9,NA,802,"CO",2015,4,1,211.538461538462,0.299999999999999,67,0
5,2015-01-05,14.224,63.5,0,-2.72222222222222,6,0.722222222222221,8.8,NA,11.5,19.9,NA,802,"CO",2015,5,1,224,-0.299999999999999,67,0
6,2015-01-06,14.224,60.96,0,-3.77777777777778,5.61111111111111,-0.88888888888889,8.7,NA,11.3,19.9,NA,802,"CO",2015,6,1,233.333333333333,-0.100000000000001,67,0
7,2015-01-07,14.224,60.96,0,-4.72222222222222,5.77777777777778,-2.88888888888889,8.9,NA,11.4,19.7,NA,802,"CO",2015,7,1,233.333333333333,0.200000000000001,67,0
8,2015-01-08,14.224,60.96,0,-6.77777777777778,6.22222222222222,-2.61111111111111,9.1,NA,11.2,19.7,NA,802,"CO",2015,8,1,233.333333333333,0.199999999999999,67,0
9,2015-01-09,14.224,60.96,0,-8.27777777777778,2.38888888888889,-5.77777777777778,8.9,NA,11.3,19.5,NA,802,"CO",2015,9,1,233.333333333333,-0.199999999999999,67,0
10,2015-01-10,14.224,58.42,0,-9,2.88888888888889,-4.61111111111111,8.8,NA,11.2,19.6,NA,802,"CO",2015,10,1,243.478260869565,-0.0999999999999996,67,0
11,2015-01-11,14.224,58.42,0.254,-6.72222222222222,0.722222222222221,-3.72222222222222,8.7,NA,11.3,19.6,NA,802,"CO",2015,11,1,243.478260869565,-0.100000000000001,67,0
12,2015-01-12,14.478,63.5,0,-5.72222222222222,2,-5.22222222222222,8.8,NA,11.1,19.5,NA,802,"CO",2015,12,1,228,0.100000000000001,67,0
13,2015-01-13,14.478,63.5,0,-6.38888888888889,-0.722222222222223,-5.77777777777778,8.7,NA,11,19.5,NA,802,"CO",2015,13,1,228,-0.100000000000001,67,0
14,2015-01-14,14.478,63.5,0,-12.5,-2.72222222222222,-11,8.7,NA,11.1,19.5,NA,802,"CO",2015,14,1,228,0,67,0
15,2015-01-15,14.478,63.5,0,-16.5,2.27777777777778,-10.2222222222222,8.7,NA,11.1,19.4,NA,802,"CO",2015,15,1,228,0,67,0
16,2015-01-16,14.478,63.5,0.254,-14.7777777777778,5.5,-2.77777777777778,8.8,NA,11.1,19.3,NA,802,"CO",2015,16,1,228,0.100000000000001,67,0
17,2015-01-17,14.732,63.5,0,-2.22222222222222,0.277777777777778,-6,8.5,NA,10.9,19.2,NA,802,"CO",2015,17,1,232,-0.300000000000001,67,0
18,2015-01-18,14.732,63.5,0,-2.5,5.72222222222222,-0.722222222222223,8.5,NA,11,19.1,NA,802,"CO",2015,18,1,232,0,67,0
19,2015-01-19,14.732,60.96,0.762,-3.11111111111111,4.22222222222222,-0.277777777777778,8.4,NA,11,19.1,NA,802,"CO",2015,19,1,241.666666666667,-0.0999999999999996,67,0
20,2015-01-20,15.748,71.12,0,-5.38888888888889,-3.88888888888889,-8.5,8.5,NA,11,19.1,NA,802,"CO",2015,20,1,221.428571428571,0.0999999999999996,67,0
21,2015-01-21,15.748,71.12,0,-11.6111111111111,-7.77777777777778,-12.2777777777778,8.3,NA,10.8,19,NA,802,"CO",2015,21,1,221.428571428571,-0.199999999999999,67,0
22,2015-01-22,15.748,71.12,0,-22.5,-7,-17.3888888888889,8.7,NA,10.8,18.9,NA,802,"CO",2015,22,1,221.428571428571,0.399999999999999,67,0
23,2015-01-23,16.002,76.2,0.254,-19.6111111111111,-0.388888888888889,-11.2777777777778,8.6,NA,10.9,18.9,NA,802,"CO",2015,23,1,210,-0.0999999999999996,67,0
24,2015-01-24,16.002,73.66,0.254,-15.7777777777778,-1.61111111111111,-8.88888888888889,8.7,NA,11.1,18.8,NA,802,"CO",2015,24,1,217.241379310345,0.0999999999999996,67,0
25,2015-01-25,16.002,71.12,0,-6.88888888888889,3.38888888888889,-3.38888888888889,8.5,NA,10.8,18.7,NA,802,"CO",2015,25,1,225,-0.199999999999999,67,0
26,2015-01-26,16.256,71.12,0,-8.11111111111111,8.11111111111111,-2.72222222222222,8.5,NA,10.8,18.7,NA,802,"CO",2015,26,1,228.571428571429,0,67,0
27,2015-01-27,16.256,71.12,0,-6.72222222222222,9.61111111111111,-1.5,8.5,NA,10.6,18.7,NA,802,"CO",2015,27,1,228.571428571429,0,67,0
28,2015-01-28,16.256,68.58,0.254,-3.11111111111111,3.22222222222222,-1,8.4,NA,10.9,18.7,NA,802,"CO",2015,28,1,237.037037037037,-0.0999999999999996,67,0
29,2015-01-29,16.256,68.58,0,-4.11111111111111,6,-1.77777777777778,8.8,NA,10.9,18.4,NA,802,"CO",2015,29,1,237.037037037037,0.4,67,0
30,2015-01-30,16.256,68.58,0,-5.22222222222222,2.61111111111111,-1.77777777777778,8.5,NA,10.9,18.6,NA,802,"CO",2015,30,1,237.037037037037,-0.300000000000001,67,0
31,2015-01-31,16.256,66.04,0.254,-1.77777777777778,-0.88888888888889,-3.38888888888889,8.5,NA,10.7,18.5,NA,802,"CO",2015,31,1,246.153846153846,0,67,0
32,2015-02-01,16.51,71.12,0,-6.72222222222222,-3.11111111111111,-7.38888888888889,8.8,NA,10.8,18.4,NA,802,"CO",2015,32,2,232.142857142857,0.300000000000001,67,0
33,2015-02-02,16.51,71.12,0.254,-7.27777777777778,3.5,-3,8.7,NA,10.5,18.4,NA,802,"CO",2015,33,2,232.142857142857,-0.100000000000001,67,0
34,2015-02-03,16.51,68.58,0.254,-1.27777777777778,4.61111111111111,-0.111111111111111,8.7,NA,10.7,18.4,NA,802,"CO",2015,34,2,240.740740740741,0,67,0
35,2015-02-04,17.018,68.58,0.762,-1.61111111111111,0.611111111111112,-1,8.8,NA,10.7,18.3,NA,802,"CO",2015,35,2,248.148148148148,0.100000000000001,67,0
36,2015-02-05,18.034,83.82,0,0.277777777777778,9.61111111111111,2.77777777777778,8.9,NA,10.7,18.2,NA,802,"CO",2015,36,2,215.151515151515,0.0999999999999996,67,0
37,2015-02-06,18.034,81.28,0,4.22222222222222,11.6111111111111,4.61111111111111,8.7,NA,10.5,18.2,NA,802,"CO",2015,37,2,221.875,-0.200000000000001,67,0
38,2015-02-07,18.034,76.2,0,4.77777777777778,10.6111111111111,2.5,8.9,NA,10.5,18.1,NA,802,"CO",2015,38,2,236.666666666667,0.200000000000001,67,0
39,2015-02-08,18.034,73.66,0,-4.72222222222222,8.38888888888889,0.722222222222221,9,NA,10.6,18.2,NA,802,"CO",2015,39,2,244.827586206897,0.0999999999999996,67,0
40,2015-02-09,18.034,71.12,0.254,-5,11.2222222222222,1.11111111111111,9.4,NA,10.8,18,NA,802,"CO",2015,40,2,253.571428571429,0.4,67,0
41,2015-02-10,18.034,71.12,0.508,-0.222222222222221,3.38888888888889,-2.22222222222222,9.3,NA,10.7,18,NA,802,"CO",2015,41,2,253.571428571429,-0.0999999999999996,67,0
42,2015-02-11,18.288,78.74,0,-4.88888888888889,4,-4,9.2,NA,10.7,18.1,NA,802,"CO",2015,42,2,232.258064516129,-0.100000000000001,67,0
43,2015-02-12,18.542,78.74,0,-12,5.61111111111111,-4.22222222222222,9.4,NA,10.8,17.9,NA,802,"CO",2015,43,2,235.483870967742,0.200000000000001,67,0
44,2015-02-13,18.542,76.2,0,-5.61111111111111,7.61111111111111,-1.77777777777778,9.2,NA,10.8,18.1,NA,802,"CO",2015,44,2,243.333333333333,-0.200000000000001,67,0
45,2015-02-14,18.542,73.66,0,-6.72222222222222,10.3888888888889,-0.777777777777777,9.5,NA,10.7,18,NA,802,"CO",2015,45,2,251.724137931034,0.300000000000001,67,0
46,2015-02-15,18.542,73.66,0,-0.611111111111112,4.22222222222222,-2,9.1,NA,10.7,18,NA,802,"CO",2015,46,2,251.724137931034,-0.4,67,0
47,2015-02-16,18.542,73.66,0.254,-8,-5.77777777777778,-10,9.3,NA,10.7,17.9,NA,802,"CO",2015,47,2,251.724137931034,0.200000000000001,67,0
48,2015-02-17,18.796,76.2,0,-16.1111111111111,-4,-9.11111111111111,9.2,NA,10.7,18,NA,802,"CO",2015,48,2,246.666666666667,-0.100000000000001,67,0
49,2015-02-18,18.796,76.2,0,-5.77777777777778,3.22222222222222,-4.5,9.4,NA,10.5,18,NA,802,"CO",2015,49,2,246.666666666667,0.200000000000001,67,0
50,2015-02-19,18.796,76.2,0.254,-11,8.22222222222222,-1.38888888888889,9.1,NA,10.7,17.9,NA,802,"CO",2015,50,2,246.666666666667,-0.300000000000001,67,0
51,2015-02-20,19.05,73.66,0.508,-1.77777777777778,3.38888888888889,-4.38888888888889,9.2,NA,11,17.9,NA,802,"CO",2015,51,2,258.620689655172,0.0999999999999996,67,0
52,2015-02-21,19.558,83.82,0.508,-9.61111111111111,-3.88888888888889,-8.61111111111111,9.5,NA,10.5,18,NA,802,"CO",2015,52,2,233.333333333333,0.300000000000001,67,0
53,2015-02-22,19.812,86.36,0.254,-10.6111111111111,-4.61111111111111,-10.7777777777778,9,NA,10.7,18,NA,802,"CO",2015,53,2,229.411764705882,-0.5,67,0
54,2015-02-23,20.066,86.36,0,-13,-2.88888888888889,-9.88888888888889,9,NA,10.7,17.9,NA,802,"CO",2015,54,2,232.352941176471,0,67,0
55,2015-02-24,20.066,86.36,0,-14.8888888888889,-1.5,-9.77777777777778,9,NA,10.6,17.9,NA,802,"CO",2015,55,2,232.352941176471,0,67,0
56,2015-02-25,20.32,83.82,0.508,-8.88888888888889,-2.72222222222222,-6.88888888888889,8.8,NA,10.5,17.8,NA,802,"CO",2015,56,2,242.424242424242,-0.199999999999999,67,0
57,2015-02-26,20.828,93.98,0.508,-13.3888888888889,-6.22222222222222,-11.5,9,NA,10.7,17.9,NA,802,"CO",2015,57,2,221.621621621622,0.199999999999999,67,0
58,2015-02-27,21.336,93.98,0.508,-11.6111111111111,-5.77777777777778,-10.3888888888889,9,NA,10.5,17.9,NA,802,"CO",2015,58,2,227.027027027027,0,67,0
59,2015-02-28,21.844,96.52,0.762,-14.6111111111111,-0.222222222222221,-9.22222222222222,8.8,NA,10.6,17.8,NA,802,"CO",2015,59,2,226.315789473684,-0.199999999999999,67,0
60,2015-03-01,22.606,101.6,0,-6.5,0.222222222222221,-4,9,NA,10.6,17.8,NA,802,"CO",2015,60,3,222.5,0.199999999999999,67,0
61,2015-03-02,22.606,99.06,0.508,-4.22222222222222,6.77777777777778,0.222222222222221,9.1,NA,10.6,17.8,NA,802,"CO",2015,61,3,228.205128205128,0.0999999999999996,67,0
62,2015-03-03,23.114,96.52,0.762,-5.38888888888889,-1,-6.27777777777778,8.8,NA,10.5,17.8,NA,802,"CO",2015,62,3,239.473684210526,-0.299999999999999,67,0
63,2015-03-04,24.13,109.22,0,-12.1111111111111,-7.61111111111111,-14.7222222222222,9,NA,10.6,17.6,NA,802,"CO",2015,63,3,220.93023255814,0.199999999999999,67,0
64,2015-03-05,24.13,109.22,0,-22.1111111111111,-2.11111111111111,-12.5,9,NA,10.4,17.6,NA,802,"CO",2015,64,3,220.93023255814,0,67,0
65,2015-03-06,24.384,104.14,0.254,-15.7222222222222,3.61111111111111,-6.72222222222222,8.8,NA,10.5,17.6,NA,802,"CO",2015,65,3,234.146341463415,-0.199999999999999,67,0
66,2015-03-07,24.384,101.6,0,-10.7222222222222,5.11111111111111,-4.72222222222222,8.9,NA,10.7,17.7,NA,802,"CO",2015,66,3,240,0.0999999999999996,67,0
67,2015-03-08,24.638,99.06,0,-7.88888888888889,6.22222222222222,-3.11111111111111,9.1,NA,10.4,17.6,NA,802,"CO",2015,67,3,248.717948717949,0.199999999999999,67,0
68,2015-03-09,24.638,96.52,0,-9.11111111111111,4.88888888888889,-4.11111111111111,9,NA,10.4,17.7,NA,802,"CO",2015,68,3,255.263157894737,-0.0999999999999996,67,0
69,2015-03-10,24.638,96.52,0,-10.2777777777778,7.11111111111111,-3,9,NA,10.4,17.5,NA,802,"CO",2015,69,3,255.263157894737,0,67,0
70,2015-03-11,24.638,93.98,0.254,-9.27777777777778,10.1111111111111,-0.777777777777777,9,NA,10.4,17.4,NA,802,"CO",2015,70,3,262.162162162162,0,67,0
71,2015-03-12,24.638,93.98,0,-3.61111111111111,7.38888888888889,0.277777777777778,8.9,NA,10.6,17.5,NA,802,"CO",2015,71,3,262.162162162162,-0.0999999999999996,67,0
72,2015-03-13,24.638,91.44,0,-2.11111111111111,7.22222222222222,0.277777777777778,9.2,NA,10.5,17.5,NA,802,"CO",2015,72,3,269.444444444444,0.299999999999999,67,0
73,2015-03-14,24.638,91.44,0,-5.88888888888889,10.1111111111111,-0.777777777777777,9.2,NA,10.4,17.6,NA,802,"CO",2015,73,3,269.444444444444,0,67,0
74,2015-03-15,24.13,91.44,0.254,-3.77777777777778,13.2222222222222,3.38888888888889,9.3,NA,10.9,17.7,NA,802,"CO",2015,74,3,263.888888888889,0.100000000000001,67,0
75,2015-03-16,23.622,86.36,0,-1.22222222222222,14.2222222222222,5.61111111111111,10.2,NA,10.6,22.4,NA,802,"CO",2015,75,3,273.529411764706,0.899999999999999,67,0
76,2015-03-17,23.368,81.28,0,3.61111111111111,14.7222222222222,6.22222222222222,4.8,NA,11.9,24.8,NA,802,"CO",2015,76,3,287.5,-5.4,67,0
77,2015-03-18,22.352,78.74,0,1.61111111111111,9,3.27777777777778,4.7,NA,13.4,25.5,NA,802,"CO",2015,77,3,283.870967741936,-0.0999999999999996,67,0
78,2015-03-19,21.844,76.2,0,-0.88888888888889,5,-0.277777777777778,7,NA,14.4,25.2,NA,802,"CO",2015,78,3,286.666666666667,2.3,67,1
79,2015-03-20,21.844,76.2,0,-8.27777777777778,9.72222222222222,-0.777777777777777,8.7,NA,14.3,24.9,NA,802,"CO",2015,79,3,286.666666666667,1.7,67,0
80,2015-03-21,21.844,76.2,0,-5.88888888888889,10.8888888888889,0.777777777777777,0,NA,14.1,24.7,NA,802,"CO",2015,80,3,286.666666666667,-8.7,67,0
81,2015-03-22,21.844,71.12,0,-3.72222222222222,11.6111111111111,2.38888888888889,0,NA,14.2,24.9,NA,802,"CO",2015,81,3,307.142857142857,0,67,0
82,2015-03-23,21.844,71.12,0.508,-1.27777777777778,9.77777777777778,2.11111111111111,0,NA,14.4,25.3,NA,802,"CO",2015,82,3,307.142857142857,0,67,0
83,2015-03-24,22.098,73.66,0.762,-2.77777777777778,6.11111111111111,-0.777777777777777,0,NA,14.8,26.1,NA,802,"CO",2015,83,3,300,0,67,0
84,2015-03-25,22.352,73.66,0.508,-2.27777777777778,1.72222222222222,-5.27777777777778,0,NA,14.8,25.7,NA,802,"CO",2015,84,3,303.448275862069,0,67,0
85,2015-03-26,23.114,78.74,0.254,-12.1111111111111,5.5,-2.11111111111111,0,NA,14.4,25.4,NA,802,"CO",2015,85,3,293.548387096774,0,67,0
86,2015-03-27,23.114,73.66,0,1.61111111111111,11.3888888888889,2.27777777777778,0,NA,14.3,25.5,NA,802,"CO",2015,86,3,313.793103448276,0,67,0
87,2015-03-28,23.114,68.58,0,-3.22222222222222,14.2777777777778,5.72222222222222,0,NA,14.9,26.8,NA,802,"CO",2015,87,3,337.037037037037,0,67,0
88,2015-03-29,21.844,66.04,0,2,13,3.38888888888889,0,NA,16.4,28.3,NA,802,"CO",2015,88,3,330.769230769231,0,67,0
89,2015-03-30,21.336,60.96,0,-1.22222222222222,13.3888888888889,3.38888888888889,0,NA,16.6,28.4,NA,802,"CO",2015,89,3,350,0,67,0
90,2015-03-31,20.32,58.42,0,-3.77777777777778,15.2777777777778,4.77777777777778,0,NA,16.8,28.5,NA,802,"CO",2015,90,3,347.826086956522,0,67,0
91,2015-04-01,18.542,53.34,0,1.27777777777778,10.5,4.38888888888889,0,NA,17.1,28.4,NA,802,"CO",2015,91,4,347.619047619048,0,67,0
92,2015-04-02,18.034,53.34,0.762,-1.61111111111111,7.38888888888889,-1.38888888888889,0,NA,16.3,28.2,NA,802,"CO",2015,92,4,338.095238095238,0,67,0
93,2015-04-03,20.066,63.5,0,-7.61111111111111,2.27777777777778,-5.61111111111111,0,NA,15.5,27.6,NA,802,"CO",2015,93,4,316,0,67,0
94,2015-04-04,20.066,55.88,0,-12.2777777777778,10,-0.88888888888889,0,NA,15.1,27.4,NA,802,"CO",2015,94,4,359.090909090909,0,67,0
95,2015-04-05,19.05,53.34,0,-3.88888888888889,12.2777777777778,3.77777777777778,0,NA,15.5,27.5,NA,802,"CO",2015,95,4,357.142857142857,0,67,0
96,2015-04-06,17.272,48.26,0,5.72222222222222,13.1111111111111,6.22222222222222,0,NA,17,28.1,NA,802,"CO",2015,96,4,357.894736842105,0,67,0
97,2015-04-07,16.256,43.18,0,-0.611111111111112,11.7222222222222,3.77777777777778,0,NA,17.4,28.3,NA,802,"CO",2015,97,4,376.470588235294,0,67,0
98,2015-04-08,15.748,40.64,0,-2.72222222222222,11.8888888888889,1.11111111111111,0,NA,17.6,28.2,NA,802,"CO",2015,98,4,387.5,0,67,0
99,2015-04-09,13.716,40.64,0,-5.22222222222222,6.77777777777778,-1.5,0,NA,16.9,28,NA,802,"CO",2015,99,4,337.5,0,67,0
100,2015-04-10,13.716,40.64,0,-6.61111111111111,9.38888888888889,0.222222222222221,0.4,NA,16,27.7,NA,802,"CO",2015,100,4,337.5,0.4,67,0
101,2015-04-11,13.716,38.1,0,-5.27777777777778,12.7777777777778,2.27777777777778,0,NA,17,27.8,NA,802,"CO",2015,101,4,360,-0.4,67,0
102,2015-04-12,11.938,33.02,0,-3.11111111111111,9.61111111111111,1.27777777777778,0,NA,17.6,28.2,NA,802,"CO",2015,102,4,361.538461538462,0,67,0
103,2015-04-13,10.922,30.48,0,-5.72222222222222,13.1111111111111,2.88888888888889,0,NA,17.3,28,NA,802,"CO",2015,103,4,358.333333333333,0,67,0
104,2015-04-14,8.382,27.94,0,-1.61111111111111,15.6111111111111,5.5,0,NA,17.9,28.3,NA,802,"CO",2015,104,4,300,0,67,0
105,2015-04-15,5.588,20.32,0,0.777777777777777,7.61111111111111,0.222222222222221,1.2,NA,17.8,28.3,NA,802,"CO",2015,105,4,275,1.2,67,0
106,2015-04-16,3.81,17.78,0.254,-7,5.38888888888889,-1.38888888888889,1.3,NA,17.3,28.3,NA,802,"CO",2015,106,4,214.285714285714,0.1,67,0
107,2015-04-17,3.556,15.24,0.762,-2.88888888888889,5.11111111111111,-2.88888888888889,3.5,NA,16.1,27.7,NA,802,"CO",2015,107,4,233.333333333333,2.2,67,0
108,2015-04-18,4.826,25.4,0.508,-7.77777777777778,2.88888888888889,-2.5,5.2,NA,15.5,27.4,NA,802,"CO",2015,108,4,190,1.7,67,0
109,2015-04-19,5.08,22.86,0,-2.72222222222222,3,-1.77777777777778,5.6,NA,15.2,27.1,NA,802,"CO",2015,109,4,222.222222222222,0.399999999999999,67,0
110,2015-04-20,5.08,22.86,0.762,-6.27777777777778,6.61111111111111,-1.77777777777778,6.4,NA,15.2,27,NA,802,"CO",2015,110,4,222.222222222222,0.800000000000001,67,0
111,2015-04-21,5.588,22.86,0,-7.38888888888889,10.8888888888889,1.22222222222222,6.1,NA,15.4,27,NA,802,"CO",2015,111,4,244.444444444444,-0.300000000000001,67,0
112,2015-04-22,4.572,22.86,0.254,-0.777777777777777,13.2777777777778,2.72222222222222,4.5,NA,16.5,27.6,NA,802,"CO",2015,112,4,200,-1.6,67,0
113,2015-04-23,3.556,17.78,0,-0.777777777777777,12.7777777777778,2.77777777777778,4.7,NA,17.3,27.9,NA,802,"CO",2015,113,4,200,0.2,67,0
114,2015-04-24,1.524,12.7,0,-2.5,8.88888888888889,2,5.4,NA,17.3,28.1,NA,802,"CO",2015,114,4,120,0.7,67,0
115,2015-04-25,0.762,7.62,0.762,2,8.61111111111111,2.11111111111111,7.6,NA,16.6,27.7,NA,802,"CO",2015,115,4,100,2.2,67,0
116,2015-04-26,1.016,5.08,0.254,-0.777777777777777,5.5,0.277777777777778,7.2,NA,16,27.6,NA,802,"CO",2015,116,4,200,-0.399999999999999,67,0
117,2015-04-27,1.27,7.62,0,-2.77777777777778,9.11111111111111,1.11111111111111,8.7,NA,16.3,27.7,NA,802,"CO",2015,117,4,166.666666666667,1.5,67,0
118,2015-04-28,0,0,0,-3.72222222222222,12.2222222222222,3,7.3,NA,16.8,27.8,NA,802,"CO",2015,118,4,NA,-1.4,67,0
119,2015-04-29,0,0,0,-1.61111111111111,16.2777777777778,5.72222222222222,9.7,NA,16,27.6,NA,802,"CO",2015,119,4,NA,2.4,67,0
120,2015-04-30,0,0,0,-1.5,17,7.5,9.2,NA,16,27.5,NA,802,"CO",2015,120,4,NA,-0.5,67,0
121,2015-05-01,0,0,0,0.999999999999998,15.1111111111111,5.77777777777778,8.9,NA,15.6,27.1,NA,802,"CO",2015,121,5,NA,-0.299999999999999,67,0
122,2015-05-02,0,0,0,-1.61111111111111,16.2777777777778,5.77777777777778,10.4,NA,15,26.9,NA,802,"CO",2015,122,5,NA,1.5,67,0
123,2015-05-03,0,0,0,-1.61111111111111,15.6111111111111,5.5,8.9,NA,14.8,26.7,NA,802,"CO",2015,123,5,NA,-1.5,67,0
124,2015-05-04,0,0,0,3.5,13.7222222222222,5.5,10.4,NA,14.8,26.5,NA,802,"CO",2015,124,5,NA,1.5,67,0
125,2015-05-05,0,0,0,3,13,6.88888888888889,10.4,NA,14.3,26.2,NA,802,"CO",2015,125,5,NA,0,67,0
126,2015-05-06,0,0,1.016,2,9,3,11,NA,14.5,26,NA,802,"CO",2015,126,5,NA,0.6,67,0
127,2015-05-07,0,0,0,-0.388888888888889,13.6111111111111,4,10.3,NA,15.3,26.4,NA,802,"CO",2015,127,5,NA,-0.699999999999999,67,0
128,2015-05-08,0,0,0.508,2.22222222222222,11.7777777777778,3.61111111111111,11.6,NA,15.1,26.6,NA,802,"CO",2015,128,5,NA,1.3,67,0
129,2015-05-09,0,0,1.778,0.277777777777778,6.88888888888889,0.499999999999999,10.5,NA,15.7,26.9,NA,802,"CO",2015,129,5,NA,-1.1,67,0
130,2015-05-10,0.762,12.7,0.508,-4.88888888888889,2.38888888888889,-2.72222222222222,10.5,NA,16,27.3,NA,802,"CO",2015,130,5,60,0,67,0
131,2015-05-11,0,0,0,-3.22222222222222,8.61111111111111,0.999999999999998,10.7,NA,16.4,27.5,NA,802,"CO",2015,131,5,NA,0.199999999999999,67,0
132,2015-05-12,0,0,0,-2.88888888888889,16.5,6.61111111111111,11.5,NA,16.6,27.7,NA,802,"CO",2015,132,5,NA,0.800000000000001,67,0
133,2015-05-13,0,0,0,2.77777777777778,10.2222222222222,4.38888888888889,12.4,NA,15.7,27.3,NA,802,"CO",2015,133,5,NA,0.9,67,0
134,2015-05-14,0,0,0,-0.88888888888889,14.7222222222222,6.77777777777778,10,NA,15.5,27,NA,802,"CO",2015,134,5,NA,-2.4,67,0
135,2015-05-15,0,0,0,2.61111111111111,9.77777777777778,2.38888888888889,12.6,NA,14.9,26.7,NA,802,"CO",2015,135,5,NA,2.6,67,0
136,2015-05-16,0,0,0.762,-5.27777777777778,9,0.388888888888891,10.5,NA,14.8,26.4,NA,802,"CO",2015,136,5,NA,-2.1,67,0
137,2015-05-17,0,0,0.762,-1,9.61111111111111,1.72222222222222,10.3,NA,14.5,26.2,NA,802,"CO",2015,137,5,NA,-0.199999999999999,67,0
138,2015-05-18,0,0,0.254,-0.611111111111112,14.1111111111111,5.5,8.7,NA,16.3,27.2,NA,802,"CO",2015,138,5,NA,-1.6,67,0
139,2015-05-19,0,0,0.254,1.38888888888889,8.61111111111111,2.5,12.3,NA,15.8,27.1,NA,802,"CO",2015,139,5,NA,3.6,67,0
140,2015-05-20,0,0,0,-0.277777777777778,11.7777777777778,4.38888888888889,10.1,NA,16.1,27.3,NA,802,"CO",2015,140,5,NA,-2.2,67,0
141,2015-05-21,0,0,0.254,1.77777777777778,12.8888888888889,5.61111111111111,11.1,NA,15.7,27,NA,802,"CO",2015,141,5,NA,1,67,0
142,2015-05-22,0,0,0.254,3.5,11.7777777777778,4,11.5,NA,15.2,26.7,NA,802,"CO",2015,142,5,NA,0.4,67,0
143,2015-05-23,0,0,0.254,0.999999999999998,9.5,2.27777777777778,11.4,NA,15.4,26.8,NA,802,"CO",2015,143,5,NA,-0.0999999999999996,67,0
144,2015-05-24,0,0,0.254,-3.11111111111111,11.1111111111111,2.11111111111111,13.3,NA,15.5,26.8,NA,802,"CO",2015,144,5,NA,1.9,67,0
145,2015-05-25,0,0,0,-0.277777777777778,9.61111111111111,3.72222222222222,14.5,NA,15.1,26.7,NA,802,"CO",2015,145,5,NA,1.2,67,0
146,2015-05-26,0,0,0,0.388888888888891,13.7777777777778,5.11111111111111,12.5,NA,14.9,26.5,NA,802,"CO",2015,146,5,NA,-2,67,0
147,2015-05-27,0,0,0,3.72222222222222,13.6111111111111,6.88888888888889,14.1,NA,14.8,26.4,NA,802,"CO",2015,147,5,NA,1.6,67,0
148,2015-05-28,0,0,0.254,1.27777777777778,14.6111111111111,4.77777777777778,14.3,NA,14.7,26.2,NA,802,"CO",2015,148,5,NA,0.200000000000001,67,0
149,2015-05-29,0,0,0,0.277777777777778,11.5,3.61111111111111,14.3,NA,14.5,26.1,NA,802,"CO",2015,149,5,NA,0,67,0
150,2015-05-30,0,0,0,-2,17.3888888888889,8.11111111111111,14.2,NA,14.6,26,NA,802,"CO",2015,150,5,NA,-0.100000000000001,67,0
151,2015-05-31,0,0,0,9.88888888888889,20.1111111111111,10.7222222222222,9.4,NA,14.5,25.9,NA,802,"CO",2015,151,5,NA,-4.8,67,0
152,2015-06-01,0,0,0,2.11111111111111,22.2222222222222,11.1111111111111,7.7,NA,14.5,25.8,NA,802,"CO",2015,152,6,NA,-1.7,67,0
153,2015-06-02,0,0,0,6,22,12.2222222222222,13,NA,14.3,25.6,NA,802,"CO",2015,153,6,NA,5.3,67,0
154,2015-06-03,0,0,0,2.38888888888889,22.5,12,12.1,NA,14.3,25.3,NA,802,"CO",2015,154,6,NA,-0.9,67,0
155,2015-06-04,0,0,0,1.38888888888889,22.6111111111111,12.7777777777778,11.1,NA,14,25.1,NA,802,"CO",2015,155,6,NA,-1,67,0
156,2015-06-05,0,0,0,9.61111111111111,19.5,10.6111111111111,10.3,NA,13.8,24.8,NA,802,"CO",2015,156,6,NA,-0.799999999999999,67,0
157,2015-06-06,0,0,0,1.77777777777778,16.1111111111111,7.61111111111111,9.6,NA,13.6,24.6,NA,802,"CO",2015,157,6,NA,-0.700000000000001,67,0
158,2015-06-07,0,0,0,0.611111111111112,18.7777777777778,8.22222222222222,9.5,NA,13.4,24.2,NA,802,"CO",2015,158,6,NA,-0.0999999999999996,67,0
159,2015-06-08,0,0,0,1.38888888888889,20.1111111111111,10.7222222222222,8.7,NA,13.1,23.9,NA,802,"CO",2015,159,6,NA,-0.800000000000001,67,0
160,2015-06-09,0,0,0,4.5,22.1111111111111,13.7777777777778,8.2,NA,13,23.7,NA,802,"CO",2015,160,6,NA,-0.5,67,0
161,2015-06-10,0,0,0,8.22222222222222,16.2222222222222,10.8888888888889,7.3,NA,13.1,23.5,NA,802,"CO",2015,161,6,NA,-0.899999999999999,67,0
162,2015-06-11,0,0,1.27,7.22222222222222,14.3888888888889,8.11111111111111,7.3,NA,12.8,23.2,NA,802,"CO",2015,162,6,NA,0,67,0
163,2015-06-12,0,0,0,4.22222222222222,18.7777777777778,10,14.5,NA,16,26,NA,802,"CO",2015,163,6,NA,7.2,67,0
164,2015-06-13,0,0,0,3.5,20,10,13.1,NA,14.8,25.1,NA,802,"CO",2015,164,6,NA,-1.4,67,0
165,2015-06-14,0,0,0,4.11111111111111,20,11.7777777777778,13.1,NA,14.3,24.6,NA,802,"CO",2015,165,6,NA,0,67,0
166,2015-06-15,0,0,0.254,9.77777777777778,22.1111111111111,13.2777777777778,12.5,NA,14.2,24.1,NA,802,"CO",2015,166,6,NA,-0.6,67,0
167,2015-06-16,0,0,0,7.11111111111111,21.6111111111111,12.8888888888889,11.9,NA,13.8,23.8,NA,802,"CO",2015,167,6,NA,-0.6,67,0
168,2015-06-17,0,0,0,11.6111111111111,24.2777777777778,15.2222222222222,12.2,NA,13.7,23.7,NA,802,"CO",2015,168,6,NA,0.299999999999999,67,0
169,2015-06-18,0,0,0,5.38888888888889,25.2222222222222,15.5,10.9,NA,13.1,23.4,NA,802,"CO",2015,169,6,NA,-1.3,67,0
170,2015-06-19,0,0,0,11.3888888888889,25.2777777777778,16,10.1,NA,13.1,23,NA,802,"CO",2015,170,6,NA,-0.800000000000001,67,0
171,2015-06-20,0,0,0,10.1111111111111,25.2777777777778,15.7777777777778,8.8,NA,12.7,22.8,NA,802,"CO",2015,171,6,NA,-1.3,67,0
172,2015-06-21,0,0,0,8.88888888888889,27,17,7.3,NA,12.3,22.4,NA,802,"CO",2015,172,6,NA,-1.5,67,0
173,2015-06-22,0,0,0,9.38888888888889,26.6111111111111,17.8888888888889,6.1,NA,11.9,22.2,NA,802,"CO",2015,173,6,NA,-1.2,67,0
174,2015-06-23,0,0,0,14.3888888888889,25.8888888888889,17,5,NA,11.5,21.8,NA,802,"CO",2015,174,6,NA,-1.1,67,0
175,2015-06-24,0,0,0,12.8888888888889,25.5,15.6111111111111,4,NA,11.2,21.4,NA,802,"CO",2015,175,6,NA,-1,67,0
176,2015-06-25,0,0,0.254,6.88888888888889,24.5,12.3888888888889,3.5,NA,10.8,21.1,NA,802,"CO",2015,176,6,NA,-0.5,67,0
177,2015-06-26,0,0,0,6.11111111111111,23.2222222222222,14,5.3,NA,10.5,20.8,NA,802,"CO",2015,177,6,NA,1.8,67,0
178,2015-06-27,0,0,0,7.38888888888889,24.2777777777778,14.3888888888889,4.7,NA,10.5,20.5,NA,802,"CO",2015,178,6,NA,-0.6,67,0
179,2015-06-28,0,0,0.254,6.22222222222222,25.1111111111111,14.6111111111111,3.7,NA,10,20.3,NA,802,"CO",2015,179,6,NA,-1,67,0
180,2015-06-29,0,0,0,7.61111111111111,25.1111111111111,16.5,3,NA,9.6,20,NA,802,"CO",2015,180,6,NA,-0.7,67,0
181,2015-06-30,0,0,0.254,10.8888888888889,26.1111111111111,16.2777777777778,3.2,NA,9.3,19.6,NA,802,"CO",2015,181,6,NA,0.2,67,0
182,2015-07-01,0,0,0.254,7.5,23.1111111111111,13.7777777777778,3.1,NA,8.4,19.7,NA,802,"CO",2015,182,7,NA,-0.1,67,0
183,2015-07-02,0,0,0,7.5,23.1111111111111,15,7.5,NA,10,20.7,NA,802,"CO",2015,183,7,NA,4.4,67,0
184,2015-07-03,0,0,0,8.77777777777778,24.7777777777778,16.2777777777778,6,NA,9.9,19.5,NA,802,"CO",2015,184,7,NA,-1.5,67,0
185,2015-07-04,0,0,0,12.3888888888889,24.6111111111111,15.7777777777778,4.5,NA,9.3,19.2,NA,802,"CO",2015,185,7,NA,-1.5,67,0
186,2015-07-05,0,0,1.524,8.11111111111111,19.2222222222222,12.2777777777778,3.6,NA,8.7,18.7,NA,802,"CO",2015,186,7,NA,-0.9,67,0
187,2015-07-06,0,0,0.762,8.11111111111111,18.5,11.1111111111111,12.2,NA,14.4,24.4,NA,802,"CO",2015,187,7,NA,8.6,67,0
188,2015-07-07,0,0,1.016,9.72222222222222,14.8888888888889,10.6111111111111,13,NA,13.4,22.5,NA,802,"CO",2015,188,7,NA,0.800000000000001,67,0
189,2015-07-08,0,0,1.016,8,11.5,8.5,15.4,NA,16.1,25.4,NA,802,"CO",2015,189,7,NA,2.4,67,0
190,2015-07-09,0,0,0,4.61111111111111,18.2777777777778,10.1111111111111,15.5,NA,17,25.2,NA,802,"CO",2015,190,7,NA,0.0999999999999996,67,0
191,2015-07-10,0,0,0,7.61111111111111,19,10.6111111111111,15.4,NA,15.6,24.9,NA,802,"CO",2015,191,7,NA,-0.0999999999999996,67,0
192,2015-07-11,0,0,0,3.77777777777778,21.3888888888889,11.3888888888889,14,NA,14.9,24.5,NA,802,"CO",2015,192,7,NA,-1.4,67,0
193,2015-07-12,0,0,0,5.22222222222222,23,14.7777777777778,13.2,NA,14.2,24,NA,802,"CO",2015,193,7,NA,-0.800000000000001,67,0
194,2015-07-13,0,0,0.508,9.72222222222222,22.5,12.6111111111111,12.2,NA,13.6,23.4,NA,802,"CO",2015,194,7,NA,-1,67,0
195,2015-07-14,0,0,1.016,7.88888888888889,19.5,10.2222222222222,14.8,NA,13.3,22.9,NA,802,"CO",2015,195,7,NA,2.6,67,0
196,2015-07-15,0,0,0,6.72222222222222,20.2222222222222,10.7777777777778,16.4,NA,16.7,23.6,NA,802,"CO",2015,196,7,NA,1.6,67,0
197,2015-07-16,0,0,0,3.72222222222222,20.7777777777778,11.1111111111111,14.9,NA,15.7,24.1,NA,802,"CO",2015,197,7,NA,-1.5,67,0
198,2015-07-17,0,0,0,4.11111111111111,21.6111111111111,12.3888888888889,14,NA,14.7,24,NA,802,"CO",2015,198,7,NA,-0.9,67,0
199,2015-07-18,0,0,0.254,7.5,22.1111111111111,10.6111111111111,13.5,NA,13.8,23.6,NA,802,"CO",2015,199,7,NA,-0.5,67,0
200,2015-07-19,0,0,0,4.5,15.8888888888889,9.61111111111111,14.2,NA,13.9,23.3,NA,802,"CO",2015,200,7,NA,0.699999999999999,67,0
201,2015-07-20,0,0,0.762,6,18.8888888888889,10.7777777777778,13.9,NA,13.9,23.4,NA,802,"CO",2015,201,7,NA,-0.299999999999999,67,0
202,2015-07-21,0,0,0,8.5,16.2777777777778,11.2222222222222,16.2,NA,15.1,23.3,NA,802,"CO",2015,202,7,NA,2.3,67,0
203,2015-07-22,0,0,0,5.88888888888889,19.8888888888889,10.8888888888889,13.8,NA,14.8,23.7,NA,802,"CO",2015,203,7,NA,-2.4,67,0
204,2015-07-23,0,0,0,3.61111111111111,22.7777777777778,13.7777777777778,13.2,NA,14.4,23.6,NA,802,"CO",2015,204,7,NA,-0.600000000000001,67,0
205,2015-07-24,0,0,0,6.5,20.1111111111111,11.6111111111111,12.4,NA,13.7,23.5,NA,802,"CO",2015,205,7,NA,-0.799999999999999,67,0
206,2015-07-25,0,0,0,4.77777777777778,23.7222222222222,13.2222222222222,12.1,NA,13.3,23.2,NA,802,"CO",2015,206,7,NA,-0.300000000000001,67,0
207,2015-07-26,0,0,0,7.22222222222222,21.7222222222222,14.2222222222222,11,NA,12.5,22.8,NA,802,"CO",2015,207,7,NA,-1.1,67,0
208,2015-07-27,0,0,0,9.22222222222222,24.7222222222222,15.6111111111111,10.2,NA,12.5,22.6,NA,802,"CO",2015,208,7,NA,-0.800000000000001,67,0
209,2015-07-28,0,0,0,5,22.6111111111111,12.6111111111111,8.9,NA,11.7,22.1,NA,802,"CO",2015,209,7,NA,-1.3,67,0
210,2015-07-29,0,0,0,8.22222222222222,23.7222222222222,14,7.5,NA,11.4,21.8,NA,802,"CO",2015,210,7,NA,-1.4,67,0
211,2015-07-30,0,0,0,4.38888888888889,23.6111111111111,14.7777777777778,6,NA,10.7,21.3,NA,802,"CO",2015,211,7,NA,-1.5,67,0
212,2015-07-31,0,0,0,13.3888888888889,23.5,16.7777777777778,5,NA,10.1,20.9,NA,802,"CO",2015,212,7,NA,-1,67,0
213,2015-08-01,0,0,0,12.7222222222222,24.5,15.8888888888889,4.2,NA,9.7,20.4,NA,802,"CO",2015,213,8,NA,-0.8,67,0
214,2015-08-02,0,0,0,13.2777777777778,23.3888888888889,13.8888888888889,3.7,NA,9.4,20.1,NA,802,"CO",2015,214,8,NA,-0.5,67,0
366,2016-01-01,13.97,66.04,0.254,-24.6111111111111,-8.38888888888889,-18.7777777777778,3.7,NA,NA,NA,NA,802,"CO",2016,1,1,211.538461538462,0,93,0
367,2016-01-02,13.97,66.04,0.254,-20.6111111111111,-0.222222222222221,-13.7222222222222,3.7,NA,NA,NA,NA,802,"CO",2016,2,1,211.538461538462,0,93,0
368,2016-01-03,13.97,66.04,0,-14.7777777777778,4.11111111111111,-8,3.7,NA,NA,NA,NA,802,"CO",2016,3,1,211.538461538462,0,93,0
369,2016-01-04,14.224,66.04,0,-10.5,2.72222222222222,-6.11111111111111,3.7,NA,NA,NA,NA,802,"CO",2016,4,1,215.384615384615,0,93,0
370,2016-01-05,14.224,63.5,0,-9.72222222222222,1.11111111111111,-5.88888888888889,3.7,NA,NA,NA,NA,802,"CO",2016,5,1,224,0,93,0
371,2016-01-06,14.224,63.5,0,-8.88888888888889,0.277777777777778,-3.22222222222222,3.7,NA,NA,NA,NA,802,"CO",2016,6,1,224,0,93,0
372,2016-01-07,14.224,63.5,0,-6.22222222222222,-2.88888888888889,-6.5,8.3,NA,9.4,13.7,NA,802,"CO",2016,7,1,224,4.6,93,0
373,2016-01-08,14.478,66.04,0,-10.5,-4.22222222222222,-10.2777777777778,8.5,NA,9.3,13.7,NA,802,"CO",2016,8,1,219.230769230769,0.199999999999999,93,0
374,2016-01-09,14.478,66.04,0,-10,-7,-11.3888888888889,8.6,NA,9.1,13.7,NA,802,"CO",2016,9,1,219.230769230769,0.0999999999999996,93,0
375,2016-01-10,14.478,66.04,0,-20,-7.88888888888889,-15.7777777777778,8.4,NA,9.2,13.7,NA,802,"CO",2016,10,1,219.230769230769,-0.199999999999999,93,0
376,2016-01-11,14.478,68.58,0,-21.7222222222222,-6.5,-15.7777777777778,8.6,NA,9.2,13.6,NA,802,"CO",2016,11,1,211.111111111111,0.199999999999999,93,0
377,2016-01-12,14.478,66.04,0,-19.2777777777778,-0.388888888888889,-12.2222222222222,8.4,NA,9.1,13.6,NA,802,"CO",2016,12,1,219.230769230769,-0.199999999999999,93,0
378,2016-01-13,14.478,66.04,0.254,-13,4.72222222222222,-5.5,8.2,NA,9.1,13.7,NA,802,"CO",2016,13,1,219.230769230769,-0.200000000000001,93,0
379,2016-01-14,14.732,63.5,0.254,-1.22222222222222,-1.11111111111111,-6.11111111111111,7.9,NA,9.1,13.5,NA,802,"CO",2016,14,1,232,-0.299999999999999,93,0
380,2016-01-15,14.732,66.04,0,-10.1111111111111,-5.61111111111111,-9.38888888888889,7.7,NA,9.1,13.6,NA,802,"CO",2016,15,1,223.076923076923,-0.2,93,0
381,2016-01-16,15.24,73.66,0.254,-11.7222222222222,-5.5,-9.72222222222222,7.5,NA,9,13.5,NA,802,"CO",2016,16,1,206.896551724138,-0.2,93,0
382,2016-01-17,15.24,71.12,0,-6.38888888888889,-3.72222222222222,-6.77777777777778,7.7,NA,8.9,13.4,NA,802,"CO",2016,17,1,214.285714285714,0.2,93,0
383,2016-01-18,15.24,68.58,0,-7.27777777777778,5.11111111111111,-3.61111111111111,7.8,NA,8.8,13.4,NA,802,"CO",2016,18,1,222.222222222222,0.0999999999999996,93,0
384,2016-01-19,15.494,68.58,0,-5.38888888888889,-1,-7,7.8,NA,8.8,13.4,NA,802,"CO",2016,19,1,225.925925925926,0,93,0
385,2016-01-20,15.748,71.12,0.508,-11.5,-1.22222222222222,-8.11111111111111,7.6,NA,8.8,13.4,NA,802,"CO",2016,20,1,221.428571428571,-0.2,93,0
386,2016-01-21,16.002,76.2,0,-12.2777777777778,-4.72222222222222,-10.7777777777778,8,NA,8.7,13.4,NA,802,"CO",2016,21,1,210,0.4,93,0
387,2016-01-22,16.002,76.2,0.508,-16.3888888888889,2.27777777777778,-8.5,7.9,NA,8.7,13.3,NA,802,"CO",2016,22,1,210,-0.0999999999999996,93,0
388,2016-01-23,16.256,73.66,0,-10.5,6.77777777777778,-4.72222222222222,7.8,NA,8.8,13.4,NA,802,"CO",2016,23,1,220.689655172414,-0.100000000000001,93,0
389,2016-01-24,16.256,73.66,0,-9.5,2.38888888888889,-6.77777777777778,7.8,NA,8.6,13.1,NA,802,"CO",2016,24,1,220.689655172414,0,93,0
390,2016-01-25,16.51,76.2,0,-10.2222222222222,-5.38888888888889,-11.2777777777778,8.1,NA,8.6,13.2,NA,802,"CO",2016,25,1,216.666666666667,0.3,93,0
391,2016-01-26,16.51,76.2,0.254,-17.1111111111111,-6.27777777777778,-14.1111111111111,7.7,NA,8.7,13.2,NA,802,"CO",2016,26,1,216.666666666667,-0.399999999999999,93,0
392,2016-01-27,16.51,76.2,0,-18.2222222222222,1.11111111111111,-10.3888888888889,7.7,NA,8.6,13.1,NA,802,"CO",2016,27,1,216.666666666667,0,93,0
393,2016-01-28,16.51,76.2,0.254,-12.6111111111111,2.38888888888889,-7,7.4,NA,8.4,13.3,NA,802,"CO",2016,28,1,216.666666666667,-0.3,93,0
394,2016-01-29,16.764,73.66,0,-3.77777777777778,2.11111111111111,-1.77777777777778,7.5,NA,8.6,13.1,NA,802,"CO",2016,29,1,227.586206896552,0.0999999999999996,93,0
395,2016-01-30,17.018,76.2,0.762,0.111111111111113,5.5,-0.111111111111111,7.2,NA,8.6,13.1,NA,802,"CO",2016,30,1,223.333333333333,-0.3,93,0
396,2016-01-31,18.288,93.98,1.016,-9,-6,-9.5,7.3,NA,8.6,13.1,NA,802,"CO",2016,31,1,194.594594594595,0.0999999999999996,93,0
397,2016-02-01,19.304,96.52,1.016,-7.27777777777778,-1.61111111111111,-7.22222222222222,7.1,NA,8.6,13,NA,802,"CO",2016,32,2,200,-0.2,93,0
398,2016-02-02,20.066,104.14,0.254,-13.6111111111111,-9.27777777777778,-14.3888888888889,7.3,NA,8.5,12.9,NA,802,"CO",2016,33,2,192.682926829268,0.2,93,0
399,2016-02-03,20.066,101.6,0,-19.2222222222222,-12.7777777777778,-19.2222222222222,7.3,NA,8.3,13,NA,802,"CO",2016,34,2,197.5,0,93,0
400,2016-02-04,20.32,101.6,0.508,-26,-9,-16.3888888888889,7.7,NA,8.3,12.9,NA,802,"CO",2016,35,2,200,0.4,93,0
401,2016-02-05,20.32,99.06,0,-13.2777777777778,-7.27777777777778,-13.8888888888889,7.7,NA,8.4,13,NA,802,"CO",2016,36,2,205.128205128205,0,93,0
402,2016-02-06,20.32,99.06,0.254,-20.8888888888889,-0.88888888888889,-10.7777777777778,7.6,NA,8.5,13,NA,802,"CO",2016,37,2,205.128205128205,-0.100000000000001,93,0
403,2016-02-07,20.574,96.52,0,-12.2222222222222,-0.777777777777777,-7.61111111111111,7.5,NA,8.2,13,NA,802,"CO",2016,38,2,213.157894736842,-0.0999999999999996,93,0
404,2016-02-08,20.574,93.98,0,-8.27777777777778,1.61111111111111,-5.5,7.8,NA,8.5,12.8,NA,802,"CO",2016,39,2,218.918918918919,0.3,93,0
405,2016-02-09,20.574,91.44,0,-11.5,4.5,-6.72222222222222,7.6,NA,8.3,12.9,NA,802,"CO",2016,40,2,225,-0.2,93,0
406,2016-02-10,20.574,91.44,0,-12.2222222222222,10.1111111111111,-4.27777777777778,7.5,NA,8.3,12.8,NA,802,"CO",2016,41,2,225,-0.0999999999999996,93,0
407,2016-02-11,20.574,91.44,0,-9.88888888888889,7.77777777777778,-2.38888888888889,7.4,NA,8.1,12.9,NA,802,"CO",2016,42,2,225,-0.0999999999999996,93,0
408,2016-02-12,20.574,88.9,0,-5.22222222222222,8.22222222222222,-0.88888888888889,7.4,NA,8.1,12.7,NA,802,"CO",2016,43,2,231.428571428571,0,93,0
409,2016-02-13,20.828,86.36,0.254,-5.22222222222222,9.38888888888889,0.388888888888891,7.6,NA,8.2,12.9,NA,802,"CO",2016,44,2,241.176470588235,0.199999999999999,93,0
410,2016-02-14,21.082,86.36,0,-6.72222222222222,0.388888888888891,-4.61111111111111,7.4,NA,8,12.7,NA,802,"CO",2016,45,2,244.117647058824,-0.199999999999999,93,0
411,2016-02-15,21.082,86.36,0,-5.61111111111111,4.72222222222222,-1,7.3,NA,8,12.8,NA,802,"CO",2016,46,2,244.117647058824,-0.100000000000001,93,0
412,2016-02-16,21.082,86.36,0,-1.38888888888889,6.11111111111111,-0.388888888888889,7.4,NA,8,12.7,NA,802,"CO",2016,47,2,244.117647058824,0.100000000000001,93,0
413,2016-02-17,21.082,86.36,0,-5,13.2777777777778,1.22222222222222,7.4,NA,8.1,12.6,NA,802,"CO",2016,48,2,244.117647058824,0,93,0
414,2016-02-18,21.336,83.82,0.508,-2.22222222222222,8.77777777777778,2.11111111111111,7.4,NA,8,12.6,NA,802,"CO",2016,49,2,254.545454545455,0,93,0
415,2016-02-19,21.59,91.44,0.254,-4.5,7.5,-0.222222222222221,7.6,NA,8.1,12.6,NA,802,"CO",2016,50,2,236.111111111111,0.199999999999999,93,0
416,2016-02-20,21.844,86.36,0,1.77777777777778,8.38888888888889,-0.111111111111111,7.9,NA,8,12.6,NA,802,"CO",2016,51,2,252.941176470588,0.300000000000001,93,0
417,2016-02-21,22.098,83.82,0,-10.3888888888889,5.77777777777778,-3.61111111111111,8,NA,8,12.5,NA,802,"CO",2016,52,2,263.636363636364,0.0999999999999996,93,0
418,2016-02-22,22.098,83.82,0,-4.38888888888889,-1.27777777777778,-5.38888888888889,8.2,NA,7.9,12.5,NA,802,"CO",2016,53,2,263.636363636364,0.199999999999999,93,0
419,2016-02-23,22.098,83.82,0,-8.11111111111111,-2.38888888888889,-9.11111111111111,8.2,NA,8,12.5,NA,802,"CO",2016,54,2,263.636363636364,0,93,0
420,2016-02-24,22.352,86.36,0.254,-18.6111111111111,-0.277777777777778,-10.6111111111111,8.1,NA,7.9,12.5,NA,802,"CO",2016,55,2,258.823529411765,-0.0999999999999996,93,0
421,2016-02-25,22.352,86.36,0,-13.7777777777778,3.61111111111111,-6,8.3,NA,7.9,12.4,NA,802,"CO",2016,56,2,258.823529411765,0.200000000000001,93,0
422,2016-02-26,22.352,86.36,0,-10.6111111111111,6.22222222222222,-3.5,8.3,NA,8,12.3,NA,802,"CO",2016,57,2,258.823529411765,0,93,0
423,2016-02-27,22.352,83.82,0,-8.5,10.5,0,8,NA,7.9,12.6,NA,802,"CO",2016,58,2,266.666666666667,-0.300000000000001,93,0
424,2016-02-28,22.352,83.82,0,-2.38888888888889,6,-2.88888888888889,7.7,NA,7.9,12.5,NA,802,"CO",2016,59,2,266.666666666667,-0.3,93,0
425,2016-02-29,22.352,83.82,0,-8.5,5,-3,7.7,NA,8,12.4,NA,802,"CO",2016,60,2,266.666666666667,0,93,0
426,2016-03-01,22.352,83.82,0.254,-5.38888888888889,6,-2.22222222222222,7.8,NA,7.9,12.5,NA,802,"CO",2016,61,3,266.666666666667,0.0999999999999996,93,0
427,2016-03-02,22.352,83.82,0,0.222222222222221,5.11111111111111,0.277777777777778,7.6,NA,7.9,12.3,NA,802,"CO",2016,62,3,266.666666666667,-0.2,93,0
428,2016-03-03,22.352,83.82,0.254,-2.5,9,-1.27777777777778,7.8,NA,8.1,12.5,NA,802,"CO",2016,63,3,266.666666666667,0.2,93,0
429,2016-03-04,22.606,86.36,0,-6.11111111111111,6.61111111111111,-1.11111111111111,7.8,NA,8.1,12.2,NA,802,"CO",2016,64,3,261.764705882353,0,93,0
430,2016-03-05,22.606,83.82,0,-6.61111111111111,11.7222222222222,0.611111111111112,8,NA,8,12.4,NA,802,"CO",2016,65,3,269.69696969697,0.2,93,0
431,2016-03-06,22.606,83.82,0,-1.27777777777778,6.61111111111111,0.777777777777777,8,NA,8,12.4,NA,802,"CO",2016,66,3,269.69696969697,0,93,0
432,2016-03-07,22.606,83.82,0.254,-3.5,1.27777777777778,-3.72222222222222,7.9,NA,8,12.5,NA,802,"CO",2016,67,3,269.69696969697,-0.0999999999999996,93,0
433,2016-03-08,22.606,91.44,0,-8.11111111111111,2.22222222222222,-6.77777777777778,8.1,NA,8,12.5,NA,802,"CO",2016,68,3,247.222222222222,0.199999999999999,93,0
434,2016-03-09,23.114,86.36,0,-11.2777777777778,2.72222222222222,-6,8.3,NA,8,12.5,NA,802,"CO",2016,69,3,267.647058823529,0.200000000000001,93,0
435,2016-03-10,23.114,86.36,0.254,-10.6111111111111,7.5,-2.5,8.3,NA,8.2,12.3,NA,802,"CO",2016,70,3,267.647058823529,0,93,0
436,2016-03-11,23.114,83.82,0,-6.38888888888889,11.6111111111111,2.22222222222222,8.6,NA,8.2,12.4,NA,802,"CO",2016,71,3,275.757575757576,0.299999999999999,93,0
437,2016-03-12,23.114,81.28,0,2.72222222222222,8.38888888888889,1.5,8.6,NA,8,12.6,NA,802,"CO",2016,72,3,284.375,0,93,0
438,2016-03-13,22.606,83.82,0,-3.72222222222222,7.77777777777778,1.22222222222222,9,NA,8.1,12.5,NA,802,"CO",2016,73,3,269.69696969697,0.4,93,0
439,2016-03-14,22.606,81.28,1.524,-1.77777777777778,3.5,-2.11111111111111,8.9,NA,8.2,12.4,NA,802,"CO",2016,74,3,278.125,-0.0999999999999996,93,0
440,2016-03-15,24.892,109.22,0.762,-8.5,-4.38888888888889,-7.88888888888889,9.2,NA,8.3,12.5,NA,802,"CO",2016,75,3,227.906976744186,0.299999999999999,93,0
441,2016-03-16,25.908,109.22,0.762,-9.61111111111111,-3.61111111111111,-7.38888888888889,9.4,NA,8.3,12.5,NA,802,"CO",2016,76,3,237.209302325581,0.200000000000001,93,0
442,2016-03-17,26.416,109.22,0.508,-7,2.72222222222222,-4.11111111111111,9.6,NA,8.3,12.6,NA,802,"CO",2016,77,3,241.860465116279,0.199999999999999,93,0
443,2016-03-18,26.924,111.76,0.508,-8.22222222222222,-3.22222222222222,-9.22222222222222,9.7,NA,8.2,12.3,NA,802,"CO",2016,78,3,240.909090909091,0.0999999999999996,93,0
444,2016-03-19,26.924,111.76,0.254,-15.7222222222222,-0.88888888888889,-10.3888888888889,9.6,NA,8.3,12.3,NA,802,"CO",2016,79,3,240.909090909091,-0.0999999999999996,93,0
445,2016-03-20,27.178,106.68,0.508,-18,6.11111111111111,-5,9.7,NA,8.3,12.3,NA,802,"CO",2016,80,3,254.761904761905,0.0999999999999996,93,0
446,2016-03-21,27.178,99.06,0,-2.88888888888889,12.2222222222222,5.88888888888889,9.9,NA,8.4,12.5,NA,802,"CO",2016,81,3,274.358974358974,0.200000000000001,93,0
447,2016-03-22,26.924,93.98,0,4.88888888888889,9.22222222222222,3.22222222222222,9.8,NA,8.6,12.7,NA,802,"CO",2016,82,3,286.486486486486,-0.0999999999999996,93,0
448,2016-03-23,26.67,99.06,0.762,-5.38888888888889,-4.11111111111111,-6.38888888888889,10.3,NA,8.7,12.5,NA,802,"CO",2016,83,3,269.230769230769,0.5,93,0
449,2016-03-24,27.686,106.68,0.508,-7.11111111111111,1.22222222222222,-4.77777777777778,10.4,NA,8.8,12.8,NA,802,"CO",2016,84,3,259.52380952381,0.0999999999999996,93,0
450,2016-03-25,27.94,104.14,1.016,-5.22222222222222,-3.88888888888889,-7.61111111111111,10.5,NA,9,13,NA,802,"CO",2016,85,3,268.292682926829,0.0999999999999996,93,0
451,2016-03-26,28.956,119.38,0.254,-16.7777777777778,-2.5,-11.2777777777778,10.5,NA,9.2,13.3,NA,802,"CO",2016,86,3,242.553191489362,0,93,0
452,2016-03-27,28.956,114.3,0.508,-17.1111111111111,5.11111111111111,-7,10.7,NA,9.4,13.7,NA,802,"CO",2016,87,3,253.333333333333,0.199999999999999,93,0
453,2016-03-28,28.956,109.22,0,-9.38888888888889,10.7222222222222,2.88888888888889,10.7,NA,9.6,14,NA,802,"CO",2016,88,3,265.116279069767,0,93,0
454,2016-03-29,28.956,104.14,0,-0.222222222222221,11.3888888888889,1.11111111111111,10.9,NA,9.6,14.1,NA,802,"CO",2016,89,3,278.048780487805,0.200000000000001,93,0
455,2016-03-30,28.448,104.14,0,-8.61111111111111,-1.77777777777778,-6.77777777777778,11.1,NA,10,14.6,NA,802,"CO",2016,90,3,273.170731707317,0.199999999999999,93,0
456,2016-03-31,28.702,106.68,0,-8.38888888888889,0.277777777777778,-8.22222222222222,11,NA,10.1,15.1,NA,802,"CO",2016,91,3,269.047619047619,-0.0999999999999996,93,0
457,2016-04-01,28.956,109.22,0.508,-16.3888888888889,1.27777777777778,-7.88888888888889,11.3,NA,10.3,15.7,NA,802,"CO",2016,92,4,265.116279069767,0.300000000000001,93,0
458,2016-04-02,29.21,106.68,0,-8.38888888888889,7.61111111111111,-1.38888888888889,11.3,NA,10.2,16.1,NA,802,"CO",2016,93,4,273.809523809524,0,93,0
459,2016-04-03,29.21,101.6,0,-7.61111111111111,8.88888888888889,1.11111111111111,11.7,NA,10.5,16.5,NA,802,"CO",2016,94,4,287.5,0.399999999999999,93,1
460,2016-04-04,28.956,96.52,0,-3.5,13.7222222222222,3.38888888888889,16.1,NA,11.1,19.1,NA,802,"CO",2016,95,4,300,4.4,93,0
461,2016-04-05,28.702,93.98,0,-2.11111111111111,7.11111111111111,-2,16,NA,12.4,22.6,NA,802,"CO",2016,96,4,305.405405405405,-0.100000000000001,93,0
462,2016-04-06,27.94,93.98,0.508,-10,10.2222222222222,1.27777777777778,14.3,NA,12.4,22.9,NA,802,"CO",2016,97,4,297.297297297297,-1.7,93,0
463,2016-04-07,27.432,91.44,0,3.22222222222222,11.5,3.27777777777778,14.3,NA,12.5,22.7,NA,802,"CO",2016,98,4,300,0,93,0
464,2016-04-08,26.924,88.9,0,-2.77777777777778,13.7222222222222,4.38888888888889,16.6,NA,13.2,24.1,NA,802,"CO",2016,99,4,302.857142857143,2.3,93,0
465,2016-04-09,26.924,83.82,0,2.88888888888889,9.22222222222222,2.38888888888889,16.8,NA,14.1,25.1,NA,802,"CO",2016,100,4,321.212121212121,0.199999999999999,93,0
466,2016-04-10,26.924,83.82,0.254,0.499999999999999,10.1111111111111,2.38888888888889,16.3,NA,13.9,25.7,NA,802,"CO",2016,101,4,321.212121212121,-0.5,93,0
467,2016-04-11,27.178,83.82,0,-3.22222222222222,8.72222222222222,1.72222222222222,15.9,NA,14.3,26,NA,802,"CO",2016,102,4,324.242424242424,-0.4,93,0
468,2016-04-12,26.924,81.28,0,-2.72222222222222,10.7777777777778,3,16.3,NA,14.4,26.3,NA,802,"CO",2016,103,4,331.25,0.4,93,0
469,2016-04-13,25.654,76.2,0,-2,13,4,16.5,NA,16.1,27.8,NA,802,"CO",2016,104,4,336.666666666667,0.199999999999999,93,0
470,2016-04-14,22.86,73.66,0,-1,14.1111111111111,4.72222222222222,16.8,NA,16.4,27.9,NA,802,"CO",2016,105,4,310.344827586207,0.300000000000001,93,0
471,2016-04-15,21.844,68.58,3.048,-2.72222222222222,3.72222222222222,-2.61111111111111,17.2,NA,16.5,27.9,NA,802,"CO",2016,106,4,318.518518518518,0.399999999999999,93,0
472,2016-04-16,25.146,99.06,0.508,-4.72222222222222,0.277777777777778,-3.61111111111111,15.2,NA,14.8,27.2,NA,802,"CO",2016,107,4,253.846153846154,-2,93,0
473,2016-04-17,25.654,101.6,0.762,-6.11111111111111,1.27777777777778,-4.5,14.5,NA,14.2,26.9,NA,802,"CO",2016,108,4,252.5,-0.699999999999999,93,0
474,2016-04-18,25.908,93.98,0,-7.88888888888889,2.27777777777778,-2.72222222222222,14,NA,14,26.6,NA,802,"CO",2016,109,4,275.675675675676,-0.5,93,0
475,2016-04-19,25.908,91.44,0,-3.61111111111111,3.27777777777778,-2.11111111111111,14,NA,13.9,26.3,NA,802,"CO",2016,110,4,283.333333333333,0,93,0
476,2016-04-20,25.908,88.9,0,-3.22222222222222,6.88888888888889,0.277777777777778,13.5,NA,13.5,26.1,NA,802,"CO",2016,111,4,291.428571428571,-0.5,93,0
477,2016-04-21,26.162,83.82,0.254,-5.27777777777778,12.1111111111111,3.22222222222222,14.3,NA,13.7,26.1,NA,802,"CO",2016,112,4,312.121212121212,0.800000000000001,93,0
478,2016-04-22,24.892,76.2,0,-2.88888888888889,18,6.77777777777778,16,NA,15,26.8,NA,802,"CO",2016,113,4,326.666666666667,1.7,93,0
479,2016-04-23,24.13,68.58,0,3.72222222222222,16.7222222222222,5.11111111111111,16.9,NA,16.3,27.6,NA,802,"CO",2016,114,4,351.851851851852,0.899999999999999,93,0
480,2016-04-24,22.352,66.04,0,-1.22222222222222,8.38888888888889,1.38888888888889,17.1,NA,16.1,27.8,NA,802,"CO",2016,115,4,338.461538461538,0.200000000000003,93,0
481,2016-04-25,21.844,66.04,0.254,-1.77777777777778,14,3.72222222222222,16.8,NA,15.8,27.5,NA,802,"CO",2016,116,4,330.769230769231,-0.300000000000001,93,0
482,2016-04-26,20.32,60.96,0,-2.27777777777778,5.61111111111111,-0.777777777777777,17.1,NA,16.6,27.8,NA,802,"CO",2016,117,4,333.333333333333,0.300000000000001,93,0
483,2016-04-27,19.812,60.96,0.254,-4.22222222222222,5.77777777777778,-1.11111111111111,16.9,NA,15.8,27.5,NA,802,"CO",2016,118,4,325,-0.200000000000003,93,0
484,2016-04-28,19.304,58.42,0,-3,6.77777777777778,1.22222222222222,16.6,NA,15.9,27.5,NA,802,"CO",2016,119,4,330.434782608696,-0.299999999999997,93,0
485,2016-04-29,18.796,55.88,0.508,-0.88888888888889,1.5,-1.11111111111111,16.8,NA,15.7,27.5,NA,802,"CO",2016,120,4,336.363636363636,0.199999999999999,93,0
486,2016-04-30,19.304,63.5,0.762,-3.22222222222222,1.27777777777778,-2.77777777777778,15.4,NA,14.9,27.1,NA,802,"CO",2016,121,4,304,-1.4,93,0
487,2016-05-01,19.812,60.96,0,-7.22222222222222,4.38888888888889,-2.11111111111111,14.9,NA,14.7,26.8,NA,802,"CO",2016,122,5,325,-0.5,93,0
488,2016-05-02,20.066,58.42,0.254,-7.11111111111111,9.11111111111111,0.277777777777778,15.9,NA,15,27.1,NA,802,"CO",2016,123,5,343.478260869565,1,93,0
489,2016-05-03,18.542,50.8,0,-4.38888888888889,12.2777777777778,3.38888888888889,17.3,NA,16.6,27.8,NA,802,"CO",2016,124,5,365,1.4,93,0
490,2016-05-04,16.51,45.72,0,-2.72222222222222,17,6.61111111111111,17.3,NA,16.9,28.1,NA,802,"CO",2016,125,5,361.111111111111,0,93,0
491,2016-05-05,13.462,38.1,0,0.111111111111113,19,9.38888888888889,17.4,NA,17,28.4,NA,802,"CO",2016,126,5,353.333333333333,0.0999999999999979,93,0
492,2016-05-06,10.668,27.94,0,3.5,17.8888888888889,10,17.4,NA,16.9,28.5,NA,802,"CO",2016,127,5,381.818181818182,0,93,0
493,2016-05-07,8.128,22.86,0,2.38888888888889,8.77777777777778,2.88888888888889,17.3,NA,17.1,28.7,NA,802,"CO",2016,128,5,355.555555555556,-0.0999999999999979,93,0
494,2016-05-08,7.874,20.32,0.254,-1.61111111111111,8.5,1.5,16.5,NA,16.2,28,NA,802,"CO",2016,129,5,387.5,-0.800000000000001,93,0
495,2016-05-09,7.112,27.94,0.254,-0.88888888888889,9.61111111111111,2.77777777777778,17.1,NA,16.8,28.2,NA,802,"CO",2016,130,5,254.545454545455,0.600000000000001,93,0
496,2016-05-10,7.112,20.32,1.524,0,8.38888888888889,2,17.6,NA,16.8,28.2,NA,802,"CO",2016,131,5,350,0.5,93,0
497,2016-05-11,6.858,20.32,0.508,-3.5,7.88888888888889,0.777777777777777,16.9,NA,16.6,28.3,NA,802,"CO",2016,132,5,337.5,-0.700000000000003,93,0
498,2016-05-12,3.302,15.24,0,-3.11111111111111,13.8888888888889,4.22222222222222,16.3,NA,16.3,28.3,NA,802,"CO",2016,133,5,216.666666666667,-0.599999999999998,93,0
499,2016-05-13,1.524,5.08,0.254,-1.5,16.7222222222222,7.88888888888889,15.7,NA,16.1,28.1,NA,802,"CO",2016,134,5,300,-0.600000000000001,93,0
500,2016-05-14,0,0,0.254,2,18.5,9.11111111111111,14.8,NA,15.6,28,NA,802,"CO",2016,135,5,NA,-0.899999999999999,93,0
501,2016-05-15,0,0,0,3.72222222222222,13.1111111111111,5.5,14.2,NA,15,27.6,NA,802,"CO",2016,136,5,NA,-0.600000000000001,93,0
502,2016-05-16,0,0,0,1.22222222222222,7.22222222222222,2.11111111111111,15.3,NA,15,27.3,NA,802,"CO",2016,137,5,NA,1.1,93,0
503,2016-05-17,0,0,0,0.777777777777777,11.3888888888889,4.38888888888889,15.5,NA,15,27.4,NA,802,"CO",2016,138,5,NA,0.199999999999999,93,0
504,2016-05-18,0,0,0.254,1.11111111111111,12.6111111111111,4.11111111111111,14.4,NA,14.7,27.2,NA,802,"CO",2016,139,5,NA,-1.1,93,0
505,2016-05-19,0,0,0.254,-0.722222222222223,15.1111111111111,5.22222222222222,16.6,NA,15.1,27.5,NA,802,"CO",2016,140,5,NA,2.2,93,0
506,2016-05-20,0,0,0,1.11111111111111,18.7777777777778,9.61111111111111,15.4,NA,15.5,27.4,NA,802,"CO",2016,141,5,NA,-1.2,93,0
507,2016-05-21,0,0,0,6,20.6111111111111,11,14.5,NA,15,27.1,NA,802,"CO",2016,142,5,NA,-0.9,93,0
508,2016-05-22,0,0,0,3.27777777777778,18.6111111111111,8.22222222222222,13.6,NA,14.6,26.8,NA,802,"CO",2016,143,5,NA,-0.9,93,0
509,2016-05-23,0,0,0,-2,12.7222222222222,4.38888888888889,12.9,NA,14.2,26.5,NA,802,"CO",2016,144,5,NA,-0.699999999999999,93,0
510,2016-05-24,0,0,0,-1.5,18.7222222222222,8.11111111111111,12.4,NA,13.7,26.2,NA,802,"CO",2016,145,5,NA,-0.5,93,0
511,2016-05-25,0,0,0,6.38888888888889,15,6.11111111111111,11.8,NA,13.7,25.8,NA,802,"CO",2016,146,5,NA,-0.6,93,0
512,2016-05-26,0,0,0,-1.11111111111111,14.2222222222222,4.38888888888889,11.2,NA,13.4,25.6,NA,802,"CO",2016,147,5,NA,-0.600000000000001,93,0
513,2016-05-27,0,0,0,1.11111111111111,9.72222222222222,2.5,11.2,NA,13.3,25.3,NA,802,"CO",2016,148,5,NA,0,93,0
514,2016-05-28,0,0,0.762,-0.611111111111112,13,4.11111111111111,14.5,NA,13.1,25,NA,802,"CO",2016,149,5,NA,3.3,93,0
515,2016-05-29,0,0,0,-2,17,6.5,13.8,NA,13.6,25,NA,802,"CO",2016,150,5,NA,-0.699999999999999,93,0
516,2016-05-30,0,0,0,-0.777777777777777,17.8888888888889,6.5,13.1,NA,13.4,25,NA,802,"CO",2016,151,5,NA,-0.700000000000001,93,0
517,2016-05-31,0,0,0,-0.277777777777778,16.5,7.11111111111111,12.4,NA,13.2,24.9,NA,802,"CO",2016,152,5,NA,-0.699999999999999,93,0
518,2016-06-01,0,0,0.254,2.38888888888889,18.7777777777778,9.72222222222222,11.8,NA,13.2,24.8,NA,802,"CO",2016,153,6,NA,-0.6,93,0
519,2016-06-02,0,0,0.254,1.61111111111111,21.1111111111111,10,11.5,NA,13.1,24.6,NA,802,"CO",2016,154,6,NA,-0.300000000000001,93,0
520,2016-06-03,0,0,0,3.77777777777778,19.8888888888889,11,11,NA,13,24.4,NA,802,"CO",2016,155,6,NA,-0.5,93,0
521,2016-06-04,0,0,0,3.27777777777778,22.1111111111111,12.3888888888889,10.4,NA,12.8,24.3,NA,802,"CO",2016,156,6,NA,-0.6,93,0
522,2016-06-05,0,0,0,7.11111111111111,22,13.2777777777778,10.4,NA,12.7,24.2,NA,802,"CO",2016,157,6,NA,0,93,0
523,2016-06-06,0,0,0,10,23.1111111111111,13.8888888888889,10.3,NA,12.6,23.9,NA,802,"CO",2016,158,6,NA,-0.0999999999999996,93,0
524,2016-06-07,0,0,0,10,15.3888888888889,5.88888888888889,10.2,NA,12.5,23.8,NA,802,"CO",2016,159,6,NA,-0.100000000000001,93,0
525,2016-06-08,0,0,0.508,0.611111111111112,14.8888888888889,5.5,9.6,NA,12.3,23.5,NA,802,"CO",2016,160,6,NA,-0.6,93,0
526,2016-06-09,0,0,0.254,0.388888888888891,20.2222222222222,11.2222222222222,10.1,NA,13.1,23.1,NA,802,"CO",2016,161,6,NA,0.5,93,0
527,2016-06-10,0,0,0,NA,18.2777777777778,11.8888888888889,9.6,NA,11.9,23.1,NA,802,"CO",2016,162,6,NA,-0.5,93,0
528,2016-06-11,0,0,0,NA,20.2777777777778,10.8888888888889,8.8,NA,11.8,22.7,NA,802,"CO",2016,163,6,NA,-0.799999999999999,93,0
529,2016-06-12,0,0,0,NA,23.1111111111111,13,8.1,NA,11.5,22.5,NA,802,"CO",2016,164,6,NA,-0.700000000000001,93,0
530,2016-06-13,0,0,0,NA,18.7222222222222,9.72222222222222,7.6,NA,11.5,22.2,NA,802,"CO",2016,165,6,NA,-0.5,93,0
531,2016-06-14,0,0,0.508,NA,17.5,7.77777777777778,7.8,NA,11.4,22,NA,802,"CO",2016,166,6,NA,0.2,93,0
532,2016-06-15,0,0,0,NA,20.5,13.2222222222222,8.2,NA,11.2,21.7,NA,802,"CO",2016,167,6,NA,0.399999999999999,93,0
533,2016-06-16,0,0,0,NA,21.5,12.6111111111111,7.2,NA,10.9,21.5,NA,802,"CO",2016,168,6,NA,-0.999999999999999,93,0
534,2016-06-17,0,0,0,NA,26,13.8888888888889,5.1,NA,10.7,21.1,NA,802,"CO",2016,169,6,NA,-2.1,93,0
535,2016-06-18,0,0,0,NA,27.2777777777778,16,5.1,NA,10.3,20.8,NA,802,"CO",2016,170,6,NA,0,93,0
536,2016-06-19,0,0,0.254,NA,27.5,17.3888888888889,4.5,NA,10.1,20.5,NA,802,"CO",2016,171,6,NA,-0.6,93,0
537,2016-06-20,0,0,0,NA,27.2222222222222,18.2777777777778,4.5,NA,9.5,20.1,NA,802,"CO",2016,172,6,NA,0,93,0
538,2016-06-21,0,0,0,NA,27.7777777777778,18.6111111111111,21.3,NA,9.3,19.7,NA,802,"CO",2016,173,6,NA,16.8,93,0
539,2016-06-22,0,0,1.016,NA,25.8888888888889,14.7222222222222,21.2,NA,9.1,19.2,NA,802,"CO",2016,174,6,NA,-0.100000000000001,93,0
540,2016-06-23,0,0,0,NA,22,13.3888888888889,12.6,NA,13.5,20.7,NA,802,"CO",2016,175,6,NA,-8.6,93,0
541,2016-06-24,0,0,0,NA,24.2777777777778,15.2777777777778,20.8,NA,11.9,19.8,NA,802,"CO",2016,176,6,NA,8.2,93,0
542,2016-06-25,0,0,0,8.38888888888889,24,14.2777777777778,8.9,NA,11.1,19.2,NA,802,"CO",2016,177,6,NA,-11.9,93,0
543,2016-06-26,0,0,0,4.11111111111111,25.2777777777778,15.5,7.8,NA,10.4,18.9,NA,802,"CO",2016,178,6,NA,-1.1,93,0
544,2016-06-27,0,0,0,5.38888888888889,24,14,6.6,NA,9.8,18.5,NA,802,"CO",2016,179,6,NA,-1.2,93,0
545,2016-06-28,0,0,0,7.88888888888889,26.2222222222222,15.3888888888889,5.5,NA,9.5,17.9,NA,802,"CO",2016,180,6,NA,-1.1,93,0
546,2016-06-29,0,0,0,6.72222222222222,23.2777777777778,13.7222222222222,20.6,NA,8.9,17.5,NA,802,"CO",2016,181,6,NA,15.1,93,0
547,2016-06-30,0,0,0.254,7.5,17.7222222222222,11.1111111111111,20.7,NA,8.2,17,NA,802,"CO",2016,182,6,NA,0.0999999999999979,93,0
548,2016-07-01,0,0,0.762,10.2222222222222,15.3888888888889,11.3888888888889,20.7,NA,8,16.8,NA,802,"CO",2016,183,7,NA,0,93,0
549,2016-07-02,0,0,0.508,8.72222222222222,15.5,10.3888888888889,20.6,NA,10.8,20.8,NA,802,"CO",2016,184,7,NA,-0.0999999999999979,93,0
550,2016-07-03,0,0,0,7.77777777777778,19.1111111111111,11.2222222222222,20.5,NA,10.7,19.6,NA,802,"CO",2016,185,7,NA,-0.100000000000001,93,0
551,2016-07-04,0,0,0,3.61111111111111,21.8888888888889,12.7222222222222,20.1,NA,10.4,18.7,NA,802,"CO",2016,186,7,NA,-0.399999999999999,93,0
552,2016-07-05,0,0,0,6.5,23.1111111111111,13.7222222222222,20.3,NA,10.2,18,NA,802,"CO",2016,187,7,NA,0.199999999999999,93,0
553,2016-07-06,0,0,0,6.38888888888889,23.5,14.7777777777778,20.4,NA,9.8,17.6,NA,802,"CO",2016,188,7,NA,0.0999999999999979,93,0
554,2016-07-07,0,0,0,5.5,22.6111111111111,14.7777777777778,20.2,NA,9.6,17,NA,802,"CO",2016,189,7,NA,-0.199999999999999,93,0
555,2016-07-08,0,0,0,5.77777777777778,24.8888888888889,15,20.3,NA,9.3,16.5,NA,802,"CO",2016,190,7,NA,0.100000000000001,93,0
556,2016-07-09,0,0,0,6.61111111111111,25.8888888888889,16,20.3,NA,8.9,16.1,NA,802,"CO",2016,191,7,NA,0,93,0
557,2016-07-10,0,0,0,7.22222222222222,26,17.2222222222222,20.7,NA,8.7,15.6,NA,802,"CO",2016,192,7,NA,0.399999999999999,93,0
558,2016-07-11,0,0,0,16.5,20.8888888888889,13.7222222222222,20.9,NA,7.9,14.9,NA,802,"CO",2016,193,7,NA,0.199999999999999,93,0
559,2016-07-12,0,0,0,7.11111111111111,23.1111111111111,13.1111111111111,20.3,NA,7.7,14.3,NA,802,"CO",2016,194,7,NA,-0.599999999999998,93,0
560,2016-07-13,0,0,0,7,24.3888888888889,14,20.4,NA,7.1,13.7,NA,802,"CO",2016,195,7,NA,0.0999999999999979,93,0
561,2016-07-14,0,0,0,5.22222222222222,24.3888888888889,13.1111111111111,20.3,NA,6.7,12.9,NA,802,"CO",2016,196,7,NA,-0.0999999999999979,93,0
562,2016-07-15,0,0,0,4.22222222222222,25.1111111111111,14,20.4,NA,6,12,NA,802,"CO",2016,197,7,NA,0.0999999999999979,93,0
563,2016-07-16,0,0,0,13.3888888888889,25.7777777777778,17.3888888888889,20.7,NA,5.2,11.5,NA,802,"CO",2016,198,7,NA,0.300000000000001,93,0
564,2016-07-17,0,0,0,8.5,27,17,21,NA,4.8,10.3,NA,802,"CO",2016,199,7,NA,0.300000000000001,93,0
565,2016-07-18,0,0,0,15.7777777777778,22.7777777777778,14.7222222222222,21.3,NA,4.5,9.6,NA,802,"CO",2016,200,7,NA,0.300000000000001,93,0
566,2016-07-19,0,0,0,10.1111111111111,24.3888888888889,15.5,20.9,NA,4.1,9.2,NA,802,"CO",2016,201,7,NA,-0.400000000000002,93,0
567,2016-07-20,0,0,0.254,8,23.2777777777778,13.2777777777778,21.1,NA,4.1,8.9,NA,802,"CO",2016,202,7,NA,0.200000000000003,93,0
568,2016-07-21,0,0,0.254,6.88888888888889,22.5,12.3888888888889,20.9,NA,3.9,8.5,NA,802,"CO",2016,203,7,NA,-0.200000000000003,93,0
569,2016-07-22,0,0,0,9,22.7222222222222,13.8888888888889,20.9,NA,3.7,8.6,NA,802,"CO",2016,204,7,NA,0,93,0
570,2016-07-23,0,0,0,6.22222222222222,26.2222222222222,14.6111111111111,20.6,NA,3.8,8.2,NA,802,"CO",2016,205,7,NA,-0.299999999999997,93,0
571,2016-07-24,0,0,0,9.38888888888889,25.2777777777778,14.8888888888889,20.9,NA,3.8,7.7,NA,802,"CO",2016,206,7,NA,0.299999999999997,93,0
572,2016-07-25,0,0,0,13.7222222222222,26,16.6111111111111,20.8,NA,3.5,7.4,NA,802,"CO",2016,207,7,NA,-0.0999999999999979,93,0
573,2016-07-26,0,0,0,9.72222222222222,23.7777777777778,13.7222222222222,20.9,NA,3.6,6.8,NA,802,"CO",2016,208,7,NA,0.0999999999999979,93,0
574,2016-07-27,0,0,0,4.88888888888889,25.7777777777778,14.6111111111111,20.2,NA,3.4,6.4,NA,802,"CO",2016,209,7,NA,-0.699999999999999,93,0
575,2016-07-28,0,0,0,4.88888888888889,26.3888888888889,15.7777777777778,20.4,NA,3.1,5.6,NA,802,"CO",2016,210,7,NA,0.199999999999999,93,0
576,2016-07-29,0,0,0,12.3888888888889,25.2222222222222,15.5,20.7,NA,2.9,5.1,NA,802,"CO",2016,211,7,NA,0.300000000000001,93,0
577,2016-07-30,0,0,0,8.61111111111111,26,15.8888888888889,21.1,NA,2.7,4.4,NA,802,"CO",2016,212,7,NA,0.400000000000002,93,0
578,2016-07-31,0,0,0,9.88888888888889,22.5,12.7777777777778,21,NA,2.4,4.3,NA,802,"CO",2016,213,7,NA,-0.100000000000001,93,0
579,2016-08-01,0,0,0,5.72222222222222,24.3888888888889,14.8888888888889,20.7,NA,2.5,4.1,NA,802,"CO",2016,214,8,NA,-0.300000000000001,93,0
580,2016-08-02,0,0,0,10.7222222222222,25.6111111111111,16.2777777777778,21.2,NA,2.2,3.6,NA,802,"CO",2016,215,8,NA,0.5,93,0
732,2017-01-01,13.208,55.88,0,-15.7777777777778,0.499999999999999,-7.88888888888889,24.5,NA,6,5,NA,802,"CO",2017,1,1,236.363636363636,0,68,0
733,2017-01-02,13.208,53.34,0.254,-8.72222222222222,-0.777777777777777,-4.27777777777778,24.5,NA,6,5,NA,802,"CO",2017,2,1,247.619047619048,0,68,0
734,2017-01-03,13.462,53.34,0.508,-6.61111111111111,-4.88888888888889,-7.38888888888889,24.5,NA,5.7,5,NA,802,"CO",2017,3,1,252.380952380952,0,68,0
735,2017-01-04,14.224,63.5,1.27,-7.11111111111111,-2.5,-4.38888888888889,24.5,NA,6,4.9,NA,802,"CO",2017,4,1,224,0,68,0
736,2017-01-05,16.002,81.28,2.032,-3.88888888888889,-2.88888888888889,-14.8888888888889,24.5,NA,5.9,5,NA,802,"CO",2017,5,1,196.875,0,68,0
737,2017-01-06,18.034,99.06,0,-20.1111111111111,-12.5,-21.2222222222222,24.5,NA,5.7,4.9,NA,802,"CO",2017,6,1,182.051282051282,0,68,0
738,2017-01-07,18.034,91.44,0.762,-25.8888888888889,-3.22222222222222,-13.8888888888889,24.5,NA,5.8,5,NA,802,"CO",2017,7,1,197.222222222222,0,68,0
739,2017-01-08,18.288,86.36,1.016,-3.5,3.72222222222222,-1.5,24.5,NA,5.9,4.8,NA,802,"CO",2017,8,1,211.764705882353,0,68,0
740,2017-01-09,19.812,93.98,2.032,3.5,4.11111111111111,0.111111111111113,24.5,NA,5.7,4.8,NA,802,"CO",2017,9,1,210.810810810811,0,68,0
741,2017-01-10,22.098,116.84,1.27,-7.11111111111111,-2.27777777777778,-5,24.5,NA,5.6,4.9,NA,802,"CO",2017,10,1,189.130434782609,0,68,0
742,2017-01-11,23.114,114.3,1.524,-4.5,-1.22222222222222,-4,24.5,NA,5.8,4.9,NA,802,"CO",2017,11,1,202.222222222222,0,68,0
743,2017-01-12,24.892,132.08,0.762,-6.72222222222222,1.38888888888889,-4,24.5,NA,5.7,5,NA,802,"CO",2017,12,1,188.461538461538,0,68,0
744,2017-01-13,25.146,121.92,0,-4.77777777777778,4.5,-4.11111111111111,24.5,NA,5.7,5,NA,802,"CO",2017,13,1,206.25,0,68,0
745,2017-01-14,25.146,114.3,0.254,-8.27777777777778,3,-4.61111111111111,24.5,NA,5.8,4.8,NA,802,"CO",2017,14,1,220,0,68,0
746,2017-01-15,25.146,111.76,0,-6,0.277777777777778,-5.38888888888889,24.5,NA,5.8,4.9,NA,802,"CO",2017,15,1,225,0,68,0
747,2017-01-16,25.146,109.22,0,-5,-1.77777777777778,-5.77777777777778,24.5,NA,5.7,4.9,NA,802,"CO",2017,16,1,230.232558139535,0,68,0
748,2017-01-17,25.146,106.68,0,-11.2777777777778,-1.77777777777778,-10.2222222222222,24.5,NA,5.7,4.8,NA,802,"CO",2017,17,1,235.714285714286,0,68,0
749,2017-01-18,25.146,104.14,0,-15.3888888888889,-2,-11.5,24.5,NA,5.6,4.8,NA,802,"CO",2017,18,1,241.463414634146,0,68,0
750,2017-01-19,25.146,101.6,0.254,-14.6111111111111,1.72222222222222,-8.61111111111111,24.5,NA,5.8,4.8,NA,802,"CO",2017,19,1,247.5,0,68,0
751,2017-01-20,25.4,101.6,0,-7.61111111111111,-3.61111111111111,-8,24.5,NA,5.7,4.7,NA,802,"CO",2017,20,1,250,0,68,0
752,2017-01-21,25.654,104.14,0.254,-14.3888888888889,-3.88888888888889,-9.88888888888889,24.5,NA,5.6,4.9,NA,802,"CO",2017,21,1,246.341463414634,0,68,0
753,2017-01-22,25.654,101.6,0.254,-9.11111111111111,-2.38888888888889,-7.61111111111111,24.5,NA,5.8,4.7,NA,802,"CO",2017,22,1,252.5,0,68,0
754,2017-01-23,26.162,104.14,0.254,-2.5,-1.27777777777778,-4.72222222222222,24.5,NA,5.8,4.8,NA,802,"CO",2017,23,1,251.219512195122,0,68,0
755,2017-01-24,26.67,109.22,0,-11.2777777777778,-7.27777777777778,-12.7222222222222,24.5,NA,5.7,4.7,NA,802,"CO",2017,24,1,244.186046511628,0,68,0
756,2017-01-25,26.67,109.22,0.254,-19.2222222222222,-10.6111111111111,-15.7222222222222,24.5,NA,5.6,4.7,NA,802,"CO",2017,25,1,244.186046511628,0,68,0
757,2017-01-26,26.67,106.68,0.254,-17.2777777777778,-13.1111111111111,-17.7777777777778,24.5,NA,5.6,4.7,NA,802,"CO",2017,26,1,250,0,68,0
758,2017-01-27,26.924,106.68,0,-24,-10.6111111111111,-19.2222222222222,24.5,NA,5.6,4.6,NA,802,"CO",2017,27,1,252.380952380952,0,68,0
759,2017-01-28,26.924,104.14,0.254,-22.1111111111111,-4.77777777777778,-13,24.5,NA,5.8,4.8,NA,802,"CO",2017,28,1,258.536585365854,0,68,0
760,2017-01-29,26.924,104.14,0,-14.7222222222222,-0.277777777777778,-9.72222222222222,24.5,NA,5.6,4.8,NA,802,"CO",2017,29,1,258.536585365854,0,68,0
761,2017-01-30,26.924,101.6,0.254,-11.1111111111111,3.22222222222222,-5.5,24.5,NA,5.7,4.6,NA,802,"CO",2017,30,1,265,0,68,0
762,2017-01-31,27.178,99.06,0,-3.38888888888889,6.61111111111111,1.38888888888889,24.5,NA,5.8,4.6,NA,802,"CO",2017,31,1,274.358974358974,0,68,0
763,2017-02-01,27.178,96.52,0,-0.111111111111111,6.72222222222222,1.61111111111111,24.5,NA,5.6,4.6,NA,802,"CO",2017,32,2,281.578947368421,0,68,0
764,2017-02-02,27.178,96.52,0.254,0.499999999999999,2.38888888888889,-1.11111111111111,24.5,NA,5.8,4.6,NA,802,"CO",2017,33,2,281.578947368421,0,68,0
765,2017-02-03,27.178,99.06,0,-2.77777777777778,5.5,-2.11111111111111,24.5,NA,5.8,4.6,NA,802,"CO",2017,34,2,274.358974358974,0,68,0
766,2017-02-04,27.432,96.52,0.254,-2.11111111111111,4.5,-2.38888888888889,24.5,NA,5.6,4.6,NA,802,"CO",2017,35,2,284.21052631579,0,68,0
767,2017-02-05,27.94,101.6,0.254,-8.72222222222222,6.5,-2.77777777777778,24.5,NA,5.6,4.5,NA,802,"CO",2017,36,2,275,0,68,0
768,2017-02-06,27.94,99.06,0,-7.77777777777778,4.88888888888889,-0.88888888888889,24.5,NA,5.6,4.6,NA,802,"CO",2017,37,2,282.051282051282,0,68,0
769,2017-02-07,27.94,96.52,1.016,-1.5,2.88888888888889,0.111111111111113,24.5,NA,5.8,4.4,NA,802,"CO",2017,38,2,289.473684210526,0,68,0
770,2017-02-08,29.21,104.14,0.254,1.27777777777778,2.72222222222222,0.111111111111113,24.5,NA,5.6,4.5,NA,802,"CO",2017,39,2,280.487804878049,0,68,0
771,2017-02-09,29.464,104.14,0.254,2,10.3888888888889,5.88888888888889,24.5,NA,5.7,4.6,NA,802,"CO",2017,40,2,282.926829268293,0,68,0
772,2017-02-10,29.464,99.06,0,7.5,11.5,7,24.5,NA,5.8,4.6,NA,802,"CO",2017,41,2,297.435897435897,0,68,0
773,2017-02-11,29.464,96.52,0.508,1.77777777777778,4.22222222222222,-0.88888888888889,24.5,NA,5.6,4.4,NA,802,"CO",2017,42,2,305.263157894737,0,68,0
774,2017-02-12,29.718,101.6,0.254,-7.11111111111111,4,-2.11111111111111,24.5,NA,5.7,4.6,NA,802,"CO",2017,43,2,292.5,0,68,0
775,2017-02-13,29.972,99.06,0,-2.88888888888889,1.61111111111111,-3.22222222222222,24.5,NA,5.5,4.6,NA,802,"CO",2017,44,2,302.564102564103,0,68,0
776,2017-02-14,29.972,99.06,0,-11,1.77777777777778,-8.22222222222222,24.5,NA,5.4,4.7,NA,802,"CO",2017,45,2,302.564102564103,0,68,0
777,2017-02-15,29.972,99.06,0.254,-14,3.88888888888889,-7.11111111111111,24.5,NA,5.6,4.6,NA,802,"CO",2017,46,2,302.564102564103,0,68,0
778,2017-02-16,30.226,99.06,0,-9.88888888888889,9.61111111111111,-3.77777777777778,24.5,NA,5.5,4.6,NA,802,"CO",2017,47,2,305.128205128205,0,68,0
779,2017-02-17,30.226,96.52,0,-9.77777777777778,6.61111111111111,-2.22222222222222,24.5,NA,5.6,4.7,NA,802,"CO",2017,48,2,313.157894736842,0,68,0
780,2017-02-18,30.226,96.52,0.254,-1.77777777777778,9.88888888888889,0.999999999999998,24.5,NA,5.6,4.6,NA,802,"CO",2017,49,2,313.157894736842,0,68,0
781,2017-02-19,30.226,96.52,0.254,-5.88888888888889,5.88888888888889,-1.77777777777778,24.5,NA,5.5,4.7,NA,802,"CO",2017,50,2,313.157894736842,0,68,0
782,2017-02-20,30.226,104.14,0.254,-4.27777777777778,5.5,-2.11111111111111,24.5,NA,5.6,4.7,NA,802,"CO",2017,51,2,290.243902439024,0,68,0
783,2017-02-21,30.48,101.6,0,-2.72222222222222,10.1111111111111,4.11111111111111,24.5,NA,5.5,4.5,NA,802,"CO",2017,52,2,300,0,68,0
784,2017-02-22,30.734,96.52,0,3.27777777777778,7.11111111111111,2.61111111111111,24.5,NA,5.5,4.5,NA,802,"CO",2017,53,2,318.421052631579,0,68,0
785,2017-02-23,30.988,93.98,0.254,-0.88888888888889,-0.722222222222223,-7,24.5,NA,5.7,4.7,NA,802,"CO",2017,54,2,329.72972972973,0,68,0
786,2017-02-24,30.988,101.6,0.254,-11.7777777777778,-6,-12.2777777777778,24.5,NA,5.7,4.6,NA,802,"CO",2017,55,2,305,0,68,0
787,2017-02-25,31.242,106.68,0.254,-15.2222222222222,-8.88888888888889,-13.2777777777778,24.5,NA,5.7,4.7,NA,802,"CO",2017,56,2,292.857142857143,0,68,0
788,2017-02-26,31.496,106.68,0,-16.1111111111111,-4.11111111111111,-13.7777777777778,24.5,NA,5.5,4.5,NA,802,"CO",2017,57,2,295.238095238095,0,68,0
789,2017-02-27,31.75,104.14,0.508,-10.8888888888889,0.611111111111112,-5.77777777777778,24.5,NA,5.5,4.6,NA,802,"CO",2017,58,2,304.878048780488,0,68,0
790,2017-02-28,31.75,109.22,1.016,-9,-6.61111111111111,-10.3888888888889,24.5,NA,5.5,4.3,NA,802,"CO",2017,59,2,290.697674418605,0,68,0
791,2017-03-01,32.766,121.92,0.254,-12.7777777777778,-3.88888888888889,-12.3888888888889,24.5,NA,5.5,4.3,NA,802,"CO",2017,60,3,268.75,0,68,0
792,2017-03-02,33.02,119.38,0.254,-17.2222222222222,0.499999999999999,-10.6111111111111,24.5,NA,5.4,4.3,NA,802,"CO",2017,61,3,276.595744680851,0,68,0
793,2017-03-03,33.274,114.3,0.254,-16.6111111111111,7.11111111111111,-6.11111111111111,24.5,NA,5.6,4.3,NA,802,"CO",2017,62,3,291.111111111111,0,68,0
794,2017-03-04,33.274,114.3,0,-12.2222222222222,10.1111111111111,-1,24.5,NA,5.5,4.5,NA,802,"CO",2017,63,3,291.111111111111,0,68,0
795,2017-03-05,33.274,109.22,0,-4.11111111111111,8.22222222222222,0.611111111111112,24.5,NA,5.5,4.6,NA,802,"CO",2017,64,3,304.651162790698,0,68,0
796,2017-03-06,33.782,109.22,0.254,0.388888888888891,0.388888888888891,-10.2222222222222,24.5,NA,5.5,4.6,NA,802,"CO",2017,65,3,309.302325581395,0,68,0
797,2017-03-07,34.29,119.38,0.508,-12.6111111111111,0.222222222222221,-6.61111111111111,24.5,NA,5.5,4.3,NA,802,"CO",2017,66,3,287.234042553192,0,68,0
798,2017-03-08,34.29,114.3,0,-4.22222222222222,7.38888888888889,1.5,24.5,NA,5.8,4.4,NA,802,"CO",2017,67,3,300,0,68,0
799,2017-03-09,34.798,111.76,0.254,0.499999999999999,9.72222222222222,2.88888888888889,24.5,NA,5.6,4.3,NA,802,"CO",2017,68,3,311.363636363636,0,68,0
800,2017-03-10,34.798,106.68,0,-5,11.7777777777778,2.5,24.5,NA,5.6,4.4,NA,802,"CO",2017,69,3,326.190476190476,0,68,0
801,2017-03-11,34.29,104.14,0,-3.61111111111111,7.61111111111111,0.611111111111112,24.5,NA,5.6,4.6,NA,802,"CO",2017,70,3,329.268292682927,0,68,0
802,2017-03-12,34.29,104.14,0,-4.22222222222222,4.72222222222222,0.722222222222221,24.5,NA,5.8,4.6,NA,802,"CO",2017,71,3,329.268292682927,0,68,0
803,2017-03-13,34.29,104.14,0,-7.77777777777778,7,-0.88888888888889,24.5,NA,5.5,4.3,NA,802,"CO",2017,72,3,329.268292682927,0,68,0
804,2017-03-14,34.29,101.6,0,3.27777777777778,12.3888888888889,3.5,24.5,NA,5.4,4.6,NA,802,"CO",2017,73,3,337.5,0,68,0
805,2017-03-15,34.036,99.06,0,-1.61111111111111,14,4,24.5,NA,5.7,4.5,NA,802,"CO",2017,74,3,343.589743589744,0,68,0
806,2017-03-16,34.036,93.98,0,0.999999999999998,13.6111111111111,5.72222222222222,24.5,NA,5.8,4.6,NA,802,"CO",2017,75,3,362.162162162162,0,68,0
807,2017-03-17,33.782,91.44,0,-1.11111111111111,13.7777777777778,3.61111111111111,24.5,NA,6.5,4.5,NA,802,"CO",2017,76,3,369.444444444445,0,68,0
808,2017-03-18,33.274,91.44,0,-2.38888888888889,16.2777777777778,5.5,24.5,NA,6.6,4.4,NA,802,"CO",2017,77,3,363.888888888889,0,68,0
809,2017-03-19,32.258,86.36,0,-0.222222222222221,14,6.5,24.5,NA,7.3,8.8,NA,802,"CO",2017,78,3,373.529411764706,0,68,0
810,2017-03-20,30.988,83.82,0,1.5,14.1111111111111,5.5,24.5,NA,10.5,20.5,NA,802,"CO",2017,79,3,369.69696969697,0,68,0
811,2017-03-21,30.226,78.74,0,-1,13.8888888888889,5.61111111111111,24.5,NA,12.3,21.1,NA,802,"CO",2017,80,3,383.870967741936,0,68,0
812,2017-03-22,29.464,76.2,0,1.5,13.6111111111111,6.22222222222222,24.5,NA,13.2,22.3,NA,802,"CO",2017,81,3,386.666666666667,0,68,0
813,2017-03-23,28.448,73.66,0,7,11.8888888888889,3.27777777777778,24.5,NA,13.6,23,NA,802,"CO",2017,82,3,386.206896551724,0,68,0
814,2017-03-24,27.94,73.66,0,-0.88888888888889,4.77777777777778,-1,24.5,NA,14.1,23.2,NA,802,"CO",2017,83,3,379.310344827586,0,68,0
815,2017-03-25,27.94,73.66,0.254,-6.27777777777778,10.8888888888889,1.27777777777778,24.5,NA,13.5,23.4,NA,802,"CO",2017,84,3,379.310344827586,0,68,0
816,2017-03-26,27.432,73.66,0,-1,5.38888888888889,0.388888888888891,24.5,NA,13.4,23.7,NA,802,"CO",2017,85,3,372.413793103448,0,68,0
817,2017-03-27,26.924,68.58,0,-3.11111111111111,6.88888888888889,0.388888888888891,24.5,NA,14.1,24.5,NA,802,"CO",2017,86,3,392.592592592593,0,68,0
818,2017-03-28,26.67,68.58,1.016,-1.22222222222222,4.88888888888889,-0.222222222222221,24.5,NA,13.7,24.8,NA,802,"CO",2017,87,3,388.888888888889,0,68,0
819,2017-03-29,27.178,78.74,0.254,-2.27777777777778,5.72222222222222,-0.722222222222223,24.5,NA,13.7,24.9,NA,802,"CO",2017,88,3,345.161290322581,0,68,0
820,2017-03-30,27.432,71.12,0.254,-5.27777777777778,10.7777777777778,2.61111111111111,24.5,NA,13.6,24.9,NA,802,"CO",2017,89,3,385.714285714286,0,68,0
821,2017-03-31,26.924,68.58,0,2.61111111111111,6.61111111111111,1.5,24.5,NA,13.8,25,NA,802,"CO",2017,90,3,392.592592592593,0,68,0
822,2017-04-01,26.924,71.12,0,-2.27777777777778,7.72222222222222,0.611111111111112,24.5,NA,13.6,25,NA,802,"CO",2017,91,4,378.571428571429,0,68,0
823,2017-04-02,26.67,68.58,0.254,-2.88888888888889,7.61111111111111,0.222222222222221,24.5,NA,13.9,25.1,NA,802,"CO",2017,92,4,388.888888888889,0,68,0
824,2017-04-03,26.162,73.66,0.254,-3.77777777777778,3.88888888888889,-3.11111111111111,24.5,NA,13.8,25.1,NA,802,"CO",2017,93,4,355.172413793103,0,68,0
825,2017-04-04,26.416,68.58,1.524,-4.61111111111111,-1.27777777777778,-5.88888888888889,24.5,NA,13.8,25.1,NA,802,"CO",2017,94,4,385.185185185185,0,68,0
826,2017-04-05,27.432,86.36,0.508,-9.22222222222222,4.11111111111111,-3.88888888888889,24.5,NA,13.6,25,NA,802,"CO",2017,95,4,317.647058823529,0,68,0
827,2017-04-06,27.686,76.2,0,-3.5,11.7777777777778,1.77777777777778,24.5,NA,13.2,24.9,NA,802,"CO",2017,96,4,363.333333333333,0,68,0
828,2017-04-07,27.686,68.58,0,-1.77777777777778,15.3888888888889,6.61111111111111,24.5,NA,13.5,24.9,NA,802,"CO",2017,97,4,403.703703703704,0,68,0
829,2017-04-08,25.908,66.04,0.254,6.72222222222222,12.2222222222222,6.88888888888889,24.5,NA,16.1,26.3,NA,802,"CO",2017,98,4,392.307692307692,0,68,0
830,2017-04-09,25.146,68.58,0,-1.11111111111111,1.61111111111111,-4.72222222222222,24.5,NA,16.3,26.6,NA,802,"CO",2017,99,4,366.666666666667,0,68,0
831,2017-04-10,24.892,66.04,0.508,-10.2777777777778,7.5,-3.77777777777778,24.5,NA,14.7,25.8,NA,802,"CO",2017,100,4,376.923076923077,0,68,0
832,2017-04-11,26.162,63.5,0,-7.11111111111111,11.7777777777778,1.72222222222222,24.5,NA,14.3,25.6,NA,802,"CO",2017,101,4,412,0,68,0
833,2017-04-12,23.876,58.42,0,-3.11111111111111,15.2222222222222,6.11111111111111,24.5,NA,15.5,25.9,NA,802,"CO",2017,102,4,408.695652173913,0,68,0
834,2017-04-13,22.352,53.34,0,4.72222222222222,17.7222222222222,9,24.5,NA,16.1,26.8,NA,802,"CO",2017,103,4,419.047619047619,0,68,0
835,2017-04-14,20.574,48.26,0,-0.111111111111111,16.1111111111111,5.72222222222222,24.5,NA,16.6,27,NA,802,"CO",2017,104,4,426.315789473684,0,68,0
836,2017-04-15,19.558,43.18,0,-2.88888888888889,12.3888888888889,2.72222222222222,24.5,NA,16.3,27,NA,802,"CO",2017,105,4,452.941176470588,0,68,0
837,2017-04-16,17.526,40.64,0,-2.27777777777778,12.7222222222222,3.88888888888889,24.5,NA,16.2,26.9,NA,802,"CO",2017,106,4,431.25,0,68,0
838,2017-04-17,16.256,35.56,0,-1,15,6.5,24.5,NA,16.3,26.9,NA,802,"CO",2017,107,4,457.142857142857,0,68,0
839,2017-04-18,13.97,30.48,0,0.999999999999998,17.7222222222222,7.72222222222222,24.5,NA,16.4,27.1,NA,802,"CO",2017,108,4,458.333333333333,0,68,0
840,2017-04-19,10.922,25.4,0.254,6.38888888888889,7.77777777777778,2.5,24.5,NA,16.2,27.1,NA,802,"CO",2017,109,4,430,0,68,0
841,2017-04-20,10.922,25.4,0.254,-1.38888888888889,11,1.61111111111111,24.5,NA,16,26.8,NA,802,"CO",2017,110,4,430,0,68,0
842,2017-04-21,10.414,25.4,0.762,-1.22222222222222,2,-2.11111111111111,24.5,NA,16.2,26.8,NA,802,"CO",2017,111,4,410,0,68,0
843,2017-04-22,10.668,25.4,0.254,-5.38888888888889,8.38888888888889,-0.277777777777778,24.5,NA,15,26.4,NA,802,"CO",2017,112,4,420,0,68,0
844,2017-04-23,10.922,25.4,0.254,-3.88888888888889,16.5,5.72222222222222,24.5,NA,15.5,26.5,NA,802,"CO",2017,113,4,430,0,68,0
845,2017-04-24,7.366,17.78,0.508,1.61111111111111,11.5,3.72222222222222,24.5,NA,16.1,27.1,NA,802,"CO",2017,114,4,414.285714285714,0,68,0
846,2017-04-25,6.604,22.86,0.762,-2.72222222222222,2.72222222222222,-2,24.6,NA,16,27,NA,802,"CO",2017,115,4,288.888888888889,0.100000000000001,68,0
847,2017-04-26,7.112,20.32,0.254,-3.77777777777778,3.38888888888889,-1.5,24.5,NA,14.9,26.3,NA,802,"CO",2017,116,4,350,-0.100000000000001,68,0
848,2017-04-27,7.112,20.32,2.032,-2.72222222222222,0.222222222222221,-3.38888888888889,24.5,NA,14.4,26,NA,802,"CO",2017,117,4,350,0,68,0
849,2017-04-28,8.89,40.64,0.254,-6.72222222222222,2.27777777777778,-4.61111111111111,24.5,NA,14.1,25.7,NA,802,"CO",2017,118,4,218.75,0,68,0
850,2017-04-29,9.398,38.1,0.254,-9.72222222222222,-1.5,-6.77777777777778,24.5,NA,13.9,25.5,NA,802,"CO",2017,119,4,246.666666666667,0,68,0
851,2017-04-30,9.398,38.1,0.254,-8.22222222222222,5.11111111111111,-2.5,24.5,NA,13.6,25.4,NA,802,"CO",2017,120,4,246.666666666667,0,68,0
852,2017-05-01,9.144,27.94,0,-1.11111111111111,9.22222222222222,2.72222222222222,24.5,NA,14.5,25.8,NA,802,"CO",2017,121,5,327.272727272727,0,68,0
853,2017-05-02,8.89,25.4,0.254,-0.88888888888889,4.38888888888889,0.277777777777778,24.5,NA,15.2,25.9,NA,802,"CO",2017,122,5,350,0,68,0
854,2017-05-03,9.144,22.86,0,-1.77777777777778,8,2.11111111111111,24.5,NA,15.2,26.2,NA,802,"CO",2017,123,5,400,0,68,0
855,2017-05-04,8.636,20.32,0.254,-2.5,16.1111111111111,6.11111111111111,24.5,NA,15.8,26.5,NA,802,"CO",2017,124,5,425,0,68,0
856,2017-05-05,6.35,12.7,0,1.22222222222222,19,9.38888888888889,24.6,NA,16.1,27,NA,802,"CO",2017,125,5,500,0.100000000000001,68,0
857,2017-05-06,2.794,5.08,0.254,3.27777777777778,21,11,8.9,NA,15.5,26.7,NA,802,"CO",2017,126,5,550,-15.7,68,0
858,2017-05-07,0,0,0,3.27777777777778,15.3888888888889,6.22222222222222,24.8,NA,14.8,26.3,NA,802,"CO",2017,127,5,NA,15.9,68,0
859,2017-05-08,0,0,0,-0.222222222222221,15.6111111111111,6.61111111111111,24.7,NA,14.4,26.1,NA,802,"CO",2017,128,5,NA,-0.100000000000001,68,0
860,2017-05-09,0,0,0.508,4.77777777777778,17.2777777777778,6.38888888888889,24.7,NA,14.3,25.9,NA,802,"CO",2017,129,5,NA,0,68,0
861,2017-05-10,0,0,0,1.38888888888889,12.7777777777778,4.38888888888889,24.8,NA,14.8,25.9,NA,802,"CO",2017,130,5,NA,0.100000000000001,68,0
862,2017-05-11,0,0,0,0.222222222222221,14.3888888888889,6,24.7,NA,14.5,25.9,NA,802,"CO",2017,131,5,NA,-0.100000000000001,68,0
863,2017-05-12,0,0,0.254,0.277777777777778,19.7777777777778,9.22222222222222,24.8,NA,14.2,25.7,NA,802,"CO",2017,132,5,NA,0.100000000000001,68,0
864,2017-05-13,0,0,0,2.38888888888889,20.3888888888889,10.6111111111111,18,NA,13.9,25.3,NA,802,"CO",2017,133,5,NA,-6.8,68,0
865,2017-05-14,0,0,0,2.72222222222222,18.7222222222222,8.77777777777778,24.8,NA,13.5,25.1,NA,802,"CO",2017,134,5,NA,6.8,68,0
866,2017-05-15,0,0,0,-1.11111111111111,17.8888888888889,8.88888888888889,24.8,NA,13.4,24.9,NA,802,"CO",2017,135,5,NA,0,68,0
867,2017-05-16,0,0,0,5.38888888888889,14.7222222222222,6.38888888888889,24.8,NA,13.2,24.4,NA,802,"CO",2017,136,5,NA,0,68,0
868,2017-05-17,0,0,0,0.222222222222221,11.3888888888889,2.72222222222222,24.8,NA,12.8,24.2,NA,802,"CO",2017,137,5,NA,0,68,0
869,2017-05-18,0.762,5.08,4.572,-3.77777777777778,-0.277777777777778,-3.38888888888889,24.8,NA,12.6,23.9,NA,802,"CO",2017,138,5,150,0,68,0
870,2017-05-19,4.826,45.72,0.254,-5.38888888888889,3.77777777777778,-2.11111111111111,24.7,NA,12.7,23.7,NA,802,"CO",2017,139,5,105.555555555556,-0.100000000000001,68,0
871,2017-05-20,4.572,27.94,0,-3.72222222222222,5.61111111111111,-0.111111111111111,24.6,NA,13.1,24.1,NA,802,"CO",2017,140,5,163.636363636364,-0.0999999999999979,68,0
872,2017-05-21,4.064,17.78,0.254,-2.61111111111111,11,2.5,24.6,NA,14.4,25.1,NA,802,"CO",2017,141,5,228.571428571429,0,68,0
873,2017-05-22,3.302,12.7,1.016,0.277777777777778,9.72222222222222,2,24.6,NA,17,26.6,NA,802,"CO",2017,142,5,260,0,68,0
874,2017-05-23,2.54,12.7,0.508,-3.22222222222222,7.61111111111111,1.61111111111111,24.6,NA,16.8,26.7,NA,802,"CO",2017,143,5,200,0,68,0
875,2017-05-24,0.762,2.54,0.508,-1.77777777777778,17.2777777777778,8.61111111111111,24.5,NA,16.4,26.9,NA,802,"CO",2017,144,5,300,-0.100000000000001,68,0
876,2017-05-25,0,0,0.254,6.61111111111111,16.6111111111111,6.88888888888889,24.8,NA,16,26.6,NA,802,"CO",2017,145,5,NA,0.300000000000001,68,0
877,2017-05-26,0,0,0.254,1.72222222222222,17.5,8.5,24.7,NA,15.6,26.1,NA,802,"CO",2017,146,5,NA,-0.100000000000001,68,0
878,2017-05-27,0,0,0,-0.88888888888889,3.5,0.611111111111112,24.8,NA,14.8,26,NA,802,"CO",2017,147,5,NA,0.100000000000001,68,0
879,2017-05-28,0,0,0.762,-3.11111111111111,14.3888888888889,4.38888888888889,20.2,NA,15.7,26.3,NA,802,"CO",2017,148,5,NA,-4.6,68,0
880,2017-05-29,0,0,0,-1.5,15.2222222222222,5.88888888888889,18.5,NA,14.8,26,NA,802,"CO",2017,149,5,NA,-1.7,68,0
881,2017-05-30,0,0,0,0.222222222222221,17.7777777777778,8.22222222222222,17.8,NA,14.5,25.7,NA,802,"CO",2017,150,5,NA,-0.699999999999999,68,0
882,2017-05-31,0,0,0,5.38888888888889,19.6111111111111,10.2222222222222,17,NA,14,25.4,NA,802,"CO",2017,151,5,NA,-0.800000000000001,68,0
883,2017-06-01,0,0,0,2.27777777777778,19,9,24.8,NA,13.9,25.1,NA,802,"CO",2017,152,6,NA,7.8,68,0
884,2017-06-02,0,0,0,3,14.7777777777778,6.88888888888889,24.9,NA,13.4,24.8,NA,802,"CO",2017,153,6,NA,0.0999999999999979,68,0
885,2017-06-03,0,0,0.254,0,19.7222222222222,9.72222222222222,18,NA,13.7,24.6,NA,802,"CO",2017,154,6,NA,-6.9,68,0
886,2017-06-04,0,0,0,8,22,13,16.9,NA,13.7,24.6,NA,802,"CO",2017,155,6,NA,-1.1,68,0
887,2017-06-05,0,0,0,5.72222222222222,20.8888888888889,11.1111111111111,0,NA,13.5,24.2,NA,802,"CO",2017,156,6,NA,-16.9,68,0
888,2017-06-06,0,0,0,6.11111111111111,19.6111111111111,9.88888888888889,15.8,NA,13.3,24.2,NA,802,"CO",2017,157,6,NA,15.8,68,0
889,2017-06-07,0,0,0.254,8.77777777777778,21.5,12.2777777777778,6.3,NA,13.3,23.9,NA,802,"CO",2017,158,6,NA,-9.5,68,0
890,2017-06-08,0,0,0,4.61111111111111,24.2222222222222,13.3888888888889,0,NA,13.2,23.8,NA,802,"CO",2017,159,6,NA,-6.3,68,0
891,2017-06-09,0,0,0,6.22222222222222,23.3888888888889,13.7222222222222,6.5,NA,13.1,23.6,NA,802,"CO",2017,160,6,NA,6.5,68,0
892,2017-06-10,0,0,0,13.3888888888889,25.1111111111111,16.2777777777778,9.2,NA,12.9,23.5,NA,802,"CO",2017,161,6,NA,2.7,68,0
893,2017-06-11,0,0,0,5.88888888888889,24,15.3888888888889,13.8,NA,12.6,23.2,NA,802,"CO",2017,162,6,NA,4.6,68,0
894,2017-06-12,0,0,0,11.5,24.7222222222222,14.2777777777778,13.2,NA,12.8,23,NA,802,"CO",2017,163,6,NA,-0.600000000000001,68,0
895,2017-06-13,0,0,0,1.11111111111111,15.3888888888889,8,18.7,NA,12.2,22.6,NA,802,"CO",2017,164,6,NA,5.5,68,0
896,2017-06-14,0,0,0,0.722222222222221,19.3888888888889,9.72222222222222,4.6,NA,11.9,22.3,NA,802,"CO",2017,165,6,NA,-14.1,68,0
897,2017-06-15,0,0,0,2.27777777777778,22.6111111111111,12.1111111111111,10.6,NA,11.7,21.9,NA,802,"CO",2017,166,6,NA,6,68,0
898,2017-06-16,0,0,0,3.88888888888889,23.5,13.7222222222222,2.3,NA,11.6,21.6,NA,802,"CO",2017,167,6,NA,-8.3,68,0
899,2017-06-17,0,0,0,7.88888888888889,23.2222222222222,15,9.3,NA,11.5,21.2,NA,802,"CO",2017,168,6,NA,7,68,0
900,2017-06-18,0,0,0,6.61111111111111,21.7777777777778,13.2777777777778,25.1,NA,11.3,21,NA,802,"CO",2017,169,6,NA,15.8,68,0
901,2017-06-19,0,0,0,6.11111111111111,22.7222222222222,13.7222222222222,7,NA,10.7,20.7,NA,802,"CO",2017,170,6,NA,-18.1,68,0
902,2017-06-20,0,0,0,7.22222222222222,27.5,15.5,5.1,NA,10.4,20.1,NA,802,"CO",2017,171,6,NA,-1.9,68,0
903,2017-06-21,0,0,0,8.61111111111111,25.2777777777778,14.2222222222222,25,NA,10.3,19.6,NA,802,"CO",2017,172,6,NA,19.9,68,0
904,2017-06-22,0,0,0,4.77777777777778,24.7777777777778,13.8888888888889,5.4,NA,9.9,19.3,NA,802,"CO",2017,173,6,NA,-19.6,68,0
905,2017-06-23,0,0,0,3.61111111111111,22.7777777777778,12.2222222222222,5.7,NA,9.8,18.7,NA,802,"CO",2017,174,6,NA,0.3,68,0
906,2017-06-24,0,0,0,2.5,19.7777777777778,10.8888888888889,4.1,NA,9.5,18.3,NA,802,"CO",2017,175,6,NA,-1.6,68,0
907,2017-06-25,0,0,0,3.72222222222222,22.2222222222222,13.1111111111111,0,NA,8.9,17.8,NA,802,"CO",2017,176,6,NA,-4.1,68,0
908,2017-06-26,0,0,0,4.5,23.7777777777778,14.7777777777778,0,NA,8.8,17.4,NA,802,"CO",2017,177,6,NA,0,68,0
909,2017-06-27,0,0,0,12.1111111111111,24.5,15.8888888888889,25,NA,8.1,16.7,NA,802,"CO",2017,178,6,NA,25,68,0
910,2017-06-28,0,0,0,6.38888888888889,23.6111111111111,13.7777777777778,24.1,NA,7.6,16.1,NA,802,"CO",2017,179,6,NA,-0.899999999999999,68,0
911,2017-06-29,0,0,0,6.61111111111111,21.2777777777778,12.2777777777778,23.1,NA,6.9,15.6,NA,802,"CO",2017,180,6,NA,-1,68,0
912,2017-06-30,0,0,0,5.38888888888889,18.7777777777778,9.77777777777778,23.1,NA,6.3,15,NA,802,"CO",2017,181,6,NA,0,68,0
913,2017-07-01,0,0,0,1.38888888888889,23.6111111111111,12.6111111111111,4.6,NA,5.8,14.3,NA,802,"CO",2017,182,7,NA,-18.5,68,0
914,2017-07-02,0,0,0,3.5,22.8888888888889,12.7777777777778,22.8,NA,5.5,13.9,NA,802,"CO",2017,183,7,NA,18.2,68,0
915,2017-07-03,0,0,0,5.72222222222222,21.7777777777778,12.3888888888889,4.5,NA,4.8,13.1,NA,802,"CO",2017,184,7,NA,-18.3,68,0
916,2017-07-04,0,0,0,7.77777777777778,23.2222222222222,14.2222222222222,22.8,NA,4.5,12.7,NA,802,"CO",2017,185,7,NA,18.3,68,0
917,2017-07-05,0,0,0,6.61111111111111,26.7777777777778,15.8888888888889,22.8,NA,4.2,12,NA,802,"CO",2017,186,7,NA,0,68,0
918,2017-07-06,0,0,0,7.11111111111111,26.6111111111111,16.7222222222222,23,NA,4.1,11.1,NA,802,"CO",2017,187,7,NA,0.199999999999999,68,0
919,2017-07-07,0,0,0,10.3888888888889,25.7777777777778,14.2777777777778,23.1,NA,3.5,10.3,NA,802,"CO",2017,188,7,NA,0.100000000000001,68,0
920,2017-07-08,0,0,0,6.38888888888889,24.6111111111111,14.2777777777778,22.9,NA,3.4,9.5,NA,802,"CO",2017,189,7,NA,-0.200000000000003,68,0
921,2017-07-09,0,0,0,8.88888888888889,26.5,15.2777777777778,22.9,NA,3.1,8.8,NA,802,"CO",2017,190,7,NA,0,68,0
922,2017-07-10,0,0,0,12.1111111111111,25.3888888888889,15.3888888888889,23,NA,2.9,7.7,NA,802,"CO",2017,191,7,NA,0.100000000000001,68,0
923,2017-07-11,0,0,0,8.72222222222222,22.7222222222222,13.2222222222222,23.1,NA,2.9,7,NA,802,"CO",2017,192,7,NA,0.100000000000001,68,0
924,2017-07-12,0,0,0.762,9.5,17.3888888888889,11.3888888888889,23.2,NA,2.8,11.5,NA,802,"CO",2017,193,7,NA,0.0999999999999979,68,0
925,2017-07-13,0,0,0.762,6.11111111111111,22.7777777777778,12.8888888888889,25,NA,2.8,12.6,NA,802,"CO",2017,194,7,NA,1.8,68,0
926,2017-07-14,0,0,0,7.11111111111111,22.1111111111111,13.3888888888889,25,NA,3.2,9.9,NA,802,"CO",2017,195,7,NA,0,68,0
927,2017-07-15,0,0,0,6.88888888888889,24.5,15.3888888888889,25,NA,3.2,8.5,NA,802,"CO",2017,196,7,NA,0,68,0
928,2017-07-16,0,0,0,10.7222222222222,25.1111111111111,14.6111111111111,25,NA,3.3,7.1,NA,802,"CO",2017,197,7,NA,0,68,0
929,2017-07-17,0,0,0,7.22222222222222,25.7222222222222,14.7222222222222,23.2,NA,3.3,6.2,NA,802,"CO",2017,198,7,NA,-1.8,68,0
930,2017-07-18,0,0,0,8.22222222222222,25,16.1111111111111,24.9,NA,3.1,5.6,NA,802,"CO",2017,199,7,NA,1.7,68,0
931,2017-07-19,0,0,0,9.11111111111111,26.1111111111111,14.8888888888889,23.3,NA,3.2,4.9,NA,802,"CO",2017,200,7,NA,-1.6,68,0
932,2017-07-20,0,0,0,9.22222222222222,25,15.2222222222222,23.3,NA,3.1,4.2,NA,802,"CO",2017,201,7,NA,0,68,0
933,2017-07-21,0,0,0,7.77777777777778,23.1111111111111,13.1111111111111,23.1,NA,3,4.1,NA,802,"CO",2017,202,7,NA,-0.199999999999999,68,0
934,2017-07-22,0,0,0,10.6111111111111,23.1111111111111,15.2777777777778,23.2,NA,3,3.8,NA,802,"CO",2017,203,7,NA,0.0999999999999979,68,0
935,2017-07-23,0,0,0,8.22222222222222,25.3888888888889,15.3888888888889,23.2,NA,2.8,3.3,NA,802,"CO",2017,204,7,NA,0,68,0
936,2017-07-24,0,0,0,13.7222222222222,25.2222222222222,16.3888888888889,23.2,NA,2.8,3.2,NA,802,"CO",2017,205,7,NA,0,68,0
937,2017-07-25,0,0,0,11.7222222222222,21.8888888888889,14.6111111111111,23.3,NA,2.8,3,NA,802,"CO",2017,206,7,NA,0.100000000000001,68,0
938,2017-07-26,0,0,0,9.72222222222222,20.3888888888889,13.8888888888889,23.2,NA,2.6,3.1,NA,802,"CO",2017,207,7,NA,-0.100000000000001,68,0
939,2017-07-27,0,0,0,9.61111111111111,23.2222222222222,14.8888888888889,23.1,NA,2.5,3,NA,802,"CO",2017,208,7,NA,-0.0999999999999979,68,0
940,2017-07-28,0,0,0,8.5,23.2777777777778,13.8888888888889,23.2,NA,2.8,2.9,NA,802,"CO",2017,209,7,NA,0.0999999999999979,68,0
941,2017-07-29,0,0,0.254,10,17.6111111111111,12,23.2,NA,2.7,2.9,NA,802,"CO",2017,210,7,NA,0,68,0
942,2017-07-30,0,0,0.254,9.22222222222222,22.5,13,23.2,NA,2.9,2.8,NA,802,"CO",2017,211,7,NA,0,68,0
943,2017-07-31,0,0,0,6.77777777777778,22.2222222222222,12.8888888888889,23,NA,2.7,2.7,NA,802,"CO",2017,212,7,NA,-0.199999999999999,68,0
944,2017-08-01,0,0,0,5.61111111111111,23,12.2777777777778,23,NA,2.8,2.7,NA,802,"CO",2017,213,8,NA,0,68,0
945,2017-08-02,0,0,0,6.38888888888889,23.1111111111111,14.2777777777778,22.9,NA,2.7,2.7,NA,802,"CO",2017,214,8,NA,-0.100000000000001,68,0
1097,2018-01-01,7.366,27.94,0,-14.1111111111111,0.611111111111112,-6.38888888888889,4.1,NA,1.4,6.6,NA,802,"CO",2018,1,1,263.636363636364,0,100,0
1098,2018-01-02,7.366,27.94,0,-7,-3.22222222222222,-10.6111111111111,4.5,NA,1.1,6.4,NA,802,"CO",2018,2,1,263.636363636364,0.4,100,0
1099,2018-01-03,7.366,27.94,0.254,-17.7222222222222,2.38888888888889,-8.72222222222222,4.6,NA,1.4,5.6,NA,802,"CO",2018,3,1,263.636363636364,0.0999999999999996,100,0
1100,2018-01-04,7.366,27.94,0,-11.2222222222222,2.72222222222222,-6.77777777777778,4.4,NA,0.9,5.1,NA,802,"CO",2018,4,1,263.636363636364,-0.199999999999999,100,0
1101,2018-01-05,7.366,27.94,0,-10.6111111111111,5.11111111111111,-3.88888888888889,4.3,NA,1,4.2,NA,802,"CO",2018,5,1,263.636363636364,-0.100000000000001,100,0
1102,2018-01-06,7.366,27.94,0.508,-7.22222222222222,5,-2.11111111111111,4.3,NA,1.1,3.5,NA,802,"CO",2018,6,1,263.636363636364,0,100,0
1103,2018-01-07,7.874,33.02,0,-2.5,-0.222222222222221,-5.27777777777778,4.4,NA,1,3.4,NA,802,"CO",2018,7,1,238.461538461538,0.100000000000001,100,0
1104,2018-01-08,7.874,38.1,0.254,-11.7222222222222,7.88888888888889,-3.88888888888889,4.5,NA,1.1,3.4,NA,802,"CO",2018,8,1,206.666666666667,0.0999999999999996,100,0
1105,2018-01-09,8.128,35.56,0,-0.777777777777777,8.88888888888889,2,4.4,NA,1.1,3.6,NA,802,"CO",2018,9,1,228.571428571429,-0.0999999999999996,100,0
1106,2018-01-10,8.128,33.02,0.508,-3.5,2.72222222222222,-3.61111111111111,4.7,NA,1.2,3.4,NA,802,"CO",2018,10,1,246.153846153846,0.3,100,0
1107,2018-01-11,8.636,40.64,0,-9.38888888888889,-3.88888888888889,-9,4.5,NA,1.2,3.5,NA,802,"CO",2018,11,1,212.5,-0.2,100,0
1108,2018-01-12,8.636,38.1,0.254,-5.22222222222222,-1.38888888888889,-5,4.6,NA,1.6,3.7,NA,802,"CO",2018,12,1,226.666666666667,0.0999999999999996,100,0
1109,2018-01-13,8.89,40.64,0,-10.2222222222222,-1.77777777777778,-7.61111111111111,4.2,NA,1.3,3.6,NA,802,"CO",2018,13,1,218.75,-0.399999999999999,100,0
1110,2018-01-14,8.89,38.1,0,-11,1.27777777777778,-7.77777777777778,4.6,NA,1.3,3.6,NA,802,"CO",2018,14,1,233.333333333333,0.399999999999999,100,0
1111,2018-01-15,8.89,38.1,0,-11.1111111111111,-4.27777777777778,-10.6111111111111,4.7,NA,1.2,3.7,NA,802,"CO",2018,15,1,233.333333333333,0.100000000000001,100,0
1112,2018-01-16,8.89,38.1,0,-21.7222222222222,-3.72222222222222,-14.7777777777778,4.5,NA,1.3,3.3,NA,802,"CO",2018,16,1,233.333333333333,-0.2,100,0
1113,2018-01-17,8.89,38.1,0.254,-17.1111111111111,1.5,-9.61111111111111,4.4,NA,1.2,3.3,NA,802,"CO",2018,17,1,233.333333333333,-0.0999999999999996,100,0
1114,2018-01-18,9.144,38.1,0,-13,4.22222222222222,-6.11111111111111,4.4,NA,1,3.1,NA,802,"CO",2018,18,1,240,0,100,0
1115,2018-01-19,9.144,38.1,0,-7.38888888888889,10.1111111111111,1.72222222222222,4.4,NA,0.8,2.9,NA,802,"CO",2018,19,1,240,0,100,0
1116,2018-01-20,9.144,35.56,0.254,-0.277777777777778,8.11111111111111,0.611111111111112,4.4,NA,1,2.8,NA,802,"CO",2018,20,1,257.142857142857,0,100,0
1117,2018-01-21,9.398,38.1,0.762,-4.5,-4.5,-9.27777777777778,4.4,NA,1.1,2.7,NA,802,"CO",2018,21,1,246.666666666667,0,100,0
1118,2018-01-22,10.414,53.34,0,-14.1111111111111,-6.5,-14,4.4,NA,0.9,2.8,NA,802,"CO",2018,22,1,195.238095238095,0,100,0
1119,2018-01-23,10.414,50.8,0.254,-16,-4.38888888888889,-12.5,4.4,NA,1,2.7,NA,802,"CO",2018,23,1,205,0,100,0
1120,2018-01-24,10.668,50.8,0,-17.7222222222222,3.72222222222222,-8.11111111111111,4.6,NA,1,2.8,NA,802,"CO",2018,24,1,210,0.199999999999999,100,0
1121,2018-01-25,10.668,48.26,0.254,-1.77777777777778,5.11111111111111,-3.38888888888889,4.3,NA,1.3,2.7,NA,802,"CO",2018,25,1,221.052631578947,-0.3,100,0
1122,2018-01-26,10.922,45.72,0.508,-4.38888888888889,-4.72222222222222,-10.2777777777778,4.2,NA,1.1,2.6,NA,802,"CO",2018,26,1,238.888888888889,-0.0999999999999996,100,0
1123,2018-01-27,11.43,53.34,0.254,-17,-1.5,-10.3888888888889,4.5,NA,1,2.6,NA,802,"CO",2018,27,1,214.285714285714,0.3,100,0
1124,2018-01-28,11.684,53.34,0,-12.1111111111111,0.222222222222221,-7.22222222222222,4.1,NA,1,2.6,NA,802,"CO",2018,28,1,219.047619047619,-0.4,100,0
1125,2018-01-29,11.684,50.8,0,-10.6111111111111,3.72222222222222,-5.61111111111111,4.4,NA,1,2.6,NA,802,"CO",2018,29,1,230,0.300000000000001,100,0
1126,2018-01-30,11.684,50.8,0,-8.88888888888889,8.22222222222222,0.777777777777777,4.3,NA,1.2,2.6,NA,802,"CO",2018,30,1,230,-0.100000000000001,100,0
1127,2018-01-31,11.684,48.26,0,2,5.88888888888889,2.38888888888889,4.6,NA,1,2.6,NA,802,"CO",2018,31,1,242.105263157895,0.3,100,0
1128,2018-02-01,11.684,45.72,0,-0.111111111111111,0.499999999999999,-2.5,4.3,NA,1.2,2.6,NA,802,"CO",2018,32,2,255.555555555556,-0.3,100,0
1129,2018-02-02,11.684,45.72,0,-1.27777777777778,6.77777777777778,0.611111111111112,4.3,NA,0.9,2.5,NA,802,"CO",2018,33,2,255.555555555556,0,100,0
1130,2018-02-03,11.684,45.72,0,-5.38888888888889,4.72222222222222,-0.222222222222221,4.8,NA,1.3,2.7,NA,802,"CO",2018,34,2,255.555555555556,0.5,100,0
1131,2018-02-04,11.684,45.72,0,0.499999999999999,4.5,0.777777777777777,4.7,NA,0.9,2.7,NA,802,"CO",2018,35,2,255.555555555556,-0.0999999999999996,100,0
1132,2018-02-05,11.684,45.72,2.032,-0.111111111111111,2.72222222222222,-2.61111111111111,4.7,NA,1.4,2.7,NA,802,"CO",2018,36,2,255.555555555556,0,100,0
1133,2018-02-06,13.97,73.66,0.254,-5.61111111111111,-2.77777777777778,-7.38888888888889,4.8,NA,1.2,2.7,NA,802,"CO",2018,37,2,189.655172413793,0.0999999999999996,100,0
1134,2018-02-07,14.224,71.12,0.254,-9.88888888888889,3.22222222222222,-4.72222222222222,4.8,NA,1.5,2.6,NA,802,"CO",2018,38,2,200,0,100,0
1135,2018-02-08,14.478,66.04,0,-3.61111111111111,5.11111111111111,-2.38888888888889,4.8,NA,1.5,2.6,NA,802,"CO",2018,39,2,219.230769230769,0,100,0
1136,2018-02-09,14.478,63.5,0,-2.77777777777778,5.5,0.722222222222221,4.9,NA,1.1,3,NA,802,"CO",2018,40,2,228,0.100000000000001,100,0
1137,2018-02-10,14.478,58.42,1.016,-0.88888888888889,0.222222222222221,-7.88888888888889,4.8,NA,1.5,2.9,NA,802,"CO",2018,41,2,247.826086956522,-0.100000000000001,100,0
1138,2018-02-11,15.494,73.66,0,-17.8888888888889,-2.5,-12.2777777777778,4.8,NA,1.2,2.9,NA,802,"CO",2018,42,2,210.344827586207,0,100,0
1139,2018-02-12,15.494,71.12,0.762,-14.2222222222222,4.11111111111111,-4.5,4.9,NA,1.5,2.9,NA,802,"CO",2018,43,2,217.857142857143,0.100000000000001,100,0
1140,2018-02-13,16.256,73.66,0,-5.77777777777778,4.88888888888889,-2.72222222222222,4.7,NA,1.5,2.9,NA,802,"CO",2018,44,2,220.689655172414,-0.2,100,0
1141,2018-02-14,16.256,71.12,0.254,-1.77777777777778,4.72222222222222,0.388888888888891,5.1,NA,1.3,2.9,NA,802,"CO",2018,45,2,228.571428571429,0.399999999999999,100,0
1142,2018-02-15,16.51,68.58,1.016,-2.77777777777778,-1.77777777777778,-6.77777777777778,4.6,NA,1.1,2.9,NA,802,"CO",2018,46,2,240.740740740741,-0.5,100,0
1143,2018-02-16,17.526,86.36,0,-13.8888888888889,-1,-9,4.5,NA,1.1,2.9,NA,802,"CO",2018,47,2,202.941176470588,-0.0999999999999996,100,0
1144,2018-02-17,17.526,76.2,0,-6.27777777777778,3.61111111111111,-1.77777777777778,4.9,NA,1.4,3.1,NA,802,"CO",2018,48,2,230,0.4,100,0
1145,2018-02-18,17.526,71.12,0,2.22222222222222,7.22222222222222,2.11111111111111,5.2,NA,1.5,3,NA,802,"CO",2018,49,2,246.428571428571,0.3,100,0
1146,2018-02-19,17.526,68.58,0,-0.88888888888889,3.27777777777778,-3.22222222222222,5,NA,1,3,NA,802,"CO",2018,50,2,255.555555555556,-0.2,100,0
1147,2018-02-20,17.526,76.2,0.254,-10,-10,-16.1111111111111,5,NA,1.3,3,NA,802,"CO",2018,51,2,230,0,100,0
1148,2018-02-21,17.78,78.74,0.254,-21.7777777777778,-6.72222222222222,-15.2777777777778,4.8,NA,1.4,2.9,NA,802,"CO",2018,52,2,225.806451612903,-0.2,100,0
1149,2018-02-22,18.034,76.2,0,-16.2222222222222,-4.77777777777778,-11.3888888888889,4.8,NA,1.4,3.2,NA,802,"CO",2018,53,2,236.666666666667,0,100,0
1150,2018-02-23,18.034,76.2,0.254,-14.5,-2.11111111111111,-9.38888888888889,5.1,NA,1.3,3.1,NA,802,"CO",2018,54,2,236.666666666667,0.3,100,0
1151,2018-02-24,18.288,73.66,0.254,-12.5,-8.11111111111111,-13.1111111111111,4.7,NA,1.4,2.9,NA,802,"CO",2018,55,2,248.275862068966,-0.399999999999999,100,0
1152,2018-02-25,18.542,76.2,0,-13.8888888888889,-6.77777777777778,-12.2222222222222,5.1,NA,1.1,3,NA,802,"CO",2018,56,2,243.333333333333,0.399999999999999,100,0
1153,2018-02-26,18.542,76.2,0,-11.7777777777778,3.77777777777778,-6.61111111111111,4.8,NA,1.5,2.9,NA,802,"CO",2018,57,2,243.333333333333,-0.3,100,0
1154,2018-02-27,18.542,76.2,0,-2.11111111111111,4.72222222222222,-3.77777777777778,4.7,NA,1.4,2.9,NA,802,"CO",2018,58,2,243.333333333333,-0.0999999999999996,100,0
1155,2018-02-28,18.542,73.66,0,-10.6111111111111,0.277777777777778,-8.27777777777778,4.9,NA,1.5,2.8,NA,802,"CO",2018,59,2,251.724137931034,0.2,100,0
1156,2018-03-01,18.542,71.12,0,-9.77777777777778,6.72222222222222,-3,4.8,NA,1.3,2.7,NA,802,"CO",2018,60,3,260.714285714286,-0.100000000000001,100,0
1157,2018-03-02,18.542,73.66,0,-3.11111111111111,9.88888888888889,1.27777777777778,4.5,NA,1.3,2.8,NA,802,"CO",2018,61,3,251.724137931034,-0.3,100,0
1158,2018-03-03,18.796,71.12,0,0.277777777777778,11.3888888888889,4,4.8,NA,1.4,2.6,NA,802,"CO",2018,62,3,264.285714285714,0.3,100,0
1159,2018-03-04,18.796,71.12,0,1.77777777777778,7,-2.5,4.7,NA,1.4,2.7,NA,802,"CO",2018,63,3,264.285714285714,-0.0999999999999996,100,0
1160,2018-03-05,18.796,71.12,0,-12.6111111111111,-5.88888888888889,-10.8888888888889,4.9,NA,1.2,2.7,NA,802,"CO",2018,64,3,264.285714285714,0.2,100,0
1161,2018-03-06,18.796,71.12,0,-13.2222222222222,-2.88888888888889,-11.6111111111111,4.8,NA,1.2,2.7,NA,802,"CO",2018,65,3,264.285714285714,-0.100000000000001,100,0
1162,2018-03-07,19.05,71.12,0,-17.1111111111111,2.61111111111111,-8,4.7,NA,1.4,2.7,NA,802,"CO",2018,66,3,267.857142857143,-0.0999999999999996,100,0
1163,2018-03-08,19.05,68.58,0,-10.3888888888889,8.38888888888889,-1,4.9,NA,1.1,2.7,NA,802,"CO",2018,67,3,277.777777777778,0.2,100,0
1164,2018-03-09,18.796,66.04,0.254,0.499999999999999,7.61111111111111,1.27777777777778,4.6,NA,1.2,2.8,NA,802,"CO",2018,68,3,284.615384615385,-0.300000000000001,100,0
1165,2018-03-10,18.542,63.5,0.254,-2,-1,-5.38888888888889,4.7,NA,1.3,2.8,NA,802,"CO",2018,69,3,292,0.100000000000001,100,0
1166,2018-03-11,19.05,68.58,0,-13.7222222222222,4.77777777777778,-5.38888888888889,4.7,NA,1,2.8,NA,802,"CO",2018,70,3,277.777777777778,0,100,0
1167,2018-03-12,19.304,66.04,0,-8.38888888888889,6.22222222222222,-2.72222222222222,4.8,NA,1.3,2.8,NA,802,"CO",2018,71,3,292.307692307692,0.0999999999999996,100,0
1168,2018-03-13,19.304,66.04,0,-8,6.5,-2.38888888888889,5.1,NA,1,2.6,NA,802,"CO",2018,72,3,292.307692307692,0.3,100,0
1169,2018-03-14,19.05,66.04,0,-3.72222222222222,9.72222222222222,2.27777777777778,4.9,NA,1.2,2.8,NA,802,"CO",2018,73,3,288.461538461538,-0.199999999999999,100,0
1170,2018-03-15,19.05,63.5,0.254,4,6.38888888888889,0.388888888888891,4.8,NA,1.3,2.7,NA,802,"CO",2018,74,3,300,-0.100000000000001,100,0
1171,2018-03-16,19.558,68.58,0,-4.61111111111111,1.61111111111111,-4.72222222222222,5,NA,1.2,2.8,NA,802,"CO",2018,75,3,285.185185185185,0.2,100,0
1172,2018-03-17,19.558,68.58,0,-6.61111111111111,9,-1.11111111111111,5.1,NA,1.5,2.8,NA,802,"CO",2018,76,3,285.185185185185,0.0999999999999996,100,0
1173,2018-03-18,19.558,66.04,0,-7.77777777777778,2.38888888888889,-5.61111111111111,4.8,NA,1.3,2.8,NA,802,"CO",2018,77,3,296.153846153846,-0.3,100,0
1174,2018-03-19,19.558,66.04,0.508,-9.22222222222222,-1.77777777777778,-7.61111111111111,5.3,NA,1.5,3.2,NA,802,"CO",2018,78,3,296.153846153846,0.5,100,0
1175,2018-03-20,20.066,68.58,0,-12.5,-2.77777777777778,-6.38888888888889,5,NA,1.6,3.1,NA,802,"CO",2018,79,3,292.592592592593,-0.3,100,0
1176,2018-03-21,20.066,68.58,0,-3.77777777777778,6.11111111111111,-0.388888888888889,5.1,NA,1.7,3.2,NA,802,"CO",2018,80,3,292.592592592593,0.0999999999999996,100,0
1177,2018-03-22,20.066,68.58,0,1.22222222222222,13.1111111111111,4.61111111111111,5.1,NA,1.4,3.1,NA,802,"CO",2018,81,3,292.592592592593,0,100,0
1178,2018-03-23,20.066,63.5,1.016,4.77777777777778,6.5,0.999999999999998,5,NA,1.2,3,NA,802,"CO",2018,82,3,316,-0.0999999999999996,100,0
1179,2018-03-24,21.082,66.04,0.254,-2.72222222222222,9.88888888888889,0.999999999999998,5.3,NA,2,3.1,NA,802,"CO",2018,83,3,319.230769230769,0.3,100,0
1180,2018-03-25,21.59,66.04,0,1.72222222222222,11.1111111111111,2.72222222222222,5.5,NA,2.1,3.3,NA,802,"CO",2018,84,3,326.923076923077,0.2,100,0
1181,2018-03-26,21.59,63.5,0,-0.777777777777777,6.22222222222222,-1.38888888888889,6.2,NA,2.6,3.5,NA,802,"CO",2018,85,3,340,0.7,100,0
1182,2018-03-27,21.59,63.5,0,-6.61111111111111,6,-2.88888888888889,6.6,NA,3.4,3.8,NA,802,"CO",2018,86,3,340,0.399999999999999,100,0
1183,2018-03-28,21.59,63.5,0.254,-9.77777777777778,2.11111111111111,-4.88888888888889,7.5,NA,4.7,4.1,NA,802,"CO",2018,87,3,340,0.9,100,0
1184,2018-03-29,21.844,66.04,0,-6.72222222222222,2.22222222222222,-4.77777777777778,8.8,NA,6.9,4.6,NA,802,"CO",2018,88,3,330.769230769231,1.3,100,0
1185,2018-03-30,21.844,66.04,0.254,-8.38888888888889,8.11111111111111,0.222222222222221,9,NA,7.9,4.8,NA,802,"CO",2018,89,3,330.769230769231,0.199999999999999,100,0
1186,2018-03-31,22.098,60.96,0.254,2.5,9.38888888888889,3.88888888888889,10,NA,9,5.3,NA,802,"CO",2018,90,3,362.5,1,100,1
1187,2018-04-01,21.59,58.42,0,5.38888888888889,10.7777777777778,4.88888888888889,12.7,NA,12.3,5.4,NA,802,"CO",2018,91,4,369.565217391304,2.7,100,0
1188,2018-04-02,21.336,58.42,0,3.88888888888889,11.8888888888889,5.22222222222222,14.9,NA,17.2,6.1,NA,802,"CO",2018,92,4,365.217391304348,2.2,100,0
1189,2018-04-03,20.32,58.42,0.254,-8,2.27777777777778,-6.38888888888889,16.1,NA,18.3,11,NA,802,"CO",2018,93,4,347.826086956522,1.2,100,0
1190,2018-04-04,20.574,58.42,0,-7.27777777777778,8.5,0.277777777777778,17.3,NA,17.6,13.8,NA,802,"CO",2018,94,4,352.173913043478,1.2,100,0
1191,2018-04-05,20.574,55.88,0,-4.72222222222222,9.72222222222222,0.722222222222221,18.6,NA,18,14.8,NA,802,"CO",2018,95,4,368.181818181818,1.3,100,0
1192,2018-04-06,19.812,53.34,2.032,-0.777777777777777,2.88888888888889,0.499999999999999,19.9,NA,18.9,16.1,NA,802,"CO",2018,96,4,371.428571428571,1.3,100,0
1193,2018-04-07,21.59,63.5,0.254,-0.277777777777778,6.11111111111111,1.72222222222222,20.6,NA,18.8,16.8,NA,802,"CO",2018,97,4,340,0.700000000000003,100,0
1194,2018-04-08,21.844,58.42,2.032,1.5,3.72222222222222,-1.38888888888889,21.6,NA,19.3,18.1,NA,802,"CO",2018,98,4,373.913043478261,1,100,0
1195,2018-04-09,23.114,73.66,0.762,-4.5,5,-2.77777777777778,21.9,NA,19,18.9,NA,802,"CO",2018,99,4,313.793103448276,0.299999999999997,100,0
1196,2018-04-10,23.622,68.58,0,-8.77777777777778,11.5,2.11111111111111,21.9,NA,17.7,19.3,NA,802,"CO",2018,100,4,344.444444444445,0,100,0
1197,2018-04-11,23.114,60.96,0,0,13.7777777777778,7.72222222222222,23.7,NA,19.4,19.9,NA,802,"CO",2018,101,4,379.166666666667,1.8,100,0
1198,2018-04-12,21.844,55.88,0.254,9.5,13,4.72222222222222,27.4,NA,19.8,20.9,NA,802,"CO",2018,102,4,390.909090909091,3.7,100,0
1199,2018-04-13,20.828,55.88,0.254,-7.22222222222222,-3.72222222222222,-6.77777777777778,27.3,NA,19.7,21.2,NA,802,"CO",2018,103,4,372.727272727273,-0.0999999999999979,100,0
1200,2018-04-14,20.828,55.88,0.254,-7.77777777777778,3.5,-2.77777777777778,24.4,NA,18.5,21.7,NA,802,"CO",2018,104,4,372.727272727273,-2.9,100,0
1201,2018-04-15,20.828,55.88,0,-2.38888888888889,10.2222222222222,2.27777777777778,25.6,NA,17.6,21.7,NA,802,"CO",2018,105,4,372.727272727273,1.2,100,0
1202,2018-04-16,19.812,50.8,0,3.22222222222222,12.8888888888889,7.72222222222222,28.6,NA,19.9,22.1,NA,802,"CO",2018,106,4,390,3,100,0
1203,2018-04-17,18.796,45.72,0.762,2.22222222222222,7.38888888888889,-1.5,30.2,NA,20.1,22.8,NA,802,"CO",2018,107,4,411.111111111111,1.6,100,0
1204,2018-04-18,18.542,45.72,0.508,-7.88888888888889,6.5,-2.38888888888889,27.9,NA,19.7,23,NA,802,"CO",2018,108,4,405.555555555555,-2.3,100,0
1205,2018-04-19,19.304,48.26,0,-1.11111111111111,12.2777777777778,5.11111111111111,29.3,NA,19.9,23.4,NA,802,"CO",2018,109,4,400,1.4,100,0
1206,2018-04-20,17.272,40.64,0.254,4.72222222222222,8.5,2,31.4,NA,20.3,23.8,NA,802,"CO",2018,110,4,425,2.1,100,0
1207,2018-04-21,17.78,53.34,0.508,-2.72222222222222,2.38888888888889,-1.77777777777778,30.9,NA,20.3,24.2,NA,802,"CO",2018,111,4,333.333333333333,-0.5,100,0
1208,2018-04-22,17.272,48.26,0.254,-5.5,11.7222222222222,3.72222222222222,26.2,NA,17.8,24.2,NA,802,"CO",2018,112,4,357.894736842105,-4.7,100,0
1209,2018-04-23,16.256,40.64,0,2.22222222222222,14.1111111111111,5.72222222222222,33.8,NA,20.3,24.6,NA,802,"CO",2018,113,4,400,7.6,100,0
1210,2018-04-24,14.224,35.56,0,1.5,4.61111111111111,0,32.3,NA,20.4,24.8,NA,802,"CO",2018,114,4,400,-1.5,100,0
1211,2018-04-25,13.716,35.56,0.508,-7.77777777777778,12.7777777777778,1.61111111111111,29.7,NA,20.1,25,NA,802,"CO",2018,115,4,385.714285714286,-2.6,100,0
1212,2018-04-26,11.938,30.48,0,3.27777777777778,10.1111111111111,3.38888888888889,31.1,NA,20.2,25.2,NA,802,"CO",2018,116,4,391.666666666667,1.4,100,0
1213,2018-04-27,11.176,22.86,0,-4,16.2222222222222,5.22222222222222,29.7,NA,19.5,25.4,NA,802,"CO",2018,117,4,488.888888888889,-1.4,100,0
1214,2018-04-28,8.128,17.78,0,-0.111111111111111,18.2222222222222,7.77777777777778,29.7,NA,19.5,25.9,NA,802,"CO",2018,118,4,457.142857142857,0,100,0
1215,2018-04-29,4.572,10.16,0,1.22222222222222,16.7777777777778,7.22222222222222,29.6,NA,19.2,29.2,NA,802,"CO",2018,119,4,450,-0.0999999999999979,100,0
1216,2018-04-30,1.016,2.54,0,-0.777777777777777,12.8888888888889,4.38888888888889,28.3,NA,18.4,29.6,NA,802,"CO",2018,120,4,400,-1.3,100,0
1217,2018-05-01,0,0,0,-3.77777777777778,9.5,2.11111111111111,27.4,NA,18.7,29.6,NA,802,"CO",2018,121,5,NA,-0.900000000000002,100,0
1218,2018-05-02,0,0,0.254,-1.77777777777778,8.61111111111111,2.27777777777778,26.7,NA,18.1,29.2,NA,802,"CO",2018,122,5,NA,-0.699999999999999,100,0
1219,2018-05-03,0.762,2.54,2.54,-1,5.38888888888889,-0.222222222222221,26.4,NA,17.7,29.3,NA,802,"CO",2018,123,5,300,-0.300000000000001,100,0
1220,2018-05-04,3.302,12.7,0.254,-2.38888888888889,10,2.5,25.6,NA,16.5,29,NA,802,"CO",2018,124,5,260,-0.799999999999997,100,0
1221,2018-05-05,1.778,2.54,0.254,-2.27777777777778,14.8888888888889,5.72222222222222,26.3,NA,17.7,29.8,NA,802,"CO",2018,125,5,700,0.699999999999999,100,0
1222,2018-05-06,0,0,0.254,-0.777777777777777,17.3888888888889,8.38888888888889,26,NA,17.3,30.5,NA,802,"CO",2018,126,5,NA,-0.300000000000001,100,0
1223,2018-05-07,0,0,0.254,2.11111111111111,19,9.22222222222222,25.2,NA,16.2,30.3,NA,802,"CO",2018,127,5,NA,-0.800000000000001,100,0
1224,2018-05-08,0,0,0,4.11111111111111,17.8888888888889,8.22222222222222,24.3,NA,15.6,30,NA,802,"CO",2018,128,5,NA,-0.899999999999999,100,0
1225,2018-05-09,0,0,0.254,1.22222222222222,19.2222222222222,8.61111111111111,23.5,NA,15.1,29.6,NA,802,"CO",2018,129,5,NA,-0.800000000000001,100,0
1226,2018-05-10,0,0,0,1.11111111111111,21.7222222222222,11.7222222222222,22.7,NA,14.8,29,NA,802,"CO",2018,130,5,NA,-0.800000000000001,100,0
1227,2018-05-11,0,0,0,7.11111111111111,19.1111111111111,10.2222222222222,22.1,NA,14.6,28.6,NA,802,"CO",2018,131,5,NA,-0.599999999999998,100,0
1228,2018-05-12,0,0,0,4.22222222222222,20.2222222222222,11.8888888888889,21.4,NA,14.4,28,NA,802,"CO",2018,132,5,NA,-0.700000000000003,100,0
1229,2018-05-13,0,0,0,4.5,17.8888888888889,7.61111111111111,21,NA,14,27.5,NA,802,"CO",2018,133,5,NA,-0.399999999999999,100,0
1230,2018-05-14,0,0,0,-1.38888888888889,16.3888888888889,7,19.2,NA,13.9,26.9,NA,802,"CO",2018,134,5,NA,-1.8,100,0
1231,2018-05-15,0,0,0,-0.277777777777778,18.8888888888889,8.77777777777778,18.8,NA,13.6,26.4,NA,802,"CO",2018,135,5,NA,-0.399999999999999,100,0
1232,2018-05-16,0,0,0,1.77777777777778,20.3888888888889,10.2222222222222,18.2,NA,13.3,25.9,NA,802,"CO",2018,136,5,NA,-0.600000000000001,100,0
1233,2018-05-17,0,0,0,2.61111111111111,21,10.5,17.5,NA,13.3,25.5,NA,802,"CO",2018,137,5,NA,-0.699999999999999,100,0
1234,2018-05-18,0,0,0,1.38888888888889,16.5,6.5,16.3,NA,13.1,25.1,NA,802,"CO",2018,138,5,NA,-1.2,100,0
1235,2018-05-19,0,0,0,0.388888888888891,12.3888888888889,4.38888888888889,15.8,NA,12.7,24.7,NA,802,"CO",2018,139,5,NA,-0.5,100,0
1236,2018-05-20,0,0,0,2.88888888888889,17.2777777777778,6.38888888888889,16.1,NA,12.8,24.4,NA,802,"CO",2018,140,5,NA,0.300000000000001,100,0
1237,2018-05-21,0,0,0,1.22222222222222,18.3888888888889,9.61111111111111,16.6,NA,12.7,24,NA,802,"CO",2018,141,5,NA,0.5,100,0
1238,2018-05-22,0,0,0,2.5,20.6111111111111,7.22222222222222,16.2,NA,12.7,23.9,NA,802,"CO",2018,142,5,NA,-0.400000000000002,100,0
1239,2018-05-23,0,0,0,-0.722222222222223,19.3888888888889,8.5,16.5,NA,12.6,23.8,NA,802,"CO",2018,143,5,NA,0.300000000000001,100,0
1240,2018-05-24,0,0,0,2.22222222222222,20.5,9.72222222222222,16,NA,12.6,23.6,NA,802,"CO",2018,144,5,NA,-0.5,100,0
1241,2018-05-25,0,0,0.254,2.88888888888889,23.1111111111111,12.2777777777778,16.1,NA,12.7,23.5,NA,802,"CO",2018,145,5,NA,0.100000000000001,100,0
1242,2018-05-26,0,0,0,5.5,25,14.2777777777778,15.3,NA,12.5,23.3,NA,802,"CO",2018,146,5,NA,-0.800000000000001,100,0
1243,2018-05-27,0,0,0,10,23.7777777777778,12.8888888888889,14,NA,12.2,23.1,NA,802,"CO",2018,147,5,NA,-1.3,100,0
1244,2018-05-28,0,0,0,3,18.7777777777778,8.61111111111111,13.4,NA,12.1,22.9,NA,802,"CO",2018,148,5,NA,-0.6,100,0
1245,2018-05-29,0,0,0,2.77777777777778,14.8888888888889,6.88888888888889,24.9,NA,12.1,22.7,NA,802,"CO",2018,149,5,NA,11.5,100,0
1246,2018-05-30,0,0,0,1.11111111111111,19.2222222222222,8.88888888888889,12.7,NA,12,22.4,NA,802,"CO",2018,150,5,NA,-12.2,100,0
1247,2018-05-31,0,0,0,1.38888888888889,25,12.8888888888889,12.4,NA,11.8,22.2,NA,802,"CO",2018,151,5,NA,-0.299999999999999,100,0
1248,2018-06-01,0,0,0,9.88888888888889,19.7222222222222,12.7777777777778,12.3,NA,11.9,22,NA,802,"CO",2018,152,6,NA,-0.0999999999999996,100,0
1249,2018-06-02,0,0,0,-0.277777777777778,21.1111111111111,10.2222222222222,20.9,NA,11.9,21.9,NA,802,"CO",2018,153,6,NA,8.6,100,0
1250,2018-06-03,0,0,0,9.5,21.3888888888889,11.2222222222222,18,NA,11.6,21.8,NA,802,"CO",2018,154,6,NA,-2.9,100,0
1251,2018-06-04,0,0,0,-0.611111111111112,22.5,10.8888888888889,20.1,NA,11.3,21.5,NA,802,"CO",2018,155,6,NA,2.1,100,0
1252,2018-06-05,0,0,0,2.88888888888889,26,14.7222222222222,17.4,NA,11.4,21.3,NA,802,"CO",2018,156,6,NA,-2.7,100,0
1253,2018-06-06,0,0,0,4.77777777777778,25.5,14.2222222222222,18.4,NA,11.3,21.2,NA,802,"CO",2018,157,6,NA,1,100,0
1254,2018-06-07,0,0,0,6.11111111111111,25.7777777777778,14.1111111111111,24.8,NA,11.1,21,NA,802,"CO",2018,158,6,NA,6.4,100,0
1255,2018-06-08,0,0,0,4.88888888888889,25.1111111111111,14.2777777777778,23.4,NA,10.9,20.7,NA,802,"CO",2018,159,6,NA,-1.4,100,0
1256,2018-06-09,0,0,0,3.72222222222222,25.8888888888889,14.3888888888889,24.8,NA,10.6,20.6,NA,802,"CO",2018,160,6,NA,1.4,100,0
1257,2018-06-10,0,0,0,3.72222222222222,24.2222222222222,14.2777777777778,24.9,NA,10.5,20.3,NA,802,"CO",2018,161,6,NA,0.0999999999999979,100,0
1258,2018-06-11,0,0,0,6.5,22.7222222222222,11.5,24.9,NA,10.3,20.2,NA,802,"CO",2018,162,6,NA,0,100,0
1259,2018-06-12,0,0,0,4,24.7222222222222,14,23.5,NA,10.1,19.9,NA,802,"CO",2018,163,6,NA,-1.4,100,0
1260,2018-06-13,0,0,0,9,26,17.2222222222222,23.8,NA,9.7,19.6,NA,802,"CO",2018,164,6,NA,0.300000000000001,100,0
1261,2018-06-14,0,0,0,7.77777777777778,23.7222222222222,16.2222222222222,24.8,NA,9.4,19.3,NA,802,"CO",2018,165,6,NA,1,100,0
1262,2018-06-15,0,0,0,7.72222222222222,25,15.3888888888889,25.1,NA,9.2,19,NA,802,"CO",2018,166,6,NA,0.300000000000001,100,0
1263,2018-06-16,0,0,0.254,7.77777777777778,18.2222222222222,12.2777777777778,25.2,NA,8.7,18.7,NA,802,"CO",2018,167,6,NA,0.0999999999999979,100,0
1264,2018-06-17,0,0,0.508,8.22222222222222,15.8888888888889,10.5,25,NA,8.4,18.5,NA,802,"CO",2018,168,6,NA,-0.199999999999999,100,0
1265,2018-06-18,0,0,0,6.77777777777778,21.7222222222222,12.1111111111111,24.9,NA,8.6,18.5,NA,802,"CO",2018,169,6,NA,-0.100000000000001,100,0
1266,2018-06-19,0,0,0,3.88888888888889,22,12.7777777777778,24.8,NA,8.7,18.3,NA,802,"CO",2018,170,6,NA,-0.0999999999999979,100,0
1267,2018-06-20,0,0,0,3.72222222222222,18.6111111111111,10.7222222222222,24.9,NA,8.5,18,NA,802,"CO",2018,171,6,NA,0.0999999999999979,100,0
1268,2018-06-21,0,0,0,3.5,24.2222222222222,13.2777777777778,24.9,NA,8.4,17.9,NA,802,"CO",2018,172,6,NA,0,100,0
1269,2018-06-22,0,0,0,10.1111111111111,21.5,12.6111111111111,25,NA,8.3,17.6,NA,802,"CO",2018,173,6,NA,0.100000000000001,100,0
1270,2018-06-23,0,0,0,4.5,21.1111111111111,12.7777777777778,24.8,NA,8.2,17.5,NA,802,"CO",2018,174,6,NA,-0.199999999999999,100,0
1271,2018-06-24,0,0,0,9,13.6111111111111,8.22222222222222,24.9,NA,8,17.2,NA,802,"CO",2018,175,6,NA,0.0999999999999979,100,0
1272,2018-06-25,0,0,0,0.111111111111113,22.3888888888889,11.2222222222222,23.6,NA,7.6,17,NA,802,"CO",2018,176,6,NA,-1.3,100,0
1273,2018-06-26,0,0,0,3.72222222222222,26.7777777777778,15.6111111111111,24.9,NA,7.3,16.9,NA,802,"CO",2018,177,6,NA,1.3,100,0
1274,2018-06-27,0,0,0,9.11111111111111,28.7222222222222,18.6111111111111,24.9,NA,7,16.5,NA,802,"CO",2018,178,6,NA,0,100,0
1275,2018-06-28,0,0,0,8.72222222222222,28.1111111111111,17.8888888888889,24.2,NA,6.6,16.2,NA,802,"CO",2018,179,6,NA,-0.699999999999999,100,0
1276,2018-06-29,0,0,0,9.72222222222222,25.2777777777778,15.1111111111111,24.2,NA,5.8,15.9,NA,802,"CO",2018,180,6,NA,0,100,0
1277,2018-06-30,0,0,0,4.77777777777778,22.3888888888889,11.3888888888889,24.9,NA,5.1,15.3,NA,802,"CO",2018,181,6,NA,0.699999999999999,100,0
1278,2018-07-01,0,0,0,2.88888888888889,23.5,12.2222222222222,24.9,NA,4.3,15,NA,802,"CO",2018,182,7,NA,0,100,0
1279,2018-07-02,0,0,0,4.61111111111111,25.7777777777778,14.2777777777778,24.9,NA,4,14.7,NA,802,"CO",2018,183,7,NA,0,100,0
1280,2018-07-03,0,0,0,7.11111111111111,26.5,14.8888888888889,25,NA,3.4,14.3,NA,802,"CO",2018,184,7,NA,0.100000000000001,100,0
1281,2018-07-04,0,0,0,11.1111111111111,25.2222222222222,16.3888888888889,25,NA,2.9,13.9,NA,802,"CO",2018,185,7,NA,0,100,0
1282,2018-07-05,0,0,0,12.6111111111111,24,16.6111111111111,24.2,NA,2.8,13.4,NA,802,"CO",2018,186,7,NA,-0.800000000000001,100,0
1283,2018-07-06,0,0,0,11.1111111111111,26.8888888888889,16.2222222222222,24,NA,2.5,12.9,NA,802,"CO",2018,187,7,NA,-0.199999999999999,100,0
1284,2018-07-07,0,0,0,8.72222222222222,27,16.3888888888889,24.9,NA,2.4,12.5,NA,802,"CO",2018,188,7,NA,0.899999999999999,100,0
1285,2018-07-08,0,0,0,9.38888888888889,26.7222222222222,14.7777777777778,24.1,NA,2.2,11.7,NA,802,"CO",2018,189,7,NA,-0.799999999999997,100,0
1286,2018-07-09,0,0,0.254,8.38888888888889,27.8888888888889,17.8888888888889,24.8,NA,2.1,11.5,NA,802,"CO",2018,190,7,NA,0.699999999999999,100,0
1287,2018-07-10,0,0,0,15.7777777777778,27.2222222222222,17,24.9,NA,2,10.9,NA,802,"CO",2018,191,7,NA,0.0999999999999979,100,0
1288,2018-07-11,0,0,0,7.11111111111111,27.5,16,24.8,NA,2.4,10.5,NA,802,"CO",2018,192,7,NA,-0.0999999999999979,100,0
1289,2018-07-12,0,0,0,9.77777777777778,22.1111111111111,12.2777777777778,24.7,NA,2.2,9.7,NA,802,"CO",2018,193,7,NA,-0.100000000000001,100,0
1290,2018-07-13,0,0,0,6.61111111111111,25.1111111111111,15.2777777777778,23.9,NA,2.2,9.5,NA,802,"CO",2018,194,7,NA,-0.800000000000001,100,0
1291,2018-07-14,0,0,0,13.8888888888889,26.7777777777778,18.3888888888889,24.9,NA,2.3,8.9,NA,802,"CO",2018,195,7,NA,1,100,0
1292,2018-07-15,0,0,0,11.2222222222222,21.2222222222222,13.1111111111111,25.1,NA,2.2,8.2,NA,802,"CO",2018,196,7,NA,0.200000000000003,100,0
1293,2018-07-16,0,0,0,6.38888888888889,27.2222222222222,15.7777777777778,24.7,NA,2,7.7,NA,802,"CO",2018,197,7,NA,-0.400000000000002,100,0
1294,2018-07-17,0,0,0,13.3888888888889,24,15.8888888888889,25,NA,2,6.8,NA,802,"CO",2018,198,7,NA,0.300000000000001,100,0
1295,2018-07-18,0,0,0,7.22222222222222,24.8888888888889,16.5,24.6,NA,1.8,6.1,NA,802,"CO",2018,199,7,NA,-0.399999999999999,100,0
1296,2018-07-19,0,0,0,7.5,27.2777777777778,17.1111111111111,24.8,NA,1.9,5.3,NA,802,"CO",2018,200,7,NA,0.199999999999999,100,0
1297,2018-07-20,0,0,0,9.5,27,16,24.4,NA,1.8,4.6,NA,802,"CO",2018,201,7,NA,-0.400000000000002,100,0
1298,2018-07-21,0,0,0,7.88888888888889,27.3888888888889,16.1111111111111,24.8,NA,1.5,4.1,NA,802,"CO",2018,202,7,NA,0.400000000000002,100,0
1299,2018-07-22,0,0,0,8.77777777777778,28.6111111111111,17.5,24.8,NA,1.5,3.7,NA,802,"CO",2018,203,7,NA,0,100,0
1300,2018-07-23,0,0,0,12.7222222222222,27.5,17,24.7,NA,1.4,3.1,NA,802,"CO",2018,204,7,NA,-0.100000000000001,100,0
1301,2018-07-24,0,0,0,11.3888888888889,24.7777777777778,17,24.1,NA,1.6,3.1,NA,802,"CO",2018,205,7,NA,-0.599999999999998,100,0
1302,2018-07-25,0,0,0,14.1111111111111,24.2777777777778,14.8888888888889,25,NA,1.4,2.7,NA,802,"CO",2018,206,7,NA,0.899999999999999,100,0
1303,2018-07-26,0,0,0,7.77777777777778,24.2777777777778,15.2222222222222,24.9,NA,1.6,2.8,NA,802,"CO",2018,207,7,NA,-0.100000000000001,100,0
1304,2018-07-27,0,0,0,12.8888888888889,24,13.3888888888889,25,NA,1.4,2.3,NA,802,"CO",2018,208,7,NA,0.100000000000001,100,0
1305,2018-07-28,0,0,0,4.61111111111111,21.2777777777778,11.7777777777778,23.7,NA,1.4,2.2,NA,802,"CO",2018,209,7,NA,-1.3,100,0
1306,2018-07-29,0,0,0.508,4,23.2222222222222,14,23.5,NA,1.3,2.2,NA,802,"CO",2018,210,7,NA,-0.199999999999999,100,0
1307,2018-07-30,0,0,0.254,5.77777777777778,21.2777777777778,11.7777777777778,24.9,NA,1.2,2.1,NA,802,"CO",2018,211,7,NA,1.4,100,0
1308,2018-07-31,0,0,0,3.5,24,13.2222222222222,24.9,NA,1.2,1.8,NA,802,"CO",2018,212,7,NA,0,100,0
1309,2018-08-01,0,0,0,5.38888888888889,21.3888888888889,11.8888888888889,24.9,NA,1.4,2,NA,802,"CO",2018,213,8,NA,0,100,0
1310,2018-08-02,0,0,0,5,25.3888888888889,15.7777777777778,24.9,NA,1,1.5,NA,802,"CO",2018,214,8,NA,0,100,0
1462,2019-01-01,11.43,53.34,0,-15.2222222222222,-10.1111111111111,-16.1111111111111,10.2,NA,7.7,10.2,NA,802,"CO",2019,1,1,214.285714285714,0,78,0
1463,2019-01-02,11.43,53.34,0,-22.3888888888889,-5.72222222222222,-16.5,10.2,NA,7.6,10.3,NA,802,"CO",2019,2,1,214.285714285714,0,78,0
1464,2019-01-03,11.43,53.34,0.254,-18.8888888888889,0.277777777777778,-11,9.5,NA,7.6,10.2,NA,802,"CO",2019,3,1,214.285714285714,-0.699999999999999,78,0
1465,2019-01-04,11.43,53.34,0,-11.3888888888889,3.38888888888889,-6.77777777777778,8.7,NA,7.4,10.2,NA,802,"CO",2019,4,1,214.285714285714,-0.800000000000001,78,0
1466,2019-01-05,11.43,53.34,0.254,-9.72222222222222,4.11111111111111,-3.72222222222222,8.8,NA,7.2,10.2,NA,802,"CO",2019,5,1,214.285714285714,0.100000000000001,78,0
1467,2019-01-06,11.684,50.8,0.254,-4,2.22222222222222,-4.72222222222222,8.2,NA,7.5,10.1,NA,802,"CO",2019,6,1,230,-0.600000000000001,78,0
1468,2019-01-07,12.192,60.96,0,-6.38888888888889,-3.22222222222222,-5.38888888888889,8.9,NA,7.4,10.2,NA,802,"CO",2019,7,1,200,0.700000000000001,78,0
1469,2019-01-08,12.192,58.42,0,-6,0.999999999999998,-7,8.7,NA,7.1,10.1,NA,802,"CO",2019,8,1,208.695652173913,-0.200000000000001,78,0
1470,2019-01-09,12.192,55.88,0,-10.7777777777778,7.11111111111111,-4,9.1,NA,7.3,10.1,NA,802,"CO",2019,9,1,218.181818181818,0.4,78,0
1471,2019-01-10,12.192,55.88,0.254,-8.11111111111111,4.77777777777778,-3.38888888888889,8.7,NA,7.2,10,NA,802,"CO",2019,10,1,218.181818181818,-0.4,78,0
1472,2019-01-11,12.446,55.88,0.508,-3.72222222222222,-1.61111111111111,-4.88888888888889,8.8,NA,7.2,9.9,NA,802,"CO",2019,11,1,222.727272727273,0.100000000000001,78,0
1473,2019-01-12,13.208,68.58,0,-9.27777777777778,-3.5,-10.1111111111111,9.9,NA,7.3,10.1,NA,802,"CO",2019,12,1,192.592592592593,1.1,78,0
1474,2019-01-13,13.208,66.04,0,-16.2777777777778,-3.11111111111111,-13.3888888888889,9.6,NA,6.9,9.8,NA,802,"CO",2019,13,1,200,-0.300000000000001,78,0
1475,2019-01-14,13.208,66.04,0,-17.3888888888889,-1.61111111111111,-13.3888888888889,9.3,NA,7,9.9,NA,802,"CO",2019,14,1,200,-0.299999999999999,78,0
1476,2019-01-15,13.462,63.5,0.508,-17.6111111111111,-0.722222222222223,-7.61111111111111,8.7,NA,6.8,9.7,NA,802,"CO",2019,15,1,212,-0.600000000000001,78,0
1477,2019-01-16,13.716,63.5,0.762,-3.5,-0.388888888888889,-3.77777777777778,8.8,NA,6.9,9.8,NA,802,"CO",2019,16,1,216,0.100000000000001,78,0
1478,2019-01-17,14.478,73.66,0.254,-5.22222222222222,6,-0.777777777777777,9.3,NA,6.7,9.7,NA,802,"CO",2019,17,1,196.551724137931,0.5,78,0
1479,2019-01-18,14.732,71.12,1.27,-2.61111111111111,-1,-5.5,8.9,NA,6.9,9.7,NA,802,"CO",2019,18,1,207.142857142857,-0.4,78,0
1480,2019-01-19,15.748,83.82,0.254,-8.11111111111111,-2.72222222222222,-8.38888888888889,9,NA,6.9,9.8,NA,802,"CO",2019,19,1,187.878787878788,0.0999999999999996,78,0
1481,2019-01-20,16.002,81.28,0,-9.27777777777778,4.38888888888889,-3.88888888888889,9.5,NA,6.7,9.4,NA,802,"CO",2019,20,1,196.875,0.5,78,0
1482,2019-01-21,16.002,78.74,0.762,-5.27777777777778,4.11111111111111,-4.88888888888889,9.6,NA,6.9,9.7,NA,802,"CO",2019,21,1,203.225806451613,0.0999999999999996,78,0
1483,2019-01-22,16.764,86.36,0,-10.1111111111111,-8.27777777777778,-13.3888888888889,9.2,NA,6.8,9.5,NA,802,"CO",2019,22,1,194.117647058824,-0.4,78,0
1484,2019-01-23,16.764,83.82,0.254,-21.2222222222222,-5.5,-12.7222222222222,9.1,NA,6.6,9.6,NA,802,"CO",2019,23,1,200,-0.0999999999999996,78,0
1485,2019-01-24,17.272,83.82,0,-10.1111111111111,-6.11111111111111,-9.61111111111111,10,NA,6.4,9.5,NA,802,"CO",2019,24,1,206.060606060606,0.9,78,0
1486,2019-01-25,17.272,83.82,0.254,-10.8888888888889,-5,-9.88888888888889,9.6,NA,6.6,9.4,NA,802,"CO",2019,25,1,206.060606060606,-0.4,78,0
1487,2019-01-26,17.526,83.82,0,-11.8888888888889,-4.38888888888889,-10.7777777777778,9.4,NA,6.6,9.5,NA,802,"CO",2019,26,1,209.090909090909,-0.199999999999999,78,0
1488,2019-01-27,17.526,81.28,0,-13,0.499999999999999,-5.27777777777778,9.9,NA,6.6,9.4,NA,802,"CO",2019,27,1,215.625,0.5,78,0
1489,2019-01-28,17.526,78.74,0,-3.5,-3.5,-11.5,9.3,NA,6.6,9.4,NA,802,"CO",2019,28,1,222.58064516129,-0.6,78,0
1490,2019-01-29,17.526,81.28,0,-22.2777777777778,-4.72222222222222,-15.2222222222222,9.4,NA,6.6,9.2,NA,802,"CO",2019,29,1,215.625,0.0999999999999996,78,0
1491,2019-01-30,17.526,81.28,0,-19.2777777777778,0.499999999999999,-10.2777777777778,9.2,NA,6.5,9.1,NA,802,"CO",2019,30,1,215.625,-0.200000000000001,78,0
1492,2019-01-31,17.526,78.74,0,-10.5,1.27777777777778,-9.11111111111111,8.9,NA,6.6,9.3,NA,802,"CO",2019,31,1,222.58064516129,-0.299999999999999,78,0
1493,2019-02-01,17.526,78.74,0,-13.7222222222222,2,-8.27777777777778,9.1,NA,6.4,9.1,NA,802,"CO",2019,32,2,222.58064516129,0.199999999999999,78,0
1494,2019-02-02,17.526,78.74,0,-13.7777777777778,5.61111111111111,-6.22222222222222,9.7,NA,6.6,9.3,NA,802,"CO",2019,33,2,222.58064516129,0.6,78,0
1495,2019-02-03,17.78,76.2,0.254,-4.72222222222222,7.11111111111111,-1.61111111111111,8.3,NA,6.4,9.1,NA,802,"CO",2019,34,2,233.333333333333,-1.4,78,0
1496,2019-02-04,18.034,78.74,0.254,-4.5,6,-1.11111111111111,8.4,NA,6.3,9.4,NA,802,"CO",2019,35,2,229.032258064516,0.0999999999999996,78,0
1497,2019-02-05,18.542,81.28,0,-2.72222222222222,2.27777777777778,-2.38888888888889,7.9,NA,6.4,9,NA,802,"CO",2019,36,2,228.125,-0.5,78,0
1498,2019-02-06,18.542,83.82,0.508,-4.38888888888889,-4.38888888888889,-8.77777777777778,8.3,NA,6.3,9,NA,802,"CO",2019,37,2,221.212121212121,0.4,78,0
1499,2019-02-07,19.05,91.44,0,-18.2222222222222,-12.3888888888889,-17.8888888888889,8.7,NA,6.3,9,NA,802,"CO",2019,38,2,208.333333333333,0.399999999999999,78,0
1500,2019-02-08,19.05,88.9,0.254,-24.7222222222222,-1.77777777777778,-14.3888888888889,8.6,NA,6.2,9,NA,802,"CO",2019,39,2,214.285714285714,-0.0999999999999996,78,0
1501,2019-02-09,19.304,86.36,0,-12.7777777777778,1.72222222222222,-6.22222222222222,9.5,NA,6.3,9,NA,802,"CO",2019,40,2,223.529411764706,0.9,78,0
1502,2019-02-10,19.304,83.82,0,-7.27777777777778,2.5,-6.11111111111111,9.3,NA,6.3,9,NA,802,"CO",2019,41,2,230.30303030303,-0.199999999999999,78,0
1503,2019-02-11,19.304,83.82,0,-6.11111111111111,-6,-10.6111111111111,8.1,NA,6,8.8,NA,802,"CO",2019,42,2,230.30303030303,-1.2,78,0
1504,2019-02-12,19.304,83.82,0,-13.2222222222222,0,-7.61111111111111,7.9,NA,6.2,9,NA,802,"CO",2019,43,2,230.30303030303,-0.199999999999999,78,0
1505,2019-02-13,19.304,81.28,0.254,-4.11111111111111,5.77777777777778,-1.38888888888889,8.4,NA,6.2,8.9,NA,802,"CO",2019,44,2,237.5,0.5,78,0
1506,2019-02-14,19.812,83.82,0.508,-2.22222222222222,3.88888888888889,0.111111111111113,7.8,NA,6.1,8.7,NA,802,"CO",2019,45,2,236.363636363636,-0.600000000000001,78,0
1507,2019-02-15,20.574,88.9,0,-1.5,4.5,-2.61111111111111,8.5,NA,6,8.8,NA,802,"CO",2019,46,2,231.428571428571,0.7,78,0
1508,2019-02-16,20.574,91.44,0.508,-8,-4.88888888888889,-11.3888888888889,7.5,NA,6.2,8.8,NA,802,"CO",2019,47,2,225,-1,78,0
1509,2019-02-17,21.082,99.06,0,-19.5,-8.27777777777778,-14.5,7.8,NA,6.1,8.7,NA,802,"CO",2019,48,2,212.820512820513,0.3,78,0
1510,2019-02-18,21.082,93.98,0.254,-13.3888888888889,-5.22222222222222,-10.7777777777778,8,NA,6.1,8.6,NA,802,"CO",2019,49,2,224.324324324324,0.2,78,0
1511,2019-02-19,21.336,93.98,0,-12.2222222222222,-9.11111111111111,-13.3888888888889,7.3,NA,6.1,8.7,NA,802,"CO",2019,50,2,227.027027027027,-0.7,78,0
1512,2019-02-20,21.59,93.98,0,-18.2777777777778,-7.22222222222222,-15.8888888888889,8.3,NA,5.9,8.6,NA,802,"CO",2019,51,2,229.72972972973,1,78,0
1513,2019-02-21,21.59,93.98,0.254,-20.8888888888889,-1.5,-10.2222222222222,7.2,NA,6,8.6,NA,802,"CO",2019,52,2,229.72972972973,-1.1,78,0
1514,2019-02-22,21.59,91.44,0.508,-8.88888888888889,-1.27777777777778,-6.88888888888889,7.9,NA,6,8.7,NA,802,"CO",2019,53,2,236.111111111111,0.7,78,0
1515,2019-02-23,22.098,96.52,0,-9.88888888888889,-7.22222222222222,-11.5,7.3,NA,5.8,8.6,NA,802,"CO",2019,54,2,228.947368421053,-0.600000000000001,78,0
1516,2019-02-24,22.098,96.52,0,-10.6111111111111,-1.77777777777778,-9.77777777777778,7.6,NA,5.7,8.4,NA,802,"CO",2019,55,2,228.947368421053,0.3,78,0
1517,2019-02-25,22.098,93.98,0.254,-15.5,3.77777777777778,-5.72222222222222,7.8,NA,5.9,8.4,NA,802,"CO",2019,56,2,235.135135135135,0.2,78,0
1518,2019-02-26,22.352,91.44,0,-5.27777777777778,8.5,-2.27777777777778,8,NA,5.7,8.4,NA,802,"CO",2019,57,2,244.444444444444,0.2,78,0
1519,2019-02-27,22.352,91.44,0,-8.61111111111111,8.38888888888889,-2.22222222222222,8.8,NA,5.6,8.3,NA,802,"CO",2019,58,2,244.444444444444,0.800000000000001,78,0
1520,2019-02-28,22.352,88.9,0.254,-0.88888888888889,6.72222222222222,-0.722222222222223,7.7,NA,5.7,8.5,NA,802,"CO",2019,59,2,251.428571428571,-1.1,78,0
1521,2019-03-01,22.606,91.44,1.016,-3.38888888888889,0.277777777777778,-2.38888888888889,8.4,NA,5.6,8.3,NA,802,"CO",2019,60,3,247.222222222222,0.7,78,0
1522,2019-03-02,23.622,101.6,2.032,-2.61111111111111,4.77777777777778,-1.38888888888889,7.5,NA,5.6,8.4,NA,802,"CO",2019,61,3,232.5,-0.9,78,0
1523,2019-03-03,25.908,121.92,1.778,-6.11111111111111,-4.38888888888889,-7.27777777777778,8.6,NA,5.6,8.4,NA,802,"CO",2019,62,3,212.5,1.1,78,0
1524,2019-03-04,27.94,137.16,0,-11.2777777777778,-2.72222222222222,-10.1111111111111,7.8,NA,5.6,8.2,NA,802,"CO",2019,63,3,203.703703703704,-0.8,78,0
1525,2019-03-05,27.94,127,0,-16.2222222222222,0.777777777777777,-6.27777777777778,7.6,NA,5.4,8.3,NA,802,"CO",2019,64,3,220,-0.2,78,0
1526,2019-03-06,27.94,121.92,2.54,-1.77777777777778,5.77777777777778,1.11111111111111,8.8,NA,5.7,8.2,NA,802,"CO",2019,65,3,229.166666666667,1.2,78,0
1527,2019-03-07,30.48,137.16,0.762,-1.27777777777778,3.77777777777778,-2.38888888888889,8.6,NA,5.5,8.1,NA,802,"CO",2019,66,3,222.222222222222,-0.200000000000001,78,0
1528,2019-03-08,31.242,134.62,1.016,-8.11111111111111,3.5,-4.11111111111111,8.3,NA,5.5,8.1,NA,802,"CO",2019,67,3,232.075471698113,-0.299999999999999,78,0
1529,2019-03-09,32.258,139.7,0,-6.5,-0.388888888888889,-8,8.8,NA,5.6,8.3,NA,802,"CO",2019,68,3,230.909090909091,0.5,78,0
1530,2019-03-10,32.258,134.62,0,-12.7777777777778,5,-6.27777777777778,9.7,NA,5.4,8.2,NA,802,"CO",2019,69,3,239.622641509434,0.899999999999999,78,0
1531,2019-03-11,32.258,129.54,0.254,-11.7777777777778,4.77777777777778,-5.22222222222222,10.2,NA,5.5,8.3,NA,802,"CO",2019,70,3,249.019607843137,0.5,78,0
1532,2019-03-12,32.512,127,0.508,-3.38888888888889,9.22222222222222,0.999999999999998,10.2,NA,5.3,8.1,NA,802,"CO",2019,71,3,256,0,78,1
1533,2019-03-13,33.02,121.92,0.762,-0.777777777777777,-0.388888888888889,-6,17.6,NA,5.6,8.1,NA,802,"CO",2019,72,3,270.833333333333,7.4,78,0
1534,2019-03-14,33.782,132.08,0.508,-11.2222222222222,-4.77777777777778,-11.2222222222222,11.4,NA,5.3,8.1,NA,802,"CO",2019,73,3,255.769230769231,-6.2,78,0
1535,2019-03-15,34.29,132.08,0,-18.8888888888889,-2.72222222222222,-11.7222222222222,11.2,NA,5.7,8,NA,802,"CO",2019,74,3,259.615384615385,-0.200000000000001,78,0
1536,2019-03-16,34.29,129.54,0.254,-15.7222222222222,3.5,-7.11111111111111,11.6,NA,5.6,8.1,NA,802,"CO",2019,75,3,264.705882352941,0.4,78,0
1537,2019-03-17,34.544,127,0,-12.3888888888889,5.61111111111111,-4.38888888888889,0,NA,5.6,8.1,NA,802,"CO",2019,76,3,272,-11.6,78,0
1538,2019-03-18,34.544,124.46,0.254,-3.77777777777778,6.61111111111111,-1.77777777777778,0,NA,5.6,8.3,NA,802,"CO",2019,77,3,277.551020408163,0,78,0
1539,2019-03-19,34.798,121.92,0,-5.27777777777778,0.277777777777778,-6.22222222222222,11.9,NA,5.5,8.2,NA,802,"CO",2019,78,3,285.416666666667,11.9,78,0
1540,2019-03-20,34.798,121.92,0,-14.1111111111111,3.27777777777778,-5.5,11.5,NA,5.7,8.4,NA,802,"CO",2019,79,3,285.416666666667,-0.4,78,0
1541,2019-03-21,34.798,119.38,0,-4.88888888888889,7.22222222222222,0.722222222222221,12.2,NA,5.5,8.2,NA,802,"CO",2019,80,3,291.489361702128,0.699999999999999,78,0
1542,2019-03-22,34.544,119.38,0,-4.61111111111111,3.27777777777778,-3,0,NA,5.6,8.4,NA,802,"CO",2019,81,3,289.36170212766,-12.2,78,0
1543,2019-03-23,34.544,121.92,0,-4.5,2.22222222222222,-3,11.5,NA,5.6,8.3,NA,802,"CO",2019,82,3,283.333333333333,11.5,78,0
1544,2019-03-24,34.544,119.38,0,-9.27777777777778,4.22222222222222,-3.11111111111111,11.8,NA,5.4,8.3,NA,802,"CO",2019,83,3,289.36170212766,0.300000000000001,78,0
1545,2019-03-25,34.544,121.92,0.254,-4.77777777777778,7.61111111111111,-1.61111111111111,11.6,NA,5.6,8.3,NA,802,"CO",2019,84,3,283.333333333333,-0.200000000000001,78,0
1546,2019-03-26,34.798,119.38,0,-9.11111111111111,13,0.999999999999998,11.9,NA,5.7,8.3,NA,802,"CO",2019,85,3,291.489361702128,0.300000000000001,78,0
1547,2019-03-27,34.798,116.84,0,2.88888888888889,15.3888888888889,5.77777777777778,11.4,NA,5.8,8.3,NA,802,"CO",2019,86,3,297.826086956522,-0.5,78,0
1548,2019-03-28,34.798,111.76,0,-0.777777777777777,13.3888888888889,4.77777777777778,12,NA,5.8,8.7,NA,802,"CO",2019,87,3,311.363636363636,0.6,78,0
1549,2019-03-29,34.798,106.68,0,0.999999999999998,4.5,-1.77777777777778,13.1,NA,6,8.6,NA,802,"CO",2019,88,3,326.190476190476,1.1,78,0
1550,2019-03-30,34.544,109.22,0,-6.61111111111111,1.72222222222222,-5.27777777777778,13.7,NA,6.3,9,NA,802,"CO",2019,89,3,316.279069767442,0.6,78,0
1551,2019-03-31,34.544,109.22,0.254,-11.2222222222222,2.88888888888889,-6,14.4,NA,6.8,10.4,NA,802,"CO",2019,90,3,316.279069767442,0.700000000000001,78,0
1552,2019-04-01,34.798,106.68,0,-11.3888888888889,5.72222222222222,-3.22222222222222,14.6,NA,7.1,12,NA,802,"CO",2019,91,4,326.190476190476,0.199999999999999,78,0
1553,2019-04-02,34.036,106.68,0,-2.88888888888889,7.61111111111111,0.999999999999998,15.3,NA,7.4,12.9,NA,802,"CO",2019,92,4,319.047619047619,0.700000000000001,78,0
1554,2019-04-03,34.036,104.14,0,-1.11111111111111,5.77777777777778,0,15.5,NA,7.8,13.5,NA,802,"CO",2019,93,4,326.829268292683,0.199999999999999,78,0
1555,2019-04-04,33.528,104.14,0,-3.22222222222222,10.1111111111111,2.11111111111111,16.6,NA,8.2,13.9,NA,802,"CO",2019,94,4,321.951219512195,1.1,78,0
1556,2019-04-05,33.274,101.6,0,-1.77777777777778,11.8888888888889,2.88888888888889,17.7,NA,8.2,14.2,NA,802,"CO",2019,95,4,327.5,1.1,78,0
1557,2019-04-06,33.02,99.06,0,-2.88888888888889,10,1.5,21.1,NA,9,14.9,NA,802,"CO",2019,96,4,333.333333333333,3.4,78,0
1558,2019-04-07,32.258,99.06,0,-4.22222222222222,9.61111111111111,1.27777777777778,23.3,NA,10.4,17.8,NA,802,"CO",2019,97,4,325.641025641026,2.2,78,0
1559,2019-04-08,32.258,93.98,0,-1.77777777777778,13,4.38888888888889,24.5,NA,11.5,21.8,NA,802,"CO",2019,98,4,343.243243243243,1.2,78,0
1560,2019-04-09,31.75,91.44,0,-0.111111111111111,14.8888888888889,7.61111111111111,25.7,NA,14,24.5,NA,802,"CO",2019,99,4,347.222222222222,1.2,78,0
1561,2019-04-10,30.734,86.36,2.54,1.27777777777778,3.77777777777778,-2.27777777777778,26,NA,14.9,26,NA,802,"CO",2019,100,4,355.882352941176,0.300000000000001,78,0
1562,2019-04-11,33.274,109.22,0,-9.61111111111111,-1.77777777777778,-8,23.3,NA,13.7,25.3,NA,802,"CO",2019,101,4,304.651162790698,-2.7,78,0
1563,2019-04-12,33.274,101.6,0,-10.2222222222222,1.38888888888889,-6.38888888888889,21.6,NA,13.3,24.8,NA,802,"CO",2019,102,4,327.5,-1.7,78,0
1564,2019-04-13,33.274,101.6,0.254,-8.61111111111111,2.22222222222222,-5.72222222222222,20.6,NA,13,24.6,NA,802,"CO",2019,103,4,327.5,-1,78,0
1565,2019-04-14,33.528,101.6,0,-13.5,7.61111111111111,0.111111111111113,20.7,NA,13,24.4,NA,802,"CO",2019,104,4,330,0.0999999999999979,78,0
1566,2019-04-15,33.528,93.98,0,4.22222222222222,12.8888888888889,5.5,21.6,NA,12.8,24.6,NA,802,"CO",2019,105,4,356.756756756757,0.900000000000002,78,0
1567,2019-04-16,33.528,88.9,0,-2.27777777777778,13.3888888888889,3.72222222222222,26.6,NA,16.5,26.2,NA,802,"CO",2019,106,4,377.142857142857,5,78,0
1568,2019-04-17,32.004,86.36,0,0.111111111111113,8.11111111111111,2.27777777777778,26.2,NA,15.9,26.5,NA,802,"CO",2019,107,4,370.588235294118,-0.400000000000002,78,0
1569,2019-04-18,30.734,81.28,0,-0.388888888888889,7.22222222222222,2.88888888888889,25.9,NA,15.8,26.7,NA,802,"CO",2019,108,4,378.125,-0.300000000000001,78,0
1570,2019-04-19,29.718,81.28,0,3.77777777777778,14.3888888888889,5.5,24.7,NA,14.9,26.4,NA,802,"CO",2019,109,4,365.625,-1.2,78,0
1571,2019-04-20,28.702,76.2,0,-1.77777777777778,17.6111111111111,6.61111111111111,25.6,NA,16.3,27,NA,802,"CO",2019,110,4,376.666666666667,0.900000000000002,78,0
1572,2019-04-21,25.654,71.12,0,0.722222222222221,11.1111111111111,2.61111111111111,25.4,NA,16.3,27.1,NA,802,"CO",2019,111,4,360.714285714286,-0.200000000000003,78,0
1573,2019-04-22,25.4,68.58,0.254,-3.22222222222222,11,3,24.8,NA,15.8,26.9,NA,802,"CO",2019,112,4,370.37037037037,-0.599999999999998,78,0
1574,2019-04-23,24.13,66.04,0,-2.22222222222222,12.6111111111111,4.11111111111111,25.1,NA,15.7,27.1,NA,802,"CO",2019,113,4,365.384615384615,0.300000000000001,78,0
1575,2019-04-24,21.59,60.96,0,-0.611111111111112,12.6111111111111,4.5,25.5,NA,16.2,27.3,NA,802,"CO",2019,114,4,354.166666666667,0.399999999999999,78,0
1576,2019-04-25,20.828,55.88,0,3.22222222222222,14.1111111111111,6.22222222222222,24.8,NA,15.6,27,NA,802,"CO",2019,115,4,372.727272727273,-0.699999999999999,78,0
1577,2019-04-26,19.05,53.34,0.508,-0.388888888888889,13.2222222222222,4.61111111111111,25,NA,16.3,27.5,NA,802,"CO",2019,116,4,357.142857142857,0.199999999999999,78,0
1578,2019-04-27,17.272,48.26,0.254,0.388888888888891,12.8888888888889,5,27.4,NA,17.8,27.9,NA,802,"CO",2019,117,4,357.894736842105,2.4,78,0
1579,2019-04-28,15.24,43.18,1.016,-0.388888888888889,13.1111111111111,3.5,24.9,NA,16.3,27.6,NA,802,"CO",2019,118,4,352.941176470588,-2.5,78,0
1580,2019-04-29,14.478,38.1,1.778,-0.111111111111111,11.1111111111111,1.38888888888889,25.2,NA,16.4,27.5,NA,802,"CO",2019,119,4,380,0.300000000000001,78,0
1581,2019-04-30,15.24,48.26,0.508,-1.38888888888889,5.72222222222222,0.499999999999999,24.6,NA,16,27.3,NA,802,"CO",2019,120,4,315.789473684211,-0.599999999999998,78,0
1582,2019-05-01,15.748,45.72,0.762,-0.111111111111111,4.77777777777778,-1.38888888888889,22.7,NA,14.5,26.4,NA,802,"CO",2019,121,5,344.444444444445,-1.9,78,0
1583,2019-05-02,16.51,48.26,0.508,-8.11111111111111,7.77777777777778,-1.27777777777778,22.1,NA,14.3,26.2,NA,802,"CO",2019,122,5,342.105263157895,-0.599999999999998,78,0
1584,2019-05-03,15.748,43.18,0.254,-5,10.6111111111111,2.38888888888889,24,NA,15.1,26.7,NA,802,"CO",2019,123,5,364.705882352941,1.9,78,0
1585,2019-05-04,14.732,35.56,0,-3.11111111111111,12.6111111111111,3.5,24.7,NA,15.9,27.2,NA,802,"CO",2019,124,5,414.285714285714,0.699999999999999,78,0
1586,2019-05-05,13.462,33.02,0.254,-1.11111111111111,13.8888888888889,6.11111111111111,24.7,NA,16.2,27.2,NA,802,"CO",2019,125,5,407.692307692308,0,78,0
1587,2019-05-06,10.922,27.94,0,-0.777777777777777,14.2222222222222,6,24.7,NA,16.1,27.4,NA,802,"CO",2019,126,5,390.909090909091,0,78,0
1588,2019-05-07,8.89,20.32,0,5,14.1111111111111,6.88888888888889,24.3,NA,15.9,27.3,NA,802,"CO",2019,127,5,437.5,-0.399999999999999,78,0
1589,2019-05-08,6.604,17.78,1.016,-0.111111111111111,6.77777777777778,-0.277777777777778,24.5,NA,16.2,27.5,NA,802,"CO",2019,128,5,371.428571428571,0.199999999999999,78,0
1590,2019-05-09,7.62,30.48,0.254,-3.77777777777778,3.22222222222222,-2.72222222222222,23.6,NA,15.7,27.1,NA,802,"CO",2019,129,5,250,-0.899999999999999,78,0
1591,2019-05-10,8.128,30.48,0,-3.77777777777778,5.38888888888889,-0.722222222222223,22,NA,14.7,26.6,NA,802,"CO",2019,130,5,266.666666666667,-1.6,78,0
1592,2019-05-11,7.874,22.86,0.508,-5.38888888888889,8.72222222222222,1.27777777777778,23.1,NA,15.2,26.7,NA,802,"CO",2019,131,5,344.444444444445,1.1,78,0
1593,2019-05-12,7.62,20.32,0.254,-3.61111111111111,14,4.72222222222222,24,NA,15.7,26.9,NA,802,"CO",2019,132,5,375,0.899999999999999,78,0
1594,2019-05-13,5.08,12.7,0.254,-0.277777777777778,16.2222222222222,6.77777777777778,24.1,NA,16.2,27.4,NA,802,"CO",2019,133,5,400,0.100000000000001,78,0
1595,2019-05-14,2.032,5.08,0,0.222222222222221,17.3888888888889,7.38888888888889,23.6,NA,15.7,27.2,NA,802,"CO",2019,134,5,400,-0.5,78,0
1596,2019-05-15,0,0,0.254,-0.222222222222221,19.3888888888889,9,22.9,NA,15.3,27,NA,802,"CO",2019,135,5,NA,-0.700000000000003,78,0
1597,2019-05-16,0,0,0,2.72222222222222,18.7777777777778,10.5,21.3,NA,14.8,26.6,NA,802,"CO",2019,136,5,NA,-1.6,78,0
1598,2019-05-17,0,0,0,4.5,8.38888888888889,3.38888888888889,19.5,NA,14.2,26.2,NA,802,"CO",2019,137,5,NA,-1.8,78,0
1599,2019-05-18,0,0,0,-4.27777777777778,4.88888888888889,-0.388888888888889,20,NA,13.7,25.8,NA,802,"CO",2019,138,5,NA,0.5,78,0
1600,2019-05-19,0,0,0,-2.22222222222222,10,2.72222222222222,20.6,NA,13.8,25.7,NA,802,"CO",2019,139,5,NA,0.600000000000001,78,0
1601,2019-05-20,0,0,3.048,2.38888888888889,6.61111111111111,1.11111111111111,20.2,NA,13.5,25.7,NA,802,"CO",2019,140,5,NA,-0.400000000000002,78,0
1602,2019-05-21,3.048,27.94,0.508,-1.27777777777778,3.38888888888889,-0.388888888888889,22.3,NA,13.8,25.5,NA,802,"CO",2019,141,5,109.090909090909,2.1,78,0
1603,2019-05-22,3.556,20.32,0.508,-1.61111111111111,7.38888888888889,1.27777777777778,20.8,NA,13.8,25.8,NA,802,"CO",2019,142,5,175,-1.5,78,0
1604,2019-05-23,3.302,17.78,0.254,0.999999999999998,6.11111111111111,0.611111111111112,22.8,NA,14.8,26.9,NA,802,"CO",2019,143,5,185.714285714286,2,78,0
1605,2019-05-24,3.048,15.24,0.508,-1.22222222222222,10,2.77777777777778,23,NA,15.2,27,NA,802,"CO",2019,144,5,200,0.199999999999999,78,0
1606,2019-05-25,1.27,5.08,0,-2.11111111111111,15.7777777777778,6,22.6,NA,15.8,27.3,NA,802,"CO",2019,145,5,250,-0.399999999999999,78,0
1607,2019-05-26,0,0,0,-0.777777777777777,17.7222222222222,6.61111111111111,21.9,NA,14.8,26.8,NA,802,"CO",2019,146,5,NA,-0.700000000000003,78,0
1608,2019-05-27,0,0,0,-0.222222222222221,13.3888888888889,4.88888888888889,20.1,NA,14.4,26.3,NA,802,"CO",2019,147,5,NA,-1.8,78,0
1609,2019-05-28,0,0,0.254,0.277777777777778,1.5,-0.611111111111112,20.2,NA,14,26,NA,802,"CO",2019,148,5,NA,0.0999999999999979,78,0
1610,2019-05-29,0.254,2.54,1.016,-0.88888888888889,6.11111111111111,1.11111111111111,22.1,NA,14.4,26.1,NA,802,"CO",2019,149,5,100,1.9,78,0
1611,2019-05-30,0.762,5.08,0,-1.22222222222222,13,4.22222222222222,23.5,NA,15.1,26.7,NA,802,"CO",2019,150,5,150,1.4,78,0
1612,2019-05-31,0,0,0.254,-0.88888888888889,16.1111111111111,6.11111111111111,22.3,NA,14.9,26.6,NA,802,"CO",2019,151,5,NA,-1.2,78,0
1613,2019-06-01,0,0,0,0,20.6111111111111,10.1111111111111,20.8,NA,14.3,26.2,NA,802,"CO",2019,152,6,NA,-1.5,78,0
1614,2019-06-02,0,0,0,8.22222222222222,20,10.3888888888889,20.3,NA,14,25.9,NA,802,"CO",2019,153,6,NA,-0.5,78,0
1615,2019-06-03,0,0,0.254,0.777777777777777,17.1111111111111,7.77777777777778,19.7,NA,13.6,25.6,NA,802,"CO",2019,154,6,NA,-0.600000000000001,78,0
1616,2019-06-04,0,0,0,0.999999999999998,20.1111111111111,8.88888888888889,19.2,NA,13.5,25.2,NA,802,"CO",2019,155,6,NA,-0.5,78,0
1617,2019-06-05,0,0,0,0.777777777777777,18.6111111111111,9,18.8,NA,13.3,25,NA,802,"CO",2019,156,6,NA,-0.399999999999999,78,0
1618,2019-06-06,0,0,0.508,2,21.1111111111111,10.7777777777778,18.8,NA,13.1,24.9,NA,802,"CO",2019,157,6,NA,0,78,0
1619,2019-06-07,0,0,0,3.61111111111111,21.3888888888889,12,23.1,NA,13.1,24.6,NA,802,"CO",2019,158,6,NA,4.3,78,0
1620,2019-06-08,0,0,0,5.77777777777778,21.1111111111111,11.6111111111111,23,NA,12.7,24.3,NA,802,"CO",2019,159,6,NA,-0.100000000000001,78,0
1621,2019-06-09,0,0,0,2.38888888888889,12.6111111111111,4.61111111111111,23.1,NA,12.6,24.1,NA,802,"CO",2019,160,6,NA,0.100000000000001,78,0
1622,2019-06-10,0,0,0,-0.88888888888889,18.7777777777778,9.72222222222222,13.2,NA,12.5,23.8,NA,802,"CO",2019,161,6,NA,-9.9,78,0
1623,2019-06-11,0,0,0,3.27777777777778,18.2777777777778,9.5,23.1,NA,12.2,23.6,NA,802,"CO",2019,162,6,NA,9.9,78,0
1624,2019-06-12,0,0,0,1.61111111111111,21.2222222222222,10.2222222222222,23.2,NA,12.2,23.3,NA,802,"CO",2019,163,6,NA,0.0999999999999979,78,0
1625,2019-06-13,0,0,0,4.22222222222222,21.2222222222222,11.1111111111111,23.4,NA,12,23.1,NA,802,"CO",2019,164,6,NA,0.199999999999999,78,0
1626,2019-06-14,0,0,0,3.5,21.2777777777778,10,23.3,NA,11.9,23,NA,802,"CO",2019,165,6,NA,-0.0999999999999979,78,0
1627,2019-06-15,0,0,0,2.88888888888889,19.5,9.11111111111111,23.4,NA,11.8,22.6,NA,802,"CO",2019,166,6,NA,0.0999999999999979,78,0
1628,2019-06-16,0,0,0,1.5,18.8888888888889,8.88888888888889,23.2,NA,11.7,22.4,NA,802,"CO",2019,167,6,NA,-0.199999999999999,78,0
1629,2019-06-17,0,0,0,2.22222222222222,16.6111111111111,8.61111111111111,23,NA,11.4,22.1,NA,802,"CO",2019,168,6,NA,-0.199999999999999,78,0
1630,2019-06-18,0,0,0,5.72222222222222,10.7222222222222,6.38888888888889,23.4,NA,11.4,22.1,NA,802,"CO",2019,169,6,NA,0.399999999999999,78,0
1631,2019-06-19,0,0,0,3.72222222222222,17.7222222222222,11.1111111111111,23,NA,12.1,21.9,NA,802,"CO",2019,170,6,NA,-0.399999999999999,78,0
1632,2019-06-20,0,0,0.254,8.61111111111111,21,11.7777777777778,23.2,NA,12.6,22.3,NA,802,"CO",2019,171,6,NA,0.199999999999999,78,0
1633,2019-06-21,0,0,0.508,3,8.72222222222222,3.77777777777778,22.9,NA,12.6,22.5,NA,802,"CO",2019,172,6,NA,-0.300000000000001,78,0
1634,2019-06-22,0,0,0.762,0.277777777777778,11.7222222222222,3.38888888888889,22.5,NA,12.4,22.6,NA,802,"CO",2019,173,6,NA,-0.399999999999999,78,0
1635,2019-06-23,0,0,0,0.222222222222221,7.5,2.11111111111111,22.5,NA,14.2,23.7,NA,802,"CO",2019,174,6,NA,0,78,0
1636,2019-06-24,0,0,0,2.22222222222222,17.7777777777778,9.61111111111111,22.5,NA,13.9,25.2,NA,802,"CO",2019,175,6,NA,0,78,0
1637,2019-06-25,0,0,0,1.61111111111111,21.7222222222222,11.5,22.9,NA,13.8,25.3,NA,802,"CO",2019,176,6,NA,0.399999999999999,78,0
1638,2019-06-26,0,0,0,3.88888888888889,23.3888888888889,12.8888888888889,23,NA,13.5,25.1,NA,802,"CO",2019,177,6,NA,0.100000000000001,78,0
1639,2019-06-27,0,0,0,2.88888888888889,24,13.8888888888889,23.2,NA,13.4,24.8,NA,802,"CO",2019,178,6,NA,0.199999999999999,78,0
1640,2019-06-28,0,0,0,6.5,26,16.6111111111111,23.3,NA,13,24.6,NA,802,"CO",2019,179,6,NA,0.100000000000001,78,0
1641,2019-06-29,0,0,0,14.8888888888889,25.5,16.2777777777778,23.7,NA,12.9,24.3,NA,802,"CO",2019,180,6,NA,0.399999999999999,78,0
1642,2019-06-30,0,0,0.254,8.38888888888889,23.5,12.8888888888889,23.7,NA,12.8,24,NA,802,"CO",2019,181,6,NA,0,78,0
1643,2019-07-01,0,0,0,8,23.2222222222222,14.1111111111111,23.6,NA,12.5,23.6,NA,802,"CO",2019,182,7,NA,-0.0999999999999979,78,0
1644,2019-07-02,0,0,0,10.6111111111111,22.6111111111111,14.2777777777778,23.7,NA,12.5,23.4,NA,802,"CO",2019,183,7,NA,0.0999999999999979,78,0
1645,2019-07-03,0,0,0,10.8888888888889,24.2222222222222,15.7777777777778,23.7,NA,12.3,23.1,NA,802,"CO",2019,184,7,NA,0,78,0
1646,2019-07-04,0,0,0,5.38888888888889,24,14,23.6,NA,12.1,22.7,NA,802,"CO",2019,185,7,NA,-0.0999999999999979,78,0
1647,2019-07-05,0,0,0,4.5,24.2222222222222,14.7777777777778,23.6,NA,11.8,22.5,NA,802,"CO",2019,186,7,NA,0,78,0
1648,2019-07-06,0,0,0,11.5,24.7777777777778,16.3888888888889,23.8,NA,11.6,22.2,NA,802,"CO",2019,187,7,NA,0.199999999999999,78,0
1649,2019-07-07,0,0,0.254,10.7222222222222,21.8888888888889,12.6111111111111,23.9,NA,11.5,21.8,NA,802,"CO",2019,188,7,NA,0.0999999999999979,78,0
1650,2019-07-08,0,0,0,6.22222222222222,18.6111111111111,10.1111111111111,23.7,NA,11.3,21.5,NA,802,"CO",2019,189,7,NA,-0.199999999999999,78,0
1651,2019-07-09,0,0,0,3.22222222222222,21.6111111111111,12,23.4,NA,11.1,21.1,NA,802,"CO",2019,190,7,NA,-0.300000000000001,78,0
1652,2019-07-10,0,0,0,3.88888888888889,23.2777777777778,14.2777777777778,23.6,NA,10.9,20.9,NA,802,"CO",2019,191,7,NA,0.200000000000003,78,0
1653,2019-07-11,0,0,0,8,25.5,16.3888888888889,23.8,NA,10.7,20.5,NA,802,"CO",2019,192,7,NA,0.199999999999999,78,0
1654,2019-07-12,0,0,0,7.77777777777778,24.3888888888889,14.8888888888889,23.9,NA,10.4,20.2,NA,802,"CO",2019,193,7,NA,0.0999999999999979,78,0
1655,2019-07-13,0,0,0,9.38888888888889,26,15.5,23.7,NA,10,19.9,NA,802,"CO",2019,194,7,NA,-0.199999999999999,78,0
1656,2019-07-14,0,0,0,7.5,23.2222222222222,14.6111111111111,23.7,NA,9.9,19.6,NA,802,"CO",2019,195,7,NA,0,78,0
1657,2019-07-15,0,0,1.27,7,24.8888888888889,13.3888888888889,23.6,NA,9.8,19.3,NA,802,"CO",2019,196,7,NA,-0.0999999999999979,78,0
1658,2019-07-16,0,0,0,7.38888888888889,25.5,14.8888888888889,23.6,NA,12.9,21.2,NA,802,"CO",2019,197,7,NA,0,78,0
1659,2019-07-17,0,0,0,8.61111111111111,24.3888888888889,15.7777777777778,23.7,NA,12.1,20.1,NA,802,"CO",2019,198,7,NA,0.0999999999999979,78,0
1660,2019-07-18,0,0,0,9,25.8888888888889,15.6111111111111,23.5,NA,11.4,19.3,NA,802,"CO",2019,199,7,NA,-0.199999999999999,78,0
1661,2019-07-19,0,0,0,7.22222222222222,26.8888888888889,16.7222222222222,23.6,NA,11.1,19.1,NA,802,"CO",2019,200,7,NA,0.100000000000001,78,0
1662,2019-07-20,0,0,0.254,9.61111111111111,26.2222222222222,15.3888888888889,23.8,NA,10.7,18.7,NA,802,"CO",2019,201,7,NA,0.199999999999999,78,0
1663,2019-07-21,0,0,0,12.2777777777778,25.5,16,23.6,NA,10.2,18.3,NA,802,"CO",2019,202,7,NA,-0.199999999999999,78,0
1664,2019-07-22,0,0,0,13.1111111111111,25.7222222222222,17,23.8,NA,10.1,18,NA,802,"CO",2019,203,7,NA,0.199999999999999,78,0
1665,2019-07-23,0,0,0,9.11111111111111,25.7777777777778,16.2222222222222,23.7,NA,9.5,17.7,NA,802,"CO",2019,204,7,NA,-0.100000000000001,78,0
1666,2019-07-24,0,0,0,12.7777777777778,24.2222222222222,15.2777777777778,23.8,NA,9.2,17.4,NA,802,"CO",2019,205,7,NA,0.100000000000001,78,0
1667,2019-07-25,0,0,0,8.77777777777778,20.6111111111111,13.2777777777778,23.8,NA,8.8,16.9,NA,802,"CO",2019,206,7,NA,0,78,0
1668,2019-07-26,0,0,0,6.5,22.2222222222222,12.2777777777778,23.6,NA,8.2,16.7,NA,802,"CO",2019,207,7,NA,-0.199999999999999,78,0
1669,2019-07-27,0,0,0,8.61111111111111,23.7222222222222,13.2777777777778,23.5,NA,8,16.5,NA,802,"CO",2019,208,7,NA,-0.100000000000001,78,0
1670,2019-07-28,0,0,0,8.22222222222222,21.2777777777778,13.2777777777778,23.4,NA,7.8,16.1,NA,802,"CO",2019,209,7,NA,-0.100000000000001,78,0
1671,2019-07-29,0,0,0,4.61111111111111,26,14.7222222222222,23.6,NA,7.4,15.8,NA,802,"CO",2019,210,7,NA,0.200000000000003,78,0
1672,2019-07-30,0,0,0.508,7.61111111111111,26.6111111111111,13.8888888888889,23.6,NA,6.7,15.4,NA,802,"CO",2019,211,7,NA,0,78,0
1673,2019-07-31,0,0,0,6,22.3888888888889,13.2222222222222,23.5,NA,6,15.1,NA,802,"CO",2019,212,7,NA,-0.100000000000001,78,0
1674,2019-08-01,0,0,0,10.2222222222222,18.7777777777778,13.2222222222222,23.7,NA,5.9,14.9,NA,802,"CO",2019,213,8,NA,0.199999999999999,78,0
1675,2019-08-02,0,0,0,7.88888888888889,22.7777777777778,15.3888888888889,23.4,NA,6.2,14.7,NA,802,"CO",2019,214,8,NA,-0.300000000000001,78,0
1827,2020-01-01,14.224,60.96,0.508,-13.8888888888889,-1.11111111111111,-6.27777777777778,20.9,NA,2.8,1.4,NA,802,"CO",2020,1,1,233.333333333333,0,95,0
1828,2020-01-02,14.732,63.5,0,-7.77777777777778,-4.61111111111111,-8.88888888888889,6.9,NA,2.7,1.4,NA,802,"CO",2020,2,1,232,-14,95,0
1829,2020-01-03,14.732,63.5,0,-10.7222222222222,-3.22222222222222,-10,6.3,NA,2.5,1.3,NA,802,"CO",2020,3,1,232,-0.600000000000001,95,0
1830,2020-01-04,14.732,63.5,0.254,-13.3888888888889,7.11111111111111,-4.38888888888889,6.2,NA,2.2,1.1,NA,802,"CO",2020,4,1,232,-0.0999999999999996,95,0
1831,2020-01-05,14.986,63.5,0,-3.22222222222222,0.111111111111113,-4.5,20.6,NA,2.3,1.1,NA,802,"CO",2020,5,1,236,14.4,95,0
1832,2020-01-06,14.986,63.5,0,-9.27777777777778,-4.27777777777778,-8.5,5.8,NA,2,1.3,NA,802,"CO",2020,6,1,236,-14.8,95,0
1833,2020-01-07,14.986,63.5,0,-4.5,1.72222222222222,-5.38888888888889,21,NA,2,1.4,NA,802,"CO",2020,7,1,236,15.2,95,0
1834,2020-01-08,14.986,63.5,0.254,-12.5,6.5,-4,21.2,NA,1.8,1.3,NA,802,"CO",2020,8,1,236,0.199999999999999,95,0
1835,2020-01-09,15.24,63.5,0.254,-8.61111111111111,-3.88888888888889,-8.38888888888889,21.1,NA,1.8,1.2,NA,802,"CO",2020,9,1,240,-0.0999999999999979,95,0
1836,2020-01-10,15.494,66.04,0.254,-12.2222222222222,-9.11111111111111,-15.2222222222222,20.9,NA,1.8,1.1,NA,802,"CO",2020,10,1,234.615384615385,-0.200000000000003,95,0
1837,2020-01-11,15.748,68.58,0,-23,-1.77777777777778,-13.7777777777778,20.8,NA,1.9,1,NA,802,"CO",2020,11,1,229.62962962963,-0.0999999999999979,95,0
1838,2020-01-12,15.748,68.58,0,-15.8888888888889,-6.88888888888889,-11,20.4,NA,1.9,1.3,NA,802,"CO",2020,12,1,229.62962962963,-0.400000000000002,95,0
1839,2020-01-13,15.748,68.58,0.254,-11.1111111111111,-5.38888888888889,-9.11111111111111,21.1,NA,1.8,1.4,NA,802,"CO",2020,13,1,229.62962962963,0.700000000000003,95,0
1840,2020-01-14,16.002,71.12,0,-11.2777777777778,2.61111111111111,-3.22222222222222,21.3,NA,1.7,1.3,NA,802,"CO",2020,14,1,225,0.199999999999999,95,0
1841,2020-01-15,16.002,68.58,0,-6.11111111111111,2.38888888888889,-4.61111111111111,20.9,NA,1.4,1.4,NA,802,"CO",2020,15,1,233.333333333333,-0.400000000000002,95,0
1842,2020-01-16,16.002,68.58,0,-3.22222222222222,8.11111111111111,-4,5.3,NA,1.4,1.3,NA,802,"CO",2020,16,1,233.333333333333,-15.6,95,0
1843,2020-01-17,16.002,66.04,0.254,-6.38888888888889,-1.5,-9.11111111111111,21.5,NA,1.3,1.4,NA,802,"CO",2020,17,1,242.307692307692,16.2,95,0
1844,2020-01-18,16.256,73.66,0,-17.8888888888889,-5.27777777777778,-14.1111111111111,21.4,NA,1.2,1,NA,802,"CO",2020,18,1,220.689655172414,-0.100000000000001,95,0
1845,2020-01-19,16.256,71.12,0,-18.2777777777778,-2.11111111111111,-11.7222222222222,20.5,NA,1.4,1.3,NA,802,"CO",2020,19,1,228.571428571429,-0.899999999999999,95,0
1846,2020-01-20,16.256,71.12,0.254,-17,2.5,-8.72222222222222,6.2,NA,1.3,1.5,NA,802,"CO",2020,20,1,228.571428571429,-14.3,95,0
1847,2020-01-21,16.764,68.58,0.254,-6.72222222222222,0.388888888888891,-3.22222222222222,4.9,NA,1,1.1,NA,802,"CO",2020,21,1,244.444444444444,-1.3,95,0
1848,2020-01-22,17.018,73.66,1.016,-4.38888888888889,-2.27777777777778,-5.5,4.4,NA,1.1,1.4,NA,802,"CO",2020,22,1,231.034482758621,-0.5,95,0
1849,2020-01-23,18.034,86.36,0,-9.11111111111111,-3.72222222222222,-6.61111111111111,4.7,NA,1,1.3,NA,802,"CO",2020,23,1,208.823529411765,0.3,95,0
1850,2020-01-24,18.034,81.28,0,-6.61111111111111,1.22222222222222,-5.72222222222222,20.5,NA,0.8,1.1,NA,802,"CO",2020,24,1,221.875,15.8,95,0
1851,2020-01-25,18.034,78.74,0,-6.11111111111111,0.111111111111113,-5.88888888888889,4.7,NA,1.1,1.1,NA,802,"CO",2020,25,1,229.032258064516,-15.8,95,0
1852,2020-01-26,18.034,78.74,0,-7.77777777777778,2.88888888888889,-5.77777777777778,5.5,NA,1,1.4,NA,802,"CO",2020,26,1,229.032258064516,0.8,95,0
1853,2020-01-27,18.034,78.74,0.254,-8.11111111111111,1.38888888888889,-6.72222222222222,4.9,NA,0.9,1.4,NA,802,"CO",2020,27,1,229.032258064516,-0.6,95,0
1854,2020-01-28,18.288,81.28,0,-9.72222222222222,-3.22222222222222,-10.7222222222222,5.2,NA,1,1.1,NA,802,"CO",2020,28,1,225,0.3,95,0
1855,2020-01-29,18.288,78.74,0,-14.3888888888889,-2.72222222222222,-9.72222222222222,3.9,NA,0.9,1.1,NA,802,"CO",2020,29,1,232.258064516129,-1.3,95,1
1856,2020-01-30,18.288,78.74,0.254,-12.2222222222222,-5.88888888888889,-10.6111111111111,22.5,NA,1.3,1.2,NA,802,"CO",2020,30,1,232.258064516129,18.6,95,0
1857,2020-01-31,18.542,81.28,0,-12.1111111111111,-3,-10.1111111111111,18.9,NA,1.2,1.4,NA,802,"CO",2020,31,1,228.125,-3.6,95,0
1858,2020-02-01,18.542,78.74,0,-8.11111111111111,4.22222222222222,-5.38888888888889,21.1,NA,1.3,1.4,NA,802,"CO",2020,32,2,235.483870967742,2.2,95,0
1859,2020-02-02,18.542,78.74,0.254,-6.88888888888889,12.3888888888889,2.22222222222222,22.6,NA,1.3,1.1,NA,802,"CO",2020,33,2,235.483870967742,1.5,95,0
1860,2020-02-03,19.05,78.74,1.016,-6.27777777777778,4.38888888888889,-3.5,21.5,NA,1,1.1,NA,802,"CO",2020,34,2,241.935483870968,-1.1,95,0
1861,2020-02-04,19.812,96.52,0,-13,-12.2777777777778,-16.8888888888889,21,NA,1.1,1.1,NA,802,"CO",2020,35,2,205.263157894737,-0.5,95,0
1862,2020-02-05,19.812,93.98,0,-24.2222222222222,-11.8888888888889,-19.5,21.1,NA,1,1.1,NA,802,"CO",2020,36,2,210.810810810811,0.100000000000001,95,0
1863,2020-02-06,19.812,88.9,1.524,-16.2222222222222,-4.27777777777778,-9.61111111111111,21.1,NA,0.8,1.1,NA,802,"CO",2020,37,2,222.857142857143,0,95,0
1864,2020-02-07,21.336,99.06,0.762,-6,-1.22222222222222,-3.77777777777778,20.7,NA,1.3,1.2,NA,802,"CO",2020,38,2,215.384615384615,-0.400000000000002,95,0
1865,2020-02-08,21.844,99.06,0.762,-4.38888888888889,5,-1.77777777777778,20.8,NA,1,1.2,NA,802,"CO",2020,39,2,220.51282051282,0.100000000000001,95,0
1866,2020-02-09,22.606,109.22,0.762,-8.5,-3.77777777777778,-8.38888888888889,20.7,NA,1.1,1.1,NA,802,"CO",2020,40,2,206.976744186047,-0.100000000000001,95,0
1867,2020-02-10,23.368,111.76,0.254,-11.2222222222222,-5.22222222222222,-11.2222222222222,21.3,NA,0.9,1.1,NA,802,"CO",2020,41,2,209.090909090909,0.600000000000001,95,0
1868,2020-02-11,23.622,109.22,0,-13.7222222222222,-6.72222222222222,-14.5,0.6,NA,1.3,1.2,NA,802,"CO",2020,42,2,216.279069767442,-20.7,95,0
1869,2020-02-12,23.622,106.68,0,-14.2222222222222,-5.88888888888889,-12.5,4.9,NA,1.1,1.2,NA,802,"CO",2020,43,2,221.428571428571,4.3,95,0
1870,2020-02-13,23.622,104.14,0,-13.7222222222222,-6.88888888888889,-11.3888888888889,4.5,NA,1,1.2,NA,802,"CO",2020,44,2,226.829268292683,-0.4,95,0
1871,2020-02-14,23.622,101.6,0.254,-14.5,4.77777777777778,-4.77777777777778,4.8,NA,1.1,1,NA,802,"CO",2020,45,2,232.5,0.3,95,0
1872,2020-02-15,23.876,99.06,0,-1.77777777777778,2.22222222222222,-2.72222222222222,4.3,NA,0.9,1.2,NA,802,"CO",2020,46,2,241.025641025641,-0.5,95,0
1873,2020-02-16,23.876,96.52,1.016,-5.88888888888889,1.5,-2.72222222222222,4.2,NA,1.1,0.8,NA,802,"CO",2020,47,2,247.368421052632,-0.0999999999999996,95,0
1874,2020-02-17,24.892,106.68,0.762,-3.88888888888889,-3.11111111111111,-8.61111111111111,4.9,NA,1,1.1,NA,802,"CO",2020,48,2,233.333333333333,0.7,95,0
1875,2020-02-18,25.654,111.76,0,-13.6111111111111,-6.38888888888889,-11.7222222222222,5,NA,1,1,NA,802,"CO",2020,49,2,229.545454545455,0.0999999999999996,95,0
1876,2020-02-19,25.654,109.22,0,-14,-1.27777777777778,-10.2222222222222,4.9,NA,1.3,1,NA,802,"CO",2020,50,2,234.883720930233,-0.0999999999999996,95,0
1877,2020-02-20,25.654,109.22,0,-21.6111111111111,-4.61111111111111,-14.8888888888889,4.6,NA,1.1,1.2,NA,802,"CO",2020,51,2,234.883720930233,-0.300000000000001,95,0
1878,2020-02-21,25.654,106.68,0.254,-18.6111111111111,4,-8.38888888888889,4.5,NA,1.2,1.1,NA,802,"CO",2020,52,2,240.47619047619,-0.0999999999999996,95,0
1879,2020-02-22,25.908,104.14,0.254,-3.5,6.88888888888889,-0.277777777777778,5.3,NA,1.3,0.9,NA,802,"CO",2020,53,2,248.780487804878,0.8,95,0
1880,2020-02-23,26.416,101.6,0.762,-3.88888888888889,-0.388888888888889,-4.61111111111111,21.4,NA,1.1,1.2,NA,802,"CO",2020,54,2,260,16.1,95,0
1881,2020-02-24,27.178,114.3,0.508,-13.8888888888889,-4.27777777777778,-11.5,18.6,NA,1.1,1.1,NA,802,"CO",2020,55,2,237.777777777778,-2.8,95,0
1882,2020-02-25,27.432,116.84,0,-17.8888888888889,-10.6111111111111,-16.2222222222222,21.5,NA,1.4,1,NA,802,"CO",2020,56,2,234.782608695652,2.9,95,0
1883,2020-02-26,27.432,114.3,0.254,-23.1111111111111,-5.27777777777778,-13.7222222222222,19.6,NA,1.1,1.1,NA,802,"CO",2020,57,2,240,-1.9,95,0
1884,2020-02-27,27.686,111.76,0,-6.5,0.999999999999998,-5.5,21.6,NA,1.1,1.4,NA,802,"CO",2020,58,2,247.727272727273,2,95,0
1885,2020-02-28,27.686,109.22,0,-13.7777777777778,4,-6.5,21.6,NA,1.1,1.1,NA,802,"CO",2020,59,2,253.488372093023,0,95,0
1886,2020-02-29,27.686,109.22,0,-8.72222222222222,6.5,-2.5,21.2,NA,1.3,1.1,NA,802,"CO",2020,60,2,253.488372093023,-0.400000000000002,95,0
1887,2020-03-01,27.686,106.68,0.508,-5.77777777777778,5.61111111111111,-2.27777777777778,21.3,NA,1.2,1.1,NA,802,"CO",2020,61,3,259.52380952381,0.100000000000001,95,0
1888,2020-03-02,28.194,111.76,0,-4.61111111111111,-0.611111111111112,-6.72222222222222,20.5,NA,1.2,1.1,NA,802,"CO",2020,62,3,252.272727272727,-0.800000000000001,95,0
1889,2020-03-03,28.194,111.76,0,-13.3888888888889,0.777777777777777,-8.5,20.5,NA,1.2,1.4,NA,802,"CO",2020,63,3,252.272727272727,0,95,0
1890,2020-03-04,28.194,109.22,0,-15,7.11111111111111,-5.77777777777778,20.3,NA,0.9,1.4,NA,802,"CO",2020,64,3,258.139534883721,-0.199999999999999,95,0
1891,2020-03-05,28.194,106.68,0,-7.77777777777778,5.77777777777778,-3.61111111111111,20.7,NA,0.9,1.2,NA,802,"CO",2020,65,3,264.285714285714,0.399999999999999,95,0
1892,2020-03-06,28.194,104.14,0,-10.2777777777778,8.61111111111111,-1.77777777777778,20.7,NA,1.2,1.3,NA,802,"CO",2020,66,3,270.731707317073,0,95,0
1893,2020-03-07,28.194,101.6,0,-7,10.8888888888889,0.277777777777778,20.6,NA,0.9,1,NA,802,"CO",2020,67,3,277.5,-0.0999999999999979,95,0
1894,2020-03-08,28.194,99.06,0,1.5,10.2222222222222,2.72222222222222,20.8,NA,1.1,1.1,NA,802,"CO",2020,68,3,284.615384615385,0.199999999999999,95,0
1895,2020-03-09,27.686,96.52,0,-1.77777777777778,5.72222222222222,-0.277777777777778,20.9,NA,1.7,1.3,NA,802,"CO",2020,69,3,286.842105263158,0.0999999999999979,95,0
1896,2020-03-10,27.686,96.52,0.508,-3.11111111111111,5,-1.11111111111111,21,NA,2,1.1,NA,802,"CO",2020,70,3,286.842105263158,0.100000000000001,95,0
1897,2020-03-11,28.194,96.52,0,-6.38888888888889,9.77777777777778,0.999999999999998,4.3,NA,2.3,1.1,NA,802,"CO",2020,71,3,292.105263157895,-16.7,95,0
1898,2020-03-12,28.194,93.98,0,1.77777777777778,8.61111111111111,1.5,5.8,NA,2.7,1.3,NA,802,"CO",2020,72,3,300,1.5,95,0
1899,2020-03-13,28.194,93.98,0,-5.88888888888889,7.11111111111111,-1.27777777777778,21.3,NA,3.1,1.3,NA,802,"CO",2020,73,3,300,15.5,95,0
1900,2020-03-14,28.194,93.98,0,-3.5,6.72222222222222,-0.611111111111112,20.4,NA,3.5,1.3,NA,802,"CO",2020,74,3,300,-0.900000000000002,95,0
1901,2020-03-15,28.194,93.98,0,-4.38888888888889,7.88888888888889,0.277777777777778,6.7,NA,4.2,1.3,NA,802,"CO",2020,75,3,300,-13.7,95,0
1902,2020-03-16,27.94,91.44,0,0,9,1.27777777777778,8.5,NA,4.8,1.3,NA,802,"CO",2020,76,3,305.555555555556,1.8,95,0
1903,2020-03-17,27.686,88.9,0,-0.777777777777777,10.8888888888889,2.11111111111111,10.6,NA,5,1.4,NA,802,"CO",2020,77,3,311.428571428571,2.1,95,0
1904,2020-03-18,27.686,86.36,0,-6,9.5,-0.222222222222221,10.5,NA,5.6,1.6,NA,802,"CO",2020,78,3,320.588235294118,-0.0999999999999996,95,0
1905,2020-03-19,27.686,86.36,0.508,-5.22222222222222,-0.222222222222221,-3.5,21.5,NA,6.1,1.9,NA,802,"CO",2020,79,3,320.588235294118,11,95,0
1906,2020-03-20,28.194,91.44,0.254,-5.88888888888889,0.777777777777777,-4.72222222222222,21.6,NA,6.4,2.4,NA,802,"CO",2020,80,3,308.333333333333,0.100000000000001,95,0
1907,2020-03-21,28.448,96.52,0.508,-6.11111111111111,4.72222222222222,-3.22222222222222,21.3,NA,6.6,2.7,NA,802,"CO",2020,81,3,294.736842105263,-0.300000000000001,95,0
1908,2020-03-22,28.956,96.52,1.016,-4.27777777777778,0.222222222222221,-4.5,21.3,NA,6.6,3.4,NA,802,"CO",2020,82,3,300,0,95,0
1909,2020-03-23,29.718,99.06,0.508,-6.77777777777778,4,-3.72222222222222,20.7,NA,6.9,4.6,NA,802,"CO",2020,83,3,300,-0.600000000000001,95,0
1910,2020-03-24,30.226,101.6,0,-4.22222222222222,7,-0.277777777777778,11.4,NA,7.1,5.4,NA,802,"CO",2020,84,3,297.5,-9.3,95,0
1911,2020-03-25,30.226,96.52,0,0,7.5,2,20.4,NA,7.1,6.2,NA,802,"CO",2020,85,3,313.157894736842,9,95,0
1912,2020-03-26,30.226,91.44,0,-2.5,9.22222222222222,2,0,NA,7.3,7,NA,802,"CO",2020,86,3,330.555555555556,-20.4,95,0
1913,2020-03-27,30.226,88.9,0.254,-7.27777777777778,0.611111111111112,-5.72222222222222,21.4,NA,7.4,7.5,NA,802,"CO",2020,87,3,340,21.4,95,0
1914,2020-03-28,30.48,96.52,0,-9.38888888888889,-1.22222222222222,-8.5,14.2,NA,7.6,8.2,NA,802,"CO",2020,88,3,315.789473684211,-7.2,95,0
1915,2020-03-29,30.48,93.98,0,-13,2.22222222222222,-5.5,21.5,NA,7.8,9,NA,802,"CO",2020,89,3,324.324324324324,7.3,95,0
1916,2020-03-30,30.48,93.98,0,-5.38888888888889,3.27777777777778,-2.72222222222222,20.7,NA,8,9.7,NA,802,"CO",2020,90,3,324.324324324324,-0.800000000000001,95,0
1917,2020-03-31,30.48,91.44,0,-3.77777777777778,9.77777777777778,1.77777777777778,12.7,NA,8,10.1,NA,802,"CO",2020,91,3,333.333333333333,-8,95,0
1918,2020-04-01,30.48,86.36,0,1.11111111111111,12.2777777777778,3.61111111111111,21.4,NA,8.1,10.4,NA,802,"CO",2020,92,4,352.941176470588,8.7,95,0
1919,2020-04-02,30.48,83.82,0.508,0.499999999999999,9.72222222222222,-1.77777777777778,21.5,NA,8.2,10.6,NA,802,"CO",2020,93,4,363.636363636364,0.100000000000001,95,0
1920,2020-04-03,31.242,88.9,0.254,-10.2777777777778,2.27777777777778,-4.88888888888889,20.8,NA,9.3,13.1,NA,802,"CO",2020,94,4,351.428571428571,-0.699999999999999,95,0
1921,2020-04-04,31.496,83.82,0,-4.72222222222222,7,-0.611111111111112,20.5,NA,9.8,15.1,NA,802,"CO",2020,95,4,375.757575757576,-0.300000000000001,95,0
1922,2020-04-05,31.496,83.82,0,-2.27777777777778,10.8888888888889,2.38888888888889,21.1,NA,10,15.9,NA,802,"CO",2020,96,4,375.757575757576,0.600000000000001,95,0
1923,2020-04-06,31.496,83.82,0,-3.61111111111111,12,3.27777777777778,20.9,NA,10.4,16.1,NA,802,"CO",2020,97,4,375.757575757576,-0.200000000000003,95,0
1924,2020-04-07,30.48,81.28,0,-2.72222222222222,12,4.22222222222222,20.8,NA,12.9,22.9,NA,802,"CO",2020,98,4,375,-0.0999999999999979,95,0
1925,2020-04-08,29.21,76.2,0,-3.77777777777778,11.7222222222222,2.11111111111111,20.5,NA,14.6,24.2,NA,802,"CO",2020,99,4,383.333333333333,-0.300000000000001,95,0
1926,2020-04-09,28.448,73.66,0,-3.38888888888889,14.6111111111111,4.11111111111111,21.5,NA,14.9,24.6,NA,802,"CO",2020,100,4,386.206896551724,1,95,0
1927,2020-04-10,26.416,71.12,0,-0.388888888888889,12.2222222222222,2.77777777777778,23.1,NA,15.5,25.1,NA,802,"CO",2020,101,4,371.428571428571,1.6,95,0
1928,2020-04-11,25.908,66.04,0.254,-3.11111111111111,10.3888888888889,2.72222222222222,21.5,NA,15.7,25.5,NA,802,"CO",2020,102,4,392.307692307692,-1.6,95,0
1929,2020-04-12,24.638,63.5,1.778,-1.11111111111111,-0.722222222222223,-5.77777777777778,21.2,NA,15.3,25.8,NA,802,"CO",2020,103,4,388,-0.300000000000001,95,0
1930,2020-04-13,26.162,88.9,0.508,-9.77777777777778,-3.11111111111111,-10.2222222222222,10.2,NA,14.3,25.4,NA,802,"CO",2020,104,4,294.285714285714,-11,95,0
1931,2020-04-14,26.67,86.36,0,-13.3888888888889,-1,-9.77777777777778,20.7,NA,13.6,25,NA,802,"CO",2020,105,4,308.823529411765,10.5,95,0
1932,2020-04-15,26.67,81.28,0,-8.22222222222222,3.38888888888889,-3.5,21.3,NA,13.2,24.8,NA,802,"CO",2020,106,4,328.125,0.600000000000001,95,0
1933,2020-04-16,26.67,76.2,2.794,-3.5,-0.722222222222223,-4.61111111111111,20.7,NA,13.1,24.6,NA,802,"CO",2020,107,4,350,-0.600000000000001,95,0
1934,2020-04-17,28.956,101.6,0.508,-9.61111111111111,3,-4.88888888888889,21,NA,13.2,24.6,NA,802,"CO",2020,108,4,285,0.300000000000001,95,0
1935,2020-04-18,29.21,86.36,0,-7.88888888888889,8.5,-1.11111111111111,21.6,NA,12.8,24.5,NA,802,"CO",2020,109,4,338.235294117647,0.600000000000001,95,0
1936,2020-04-19,28.956,86.36,0,-2.38888888888889,7,-0.611111111111112,21.6,NA,12.9,24.5,NA,802,"CO",2020,110,4,335.294117647059,0,95,0
1937,2020-04-20,28.956,78.74,0.254,-3.61111111111111,6.61111111111111,0.277777777777778,21.2,NA,12.8,24.5,NA,802,"CO",2020,111,4,367.741935483871,-0.400000000000002,95,0
1938,2020-04-21,29.21,78.74,0,-3.5,11.5,3.27777777777778,21.6,NA,12.8,24.4,NA,802,"CO",2020,112,4,370.967741935484,0.400000000000002,95,0
1939,2020-04-22,27.94,73.66,0,1.61111111111111,10.5,3,25.6,NA,14,25.6,NA,802,"CO",2020,113,4,379.310344827586,4,95,0
1940,2020-04-23,27.432,71.12,0.508,1.61111111111111,8.88888888888889,1.5,20.3,NA,15.1,26,NA,802,"CO",2020,114,4,385.714285714286,-5.3,95,0
1941,2020-04-24,27.686,83.82,0,-2.5,6.77777777777778,0.111111111111113,20.6,NA,14.7,26,NA,802,"CO",2020,115,4,330.30303030303,0.300000000000001,95,0
1942,2020-04-25,27.178,71.12,0,-2.11111111111111,9.5,2,20.7,NA,14.8,25.8,NA,802,"CO",2020,116,4,382.142857142857,0.0999999999999979,95,0
1943,2020-04-26,26.67,71.12,0,-1.61111111111111,13,2.72222222222222,20.8,NA,15.2,26.2,NA,802,"CO",2020,117,4,375,0.100000000000001,95,0
1944,2020-04-27,25.908,68.58,0,-1.27777777777778,15.5,6.77777777777778,20.7,NA,15.2,26.1,NA,802,"CO",2020,118,4,377.777777777778,-0.100000000000001,95,0
1945,2020-04-28,23.876,60.96,0,2.38888888888889,13.2222222222222,6.72222222222222,20.6,NA,15.8,26.8,NA,802,"CO",2020,119,4,391.666666666667,-0.0999999999999979,95,0
1946,2020-04-29,22.098,55.88,0,-2,17.2777777777778,6.77777777777778,20.7,NA,16,26.9,NA,802,"CO",2020,120,4,395.454545454545,0.0999999999999979,95,0
1947,2020-04-30,19.558,50.8,0,-0.722222222222223,20,9.61111111111111,20.6,NA,16,26.9,NA,802,"CO",2020,121,4,385,-0.0999999999999979,95,0
1948,2020-05-01,17.272,43.18,0,2.72222222222222,20.6111111111111,9.38888888888889,20.5,NA,16,27,NA,802,"CO",2020,122,5,400,-0.100000000000001,95,0
1949,2020-05-02,14.224,38.1,0,0.999999999999998,17.2222222222222,6.11111111111111,23.1,NA,15.8,27.1,NA,802,"CO",2020,123,5,373.333333333333,2.6,95,0
1950,2020-05-03,11.938,27.94,0,-0.777777777777777,17.8888888888889,7.77777777777778,20.9,NA,16.3,27.2,NA,802,"CO",2020,124,5,427.272727272727,-2.2,95,0
1951,2020-05-04,8.89,20.32,0,2.88888888888889,9.11111111111111,2.88888888888889,20.6,NA,16,27,NA,802,"CO",2020,125,5,437.5,-0.299999999999997,95,0
1952,2020-05-05,8.128,12.7,0,-4.72222222222222,12.2222222222222,2.61111111111111,22.3,NA,15.8,27,NA,802,"CO",2020,126,5,640,1.7,95,0
1953,2020-05-06,5.588,12.7,0,-3,16.2777777777778,6.22222222222222,38.9,NA,15.9,27,NA,802,"CO",2020,127,5,440,16.6,95,0
1954,2020-05-07,2.794,5.08,0,-0.722222222222223,12.7777777777778,4.22222222222222,21.2,NA,15.7,27,NA,802,"CO",2020,128,5,550,-17.7,95,0
1955,2020-05-08,0,0,0,-5.77777777777778,13.2222222222222,4.38888888888889,20.9,NA,15.2,26.8,NA,802,"CO",2020,129,5,NA,-0.300000000000001,95,0
1956,2020-05-09,0,0,0,4.88888888888889,12.7222222222222,3.72222222222222,21.5,NA,14.7,26.7,NA,802,"CO",2020,130,5,NA,0.600000000000001,95,0
1957,2020-05-10,0,0,0,-2.11111111111111,17.2222222222222,7.5,21.9,NA,14.2,26.1,NA,802,"CO",2020,131,5,NA,0.399999999999999,95,0
1958,2020-05-11,0,0,0.508,6.88888888888889,8,4,22.6,NA,13.8,25.6,NA,802,"CO",2020,132,5,NA,0.700000000000003,95,0
1959,2020-05-12,0,0,0,0.277777777777778,16,7.88888888888889,22,NA,14.6,25.8,NA,802,"CO",2020,133,5,NA,-0.600000000000001,95,0
1960,2020-05-13,0,0,0,7.5,16.2222222222222,8.61111111111111,22,NA,14.3,25.9,NA,802,"CO",2020,134,5,NA,0,95,0
1961,2020-05-14,0,0,0.254,0.111111111111113,14.1111111111111,5.38888888888889,21.9,NA,13.8,25.6,NA,802,"CO",2020,135,5,NA,-0.100000000000001,95,0
1962,2020-05-15,0,0,0,1.77777777777778,15.2777777777778,5.61111111111111,21.8,NA,13.4,25.4,NA,802,"CO",2020,136,5,NA,-0.0999999999999979,95,0
1963,2020-05-16,0,0,0,2,15.7777777777778,6.22222222222222,21.9,NA,13.3,25.1,NA,802,"CO",2020,137,5,NA,0.0999999999999979,95,0
1964,2020-05-17,0,0,0,0.277777777777778,20.2222222222222,10.8888888888889,21.9,NA,13.2,25,NA,802,"CO",2020,138,5,NA,0,95,0
1965,2020-05-18,0,0,0,8.38888888888889,24.2777777777778,12.8888888888889,22.3,NA,13.2,24.8,NA,802,"CO",2020,139,5,NA,0.400000000000002,95,0
1966,2020-05-19,0,0,0,3.5,23.7777777777778,14.2222222222222,24.2,NA,13,24.6,NA,802,"CO",2020,140,5,NA,1.9,95,0
1967,2020-05-20,0,0,0,10.3888888888889,20,10.2222222222222,22.5,NA,12.6,24.2,NA,802,"CO",2020,141,5,NA,-1.7,95,0
1968,2020-05-21,0,0,0,-1.38888888888889,14.8888888888889,5.5,21.8,NA,12.5,24.1,NA,802,"CO",2020,142,5,NA,-0.699999999999999,95,0
1969,2020-05-22,0,0,0.254,-1.38888888888889,18.5,8.22222222222222,21.7,NA,12.3,23.8,NA,802,"CO",2020,143,5,NA,-0.100000000000001,95,0
1970,2020-05-23,0,0,0,-0.388888888888889,16.5,7.22222222222222,22,NA,12.1,23.6,NA,802,"CO",2020,144,5,NA,0.300000000000001,95,0
1971,2020-05-24,0,0,0.254,-1.77777777777778,2.61111111111111,0,23.4,NA,12.1,23.2,NA,802,"CO",2020,145,5,NA,1.4,95,0
1972,2020-05-25,0,0,0.254,-2,10,2.38888888888889,23.2,NA,11.7,23,NA,802,"CO",2020,146,5,NA,-0.199999999999999,95,0
1973,2020-05-26,0,0,0.254,-2.77777777777778,15.5,7.5,14.9,NA,12,23.1,NA,802,"CO",2020,147,5,NA,-8.3,95,0
1974,2020-05-27,0,0,0,3.38888888888889,16.7222222222222,8.22222222222222,21.7,NA,12,23,NA,802,"CO",2020,148,5,NA,6.8,95,0
1975,2020-05-28,0,0,0.508,2.38888888888889,21.7222222222222,12,23.4,NA,12.3,23.1,NA,802,"CO",2020,149,5,NA,1.7,95,0
1976,2020-05-29,0,0,0,9,23.6111111111111,13.3888888888889,22.5,NA,12.2,23.2,NA,802,"CO",2020,150,5,NA,-0.899999999999999,95,0
1977,2020-05-30,0,0,0,10.7777777777778,23.2777777777778,12.7777777777778,22.5,NA,12.3,23.1,NA,802,"CO",2020,151,5,NA,0,95,0
1978,2020-05-31,0,0,0.254,10.8888888888889,20.8888888888889,13.2777777777778,22.8,NA,12.1,23,NA,802,"CO",2020,152,5,NA,0.300000000000001,95,0
1979,2020-06-01,0,0,0,6.61111111111111,23.7777777777778,13.7777777777778,23,NA,12.3,22.9,NA,802,"CO",2020,153,6,NA,0.199999999999999,95,0
1980,2020-06-02,0,0,0,5.88888888888889,22.1111111111111,13.2777777777778,22.5,NA,11.9,22.8,NA,802,"CO",2020,154,6,NA,-0.5,95,0
1981,2020-06-03,0,0,0,3.27777777777778,23.2222222222222,13,22.2,NA,11.7,22.6,NA,802,"CO",2020,155,6,NA,-0.300000000000001,95,0
1982,2020-06-04,0,0,0,5.22222222222222,21.7222222222222,11.3888888888889,22.7,NA,11.7,22.5,NA,802,"CO",2020,156,6,NA,0.5,95,0
1983,2020-06-05,0,0,0,4,27.1111111111111,16.1111111111111,22.4,NA,11.3,22.2,NA,802,"CO",2020,157,6,NA,-0.300000000000001,95,0
1984,2020-06-06,0,0,0,10.3888888888889,17.1111111111111,10.1111111111111,22.8,NA,11.4,22,NA,802,"CO",2020,158,6,NA,0.400000000000002,95,0
1985,2020-06-07,0,0,0,2.5,21.3888888888889,12,22,NA,11.4,21.9,NA,802,"CO",2020,159,6,NA,-0.800000000000001,95,0
1986,2020-06-08,0,0,0.254,2.27777777777778,18,5.77777777777778,22.1,NA,11.3,21.6,NA,802,"CO",2020,160,6,NA,0.100000000000001,95,0
1987,2020-06-09,0.254,2.54,0,-1.77777777777778,7.38888888888889,2.61111111111111,22.2,NA,11.1,21.3,NA,802,"CO",2020,161,6,100,0.0999999999999979,95,0
1988,2020-06-10,0,0,0,4.38888888888889,15.8888888888889,7.38888888888889,22.1,NA,11.3,21.2,NA,802,"CO",2020,162,6,NA,-0.0999999999999979,95,0
1989,2020-06-11,0,0,0,1.38888888888889,20.2777777777778,9.88888888888889,21.9,NA,11.4,21.1,NA,802,"CO",2020,163,6,NA,-0.200000000000003,95,0
1990,2020-06-12,0,0,0,5.72222222222222,23.1111111111111,15.6111111111111,22.3,NA,11.4,21,NA,802,"CO",2020,164,6,NA,0.400000000000002,95,0
1991,2020-06-13,0,0,0,13.1111111111111,24.2222222222222,14.2777777777778,22.8,NA,11.3,21,NA,802,"CO",2020,165,6,NA,0.5,95,0
1992,2020-06-14,0,0,0,10.2222222222222,22.2222222222222,13.7777777777778,23,NA,11,20.7,NA,802,"CO",2020,166,6,NA,0.199999999999999,95,0
1993,2020-06-15,0,0,0,2.38888888888889,23.5,12.7777777777778,22.6,NA,10.9,20.6,NA,802,"CO",2020,167,6,NA,-0.399999999999999,95,0
1994,2020-06-16,0,0,0,5.11111111111111,24,14.1111111111111,22.7,NA,10.7,20.5,NA,802,"CO",2020,168,6,NA,0.0999999999999979,95,0
1995,2020-06-17,0,0,0,4,23.3888888888889,13.3888888888889,22.8,NA,10.4,20.2,NA,802,"CO",2020,169,6,NA,0.100000000000001,95,0
1996,2020-06-18,0,0,0,1.22222222222222,18.7222222222222,7.77777777777778,22.8,NA,10.1,19.8,NA,802,"CO",2020,170,6,NA,0,95,0
1997,2020-06-19,0,0,0,6.5,15.1111111111111,7,22.7,NA,10,19.6,NA,802,"CO",2020,171,6,NA,-0.100000000000001,95,0
1998,2020-06-20,0,0,0,-0.777777777777777,22.3888888888889,9.72222222222222,22.3,NA,9.9,19.4,NA,802,"CO",2020,172,6,NA,-0.399999999999999,95,0
1999,2020-06-21,0,0,0,4,19.2222222222222,11,22.6,NA,9.9,19.2,NA,802,"CO",2020,173,6,NA,0.300000000000001,95,0
2000,2020-06-22,0,0,0,5.22222222222222,20,11.7777777777778,22.7,NA,9.6,19,NA,802,"CO",2020,174,6,NA,0.0999999999999979,95,0
2001,2020-06-23,0,0,0,5.38888888888889,21.3888888888889,12.2777777777778,22.7,NA,9.4,18.7,NA,802,"CO",2020,175,6,NA,0,95,0
2002,2020-06-24,0,0,0,3.77777777777778,22.2222222222222,13.6111111111111,22.6,NA,9.4,18.6,NA,802,"CO",2020,176,6,NA,-0.0999999999999979,95,0
2003,2020-06-25,0,0,0,10.6111111111111,22.1111111111111,13,22.7,NA,9.3,18.4,NA,802,"CO",2020,177,6,NA,0.0999999999999979,95,0
2004,2020-06-26,0,0,0.254,3.88888888888889,23.5,12.2222222222222,22.7,NA,8.9,18.2,NA,802,"CO",2020,178,6,NA,0,95,0
2005,2020-06-27,0,0,0.254,4.72222222222222,22.2222222222222,13.1111111111111,22.7,NA,8.8,17.9,NA,802,"CO",2020,179,6,NA,0,95,0
2006,2020-06-28,0,0,0,11,23.7777777777778,15,23,NA,8.5,17.7,NA,802,"CO",2020,180,6,NA,0.300000000000001,95,0
2007,2020-06-29,0,0,0,9.5,24.3888888888889,13.8888888888889,23.1,NA,8,17.3,NA,802,"CO",2020,181,6,NA,0.100000000000001,95,0
2008,2020-06-30,0,0,0,4.88888888888889,16.3888888888889,7.61111111111111,23.1,NA,7.5,16.9,NA,802,"CO",2020,182,6,NA,0,95,0
2009,2020-07-01,0,0,0,-0.222222222222221,22.1111111111111,12.6111111111111,22.7,NA,6.9,16.7,NA,802,"CO",2020,183,7,NA,-0.400000000000002,95,0
2010,2020-07-02,0,0,0,6.72222222222222,24.7777777777778,14.6111111111111,23.2,NA,6.2,16.3,NA,802,"CO",2020,184,7,NA,0.5,95,0
2011,2020-07-03,0,0,0,9.72222222222222,23.7777777777778,14.7222222222222,23.4,NA,5.6,15.8,NA,802,"CO",2020,185,7,NA,0.199999999999999,95,0
2012,2020-07-04,0,0,0,11.7777777777778,22.7777777777778,12.1111111111111,23.3,NA,5.1,15.5,NA,802,"CO",2020,186,7,NA,-0.0999999999999979,95,0
2013,2020-07-05,0,0,0,4.72222222222222,22.3888888888889,13.8888888888889,22.9,NA,4.9,15.5,NA,802,"CO",2020,187,7,NA,-0.400000000000002,95,0
2014,2020-07-06,0,0,0,6.61111111111111,26.7777777777778,16.2777777777778,23,NA,5.1,15.3,NA,802,"CO",2020,188,7,NA,0.100000000000001,95,0
2015,2020-07-07,0,0,0,15.5,26.2222222222222,17.8888888888889,23.3,NA,5.1,15,NA,802,"CO",2020,189,7,NA,0.300000000000001,95,0
2016,2020-07-08,0,0,0,4,25.2222222222222,15.1111111111111,23.1,NA,5,14.7,NA,802,"CO",2020,190,7,NA,-0.199999999999999,95,0
2017,2020-07-09,0,0,0,7.5,26,15.3888888888889,23.4,NA,4.6,14.4,NA,802,"CO",2020,191,7,NA,0.299999999999997,95,0
2018,2020-07-10,0,0,0,5.11111111111111,27.1111111111111,15.5,23.3,NA,4.2,13.9,NA,802,"CO",2020,192,7,NA,-0.0999999999999979,95,0
2019,2020-07-11,0,0,0,5.61111111111111,27.6111111111111,17.6111111111111,23.5,NA,3.7,13.1,NA,802,"CO",2020,193,7,NA,0.199999999999999,95,0
2020,2020-07-12,0,0,0,13.3888888888889,24.6111111111111,15.3888888888889,23.7,NA,3.4,12.4,NA,802,"CO",2020,194,7,NA,0.199999999999999,95,0
2021,2020-07-13,0,0,0,12.8888888888889,25.6111111111111,16.7222222222222,23.4,NA,3.2,11.9,NA,802,"CO",2020,195,7,NA,-0.300000000000001,95,0
2022,2020-07-14,0,0,0,13,24.7777777777778,13.8888888888889,23.5,NA,2.9,11.5,NA,802,"CO",2020,196,7,NA,0.100000000000001,95,0
2023,2020-07-15,0,0,0,5.88888888888889,22.8888888888889,13.2222222222222,23.3,NA,2.8,11.1,NA,802,"CO",2020,197,7,NA,-0.199999999999999,95,0
2024,2020-07-16,0,0,0,5.77777777777778,24.7222222222222,13.2222222222222,23.3,NA,3.2,10.9,NA,802,"CO",2020,198,7,NA,0,95,0
2025,2020-07-17,0,0,0,5.11111111111111,23.2777777777778,12.8888888888889,23.1,NA,3.2,10.9,NA,802,"CO",2020,199,7,NA,-0.199999999999999,95,0
2026,2020-07-18,0,0,0,5.5,24.2777777777778,14.2222222222222,23.3,NA,3.1,10.4,NA,802,"CO",2020,200,7,NA,0.199999999999999,95,0
2027,2020-07-19,0,0,0,8,23.1111111111111,13.3888888888889,23.3,NA,3.3,10.1,NA,802,"CO",2020,201,7,NA,0,95,0
2028,2020-07-20,0,0,0,5.11111111111111,23.7777777777778,14.7777777777778,23.1,NA,3.1,9.6,NA,802,"CO",2020,202,7,NA,-0.199999999999999,95,0
2029,2020-07-21,0,0,0,13.7222222222222,26,17.8888888888889,23.3,NA,3,9,NA,802,"CO",2020,203,7,NA,0.199999999999999,95,0
2030,2020-07-22,0,0,0,11.1111111111111,24,13.6111111111111,23.4,NA,2.9,7.9,NA,802,"CO",2020,204,7,NA,0.0999999999999979,95,0
2031,2020-07-23,0,0,0,8.11111111111111,22.7222222222222,13.6111111111111,23.4,NA,2.7,7.5,NA,802,"CO",2020,205,7,NA,0,95,0
2032,2020-07-24,0,0,0,9.77777777777778,19,13.1111111111111,23.3,NA,2.9,7.3,NA,802,"CO",2020,206,7,NA,-0.0999999999999979,95,0
2033,2020-07-25,0,0,0,10.5,16.6111111111111,11.8888888888889,23.5,NA,2.8,7.1,NA,802,"CO",2020,207,7,NA,0.199999999999999,95,0
2034,2020-07-26,0,0,0,8,21.2222222222222,13.1111111111111,23.2,NA,3.1,7.2,NA,802,"CO",2020,208,7,NA,-0.300000000000001,95,0
2035,2020-07-27,0,0,0,8.72222222222222,24.3888888888889,15.2777777777778,23.3,NA,3,7.1,NA,802,"CO",2020,209,7,NA,0.100000000000001,95,0
2036,2020-07-28,0,0,0,12.2777777777778,17.3888888888889,10.7777777777778,23.3,NA,2.9,7,NA,802,"CO",2020,210,7,NA,0,95,0
2037,2020-07-29,0,0,0,7.61111111111111,23.7777777777778,14.3888888888889,23.1,NA,2.8,7,NA,802,"CO",2020,211,7,NA,-0.199999999999999,95,0
2038,2020-07-30,0,0,0,7.61111111111111,21.5,13.1111111111111,23.4,NA,3,6.5,NA,802,"CO",2020,212,7,NA,0.299999999999997,95,0
2039,2020-07-31,0,0,0,5.77777777777778,24,14.2222222222222,23.7,NA,3,5.8,NA,802,"CO",2020,213,7,NA,0.300000000000001,95,0
2040,2020-08-01,0,0,0,12.3888888888889,25.1111111111111,15.1111111111111,23.5,NA,3,5.4,NA,802,"CO",2020,214,8,NA,-0.199999999999999,95,0
2041,2020-08-02,0,0,0,6.77777777777778,24.2777777777778,15.2777777777778,23.5,NA,3.1,4.6,NA,802,"CO",2020,215,8,NA,0,95,0
2193,2021-01-01,10.414,48.26,0,-13.6111111111111,-5.22222222222222,-11.7777777777778,6.8,NA,6,5.9,NA,802,"CO",2021,1,1,215.789473684211,0,91,0
2194,2021-01-02,10.414,48.26,0.254,-16.2222222222222,-2.38888888888889,-11.6111111111111,6.6,NA,5.7,5.9,NA,802,"CO",2021,2,1,215.789473684211,-0.2,91,0
2195,2021-01-03,10.668,48.26,0.254,-9.5,0.999999999999998,-6.72222222222222,6.4,NA,5.7,5.8,NA,802,"CO",2021,3,1,221.052631578947,-0.199999999999999,91,0
2196,2021-01-04,10.922,45.72,0.254,-6.61111111111111,0.499999999999999,-6.5,6.4,NA,5.3,5.8,NA,802,"CO",2021,4,1,238.888888888889,0,91,0
2197,2021-01-05,11.176,48.26,0.254,-0.88888888888889,0.277777777777778,-5.61111111111111,6.4,NA,5.4,5.6,NA,802,"CO",2021,5,1,231.578947368421,0,91,0
2198,2021-01-06,11.43,53.34,0,-14.1111111111111,-3.38888888888889,-10.8888888888889,6.4,NA,5,5.6,NA,802,"CO",2021,6,1,214.285714285714,0,91,0
2199,2021-01-07,11.43,50.8,0,-15,1.11111111111111,-10,6.9,NA,4.6,5.6,NA,802,"CO",2021,7,1,225,0.5,91,0
2200,2021-01-08,11.43,50.8,0,-15.6111111111111,-2.5,-10.8888888888889,6.5,NA,4.6,5.4,NA,802,"CO",2021,8,1,225,-0.4,91,0
2201,2021-01-09,11.43,50.8,0,-11.5,-3.61111111111111,-11,6.3,NA,4.4,5.5,NA,802,"CO",2021,9,1,225,-0.2,91,0
2202,2021-01-10,11.43,50.8,0,-15.2222222222222,-4.88888888888889,-14.1111111111111,6.3,NA,4,5.6,NA,802,"CO",2021,10,1,225,0,91,0
2203,2021-01-11,11.43,50.8,0,-20.1111111111111,-4.22222222222222,-15.2222222222222,6,NA,3.9,5.5,NA,802,"CO",2021,11,1,225,-0.3,91,0
2204,2021-01-12,11.43,50.8,0,-19.7777777777778,0.611111111111112,-10.3888888888889,6.1,NA,3.2,5.1,NA,802,"CO",2021,12,1,225,0.0999999999999996,91,0
2205,2021-01-13,11.43,50.8,0,-7.77777777777778,3.27777777777778,-2.72222222222222,6.2,NA,3,5.2,NA,802,"CO",2021,13,1,225,0.100000000000001,91,0
2206,2021-01-14,11.43,48.26,0,-5.27777777777778,-5.27777777777778,-8.77777777777778,5.8,NA,2.4,5.1,NA,802,"CO",2021,14,1,236.842105263158,-0.4,91,0
2207,2021-01-15,11.43,48.26,0,-9.11111111111111,-2.22222222222222,-8.88888888888889,5.9,NA,2.4,4.9,NA,802,"CO",2021,15,1,236.842105263158,0.100000000000001,91,0
2208,2021-01-16,11.43,48.26,0,-10.3888888888889,-2.61111111111111,-5.61111111111111,5.9,NA,1.9,4.8,NA,802,"CO",2021,16,1,236.842105263158,0,91,0
2209,2021-01-17,11.43,48.26,0,-5.27777777777778,0.499999999999999,-2.88888888888889,6.1,NA,1.9,5,NA,802,"CO",2021,17,1,236.842105263158,0.199999999999999,91,0
2210,2021-01-18,11.43,48.26,0,-4,-3.72222222222222,-8.5,5.6,NA,2,4.7,NA,802,"CO",2021,18,1,236.842105263158,-0.5,91,0
2211,2021-01-19,11.43,48.26,0,-14.3888888888889,-2.38888888888889,-10.2222222222222,6.2,NA,1.9,4.7,NA,802,"CO",2021,19,1,236.842105263158,0.600000000000001,91,0
2212,2021-01-20,11.43,48.26,0.508,-15.5,1.5,-5.77777777777778,6,NA,2.1,4.5,NA,802,"CO",2021,20,1,236.842105263158,-0.2,91,0
2213,2021-01-21,11.938,50.8,0.254,-4.72222222222222,2,-3.77777777777778,5.9,NA,1.8,4.5,NA,802,"CO",2021,21,1,235,-0.0999999999999996,91,0
2214,2021-01-22,12.192,53.34,0,-4.88888888888889,2.72222222222222,-3.88888888888889,6.1,NA,1.8,4.2,NA,802,"CO",2021,22,1,228.571428571429,0.199999999999999,91,0
2215,2021-01-23,12.192,53.34,0,-10.2222222222222,0.111111111111113,-5.61111111111111,5.8,NA,1.7,4.2,NA,802,"CO",2021,23,1,228.571428571429,-0.3,91,0
2216,2021-01-24,12.192,53.34,0,-12.2777777777778,-0.111111111111111,-10.1111111111111,6.3,NA,1.7,3.7,NA,802,"CO",2021,24,1,228.571428571429,0.5,91,0
2217,2021-01-25,12.192,53.34,0,-11.6111111111111,-5,-11.1111111111111,6.1,NA,1.7,3.9,NA,802,"CO",2021,25,1,228.571428571429,-0.2,91,0
2218,2021-01-26,12.192,53.34,0,-11.7777777777778,-7.38888888888889,-10.7222222222222,6,NA,1.5,3.6,NA,802,"CO",2021,26,1,228.571428571429,-0.0999999999999996,91,0
2219,2021-01-27,12.192,53.34,0,-16.6111111111111,-1.77777777777778,-10.2222222222222,6.2,NA,1.5,3.3,NA,802,"CO",2021,27,1,228.571428571429,0.2,91,0
2220,2021-01-28,12.192,53.34,0,-8.72222222222222,7.77777777777778,-2.22222222222222,5.9,NA,1.5,3.2,NA,802,"CO",2021,28,1,228.571428571429,-0.3,91,0
2221,2021-01-29,12.446,53.34,0.254,-10.7222222222222,7.5,-1.11111111111111,5.9,NA,1.3,2.9,NA,802,"CO",2021,29,1,233.333333333333,0,91,0
2222,2021-01-30,12.7,55.88,0,-5,-2.77777777777778,-6.11111111111111,5.8,NA,1.7,2.8,NA,802,"CO",2021,30,1,227.272727272727,-0.100000000000001,91,0
2223,2021-01-31,12.7,58.42,0,-10.7222222222222,0.277777777777778,-8.38888888888889,5.8,NA,1.3,2.4,NA,802,"CO",2021,31,1,217.391304347826,0,91,0
2224,2021-02-01,12.7,58.42,0.254,-13.1111111111111,4.22222222222222,-5.88888888888889,6.1,NA,1.4,2,NA,802,"CO",2021,32,2,217.391304347826,0.3,91,0
2225,2021-02-02,12.954,55.88,0,-6.61111111111111,6.61111111111111,-2.88888888888889,6.3,NA,1.7,1.8,NA,802,"CO",2021,33,2,231.818181818182,0.2,91,0
2226,2021-02-03,13.208,53.34,1.27,1.11111111111111,5.61111111111111,-1.27777777777778,6.2,NA,1.3,1.7,NA,802,"CO",2021,34,2,247.619047619048,-0.0999999999999996,91,0
2227,2021-02-04,14.478,71.12,0,-9.88888888888889,-6.77777777777778,-10.8888888888889,6,NA,1.2,1.5,NA,802,"CO",2021,35,2,203.571428571429,-0.2,91,0
2228,2021-02-05,14.478,68.58,0.254,-11.2222222222222,-5,-9.22222222222222,5.7,NA,1.3,1.1,NA,802,"CO",2021,36,2,211.111111111111,-0.3,91,0
2229,2021-02-06,14.732,68.58,0,-8.11111111111111,-3,-6.88888888888889,6,NA,1.3,1,NA,802,"CO",2021,37,2,214.814814814815,0.3,91,0
2230,2021-02-07,14.732,63.5,0,-5.27777777777778,1.77777777777778,-2.88888888888889,6,NA,1.4,1.1,NA,802,"CO",2021,38,2,232,0,91,0
2231,2021-02-08,14.732,63.5,0,-2.77777777777778,1.61111111111111,-1.22222222222222,5.8,NA,1.3,1.1,NA,802,"CO",2021,39,2,232,-0.2,91,0
2232,2021-02-09,14.732,60.96,0.254,-0.277777777777778,2.72222222222222,-1.38888888888889,5.8,NA,1.5,1.2,NA,802,"CO",2021,40,2,241.666666666667,0,91,0
2233,2021-02-10,14.986,66.04,0.254,-3.38888888888889,0,-3,6,NA,1.3,1.1,NA,802,"CO",2021,41,2,226.923076923077,0.2,91,0
2234,2021-02-11,14.986,66.04,0.254,-3.5,1.72222222222222,-2,6,NA,1.4,1.2,NA,802,"CO",2021,42,2,226.923076923077,0,91,0
2235,2021-02-12,15.24,66.04,1.016,-1.61111111111111,0.222222222222221,-2.72222222222222,5.8,NA,1.1,1.1,NA,802,"CO",2021,43,2,230.769230769231,-0.2,91,0
2236,2021-02-13,16.256,81.28,0.508,-4.27777777777778,-0.722222222222223,-3.77777777777778,6.2,NA,1.3,1.1,NA,802,"CO",2021,44,2,200,0.4,91,0
2237,2021-02-14,16.764,78.74,0,-5.77777777777778,-5.72222222222222,-13.1111111111111,6.1,NA,1.4,1.2,NA,802,"CO",2021,45,2,212.903225806452,-0.100000000000001,91,0
2238,2021-02-15,16.764,78.74,0,-14.6111111111111,-6.61111111111111,-11.3888888888889,5.8,NA,1.3,1.4,NA,802,"CO",2021,46,2,212.903225806452,-0.3,91,0
2239,2021-02-16,16.764,76.2,0,-9.61111111111111,-4.22222222222222,-10.7222222222222,5.9,NA,1.5,1.3,NA,802,"CO",2021,47,2,220,0.100000000000001,91,0
2240,2021-02-17,16.764,76.2,0,-15.6111111111111,-6.27777777777778,-11.1111111111111,6.2,NA,1.6,1.3,NA,802,"CO",2021,48,2,220,0.3,91,0
2241,2021-02-18,16.764,78.74,0,-13.1111111111111,-7.27777777777778,-14.5,6.3,NA,1.5,1.6,NA,802,"CO",2021,49,2,212.903225806452,0.0999999999999996,91,0
2242,2021-02-19,16.764,76.2,0.508,-21.3888888888889,-2.88888888888889,-8.88888888888889,6.2,NA,1.6,1.5,NA,802,"CO",2021,50,2,220,-0.0999999999999996,91,0
2243,2021-02-20,17.272,73.66,0,-5.77777777777778,5,-5,6.2,NA,1.5,1.5,NA,802,"CO",2021,51,2,234.48275862069,0,91,0
2244,2021-02-21,17.272,78.74,0,-12.3888888888889,-6.77777777777778,-11.3888888888889,5.8,NA,1.4,1.6,NA,802,"CO",2021,52,2,219.354838709677,-0.4,91,0
2245,2021-02-22,17.272,78.74,0,-11.7777777777778,1.22222222222222,-5.88888888888889,6,NA,1.6,1.3,NA,802,"CO",2021,53,2,219.354838709677,0.2,91,0
2246,2021-02-23,17.272,76.2,0,-12.7777777777778,6,-2.77777777777778,6,NA,1.3,1.4,NA,802,"CO",2021,54,2,226.666666666667,0,91,0
2247,2021-02-24,17.272,73.66,0.254,-8.38888888888889,-0.88888888888889,-8.38888888888889,5.9,NA,1.6,1.1,NA,802,"CO",2021,55,2,234.48275862069,-0.0999999999999996,91,0
2248,2021-02-25,17.526,76.2,0.254,-10.5,-4,-10.6111111111111,6.2,NA,1.5,1.1,NA,802,"CO",2021,56,2,230,0.3,91,0
2249,2021-02-26,17.78,76.2,0,-17.3888888888889,-1.77777777777778,-6.61111111111111,6,NA,1.3,1.1,NA,802,"CO",2021,57,2,233.333333333333,-0.2,91,0
2250,2021-02-27,17.78,73.66,0,-6.61111111111111,-6.61111111111111,-12.5,6,NA,1,1.1,NA,802,"CO",2021,58,2,241.379310344828,0,91,0
2251,2021-02-28,17.78,81.28,0,-20.1111111111111,-8.61111111111111,-16.2222222222222,5.9,NA,1.4,1.1,NA,802,"CO",2021,59,2,218.75,-0.0999999999999996,91,0
2252,2021-03-01,17.78,78.74,0,-20.2222222222222,-2,-11.7777777777778,5.9,NA,1.4,0.9,NA,802,"CO",2021,60,3,225.806451612903,0,91,0
2253,2021-03-02,17.78,78.74,0,-13.7777777777778,3.38888888888889,-6.72222222222222,6,NA,1.4,1.2,NA,802,"CO",2021,61,3,225.806451612903,0.0999999999999996,91,0
2254,2021-03-03,17.78,76.2,0.508,-12.2222222222222,5.77777777777778,-3.88888888888889,6,NA,1.2,1,NA,802,"CO",2021,62,3,233.333333333333,0,91,0
2255,2021-03-04,18.542,78.74,0.508,-3.11111111111111,0.111111111111113,-3,5.6,NA,1.1,0.7,NA,802,"CO",2021,63,3,235.483870967742,-0.4,91,0
2256,2021-03-05,18.796,86.36,0.254,-7.38888888888889,5,-4.77777777777778,5.7,NA,1.1,0.8,NA,802,"CO",2021,64,3,217.647058823529,0.100000000000001,91,0
2257,2021-03-06,19.05,81.28,0,-10.7222222222222,7.72222222222222,-2.72222222222222,6,NA,1.2,0.8,NA,802,"CO",2021,65,3,234.375,0.3,91,0
2258,2021-03-07,19.05,78.74,0,-5.38888888888889,11.7777777777778,1.5,6.1,NA,1.4,0.9,NA,802,"CO",2021,66,3,241.935483870968,0.0999999999999996,91,0
2259,2021-03-08,19.05,76.2,0,-3.88888888888889,11,0.777777777777777,5.8,NA,1.3,0.9,NA,802,"CO",2021,67,3,250,-0.3,91,0
2260,2021-03-09,19.05,73.66,0,1.72222222222222,10.3888888888889,3,5.9,NA,1.1,0.8,NA,802,"CO",2021,68,3,258.620689655172,0.100000000000001,91,0
2261,2021-03-10,19.05,73.66,0,-3.22222222222222,-2,-7.22222222222222,7.5,NA,1.4,0.9,NA,802,"CO",2021,69,3,258.620689655172,1.6,91,1
2262,2021-03-11,19.05,78.74,0,-14.8888888888889,2.61111111111111,-6.77777777777778,8.2,NA,2,0.9,NA,802,"CO",2021,70,3,241.935483870968,0.699999999999999,91,0
2263,2021-03-12,19.05,76.2,0.254,-11.5,5.5,-3,7.9,NA,1.9,1.1,NA,802,"CO",2021,71,3,250,-0.299999999999999,91,0
2264,2021-03-13,19.304,76.2,0.254,-4.22222222222222,3.61111111111111,-3.22222222222222,7.6,NA,2.2,1.4,NA,802,"CO",2021,72,3,253.333333333333,-0.300000000000001,91,0
2265,2021-03-14,19.558,78.74,0.762,-8.11111111111111,-4.5,-7.77777777777778,7.2,NA,2.2,1.4,NA,802,"CO",2021,73,3,248.387096774194,-0.399999999999999,91,0
2266,2021-03-15,20.066,83.82,0.254,-12.6111111111111,2.38888888888889,-5.72222222222222,8.1,NA,2.1,1.6,NA,802,"CO",2021,74,3,239.393939393939,0.899999999999999,91,0
2267,2021-03-16,20.574,83.82,0.762,-6.72222222222222,2.27777777777778,-4.77777777777778,7.2,NA,2.2,1.5,NA,802,"CO",2021,75,3,245.454545454545,-0.899999999999999,91,0
2268,2021-03-17,20.828,88.9,0,-6.38888888888889,-0.111111111111111,-6.22222222222222,7.2,NA,2.2,1.9,NA,802,"CO",2021,76,3,234.285714285714,0,91,0
2269,2021-03-18,20.828,86.36,0,-14,4.11111111111111,-4.38888888888889,7.3,NA,2.2,2,NA,802,"CO",2021,77,3,241.176470588235,0.0999999999999996,91,0
2270,2021-03-19,20.828,81.28,0,-7.77777777777778,8.77777777777778,0.222222222222221,7.2,NA,2.2,2.2,NA,802,"CO",2021,78,3,256.25,-0.0999999999999996,91,0
2271,2021-03-20,20.828,78.74,0,1.5,12.8888888888889,4.88888888888889,7.5,NA,5.7,2.2,NA,802,"CO",2021,79,3,264.516129032258,0.3,91,0
2272,2021-03-21,20.828,81.28,1.27,-2.88888888888889,3.27777777777778,-2.88888888888889,8.2,NA,10.6,2.5,NA,802,"CO",2021,80,3,256.25,0.699999999999999,91,0
2273,2021-03-22,21.336,86.36,0.254,-6.38888888888889,1.38888888888889,-4.11111111111111,8.9,NA,9.7,2.9,NA,802,"CO",2021,81,3,247.058823529412,0.700000000000001,91,0
2274,2021-03-23,21.336,86.36,0,-9.77777777777778,-0.277777777777778,-6.61111111111111,9.1,NA,9,3.4,NA,802,"CO",2021,82,3,247.058823529412,0.199999999999999,91,0
2275,2021-03-24,21.336,83.82,0.254,-7.88888888888889,0.777777777777777,-5.88888888888889,8.6,NA,8.6,4.3,NA,802,"CO",2021,83,3,254.545454545455,-0.5,91,0
2276,2021-03-25,21.59,86.36,0,-10.1111111111111,2.61111111111111,-4.5,9.2,NA,8.4,4.7,NA,802,"CO",2021,84,3,250,0.6,91,0
2277,2021-03-26,21.59,86.36,0,-7.27777777777778,2,-5.38888888888889,9.4,NA,8,5,NA,802,"CO",2021,85,3,250,0.200000000000001,91,0
2278,2021-03-27,21.59,86.36,0,-9,0,-6,8.6,NA,8.1,5.3,NA,802,"CO",2021,86,3,250,-0.800000000000001,91,0
2279,2021-03-28,21.59,86.36,0,-12.5,9.22222222222222,-1,8.7,NA,8.1,5.3,NA,802,"CO",2021,87,3,250,0.0999999999999996,91,0
2280,2021-03-29,21.59,81.28,1.016,-0.111111111111111,10.5,2.5,9.2,NA,8,5.3,NA,802,"CO",2021,88,3,265.625,0.5,91,0
2281,2021-03-30,22.606,88.9,0.254,-8.77777777777778,-2.61111111111111,-9.38888888888889,10.1,NA,12.2,5.2,NA,802,"CO",2021,89,3,254.285714285714,0.9,91,0
2282,2021-03-31,22.86,86.36,0.254,-18.1111111111111,2.77777777777778,-7.88888888888889,10.9,NA,11.7,7.5,NA,802,"CO",2021,90,3,264.705882352941,0.800000000000001,91,0
2283,2021-04-01,23.622,83.82,0,-12.5,10.1111111111111,-1.22222222222222,11.8,NA,11,8.5,NA,802,"CO",2021,91,4,281.818181818182,0.9,91,0
2284,2021-04-02,23.622,78.74,0,-6.27777777777778,13.2222222222222,3.27777777777778,12.8,NA,11.3,8.9,NA,802,"CO",2021,92,4,300,1,91,0
2285,2021-04-03,23.622,76.2,0,-3.61111111111111,15,4.72222222222222,14.8,NA,13.4,9.2,NA,802,"CO",2021,93,4,310,2,91,0
2286,2021-04-04,22.86,71.12,0,-2.38888888888889,15.2222222222222,5.11111111111111,17.2,NA,13.7,13.7,NA,802,"CO",2021,94,4,321.428571428571,2.4,91,0
2287,2021-04-05,21.844,66.04,0,-0.88888888888889,16.1111111111111,6.11111111111111,18.9,NA,13.8,16,NA,802,"CO",2021,95,4,330.769230769231,1.7,91,0
2288,2021-04-06,20.574,63.5,0,7.61111111111111,8.38888888888889,0.222222222222221,20.6,NA,13.9,17.3,NA,802,"CO",2021,96,4,324,1.7,91,0
2289,2021-04-07,19.558,60.96,0,-5.27777777777778,7.72222222222222,0.499999999999999,22.3,NA,14.2,17.7,NA,802,"CO",2021,97,4,320.833333333333,1.7,91,0
2290,2021-04-08,19.304,58.42,0,-0.611111111111112,10.7222222222222,3.88888888888889,24.5,NA,14.2,17.9,NA,802,"CO",2021,98,4,330.434782608696,2.2,91,0
2291,2021-04-09,18.288,53.34,0,-0.388888888888889,4.72222222222222,-1.5,25.1,NA,14.5,18.2,NA,802,"CO",2021,99,4,342.857142857143,0.600000000000001,91,0
2292,2021-04-10,17.78,50.8,0,-3.11111111111111,9.88888888888889,1.72222222222222,25.7,NA,14.5,18.8,NA,802,"CO",2021,100,4,350,0.599999999999998,91,0
2293,2021-04-11,16.764,48.26,0,-1.61111111111111,10.7777777777778,3.61111111111111,26.6,NA,14.9,19.3,NA,802,"CO",2021,101,4,347.368421052632,0.900000000000002,91,0
2294,2021-04-12,15.494,43.18,0,-3.11111111111111,9.38888888888889,0.388888888888891,27.3,NA,15,19.9,NA,802,"CO",2021,102,4,358.823529411765,0.699999999999999,91,0
2295,2021-04-13,13.97,40.64,0.254,-3.5,6.22222222222222,-0.722222222222223,27.6,NA,15.2,20.5,NA,802,"CO",2021,103,4,343.75,0.300000000000001,91,0
2296,2021-04-14,13.97,40.64,0,-2.77777777777778,8.72222222222222,1.38888888888889,19.9,NA,14.9,20.6,NA,802,"CO",2021,104,4,343.75,-7.7,91,0
2297,2021-04-15,12.954,38.1,0.508,-0.722222222222223,8,-1,27.6,NA,15.8,21.2,NA,802,"CO",2021,105,4,340,7.7,91,0
2298,2021-04-16,12.7,43.18,0.254,-6.61111111111111,0,-5.22222222222222,19.9,NA,15.7,21.7,NA,802,"CO",2021,106,4,294.117647058824,-7.7,91,0
2299,2021-04-17,12.7,38.1,0,-7.22222222222222,1.27777777777778,-5.38888888888889,19.8,NA,14.3,21.6,NA,802,"CO",2021,107,4,333.333333333333,-0.0999999999999979,91,0
2300,2021-04-18,12.7,38.1,0,-12.1111111111111,4.88888888888889,-4.22222222222222,23.4,NA,14.1,21.6,NA,802,"CO",2021,108,4,333.333333333333,3.6,91,0
2301,2021-04-19,12.7,38.1,0.508,-6.72222222222222,8.5,-0.722222222222223,24.3,NA,14.1,21.5,NA,802,"CO",2021,109,4,333.333333333333,0.900000000000002,91,0
2302,2021-04-20,11.938,38.1,0,-11.8888888888889,1.38888888888889,-7.38888888888889,26.8,NA,15.7,22,NA,802,"CO",2021,110,4,313.333333333333,2.5,91,0
2303,2021-04-21,11.938,33.02,0.254,-12,2.72222222222222,-3.72222222222222,20.2,NA,15.3,22.3,NA,802,"CO",2021,111,4,361.538461538462,-6.6,91,0
2304,2021-04-22,11.938,35.56,1.016,-2.88888888888889,2.27777777777778,-2.77777777777778,20,NA,14.7,22.5,NA,802,"CO",2021,112,4,335.714285714286,-0.199999999999999,91,0
2305,2021-04-23,12.7,45.72,0.508,-8.72222222222222,4.11111111111111,-3.77777777777778,24.3,NA,14.3,22.4,NA,802,"CO",2021,113,4,277.777777777778,4.3,91,0
2306,2021-04-24,12.954,43.18,0,-7,10.7777777777778,2.5,20,NA,13.9,22.2,NA,802,"CO",2021,114,4,300,-4.3,91,0
2307,2021-04-25,12.446,35.56,0,1.77777777777778,15.3888888888889,7.77777777777778,26.3,NA,16.3,22.7,NA,802,"CO",2021,115,4,350,6.3,91,0
2308,2021-04-26,10.16,27.94,0,6.38888888888889,13.7777777777778,6.72222222222222,19.6,NA,16.8,23.2,NA,802,"CO",2021,116,4,363.636363636364,-6.7,91,0
2309,2021-04-27,9.652,22.86,1.27,-1.38888888888889,7,0.111111111111113,20,NA,16.6,23.5,NA,802,"CO",2021,117,4,422.222222222222,0.399999999999999,91,0
2310,2021-04-28,9.144,38.1,0,-1.22222222222222,8.38888888888889,1.38888888888889,21.2,NA,14.8,23.4,NA,802,"CO",2021,118,4,240,1.2,91,0
2311,2021-04-29,9.144,27.94,0,-4.27777777777778,14.2777777777778,4.61111111111111,21,NA,15.7,23.5,NA,802,"CO",2021,119,4,327.272727272727,-0.199999999999999,91,0
2312,2021-04-30,7.366,22.86,0,-0.88888888888889,18.8888888888889,7.88888888888889,21.6,NA,16.4,23.6,NA,802,"CO",2021,120,4,322.222222222222,0.600000000000001,91,0
2313,2021-05-01,4.572,15.24,0,0.277777777777778,19.8888888888889,9.72222222222222,20.1,NA,16.3,23.8,NA,802,"CO",2021,121,5,300,-1.5,91,0
2314,2021-05-02,1.016,7.62,1.016,2.11111111111111,9.88888888888889,2.77777777777778,20.8,NA,16.7,24.7,NA,802,"CO",2021,122,5,133.333333333333,0.699999999999999,91,0
2315,2021-05-03,1.016,5.08,0.762,0,6,1.11111111111111,20.9,NA,15.8,24.5,NA,802,"CO",2021,123,5,200,0.0999999999999979,91,0
2316,2021-05-04,0.508,2.54,0.762,-1.22222222222222,7.77777777777778,0.388888888888891,21.3,NA,16.5,24.7,NA,802,"CO",2021,124,5,200,0.400000000000002,91,0
2317,2021-05-05,0.508,2.54,0,-0.88888888888889,10.1111111111111,2.22222222222222,21.8,NA,16,24.6,NA,802,"CO",2021,125,5,200,0.5,91,0
2318,2021-05-06,0.254,2.54,0,-2.5,17,6,20.2,NA,15.7,24.5,NA,802,"CO",2021,126,5,100,-1.6,91,0
2319,2021-05-07,0,0,0,-0.777777777777777,19,8.11111111111111,24.6,NA,15.3,24.2,NA,802,"CO",2021,127,5,NA,4.4,91,0
2320,2021-05-08,0,0,0,-0.388888888888889,11.3888888888889,3.22222222222222,25.8,NA,14.8,24.1,NA,802,"CO",2021,128,5,NA,1.2,91,0
2321,2021-05-09,0,0,0.254,-4.11111111111111,8.11111111111111,0.111111111111113,24,NA,14.6,23.9,NA,802,"CO",2021,129,5,NA,-1.8,91,0
2322,2021-05-10,0,0,1.524,-2,5.5,-1.22222222222222,24,NA,14.2,23.7,NA,802,"CO",2021,130,5,NA,0,91,0
2323,2021-05-11,1.524,10.16,0.254,-6.77777777777778,3,-2.88888888888889,23.3,NA,14.2,23.6,NA,802,"CO",2021,131,5,150,-0.699999999999999,91,0
2324,2021-05-12,2.032,5.08,0,-6.72222222222222,10,0.999999999999998,24,NA,14.5,23.9,NA,802,"CO",2021,132,5,400,0.699999999999999,91,0
2325,2021-05-13,0.254,2.54,0,-2.72222222222222,14.1111111111111,5.77777777777778,23.8,NA,16.1,24.5,NA,802,"CO",2021,133,5,100,-0.199999999999999,91,0
2326,2021-05-14,0.254,2.54,0,1.22222222222222,16.2222222222222,6.77777777777778,22.3,NA,15.1,24.2,NA,802,"CO",2021,134,5,100,-1.5,91,0
2327,2021-05-15,0.254,2.54,0,4.61111111111111,19.1111111111111,11,22.3,NA,14.5,24,NA,802,"CO",2021,135,5,100,0,91,0
2328,2021-05-16,0,0,0.254,5.38888888888889,19.3888888888889,9.11111111111111,22.8,NA,14.3,23.8,NA,802,"CO",2021,136,5,NA,0.5,91,0
2329,2021-05-17,0,0,0.508,5.77777777777778,13.1111111111111,5.61111111111111,23.1,NA,14.3,23.7,NA,802,"CO",2021,137,5,NA,0.300000000000001,91,0
2330,2021-05-18,0,0,0.254,1.61111111111111,14.2222222222222,6.38888888888889,26.2,NA,14.8,23.7,NA,802,"CO",2021,138,5,NA,3.1,91,0
2331,2021-05-19,0,0,0,-0.611111111111112,17.2777777777778,8.11111111111111,24.5,NA,14.7,23.9,NA,802,"CO",2021,139,5,NA,-1.7,91,0
2332,2021-05-20,0,0,0,4.38888888888889,19.3888888888889,10.1111111111111,23.3,NA,14.4,23.9,NA,802,"CO",2021,140,5,NA,-1.2,91,0
2333,2021-05-21,0,0,0,3.38888888888889,17.1111111111111,10.7222222222222,23.4,NA,14.2,23.8,NA,802,"CO",2021,141,5,NA,0.0999999999999979,91,0
2334,2021-05-22,0,0,0.508,6.77777777777778,18,9.5,23.8,NA,13.8,23.5,NA,802,"CO",2021,142,5,NA,0.400000000000002,91,0
2335,2021-05-23,0,0,0,5,12.2222222222222,5.61111111111111,24.3,NA,13.9,23.3,NA,802,"CO",2021,143,5,NA,0.5,91,0
2336,2021-05-24,0,0,0,-3.77777777777778,14.7777777777778,4.77777777777778,22.8,NA,14,23.5,NA,802,"CO",2021,144,5,NA,-1.5,91,0
2337,2021-05-25,0,0,0,-1.77777777777778,17,6.88888888888889,23.9,NA,13.9,23.4,NA,802,"CO",2021,145,5,NA,1.1,91,0
2338,2021-05-26,0,0,0,1.38888888888889,17.8888888888889,9.38888888888889,23.4,NA,13.6,23.2,NA,802,"CO",2021,146,5,NA,-0.5,91,0
2339,2021-05-27,0,0,0,1.72222222222222,17.8888888888889,7.77777777777778,23.2,NA,13.6,23.2,NA,802,"CO",2021,147,5,NA,-0.199999999999999,91,0
2340,2021-05-28,0,0,0.254,-1.22222222222222,19.7222222222222,9.5,23.5,NA,13.3,22.9,NA,802,"CO",2021,148,5,NA,0.300000000000001,91,0
2341,2021-05-29,0,0,0,2.61111111111111,19,9.72222222222222,24.3,NA,12.9,22.7,NA,802,"CO",2021,149,5,NA,0.800000000000001,91,0
2342,2021-05-30,0,0,0.254,2.22222222222222,15.5,6.5,23.9,NA,12.9,22.6,NA,802,"CO",2021,150,5,NA,-0.400000000000002,91,0
2343,2021-05-31,0,0,0,4.38888888888889,14.7777777777778,6.22222222222222,22.6,NA,12.6,22.4,NA,802,"CO",2021,151,5,NA,-1.3,91,0
2344,2021-06-01,0,0,0,-0.88888888888889,15.5,7.11111111111111,23.4,NA,12.7,22.1,NA,802,"CO",2021,152,6,NA,0.799999999999997,91,0
2345,2021-06-02,0,0,0,2.72222222222222,18.8888888888889,9.88888888888889,23.5,NA,12.6,22.1,NA,802,"CO",2021,153,6,NA,0.100000000000001,91,0
2346,2021-06-03,0,0,0,2.88888888888889,21.7222222222222,11.7777777777778,23.7,NA,12.5,22,NA,802,"CO",2021,154,6,NA,0.199999999999999,91,0
2347,2021-06-04,0,0,0,4,24.2222222222222,14.1111111111111,24.1,NA,12.5,21.9,NA,802,"CO",2021,155,6,NA,0.400000000000002,91,0
2348,2021-06-05,0,0,0,5.77777777777778,24.5,13.1111111111111,24.3,NA,12.6,21.8,NA,802,"CO",2021,156,6,NA,0.199999999999999,91,0
2349,2021-06-06,0,0,0,6.11111111111111,22.2222222222222,12.3888888888889,23.5,NA,12.4,21.5,NA,802,"CO",2021,157,6,NA,-0.800000000000001,91,0
2350,2021-06-07,0,0,0,11.6111111111111,23.6111111111111,14.3888888888889,24,NA,12,21.4,NA,802,"CO",2021,158,6,NA,0.5,91,0
2351,2021-06-08,0,0,0,5.77777777777778,26,14.8888888888889,24.2,NA,12.1,21.2,NA,802,"CO",2021,159,6,NA,0.199999999999999,91,0
2352,2021-06-09,0,0,0,3.38888888888889,26.8888888888889,15.6111111111111,24.2,NA,11.8,21.1,NA,802,"CO",2021,160,6,NA,0,91,0
2353,2021-06-10,0,0,0,13,26.7777777777778,16,24.1,NA,11.7,20.8,NA,802,"CO",2021,161,6,NA,-0.0999999999999979,91,0
2354,2021-06-11,0,0,0,5.61111111111111,24,11.7777777777778,24.4,NA,11.4,20.6,NA,802,"CO",2021,162,6,NA,0.299999999999997,91,0
2355,2021-06-12,0,0,0,2.11111111111111,25.7777777777778,14.8888888888889,23.8,NA,11.1,20.3,NA,802,"CO",2021,163,6,NA,-0.599999999999998,91,0
2356,2021-06-13,0,0,0,6.88888888888889,28.2777777777778,17,24.1,NA,11,19.9,NA,802,"CO",2021,164,6,NA,0.300000000000001,91,0
2357,2021-06-14,0,0,0,11.5,28,17.7222222222222,24.1,NA,10.4,19.7,NA,802,"CO",2021,165,6,NA,0,91,0
2358,2021-06-15,0,0,0,9.72222222222222,28.7777777777778,18.2222222222222,24.5,NA,10,19.3,NA,802,"CO",2021,166,6,NA,0.399999999999999,91,0
2359,2021-06-16,0,0,0,7.72222222222222,28.6111111111111,18.7777777777778,24.3,NA,9.3,18.8,NA,802,"CO",2021,167,6,NA,-0.199999999999999,91,0
2360,2021-06-17,0,0,0,16.6111111111111,28.8888888888889,18.7222222222222,24.2,NA,8.7,18.5,NA,802,"CO",2021,168,6,NA,-0.100000000000001,91,0
2361,2021-06-18,0,0,0,10.5,25.3888888888889,15.2777777777778,24,NA,7.9,18,NA,802,"CO",2021,169,6,NA,-0.199999999999999,91,0
2362,2021-06-19,0,0,0,7.38888888888889,23.7222222222222,12.2777777777778,23.9,NA,7.2,17.7,NA,802,"CO",2021,170,6,NA,-0.100000000000001,91,0
2363,2021-06-20,0,0,0,3.77777777777778,24.5,15.8888888888889,23.4,NA,6.9,17.3,NA,802,"CO",2021,171,6,NA,-0.5,91,0
2364,2021-06-21,0,0,0,4.77777777777778,21.5,12.2777777777778,23.3,NA,6.8,16.8,NA,802,"CO",2021,172,6,NA,-0.0999999999999979,91,0
2365,2021-06-22,0,0,0,4.5,25.2777777777778,16.3888888888889,23.6,NA,5.9,16.5,NA,802,"CO",2021,173,6,NA,0.300000000000001,91,0
2366,2021-06-23,0,0,0.508,11.7222222222222,22.7777777777778,15.2222222222222,23.7,NA,5.4,16,NA,802,"CO",2021,174,6,NA,0.0999999999999979,91,0
2367,2021-06-24,0,0,0.254,10.1111111111111,18.8888888888889,10.8888888888889,24,NA,4.9,15.5,NA,802,"CO",2021,175,6,NA,0.300000000000001,91,0
2368,2021-06-25,0,0,1.016,2.27777777777778,16.6111111111111,8.61111111111111,23.6,NA,4.7,15.3,NA,802,"CO",2021,176,6,NA,-0.399999999999999,91,0
2369,2021-06-26,0,0,0.762,6.72222222222222,13.3888888888889,8.22222222222222,23.6,NA,5,15.2,NA,802,"CO",2021,177,6,NA,0,91,0
2370,2021-06-27,0,0,0,5.72222222222222,15.7777777777778,8.11111111111111,23.2,NA,5.5,15.1,NA,802,"CO",2021,178,6,NA,-0.400000000000002,91,0
2371,2021-06-28,0,0,0,2.11111111111111,17.2777777777778,9.5,23.1,NA,6,15.1,NA,802,"CO",2021,179,6,NA,-0.0999999999999979,91,0
2372,2021-06-29,0,0,0.254,8.77777777777778,18.5,11.6111111111111,23.4,NA,5.9,14.9,NA,802,"CO",2021,180,6,NA,0.299999999999997,91,0
2373,2021-06-30,0,0,0.254,5.38888888888889,19.6111111111111,10.8888888888889,23.2,NA,6.2,14.8,NA,802,"CO",2021,181,6,NA,-0.199999999999999,91,0
2374,2021-07-01,0,0,0.254,8.72222222222222,18.2222222222222,12.1111111111111,23.5,NA,6.5,14.7,NA,802,"CO",2021,182,7,NA,0.300000000000001,91,0
2375,2021-07-02,0,0,0.254,10.7222222222222,21.7777777777778,13.1111111111111,23.4,NA,7,14.7,NA,802,"CO",2021,183,7,NA,-0.100000000000001,91,0
2376,2021-07-03,0,0,0.254,5.5,22.3888888888889,14.2222222222222,23.2,NA,8.3,14.7,NA,802,"CO",2021,184,7,NA,-0.199999999999999,91,0
2377,2021-07-04,0,0,0,9,25.6111111111111,16.5,23.3,NA,8.9,14.6,NA,802,"CO",2021,185,7,NA,0.100000000000001,91,0
2378,2021-07-05,0,0,0,14.3888888888889,24.6111111111111,14.3888888888889,23.6,NA,9,14.3,NA,802,"CO",2021,186,7,NA,0.300000000000001,91,0
2379,2021-07-06,0,0,0,10.5,23.1111111111111,15.2777777777778,23.6,NA,8.9,14.3,NA,802,"CO",2021,187,7,NA,0,91,0
2380,2021-07-07,0,0,0,9.61111111111111,24.8888888888889,16,23.5,NA,8.9,13.9,NA,802,"CO",2021,188,7,NA,-0.100000000000001,91,0
2381,2021-07-08,0,0,0,9,27.7777777777778,16.7777777777778,23.6,NA,8.4,13.5,NA,802,"CO",2021,189,7,NA,0.100000000000001,91,0
2382,2021-07-09,0,0,0,12.2777777777778,28,18.2222222222222,23.7,NA,8.2,13.2,NA,802,"CO",2021,190,7,NA,0.0999999999999979,91,0
2383,2021-07-10,0,0,0,10.8888888888889,23.7777777777778,15.1111111111111,23.6,NA,7.9,12.8,NA,802,"CO",2021,191,7,NA,-0.0999999999999979,91,0
2384,2021-07-11,0,0,0,6.61111111111111,23.6111111111111,14.1111111111111,23.6,NA,7.1,12.2,NA,802,"CO",2021,192,7,NA,0,91,0
2385,2021-07-12,0,0,0,6.5,26.1111111111111,16.5,23.7,NA,6.5,11.6,NA,802,"CO",2021,193,7,NA,0.0999999999999979,91,0
2386,2021-07-13,0,0,0,13.8888888888889,25.2777777777778,14.2222222222222,24.1,NA,6.1,10.7,NA,802,"CO",2021,194,7,NA,0.400000000000002,91,0
2387,2021-07-14,0,0,0.508,6.38888888888889,18.2777777777778,9.61111111111111,23.8,NA,5.5,10.4,NA,802,"CO",2021,195,7,NA,-0.300000000000001,91,0
2388,2021-07-15,0,0,1.016,3,22.1111111111111,12.3888888888889,23.5,NA,7.2,10.8,NA,802,"CO",2021,196,7,NA,-0.300000000000001,91,0
2389,2021-07-16,0,0,0,6.88888888888889,22.5,13.7222222222222,23.7,NA,8.1,12.1,NA,802,"CO",2021,197,7,NA,0.199999999999999,91,0
2390,2021-07-17,0,0,0,9.77777777777778,24.7777777777778,14.8888888888889,23.9,NA,8,12.3,NA,802,"CO",2021,198,7,NA,0.199999999999999,91,0
2391,2021-07-18,0,0,0.254,11.1111111111111,26.1111111111111,16.7777777777778,23.7,NA,7.9,11.9,NA,802,"CO",2021,199,7,NA,-0.199999999999999,91,0
2392,2021-07-19,0,0,0,9.61111111111111,26.7777777777778,17.2777777777778,23.6,NA,7.2,11.4,NA,802,"CO",2021,200,7,NA,-0.0999999999999979,91,0
2393,2021-07-20,0,0,0,14.8888888888889,25.6111111111111,17,23.8,NA,6.6,10.6,NA,802,"CO",2021,201,7,NA,0.199999999999999,91,0
2394,2021-07-21,0,0,0,9.5,23.1111111111111,14.6111111111111,23.8,NA,6.3,10.1,NA,802,"CO",2021,202,7,NA,0,91,0
2395,2021-07-22,0,0,0,9,25.6111111111111,13.8888888888889,24,NA,5.6,9.7,NA,802,"CO",2021,203,7,NA,0.199999999999999,91,0
2396,2021-07-23,0,0,0,9.38888888888889,23.2777777777778,13.8888888888889,23.6,NA,5.7,9.3,NA,802,"CO",2021,204,7,NA,-0.399999999999999,91,0
2397,2021-07-24,0,0,0,10.7222222222222,21.8888888888889,14.8888888888889,24.1,NA,5.5,9.2,NA,802,"CO",2021,205,7,NA,0.5,91,0
2398,2021-07-25,0,0,0.254,12.2777777777778,25.2222222222222,16.2777777777778,24,NA,5.3,8.7,NA,802,"CO",2021,206,7,NA,-0.100000000000001,91,0
2399,2021-07-26,0,0,0.254,7.88888888888889,25.8888888888889,15.6111111111111,23.8,NA,5,8.1,NA,802,"CO",2021,207,7,NA,-0.199999999999999,91,0
2400,2021-07-27,0,0,0,9,26.7777777777778,17,23.7,NA,4.8,7,NA,802,"CO",2021,208,7,NA,-0.100000000000001,91,0
2401,2021-07-28,0,0,1.016,9.38888888888889,32.6111111111111,19.3888888888889,23.9,NA,4.4,6.1,NA,802,"CO",2021,209,7,NA,0.199999999999999,91,0
2402,2021-07-29,0,0,0,27.2777777777778,42.2222222222222,31,23.9,NA,0,0,NA,802,"CO",2021,210,7,NA,0,91,0
2403,2021-07-30,0,0,0,22.2222222222222,40.5,27.1111111111111,23.9,NA,0,0,NA,802,"CO",2021,211,7,NA,0,91,0
2404,2021-07-31,0,0,0,22.8888888888889,37.6111111111111,28.7222222222222,23.9,NA,0,0,NA,802,"CO",2021,212,7,NA,0,91,0
2405,2021-08-01,0,0,0,29.2222222222222,40.1111111111111,32.3888888888889,23.9,NA,NA,NA,NA,802,"CO",2021,213,8,NA,0,91,0
2406,2021-08-02,0,0,0,27.5,40.1111111111111,32.2777777777778,23.9,NA,NA,NA,NA,802,"CO",2021,214,8,NA,0,91,0
2923,2023-01-01,14.986,71.12,0,-2.11111111111111,3.5,0.111111111111113,23.9,NA,18.8,8.5,NA,802,"CO",2023,1,1,210.714285714286,0,91,0
2924,2023-01-02,14.986,71.12,0,-2.11111111111111,0.222222222222221,-5.5,23.9,NA,18.8,8.5,NA,802,"CO",2023,2,1,210.714285714286,0,91,0
2925,2023-01-03,14.986,68.58,0.762,-10,-5.22222222222222,-9,23.9,NA,18.8,8.4,NA,802,"CO",2023,3,1,218.518518518519,0,91,0
2926,2023-01-04,15.494,76.2,0,-10.6111111111111,-7,-13.2222222222222,23.9,NA,18.8,8.4,NA,802,"CO",2023,4,1,203.333333333333,0,91,0
2927,2023-01-05,15.494,76.2,0,-19.2222222222222,1.72222222222222,-9.88888888888889,23.9,NA,19,8.5,NA,802,"CO",2023,5,1,203.333333333333,0,91,0
2928,2023-01-06,15.494,71.12,0.254,-11.7222222222222,-1.77777777777778,-6.72222222222222,23.9,NA,18.8,8.3,NA,802,"CO",2023,6,1,217.857142857143,0,91,0
2929,2023-01-07,15.748,73.66,0,-7.61111111111111,-1.61111111111111,-8.72222222222222,23.9,NA,18.8,8.3,NA,802,"CO",2023,7,1,213.793103448276,0,91,0
2930,2023-01-08,15.748,71.12,0,-17.7777777777778,2.61111111111111,-7.22222222222222,23.9,NA,18.9,8.3,NA,802,"CO",2023,8,1,221.428571428571,0,91,0
2931,2023-01-09,16.002,76.2,0,-4.5,3.22222222222222,-2.61111111111111,23.9,NA,18.8,8.2,NA,802,"CO",2023,9,1,210,0,91,0
2932,2023-01-10,16.002,71.12,0.508,-2.77777777777778,1.5,-1.27777777777778,23.9,NA,18.8,8.2,NA,802,"CO",2023,10,1,225,0,91,0
2933,2023-01-11,16.51,71.12,0.254,-1.77777777777778,-1.61111111111111,-6,23.9,NA,18.8,8.2,NA,802,"CO",2023,11,1,232.142857142857,0,91,0
2934,2023-01-12,16.51,73.66,0,-13.2777777777778,-2.11111111111111,-10.6111111111111,23.9,NA,18.8,8.2,NA,802,"CO",2023,12,1,224.137931034483,0,91,0
2935,2023-01-13,16.51,71.12,0,-14.7222222222222,3.27777777777778,-7,23.9,NA,18.9,8.2,NA,802,"CO",2023,13,1,232.142857142857,0,91,0
2936,2023-01-14,16.51,71.12,0,-8.61111111111111,7.5,-0.611111111111112,23.9,NA,18.8,8.1,NA,802,"CO",2023,14,1,232.142857142857,0,91,0
2937,2023-01-15,16.764,71.12,0.508,-3.38888888888889,-0.222222222222221,-4.22222222222222,23.9,NA,18.8,8,NA,802,"CO",2023,15,1,235.714285714286,0,91,0
2938,2023-01-16,17.018,76.2,0.254,-8.22222222222222,-1.61111111111111,-7.11111111111111,23.9,NA,18.8,8,NA,802,"CO",2023,16,1,223.333333333333,0,91,0
2939,2023-01-17,17.272,78.74,0.762,-9.5,0.277777777777778,-5.72222222222222,23.9,NA,18.8,8.1,NA,802,"CO",2023,17,1,219.354838709677,0,91,0
2940,2023-01-18,18.034,86.36,0.254,-8.22222222222222,-7.61111111111111,-10.2777777777778,23.9,NA,18.8,7.9,NA,802,"CO",2023,18,1,208.823529411765,0,91,0
2941,2023-01-19,18.034,86.36,0.254,-19,-4.5,-13.8888888888889,23.9,NA,18.9,8,NA,802,"CO",2023,19,1,208.823529411765,0,91,0
2942,2023-01-20,18.288,81.28,0,-11,-3.61111111111111,-10.5,23.9,NA,18.8,8,NA,802,"CO",2023,20,1,225,0,91,0
2943,2023-01-21,18.288,81.28,0.254,-14,-10.2777777777778,-13.1111111111111,23.9,NA,18.8,8,NA,802,"CO",2023,21,1,225,0,91,0
2944,2023-01-22,18.542,81.28,0,-13.6111111111111,-3.88888888888889,-9.72222222222222,23.9,NA,18.8,7.9,NA,802,"CO",2023,22,1,228.125,0,91,0
2945,2023-01-23,18.542,81.28,0,-8,-1.5,-8.27777777777778,23.9,NA,18.8,7.9,NA,802,"CO",2023,23,1,228.125,0,91,0
2946,2023-01-24,18.542,78.74,0,-16.2222222222222,-7.61111111111111,-12.8888888888889,23.9,NA,18.9,7.9,NA,802,"CO",2023,24,1,235.483870967742,0,91,0
2947,2023-01-25,18.542,81.28,0,-15.5,-10.7777777777778,-15,23.9,NA,18.8,7.8,NA,802,"CO",2023,25,1,228.125,0,91,0
2948,2023-01-26,18.542,81.28,0.254,-18.3888888888889,-8.72222222222222,-13.7222222222222,23.9,NA,18.9,7.9,NA,802,"CO",2023,26,1,228.125,0,91,0
2949,2023-01-27,18.796,81.28,0.762,-12.7777777777778,-4.5,-8.38888888888889,23.9,NA,18.8,7.7,NA,802,"CO",2023,27,1,231.25,0,91,0
2950,2023-01-28,19.812,86.36,0.508,-8.22222222222222,-4.22222222222222,-8.61111111111111,23.9,NA,18.8,7.6,NA,802,"CO",2023,28,1,229.411764705882,0,91,0
2951,2023-01-29,20.066,93.98,0.254,-9.22222222222222,-3.22222222222222,-7.22222222222222,23.9,NA,18.8,7.8,NA,802,"CO",2023,29,1,213.513513513514,0,91,0
2952,2023-01-30,20.574,91.44,0.254,-7.88888888888889,-5.72222222222222,-11,23.9,NA,18.8,7.7,NA,802,"CO",2023,30,1,225,0,91,0
2953,2023-01-31,20.828,99.06,0,-17.7222222222222,-12.2222222222222,-19.5,23.9,NA,18.8,7.6,NA,802,"CO",2023,31,1,210.25641025641,0,91,0
2954,2023-02-01,20.828,96.52,0.254,-22.7777777777778,-5.88888888888889,-14.8888888888889,23.9,NA,19,7.7,NA,802,"CO",2023,32,2,215.789473684211,0,91,0
2955,2023-02-02,20.828,91.44,0,-13.2777777777778,-1,-10.6111111111111,23.9,NA,18.9,7.6,NA,802,"CO",2023,33,2,227.777777777778,0,91,0
2956,2023-02-03,20.828,91.44,0.254,-17.1111111111111,2.88888888888889,-9.22222222222222,23.9,NA,18.9,7.7,NA,802,"CO",2023,34,2,227.777777777778,0,91,0
2957,2023-02-04,21.082,91.44,0,-11.8888888888889,3.27777777777778,-5.5,23.9,NA,18.8,7.7,NA,802,"CO",2023,35,2,230.555555555556,0,91,0
2958,2023-02-05,21.336,88.9,0.254,-8.61111111111111,8.72222222222222,-2.61111111111111,23.9,NA,18.8,7.6,NA,802,"CO",2023,36,2,240,0,91,0
2959,2023-02-06,21.844,88.9,0.254,-5.27777777777778,-5.27777777777778,-10.2222222222222,23.9,NA,18.8,7.6,NA,802,"CO",2023,37,2,245.714285714286,0,91,0
2960,2023-02-07,21.844,91.44,0,-17.7222222222222,-5.22222222222222,-13,23.9,NA,18.9,7.5,NA,802,"CO",2023,38,2,238.888888888889,0,91,0
2961,2023-02-08,21.844,88.9,0.762,-16.7777777777778,-3,-11.1111111111111,23.9,NA,18.9,7.6,NA,802,"CO",2023,39,2,245.714285714286,0,91,0
2962,2023-02-09,22.352,96.52,0,-14.7222222222222,-8.38888888888889,-15.2222222222222,23.9,NA,18.8,7.5,NA,802,"CO",2023,40,2,231.578947368421,0,91,0
2963,2023-02-10,22.352,96.52,0,-21.2777777777778,-2.77777777777778,-14.2777777777778,23.9,NA,19,7.5,NA,802,"CO",2023,41,2,231.578947368421,0,91,0
2964,2023-02-11,22.352,93.98,0,-13.5,4.5,-6.38888888888889,23.9,NA,18.8,7.5,NA,802,"CO",2023,42,2,237.837837837838,0,91,0
2965,2023-02-12,22.352,91.44,0,-10.5,2.61111111111111,-6,23.9,NA,18.8,7.4,NA,802,"CO",2023,43,2,244.444444444444,0,91,0
2966,2023-02-13,22.352,91.44,0.254,-15,6.88888888888889,-6.72222222222222,23.9,NA,18.8,7.5,NA,802,"CO",2023,44,2,244.444444444444,0,91,0
2967,2023-02-14,23.114,91.44,0.254,-11.7777777777778,-3.88888888888889,-9.38888888888889,23.9,NA,18.8,7.4,NA,802,"CO",2023,45,2,252.777777777778,0,91,0
2968,2023-02-15,23.114,96.52,0,-12,-7.88888888888889,-13.2222222222222,23.9,NA,18.8,7.4,NA,802,"CO",2023,46,2,239.473684210526,0,91,0
2969,2023-02-16,23.114,96.52,0,-19.2777777777778,-9.88888888888889,-17.8888888888889,23.9,NA,18.8,7.3,NA,802,"CO",2023,47,2,239.473684210526,0,91,0
2970,2023-02-17,23.114,93.98,0,-24.1111111111111,0,-8,23.9,NA,19,7.3,NA,802,"CO",2023,48,2,245.945945945946,0,91,1
2971,2023-02-18,23.114,96.52,0.254,-16.2777777777778,2.61111111111111,-6.88888888888889,37.8,NA,NA,7.3,NA,802,"CO",2023,49,2,239.473684210526,13.9,91,0
2972,2023-02-19,23.368,96.52,0.254,-4.61111111111111,-3.5,-5.38888888888889,37.5,NA,NA,7.3,NA,802,"CO",2023,50,2,242.105263157895,-0.299999999999997,91,0
2973,2023-02-20,23.622,96.52,0,-4.22222222222222,1.27777777777778,-2.38888888888889,37.7,NA,NA,7.2,NA,802,"CO",2023,51,2,244.736842105263,0.200000000000003,91,0
2974,2023-02-21,23.876,96.52,0,-5.72222222222222,6.77777777777778,0.611111111111112,38.2,NA,NA,7.2,NA,802,"CO",2023,52,2,247.368421052632,0.5,91,0
2975,2023-02-22,23.876,96.52,0.762,-1.38888888888889,-0.88888888888889,-6.72222222222222,38.6,NA,NA,7.4,NA,802,"CO",2023,53,2,247.368421052632,0.399999999999999,91,0
2976,2023-02-23,24.384,99.06,0,-13.8888888888889,-7.61111111111111,-11.8888888888889,37.2,NA,NA,7.2,NA,802,"CO",2023,54,2,246.153846153846,-1.4,91,0
2977,2023-02-24,24.384,99.06,0.508,-12.8888888888889,-4.5,-9,37.4,NA,NA,7,NA,802,"CO",2023,55,2,246.153846153846,0.199999999999996,91,0
2978,2023-02-25,25.4,101.6,0,-11.5,6,-2.22222222222222,37.3,NA,NA,7.3,NA,802,"CO",2023,56,2,250,-0.100000000000001,91,0
2979,2023-02-26,25.4,99.06,0,0,5.72222222222222,-3.22222222222222,37,NA,NA,7,NA,802,"CO",2023,57,2,256.410256410256,-0.299999999999997,91,0
2980,2023-02-27,25.4,99.06,0,-7,-1.61111111111111,-8.22222222222222,37.5,NA,NA,7,NA,802,"CO",2023,58,2,256.410256410256,0.5,91,0
2981,2023-02-28,25.4,99.06,0.762,-8.27777777777778,-4.5,-9.72222222222222,37.2,NA,NA,6.9,NA,802,"CO",2023,59,2,256.410256410256,-0.299999999999997,91,0
2982,2023-03-01,25.908,106.68,0,-19.7777777777778,-0.722222222222223,-9.77777777777778,37.9,NA,NA,7.1,NA,802,"CO",2023,60,3,242.857142857143,0.699999999999996,91,0
2983,2023-03-02,25.908,104.14,0,-11.7222222222222,-2.27777777777778,-10.2222222222222,37.2,NA,NA,7.1,NA,802,"CO",2023,61,3,248.780487804878,-0.699999999999996,91,0
2984,2023-03-03,25.908,104.14,0.508,-15.7222222222222,-1.22222222222222,-9.77777777777778,37.4,NA,NA,7,NA,802,"CO",2023,62,3,248.780487804878,0.199999999999996,91,0
2985,2023-03-04,26.416,111.76,0,-10.2222222222222,-1,-6.77777777777778,37.3,NA,NA,7,NA,802,"CO",2023,63,3,236.363636363636,-0.100000000000001,91,0
2986,2023-03-05,26.416,106.68,0,-3.77777777777778,0,-5.61111111111111,38.1,NA,NA,6.8,NA,802,"CO",2023,64,3,247.619047619048,0.800000000000004,91,0
2987,2023-03-06,26.416,106.68,0,-12.6111111111111,6.5,-4,37.2,NA,NA,6.9,NA,802,"CO",2023,65,3,247.619047619048,-0.899999999999999,91,0
2988,2023-03-07,26.416,104.14,0,-6.72222222222222,5.72222222222222,-4.88888888888889,37.3,NA,NA,6.8,NA,802,"CO",2023,66,3,253.658536585366,0.0999999999999943,91,0
2989,2023-03-08,26.416,101.6,0,-9.88888888888889,4.77777777777778,-3.11111111111111,36.6,NA,NA,7,NA,802,"CO",2023,67,3,260,-0.699999999999996,91,0
2990,2023-03-09,26.416,101.6,0,-4.72222222222222,2.11111111111111,-5.27777777777778,38.2,NA,NA,6.9,NA,802,"CO",2023,68,3,260,1.6,91,0
2991,2023-03-10,26.416,99.06,1.016,-6.38888888888889,5.22222222222222,-1.27777777777778,36.6,NA,NA,6.7,NA,802,"CO",2023,69,3,266.666666666667,-1.6,91,0
2992,2023-03-11,27.686,111.76,1.27,-1.22222222222222,1.11111111111111,-3.88888888888889,38.9,NA,NA,6.6,NA,802,"CO",2023,70,3,247.727272727273,2.3,91,0
2993,2023-03-12,28.702,121.92,0.762,-7.11111111111111,0.222222222222221,-4.61111111111111,37.4,NA,NA,6.8,NA,802,"CO",2023,71,3,235.416666666667,-1.5,91,0
2994,2023-03-13,29.464,127,0,-7.38888888888889,2.5,-4.22222222222222,38,NA,NA,6.6,NA,802,"CO",2023,72,3,232,0.600000000000001,91,0
2995,2023-03-14,29.464,121.92,0,-6.77777777777778,7,-1.22222222222222,37.4,NA,NA,6.7,NA,802,"CO",2023,73,3,241.666666666667,-0.600000000000001,91,0
2996,2023-03-15,29.464,116.84,0,-0.222222222222221,8.61111111111111,1.61111111111111,38.7,NA,NA,6.7,NA,802,"CO",2023,74,3,252.173913043478,1.3,91,0
2997,2023-03-16,29.464,114.3,0,-4.61111111111111,-3.61111111111111,-9.11111111111111,38.8,NA,NA,6.5,NA,802,"CO",2023,75,3,257.777777777778,0.0999999999999943,91,0
2998,2023-03-17,29.464,111.76,0,-19.2777777777778,-4.77777777777778,-14.6111111111111,37.4,NA,NA,6.5,NA,802,"CO",2023,76,3,263.636363636364,-1.4,91,0
2999,2023-03-18,29.464,109.22,0,-20.2777777777778,-1.61111111111111,-13.7222222222222,38.5,NA,NA,6.6,NA,802,"CO",2023,77,3,269.767441860465,1.1,91,0
3000,2023-03-19,29.464,109.22,0,-20.8888888888889,2.11111111111111,-8.27777777777778,38.4,NA,NA,6.5,NA,802,"CO",2023,78,3,269.767441860465,-0.100000000000001,91,0
3001,2023-03-20,29.464,109.22,0.762,-8.5,-1.27777777777778,-5.27777777777778,37,NA,NA,6.5,NA,802,"CO",2023,79,3,269.767441860465,-1.4,91,0
3002,2023-03-21,29.972,114.3,0.762,-4.88888888888889,0.277777777777778,-4.38888888888889,37.7,NA,NA,6.4,NA,802,"CO",2023,80,3,262.222222222222,0.700000000000003,91,0
3003,2023-03-22,30.988,116.84,0.762,-3,2.11111111111111,-2.88888888888889,38.4,NA,NA,6.6,NA,802,"CO",2023,81,3,265.217391304348,0.699999999999996,91,0
3004,2023-03-23,32.004,127,0,-6.22222222222222,1.22222222222222,-5.72222222222222,37.6,NA,NA,6.4,NA,802,"CO",2023,82,3,252,-0.799999999999997,91,0
3005,2023-03-24,32.004,127,0.762,-10.2777777777778,0,-7.38888888888889,37.5,NA,NA,6.4,NA,802,"CO",2023,83,3,252,-0.100000000000001,91,0
3006,2023-03-25,32.766,132.08,0,-13.1111111111111,-8.11111111111111,-13.1111111111111,37.3,NA,NA,6.4,NA,802,"CO",2023,84,3,248.076923076923,-0.200000000000003,91,0
3007,2023-03-26,32.766,129.54,0,-16.2777777777778,-5.22222222222222,-12.7777777777778,37.1,NA,NA,6.7,NA,802,"CO",2023,85,3,252.941176470588,-0.199999999999996,91,0
3008,2023-03-27,32.766,129.54,0,-15.2222222222222,-6.11111111111111,-14.8888888888889,36.8,NA,NA,6.5,NA,802,"CO",2023,86,3,252.941176470588,-0.300000000000004,91,0
3009,2023-03-28,32.766,129.54,0.508,-22.3888888888889,4.5,-9.5,38.8,NA,NA,6.6,NA,802,"CO",2023,87,3,252.941176470588,2,91,0
3010,2023-03-29,33.274,127,0,-10,10.3888888888889,0.999999999999998,36.6,NA,NA,6.3,NA,802,"CO",2023,88,3,262,-2.2,91,0
3011,2023-03-30,33.274,121.92,0,1.11111111111111,8.61111111111111,-1,38.4,NA,NA,6.3,NA,802,"CO",2023,89,3,272.916666666667,1.8,91,0
3012,2023-03-31,33.274,121.92,1.016,-8.38888888888889,-4,-7.11111111111111,37.8,NA,NA,6.5,NA,802,"CO",2023,90,3,272.916666666667,-0.600000000000001,91,0
3013,2023-04-01,34.036,127,0,-7.22222222222222,7.38888888888889,-0.111111111111111,37.8,NA,NA,6.5,NA,802,"CO",2023,91,4,268,0,91,0
3014,2023-04-02,34.036,121.92,0,0.611111111111112,7.38888888888889,2.88888888888889,38.5,NA,NA,6.5,NA,802,"CO",2023,92,4,279.166666666667,0.700000000000003,91,0
3015,2023-04-03,34.036,116.84,0,2,8.72222222222222,3.22222222222222,38.6,NA,NA,6.3,NA,802,"CO",2023,93,4,291.304347826087,0.100000000000001,91,0
3016,2023-04-04,33.782,114.3,0.254,-1.61111111111111,-0.388888888888889,-7.38888888888889,38.9,NA,NA,6.3,NA,802,"CO",2023,94,4,295.555555555556,0.299999999999997,91,0
3017,2023-04-05,34.036,119.38,0,-13.3888888888889,-5.88888888888889,-12.5,36.9,NA,NA,6.5,NA,802,"CO",2023,95,4,285.106382978723,-2,91,0
3018,2023-04-06,34.036,119.38,0,-19.5,0,-9.88888888888889,37.6,NA,NA,6.4,NA,802,"CO",2023,96,4,285.106382978723,0.700000000000003,91,0
3019,2023-04-07,34.036,116.84,0,-14.3888888888889,9.5,-2.5,36.4,NA,NA,6.3,NA,802,"CO",2023,97,4,291.304347826087,-1.2,91,0
3020,2023-04-08,34.036,114.3,0,-5,8.22222222222222,0.222222222222221,37.7,NA,NA,6.5,NA,802,"CO",2023,98,4,297.777777777778,1.3,91,0
3021,2023-04-09,33.782,111.76,0,-4.72222222222222,7.5,-0.388888888888889,38.4,NA,NA,6.3,NA,802,"CO",2023,99,4,302.272727272727,0.699999999999996,91,0
3022,2023-04-10,33.02,106.68,0,-6.61111111111111,12.6111111111111,2.27777777777778,37.6,NA,NA,6.5,NA,802,"CO",2023,100,4,309.52380952381,-0.799999999999997,91,0
3023,2023-04-11,31.75,99.06,0,-2.72222222222222,17,5.38888888888889,39.7,NA,NA,17.7,NA,802,"CO",2023,101,4,320.51282051282,2.1,91,0
3024,2023-04-12,30.48,88.9,0,-2.22222222222222,17.2222222222222,6.5,40.3,NA,NA,21.7,NA,802,"CO",2023,102,4,342.857142857143,0.599999999999994,91,0
3025,2023-04-13,28.448,83.82,0,1.72222222222222,13.6111111111111,5.77777777777778,40.4,NA,NA,22.6,NA,802,"CO",2023,103,4,339.393939393939,0.100000000000001,91,0
3026,2023-04-14,26.67,78.74,0.508,-2.5,3.77777777777778,-1.5,40.4,NA,NA,22.9,NA,802,"CO",2023,104,4,338.709677419355,0,91,0
3027,2023-04-15,27.178,81.28,0,-8.27777777777778,0.499999999999999,-6.22222222222222,40.5,NA,NA,23,NA,802,"CO",2023,105,4,334.375,0.100000000000001,91,0
3028,2023-04-16,27.178,78.74,0,-12.7222222222222,7.22222222222222,-2.22222222222222,40.7,NA,NA,22.7,NA,802,"CO",2023,106,4,345.161290322581,0.200000000000003,91,0
3029,2023-04-17,26.416,73.66,0,-6.88888888888889,13,2.38888888888889,40.5,NA,NA,23,NA,802,"CO",2023,107,4,358.620689655172,-0.200000000000003,91,0
3030,2023-04-18,24.638,68.58,0,1.72222222222222,12.1111111111111,4.72222222222222,40.5,NA,NA,23.3,NA,802,"CO",2023,108,4,359.259259259259,0,91,0
3031,2023-04-19,21.59,63.5,0.508,-2.22222222222222,5.5,-4.88888888888889,40.4,NA,NA,23.3,NA,802,"CO",2023,109,4,340,-0.100000000000001,91,0
3032,2023-04-20,22.098,66.04,0.508,-10.8888888888889,-1.77777777777778,-9.27777777777778,40.8,NA,NA,23.3,NA,802,"CO",2023,110,4,334.615384615385,0.399999999999999,91,0
3033,2023-04-21,22.606,68.58,1.016,-14.2222222222222,-0.722222222222223,-7.61111111111111,40.8,NA,NA,23.1,NA,802,"CO",2023,111,4,329.62962962963,0,91,0
3034,2023-04-22,23.368,73.66,0,-6.38888888888889,-0.277777777777778,-5.77777777777778,40.6,NA,NA,23,NA,802,"CO",2023,112,4,317.241379310345,-0.199999999999996,91,0
3035,2023-04-23,23.368,68.58,0,-11.7222222222222,6.72222222222222,-2.61111111111111,40.7,NA,NA,22.9,NA,802,"CO",2023,113,4,340.740740740741,0.100000000000001,91,0
3036,2023-04-24,23.368,66.04,0,-5.22222222222222,9.11111111111111,0.499999999999999,40.5,NA,NA,22.8,NA,802,"CO",2023,114,4,353.846153846154,-0.200000000000003,91,0
3037,2023-04-25,22.86,66.04,0,-1.5,6.61111111111111,-0.722222222222223,40.4,NA,NA,23,NA,802,"CO",2023,115,4,346.153846153846,-0.100000000000001,91,0
3038,2023-04-26,22.352,66.04,0,-1.38888888888889,8.77777777777778,1.5,40.5,NA,NA,23,NA,802,"CO",2023,116,4,338.461538461538,0.100000000000001,91,0
3039,2023-04-27,22.352,60.96,0.762,-3.22222222222222,9.77777777777778,1.61111111111111,40.5,NA,NA,23.5,NA,802,"CO",2023,117,4,366.666666666667,0,91,0
3040,2023-04-28,20.32,58.42,0,-3.61111111111111,4.5,-1.61111111111111,40.5,NA,NA,23.8,NA,802,"CO",2023,118,4,347.826086956522,0,91,0
3041,2023-04-29,20.066,55.88,0,-5.27777777777778,13.3888888888889,3.61111111111111,40.6,NA,NA,24,NA,802,"CO",2023,119,4,359.090909090909,0.100000000000001,91,0
3042,2023-04-30,17.78,50.8,0,-0.722222222222223,12.7777777777778,4.77777777777778,40.5,NA,NA,24.2,NA,802,"CO",2023,120,4,350,-0.100000000000001,91,0
3043,2023-05-01,16.002,45.72,0,-2.27777777777778,16.7222222222222,7.88888888888889,40.6,NA,NA,24.4,NA,802,"CO",2023,121,5,350,0.100000000000001,91,0
3044,2023-05-02,12.954,38.1,0,6.38888888888889,15.1111111111111,7.38888888888889,40.5,NA,NA,24.5,NA,802,"CO",2023,122,5,340,-0.100000000000001,91,0
3045,2023-05-03,11.176,33.02,0,2.27777777777778,16.2222222222222,7.11111111111111,40.5,NA,NA,24.6,NA,802,"CO",2023,123,5,338.461538461538,0,91,0
3046,2023-05-04,8.382,22.86,0,4.5,11.3888888888889,5.22222222222222,40.6,NA,NA,24.7,NA,802,"CO",2023,124,5,366.666666666667,0.100000000000001,91,0
3047,2023-05-05,6.096,17.78,0,0.611111111111112,13.2777777777778,3.5,40.6,NA,NA,24.8,NA,802,"CO",2023,125,5,342.857142857143,0,91,0
3048,2023-05-06,3.81,10.16,0,-2.77777777777778,10.8888888888889,2.5,40.7,NA,NA,25.2,NA,802,"CO",2023,126,5,375,0.100000000000001,91,0
3049,2023-05-07,1.27,5.08,0,-1.61111111111111,8.61111111111111,2.22222222222222,40.7,NA,NA,26.3,NA,802,"CO",2023,127,5,250,0,91,0
3050,2023-05-08,0.508,2.54,0,-2.72222222222222,15,5.72222222222222,40.6,NA,NA,26.1,NA,802,"CO",2023,128,5,200,-0.100000000000001,91,0
3051,2023-05-09,0,0,0,0.388888888888891,17.2222222222222,7.5,40.6,NA,NA,25.7,NA,802,"CO",2023,129,5,NA,0,91,0
3052,2023-05-10,0,0,0.508,-1.61111111111111,16.7222222222222,5.38888888888889,40.6,NA,NA,25.4,NA,802,"CO",2023,130,5,NA,0,91,0
3053,2023-05-11,0,0,2.54,0.111111111111113,4,2,40.5,NA,NA,25.3,NA,802,"CO",2023,131,5,NA,-0.100000000000001,91,0
3054,2023-05-12,0,0,0.254,1.77777777777778,8.61111111111111,3.88888888888889,40.6,NA,NA,26.4,NA,802,"CO",2023,132,5,NA,0.100000000000001,91,0
3055,2023-05-13,0,0,0.508,0.388888888888891,12.1111111111111,3.88888888888889,40.6,NA,NA,25.8,NA,802,"CO",2023,133,5,NA,0,91,0
3056,2023-05-14,0,0,0,2.77777777777778,14.8888888888889,7.5,40.6,NA,NA,25.6,NA,802,"CO",2023,134,5,NA,0,91,0
3057,2023-05-15,0,0,0,5,14.3888888888889,6.61111111111111,40.5,NA,NA,25.5,NA,802,"CO",2023,135,5,NA,-0.100000000000001,91,0
3058,2023-05-16,0,0,0,0.388888888888891,13.8888888888889,6,40.5,NA,NA,25.1,NA,802,"CO",2023,136,5,NA,0,91,0
3059,2023-05-17,0,0,0,-0.277777777777778,15.7777777777778,7.11111111111111,40.5,NA,NA,25,NA,802,"CO",2023,137,5,NA,0,91,0
3060,2023-05-18,0,0,0,2.27777777777778,13.3888888888889,5.72222222222222,40.5,NA,NA,24.8,NA,802,"CO",2023,138,5,NA,0,91,0
3061,2023-05-19,0,0,0.254,-1,11.8888888888889,5,40.5,NA,NA,24.6,NA,802,"CO",2023,139,5,NA,0,91,0
3062,2023-05-20,0,0,0,2.38888888888889,13.2222222222222,5.77777777777778,40.5,NA,NA,24.6,NA,802,"CO",2023,140,5,NA,0,91,0
3063,2023-05-21,0,0,0,0.611111111111112,16.5,7.77777777777778,40.5,NA,NA,24.6,NA,802,"CO",2023,141,5,NA,0,91,0
3064,2023-05-22,0,0,0,0.388888888888891,17.7777777777778,7.5,40.5,NA,NA,24.4,NA,802,"CO",2023,142,5,NA,0,91,0
3065,2023-05-23,0,0,0,-0.111111111111111,18.7222222222222,7.5,40.5,NA,NA,24.4,NA,802,"CO",2023,143,5,NA,0,91,0
3066,2023-05-24,0,0,0,5,15.2222222222222,6.11111111111111,40.5,NA,NA,24.2,NA,802,"CO",2023,144,5,NA,0,91,0
3067,2023-05-25,0,0,0,-0.722222222222223,19,9.11111111111111,40.5,NA,NA,24,NA,802,"CO",2023,145,5,NA,0,91,0
3068,2023-05-26,0,0,0,5.5,18.2222222222222,11.3888888888889,40.5,NA,NA,24,NA,802,"CO",2023,146,5,NA,0,91,0
3069,2023-05-27,0,0,0,6.61111111111111,17.8888888888889,8.38888888888889,40.5,NA,NA,23.9,NA,802,"CO",2023,147,5,NA,0,91,0
3070,2023-05-28,0,0,0,-1.61111111111111,17.6111111111111,7,40.4,NA,NA,23.7,NA,802,"CO",2023,148,5,NA,-0.100000000000001,91,0
3071,2023-05-29,0,0,0,-0.277777777777778,19.2222222222222,9.38888888888889,40.4,NA,NA,23.6,NA,802,"CO",2023,149,5,NA,0,91,0
3072,2023-05-30,0,0,0,0.611111111111112,19.2222222222222,8.88888888888889,40.4,NA,NA,23.4,NA,802,"CO",2023,150,5,NA,0,91,0
3073,2023-05-31,0,0,0.508,0.388888888888891,17.6111111111111,7.77777777777778,40.4,NA,NA,23.2,NA,802,"CO",2023,151,5,NA,0,91,0
3074,2023-06-01,0,0,0.254,5.88888888888889,11.8888888888889,6.11111111111111,40.4,NA,NA,23,NA,802,"CO",2023,152,6,NA,0,91,0
3075,2023-06-02,0,0,0,3.22222222222222,9,4.72222222222222,40.4,NA,NA,22.9,NA,802,"CO",2023,153,6,NA,0,91,0
3076,2023-06-03,0,0,0.254,1.38888888888889,11.6111111111111,5.72222222222222,40.4,NA,NA,22.9,NA,802,"CO",2023,154,6,NA,0,91,0
3077,2023-06-04,0,0,0.508,3.5,14.1111111111111,6.61111111111111,40.4,NA,NA,22.9,NA,802,"CO",2023,155,6,NA,0,91,0
3078,2023-06-05,0,0,0,4.38888888888889,15.8888888888889,8.77777777777778,40.4,NA,NA,23,NA,802,"CO",2023,156,6,NA,0,91,0
3079,2023-06-06,0,0,0.254,0.611111111111112,17.8888888888889,8,40.4,NA,NA,23.4,NA,802,"CO",2023,157,6,NA,0,91,0
3080,2023-06-07,0,0,1.016,4.5,16.1111111111111,6.5,40.4,NA,NA,23.5,NA,802,"CO",2023,158,6,NA,0,91,0
3081,2023-06-08,0,0,0,1.77777777777778,18.7222222222222,9.5,40.4,NA,NA,24.2,NA,802,"CO",2023,159,6,NA,0,91,0
3082,2023-06-09,0,0,0,2.22222222222222,18.7777777777778,9.22222222222222,40.6,NA,NA,24.8,NA,802,"CO",2023,160,6,NA,0.200000000000003,91,0
3083,2023-06-10,0,0,0.254,2,19.2222222222222,7.88888888888889,40.5,NA,NA,24.9,NA,802,"CO",2023,161,6,NA,-0.100000000000001,91,0
3084,2023-06-11,0,0,0.254,4.72222222222222,18.2777777777778,9.11111111111111,40.5,NA,NA,24.8,NA,802,"CO",2023,162,6,NA,0,91,0
3085,2023-06-12,0,0,1.016,7.22222222222222,13.7222222222222,5.5,40.5,NA,NA,24.6,NA,802,"CO",2023,163,6,NA,0,91,0
3086,2023-06-13,0,0,0,-0.88888888888889,8.61111111111111,3.77777777777778,40.5,NA,NA,25.1,NA,802,"CO",2023,164,6,NA,0,91,0
3087,2023-06-14,0,0,0.762,2.11111111111111,15.2222222222222,7,40.5,NA,NA,25.2,NA,802,"CO",2023,165,6,NA,0,91,0
3088,2023-06-15,0,0,0.254,3.61111111111111,13.7222222222222,6.72222222222222,40.6,NA,NA,25.3,NA,802,"CO",2023,166,6,NA,0.100000000000001,91,0
3089,2023-06-16,0,0,0.254,3,12.1111111111111,5.11111111111111,40.6,NA,NA,25.6,NA,802,"CO",2023,167,6,NA,0,91,0
3090,2023-06-17,0,0,0.762,1.11111111111111,11.6111111111111,4.61111111111111,40.5,NA,NA,25.6,NA,802,"CO",2023,168,6,NA,-0.100000000000001,91,0
3091,2023-06-18,0,0,0,2.5,19.7777777777778,10.6111111111111,40.6,NA,NA,25.6,NA,802,"CO",2023,169,6,NA,0.100000000000001,91,0
3092,2023-06-19,0,0,0,3.27777777777778,24,14,40.6,NA,NA,25.4,NA,802,"CO",2023,170,6,NA,0,91,0
3093,2023-06-20,0,0,0,4.11111111111111,22.3888888888889,11.5,40.6,NA,NA,25.2,NA,802,"CO",2023,171,6,NA,0,91,0
3094,2023-06-21,0,0,0,2.72222222222222,24,13.2777777777778,40.6,NA,NA,24.9,NA,802,"CO",2023,172,6,NA,0,91,0
3095,2023-06-22,0,0,0,6.22222222222222,20.8888888888889,12.7777777777778,40.6,NA,NA,24.6,NA,802,"CO",2023,173,6,NA,0,91,0
3096,2023-06-23,0,0,0,3.5,22.6111111111111,13,40.6,NA,NA,24.4,NA,802,"CO",2023,174,6,NA,0,91,0
3097,2023-06-24,0,0,0,1.38888888888889,18.8888888888889,9.11111111111111,40.6,NA,NA,24,NA,802,"CO",2023,175,6,NA,0,91,0
3098,2023-06-25,0,0,0,1.22222222222222,23.1111111111111,12.7777777777778,40.4,NA,NA,23.8,NA,802,"CO",2023,176,6,NA,-0.200000000000003,91,0
3099,2023-06-26,0,0,0,2.27777777777778,24,14.2222222222222,40.5,NA,NA,23.3,NA,802,"CO",2023,177,6,NA,0.100000000000001,91,0
3100,2023-06-27,0,0,0,11.3888888888889,23.6111111111111,15.2777777777778,40.6,NA,NA,23,NA,802,"CO",2023,178,6,NA,0.100000000000001,91,0
3101,2023-06-28,0,0,0,4,23.2777777777778,13.2222222222222,40.4,NA,NA,22.5,NA,802,"CO",2023,179,6,NA,-0.200000000000003,91,0
3102,2023-06-29,0,0,0,3.38888888888889,23.2222222222222,12.6111111111111,40.4,NA,NA,22.1,NA,802,"CO",2023,180,6,NA,0,91,0
3103,2023-06-30,0,0,0,2,16.1111111111111,7.72222222222222,40.5,NA,NA,21.6,NA,802,"CO",2023,181,6,NA,0.100000000000001,91,0
3104,2023-07-01,0,0,0,1.27777777777778,20.1111111111111,10.1111111111111,40.2,NA,NA,21.3,NA,802,"CO",2023,182,7,NA,-0.299999999999997,91,0
3105,2023-07-02,0,0,0,3.61111111111111,20.7777777777778,11.7222222222222,40.4,NA,NA,20.9,NA,802,"CO",2023,183,7,NA,0.199999999999996,91,0
3106,2023-07-03,0,0,0,2.38888888888889,22.5,12.7777777777778,40.4,NA,NA,20.3,NA,802,"CO",2023,184,7,NA,0,91,0
3107,2023-07-04,0,0,0,7.5,24,13.2222222222222,40.4,NA,NA,19.9,NA,802,"CO",2023,185,7,NA,0,91,0
3108,2023-07-05,0,0,0,6.77777777777778,22.7222222222222,13.3888888888889,40.5,NA,NA,19.3,NA,802,"CO",2023,186,7,NA,0.100000000000001,91,0
3109,2023-07-06,0,0,0,7.77777777777778,20.5,12.1111111111111,40.4,NA,NA,19,NA,802,"CO",2023,187,7,NA,-0.100000000000001,91,0
3110,2023-07-07,0,0,0,4.5,22.8888888888889,13.3888888888889,40.3,NA,NA,18.5,NA,802,"CO",2023,188,7,NA,-0.100000000000001,91,0
3111,2023-07-08,0,0,0,9.5,23.6111111111111,13.6111111111111,40.5,NA,NA,18,NA,802,"CO",2023,189,7,NA,0.200000000000003,91,0
3112,2023-07-09,0,0,0,3.77777777777778,22.6111111111111,12.8888888888889,40.4,NA,NA,17.2,NA,802,"CO",2023,190,7,NA,-0.100000000000001,91,0
3113,2023-07-10,0,0,0,4.72222222222222,24.5,14.2222222222222,40.3,NA,NA,16.4,NA,802,"CO",2023,191,7,NA,-0.100000000000001,91,0
3114,2023-07-11,0,0,0,8.61111111111111,25.3888888888889,16,40.5,NA,NA,15.6,NA,802,"CO",2023,192,7,NA,0.200000000000003,91,0
3115,2023-07-12,0,0,0,9.77777777777778,24.7777777777778,15.2777777777778,40.4,NA,NA,14.4,NA,802,"CO",2023,193,7,NA,-0.100000000000001,91,0
3116,2023-07-13,0,0,0,9.11111111111111,25,16.7222222222222,40.4,NA,NA,13.5,NA,802,"CO",2023,194,7,NA,0,91,0
3117,2023-07-14,0,0,0,11.1111111111111,23.3888888888889,14.6111111111111,40.6,NA,NA,12.2,NA,802,"CO",2023,195,7,NA,0.200000000000003,91,0
3118,2023-07-15,0,0,0,4.88888888888889,23.6111111111111,13.7222222222222,40.4,NA,NA,10.7,NA,802,"CO",2023,196,7,NA,-0.200000000000003,91,0
3119,2023-07-16,0,0,0,4.77777777777778,25.7222222222222,14.7777777777778,40.3,NA,NA,9,NA,802,"CO",2023,197,7,NA,-0.100000000000001,91,0
3120,2023-07-17,0,0,0,7.22222222222222,28.2777777777778,16.7777777777778,40.4,NA,NA,7.1,NA,802,"CO",2023,198,7,NA,0.100000000000001,91,0
3121,2023-07-18,0,0,0,10.1111111111111,25.7222222222222,16.3888888888889,40.4,NA,NA,5.8,NA,802,"CO",2023,199,7,NA,0,91,0
3122,2023-07-19,0,0,0,10.2222222222222,22.3888888888889,15,40.6,NA,NA,4.7,NA,802,"CO",2023,200,7,NA,0.200000000000003,91,0
3123,2023-07-20,0,0,1.27,14.2222222222222,23.5,14.1111111111111,40.5,NA,NA,4.6,NA,802,"CO",2023,201,7,NA,-0.100000000000001,91,0
3124,2023-07-21,0,0,0,6.61111111111111,21.8888888888889,12.6111111111111,40.4,NA,NA,8.8,NA,802,"CO",2023,202,7,NA,-0.100000000000001,91,0
3125,2023-07-22,0,0,0,7.38888888888889,24.2222222222222,14,40.2,NA,NA,6.9,NA,802,"CO",2023,203,7,NA,-0.199999999999996,91,0
3126,2023-07-23,0,0,0,5.5,25.7222222222222,14.6111111111111,40.3,NA,NA,5.2,NA,802,"CO",2023,204,7,NA,0.0999999999999943,91,0
3127,2023-07-24,0,0,0,7.5,28.5,17,40.5,NA,NA,4.8,NA,802,"CO",2023,205,7,NA,0.200000000000003,91,0
3128,2023-07-25,0,0,0,9.11111111111111,26.5,16.6111111111111,40.5,NA,NA,3.6,NA,802,"CO",2023,206,7,NA,0,91,0
3129,2023-07-26,0,0,0,11.2222222222222,25.7222222222222,15.8888888888889,40.5,NA,NA,3.3,NA,802,"CO",2023,207,7,NA,0,91,0
3130,2023-07-27,0,0,0,6,25,15.7777777777778,40.4,NA,NA,3,NA,802,"CO",2023,208,7,NA,-0.100000000000001,91,0
3131,2023-07-28,0,0,0,14.7777777777778,27,17.2777777777778,40.5,NA,NA,2.4,NA,802,"CO",2023,209,7,NA,0.100000000000001,91,0
3132,2023-07-29,0,0,0,14.8888888888889,27,18.8888888888889,40.5,NA,NA,2.3,NA,802,"CO",2023,210,7,NA,0,91,0
3133,2023-07-30,0,0,1.016,14.2777777777778,25.2222222222222,14.1111111111111,40.6,NA,NA,1.9,NA,802,"CO",2023,211,7,NA,0.100000000000001,91,0
3134,2023-07-31,0,0,2.032,7.5,23,12.3888888888889,40.4,NA,NA,3.9,NA,802,"CO",2023,212,7,NA,-0.200000000000003,91,0
3135,2023-08-01,0,0,3.556,9.11111111111111,21.2222222222222,12.2777777777778,40.4,NA,NA,18.7,NA,802,"CO",2023,213,8,NA,0,91,0
3136,2023-08-02,0,0,0.508,9.5,20.1111111111111,13.2777777777778,40.5,NA,NA,22.1,NA,802,"CO",2023,214,8,NA,0.100000000000001,91,0
3288,2024-01-01,7.874,35.56,0,-12.7777777777778,2.5,-7.88888888888889,38.1,NA,NA,6.5,NA,802,"CO",2024,1,1,221.428571428571,0,95,0
3289,2024-01-02,7.874,35.56,0,-11.2777777777778,0.277777777777778,-9.72222222222222,38,NA,NA,6.4,NA,802,"CO",2024,2,1,221.428571428571,-0.100000000000001,95,0
3290,2024-01-03,7.874,35.56,0,-17.2222222222222,0.111111111111113,-10.7222222222222,38.7,NA,NA,6.1,NA,802,"CO",2024,3,1,221.428571428571,0.700000000000003,95,0
3291,2024-01-04,7.874,35.56,0.254,-11.5,-2.88888888888889,-7.88888888888889,38.3,NA,NA,6.2,NA,802,"CO",2024,4,1,221.428571428571,-0.400000000000006,95,0
3292,2024-01-05,8.128,38.1,0.254,-10.6111111111111,-7.38888888888889,-10.2777777777778,38.2,NA,NA,6.1,NA,802,"CO",2024,5,1,213.333333333333,-0.0999999999999943,95,0
3293,2024-01-06,8.128,40.64,0.254,-12.3888888888889,-7.88888888888889,-12.5,38.5,NA,NA,5.8,NA,802,"CO",2024,6,1,200,0.299999999999997,95,0
3294,2024-01-07,8.382,45.72,0.254,-14.2777777777778,-5.22222222222222,-11.2777777777778,39.1,NA,NA,5.8,NA,802,"CO",2024,7,1,183.333333333333,0.600000000000001,95,0
3295,2024-01-08,8.89,43.18,0,-13.7777777777778,-9.88888888888889,-14.8888888888889,38.1,NA,NA,5.4,NA,802,"CO",2024,8,1,205.882352941176,-1,95,0
3296,2024-01-09,8.89,43.18,0.508,-22.7222222222222,-7,-13.1111111111111,39.2,NA,NA,5.3,NA,802,"CO",2024,9,1,205.882352941176,1.1,95,0
3297,2024-01-10,9.398,45.72,0.254,-9.22222222222222,-8.72222222222222,-11.2777777777778,38.2,NA,NA,5.2,NA,802,"CO",2024,10,1,205.555555555556,-1,95,0
3298,2024-01-11,9.652,48.26,0.508,-10.6111111111111,-10.2777777777778,-15,38.1,NA,NA,5,NA,802,"CO",2024,11,1,200,-0.100000000000001,95,0
3299,2024-01-12,9.906,50.8,0.508,-16.8888888888889,-9.11111111111111,-13.2777777777778,39.1,NA,NA,4.5,NA,802,"CO",2024,12,1,195,1,95,0
3300,2024-01-13,10.414,50.8,0.254,-9.11111111111111,-7.61111111111111,-9.38888888888889,38.1,NA,NA,4.4,NA,802,"CO",2024,13,1,205,-1,95,0
3301,2024-01-14,10.668,50.8,1.524,-8.27777777777778,-4.5,-7.22222222222222,37.9,NA,NA,4.3,NA,802,"CO",2024,14,1,210,-0.200000000000003,95,0
3302,2024-01-15,12.192,63.5,0.254,-7.11111111111111,-6.38888888888889,-16.5,37.9,NA,NA,4.1,NA,802,"CO",2024,15,1,192,0,95,0
3303,2024-01-16,12.446,68.58,0.254,-26,-6,-15,39.4,NA,NA,3.5,NA,802,"CO",2024,16,1,181.481481481482,1.5,95,0
3304,2024-01-17,12.7,66.04,1.016,-8.11111111111111,-1.77777777777778,-5.77777777777778,38,NA,NA,3.4,NA,802,"CO",2024,17,1,192.307692307692,-1.4,95,0
3305,2024-01-18,13.716,73.66,0.508,-5.27777777777778,-0.777777777777777,-6,38.1,NA,NA,3.2,NA,802,"CO",2024,18,1,186.206896551724,0.100000000000001,95,0
3306,2024-01-19,13.97,76.2,0.254,-12.7222222222222,0.777777777777777,-6.27777777777778,37.4,NA,NA,3.2,NA,802,"CO",2024,19,1,183.333333333333,-0.700000000000003,95,0
3307,2024-01-20,14.224,71.12,0,-8.11111111111111,4.11111111111111,-3.88888888888889,37.8,NA,NA,3,NA,802,"CO",2024,20,1,200,0.399999999999999,95,0
3308,2024-01-21,14.224,71.12,0.254,-4.88888888888889,0.388888888888891,-3.11111111111111,38.5,NA,NA,3,NA,802,"CO",2024,21,1,200,0.700000000000003,95,0
3309,2024-01-22,14.478,66.04,0,-5.88888888888889,1.61111111111111,-4.22222222222222,38.2,NA,NA,2.9,NA,802,"CO",2024,22,1,219.230769230769,-0.299999999999997,95,0
3310,2024-01-23,14.478,63.5,0,-10,1.72222222222222,-5.5,37.5,NA,NA,2.8,NA,802,"CO",2024,23,1,228,-0.700000000000003,95,0
3311,2024-01-24,14.478,63.5,0.254,-10.2222222222222,0,-6.22222222222222,37.9,NA,NA,3,NA,802,"CO",2024,24,1,228,0.399999999999999,95,0
3312,2024-01-25,14.732,66.04,0.254,-7.27777777777778,0.722222222222221,-5.77777777777778,38.1,NA,NA,2.9,NA,802,"CO",2024,25,1,223.076923076923,0.200000000000003,95,0
3313,2024-01-26,14.986,71.12,0,-9.27777777777778,-3.72222222222222,-7.38888888888889,37.7,NA,NA,2.9,NA,802,"CO",2024,26,1,210.714285714286,-0.399999999999999,95,0
3314,2024-01-27,14.986,66.04,0,-11.1111111111111,-1.27777777777778,-10.1111111111111,37.5,NA,NA,2.9,NA,802,"CO",2024,27,1,226.923076923077,-0.200000000000003,95,0
3315,2024-01-28,14.986,66.04,0,-14.8888888888889,3.72222222222222,-6.72222222222222,37.1,NA,NA,3,NA,802,"CO",2024,28,1,226.923076923077,-0.399999999999999,95,0
3316,2024-01-29,14.986,63.5,0,-9.11111111111111,3.61111111111111,-4.38888888888889,36.8,NA,NA,3.2,NA,802,"CO",2024,29,1,236,-0.300000000000004,95,0
3317,2024-01-30,14.986,60.96,0,-10.2777777777778,5.38888888888889,-5.61111111111111,36.5,NA,NA,3.2,NA,802,"CO",2024,30,1,245.833333333333,-0.299999999999997,95,0
3318,2024-01-31,14.986,60.96,0,-10.8888888888889,5.11111111111111,-4.5,36.4,NA,NA,3,NA,802,"CO",2024,31,1,245.833333333333,-0.100000000000001,95,0
3319,2024-02-01,14.986,60.96,0,-6.38888888888889,3.61111111111111,-3.77777777777778,37.5,NA,NA,2.9,NA,802,"CO",2024,32,2,245.833333333333,1.1,95,0
3320,2024-02-02,14.986,60.96,1.016,-2,6.77777777777778,0,37.4,NA,NA,2.9,NA,802,"CO",2024,33,2,245.833333333333,-0.100000000000001,95,0
3321,2024-02-03,16.256,76.2,1.016,-3.22222222222222,-3.22222222222222,-5.88888888888889,38.9,NA,NA,3,NA,802,"CO",2024,34,2,213.333333333333,1.5,95,0
3322,2024-02-04,17.018,78.74,0,-10.3888888888889,-3.38888888888889,-9.88888888888889,37.5,NA,NA,3,NA,802,"CO",2024,35,2,216.129032258065,-1.4,95,0
3323,2024-02-05,17.018,73.66,0.254,-17.3888888888889,3,-7,37.2,NA,NA,3,NA,802,"CO",2024,36,2,231.034482758621,-0.299999999999997,95,0
3324,2024-02-06,17.272,76.2,0.254,-8.38888888888889,8.5,0.111111111111113,37,NA,NA,3.2,NA,802,"CO",2024,37,2,226.666666666667,-0.200000000000003,95,0
3325,2024-02-07,17.526,76.2,0.254,-2.72222222222222,3.88888888888889,-3.77777777777778,38.4,NA,NA,3,NA,802,"CO",2024,38,2,230,1.4,95,0
3326,2024-02-08,17.78,78.74,0.254,-7.22222222222222,-2.27777777777778,-8.88888888888889,37.9,NA,NA,3.2,NA,802,"CO",2024,39,2,225.806451612903,-0.5,95,0
3327,2024-02-09,18.288,81.28,0.254,-17.7777777777778,-4.5,-10.7777777777778,37.5,NA,NA,3.1,NA,802,"CO",2024,40,2,225,-0.399999999999999,95,0
3328,2024-02-10,18.542,83.82,0.254,-13.7222222222222,-5.61111111111111,-12.1111111111111,36.9,NA,NA,3,NA,802,"CO",2024,41,2,221.212121212121,-0.600000000000001,95,0
3329,2024-02-11,18.796,83.82,0,-13.2222222222222,-6.22222222222222,-12.8888888888889,37.2,NA,NA,3.2,NA,802,"CO",2024,42,2,224.242424242424,0.300000000000004,95,0
3330,2024-02-12,18.796,78.74,0,-19.7777777777778,-1.38888888888889,-9.38888888888889,37.6,NA,NA,3.2,NA,802,"CO",2024,43,2,238.709677419355,0.399999999999999,95,0
3331,2024-02-13,18.796,76.2,0,-9.88888888888889,2.11111111111111,-8.11111111111111,36.9,NA,NA,3.1,NA,802,"CO",2024,44,2,246.666666666667,-0.700000000000003,95,0
3332,2024-02-14,18.796,76.2,0.508,-12.1111111111111,-0.111111111111111,-5.5,36.6,NA,NA,3.2,NA,802,"CO",2024,45,2,246.666666666667,-0.299999999999997,95,0
3333,2024-02-15,19.304,78.74,0.508,-8.5,3.77777777777778,-3.77777777777778,38,NA,NA,3.1,NA,802,"CO",2024,46,2,245.161290322581,1.4,95,0
3334,2024-02-16,19.812,83.82,1.524,-7.61111111111111,-2.5,-6.77777777777778,38,NA,NA,3.4,NA,802,"CO",2024,47,2,236.363636363636,0,95,0
3335,2024-02-17,21.082,99.06,0,-10.6111111111111,-5.22222222222222,-12.6111111111111,37.7,NA,NA,3.2,NA,802,"CO",2024,48,2,212.820512820513,-0.299999999999997,95,0
3336,2024-02-18,21.082,91.44,0,-20.6111111111111,-1.38888888888889,-10.2222222222222,37.6,NA,NA,3.1,NA,802,"CO",2024,49,2,230.555555555556,-0.100000000000001,95,0
3337,2024-02-19,21.082,91.44,0,-7.77777777777778,3.88888888888889,-3.22222222222222,37.9,NA,NA,3.2,NA,802,"CO",2024,50,2,230.555555555556,0.299999999999997,95,0
3338,2024-02-20,21.082,91.44,0.254,0.277777777777778,6.72222222222222,0.999999999999998,37.7,NA,NA,3.2,NA,802,"CO",2024,51,2,230.555555555556,-0.199999999999996,95,0
3339,2024-02-21,21.336,88.9,0,-0.388888888888889,6.38888888888889,-0.777777777777777,38.9,NA,NA,3.2,NA,802,"CO",2024,52,2,240,1.2,95,0
3340,2024-02-22,21.336,86.36,0.508,-4.22222222222222,-2.27777777777778,-6.38888888888889,37.9,NA,NA,3.2,NA,802,"CO",2024,53,2,247.058823529412,-1,95,0
3341,2024-02-23,21.844,93.98,0,-14.3888888888889,-2,-10.2777777777778,36.7,NA,NA,3.3,NA,802,"CO",2024,54,2,232.432432432432,-1.2,95,0
3342,2024-02-24,21.844,91.44,0.254,-16.2222222222222,5.38888888888889,-5.61111111111111,36.9,NA,NA,3.4,NA,802,"CO",2024,55,2,238.888888888889,0.199999999999996,95,0
3343,2024-02-25,21.844,88.9,0.508,-5,5.88888888888889,0.722222222222221,37,NA,NA,3.4,NA,802,"CO",2024,56,2,245.714285714286,0.100000000000001,95,0
3344,2024-02-26,22.352,91.44,0.254,0.111111111111113,5,1.5,38.3,NA,NA,3.2,NA,802,"CO",2024,57,2,244.444444444444,1.3,95,1
3345,2024-02-27,22.606,93.98,0.508,-0.222222222222221,0.111111111111113,-10.2222222222222,39,NA,NA,3.5,NA,802,"CO",2024,58,2,240.540540540541,0.700000000000003,95,0
3346,2024-02-28,22.86,96.52,0.508,-18.1111111111111,-1.22222222222222,-12.5,37.2,NA,NA,3.3,NA,802,"CO",2024,59,2,236.842105263158,-1.8,95,0
3347,2024-02-29,23.368,93.98,0.254,-13.5,5.77777777777778,-5,36.5,NA,NA,3.3,NA,802,"CO",2024,60,2,248.648648648649,-0.700000000000003,95,0
3348,2024-03-01,23.622,91.44,0.254,-4.61111111111111,6.38888888888889,-0.722222222222223,36.6,NA,NA,3.3,NA,802,"CO",2024,61,3,258.333333333333,0.100000000000001,95,0
3349,2024-03-02,23.876,88.9,0.508,-7.38888888888889,8,0.999999999999998,37,NA,NA,3.5,NA,802,"CO",2024,62,3,268.571428571429,0.399999999999999,95,0
3350,2024-03-03,24.13,96.52,1.524,-8.22222222222222,-2.11111111111111,-8.38888888888889,38.8,NA,NA,3.4,NA,802,"CO",2024,63,3,250,1.8,95,0
3351,2024-03-04,25.654,111.76,0.508,-11.2222222222222,-0.277777777777778,-7.38888888888889,37.7,NA,NA,3.4,NA,802,"CO",2024,64,3,229.545454545455,-1.09999999999999,95,0
3352,2024-03-05,26.162,106.68,0.762,-6.88888888888889,0.222222222222221,-4.61111111111111,37.7,NA,NA,3.4,NA,802,"CO",2024,65,3,245.238095238095,0,95,0
3353,2024-03-06,26.924,114.3,0,-6.22222222222222,2.61111111111111,-4.22222222222222,38.2,NA,NA,3.4,NA,802,"CO",2024,66,3,235.555555555556,0.5,95,0
3354,2024-03-07,26.924,109.22,0,-7.88888888888889,2.27777777777778,-5.61111111111111,37.6,NA,NA,3.6,NA,802,"CO",2024,67,3,246.511627906977,-0.600000000000001,95,0
3355,2024-03-08,26.924,106.68,0,-6.61111111111111,-2.61111111111111,-8,37.7,NA,NA,3.6,NA,802,"CO",2024,68,3,252.380952380952,0.100000000000001,95,0
3356,2024-03-09,26.924,106.68,0,-16.1111111111111,0.388888888888891,-9.88888888888889,36.8,NA,NA,3.4,NA,802,"CO",2024,69,3,252.380952380952,-0.900000000000006,95,0
3357,2024-03-10,26.924,104.14,0,-15.2222222222222,3.77777777777778,-6.88888888888889,36.6,NA,NA,3.3,NA,802,"CO",2024,70,3,258.536585365854,-0.199999999999996,95,0
3358,2024-03-11,26.924,99.06,0.254,-12.3888888888889,7.5,1.77777777777778,36.2,NA,NA,3.4,NA,802,"CO",2024,71,3,271.794871794872,-0.399999999999999,95,0
3359,2024-03-12,27.178,99.06,0.254,-3.88888888888889,5.11111111111111,-0.777777777777777,38.6,NA,NA,3.6,NA,802,"CO",2024,72,3,274.358974358974,2.4,95,0
3360,2024-03-13,27.686,93.98,0.762,-3.11111111111111,2.72222222222222,-3.72222222222222,38.9,NA,NA,3.6,NA,802,"CO",2024,73,3,294.594594594595,0.299999999999997,95,0
3361,2024-03-14,28.448,104.14,0,-6.77777777777778,1.5,-4.5,38.1,NA,NA,3.6,NA,802,"CO",2024,74,3,273.170731707317,-0.799999999999997,95,0
3362,2024-03-15,28.448,101.6,0,-5.27777777777778,6.61111111111111,-2.38888888888889,37.6,NA,NA,3.5,NA,802,"CO",2024,75,3,280,-0.5,95,0
3363,2024-03-16,28.448,96.52,0,-9.72222222222222,6.22222222222222,-2.11111111111111,37.2,NA,NA,3.5,NA,802,"CO",2024,76,3,294.736842105263,-0.399999999999999,95,0
3364,2024-03-17,28.448,93.98,0,-4.72222222222222,4,-3.72222222222222,38.4,NA,NA,3.5,NA,802,"CO",2024,77,3,302.702702702703,1.2,95,0
3365,2024-03-18,28.448,93.98,0,-9.72222222222222,3.88888888888889,-3.88888888888889,37,NA,NA,3.5,NA,802,"CO",2024,78,3,302.702702702703,-1.4,95,0
3366,2024-03-19,28.448,91.44,0,-7.77777777777778,7.77777777777778,-2.11111111111111,37.2,NA,NA,3.5,NA,802,"CO",2024,79,3,311.111111111111,0.200000000000003,95,0
3367,2024-03-20,28.448,91.44,0,-6.77777777777778,7.72222222222222,-1.61111111111111,37.4,NA,NA,3.5,NA,802,"CO",2024,80,3,311.111111111111,0.199999999999996,95,0
3368,2024-03-21,28.448,91.44,0,-6.88888888888889,6.88888888888889,-0.722222222222223,37.9,NA,NA,3.5,NA,802,"CO",2024,81,3,311.111111111111,0.5,95,0
3369,2024-03-22,28.448,91.44,0,-3.72222222222222,6.72222222222222,-1.11111111111111,39,NA,NA,3.6,NA,802,"CO",2024,82,3,311.111111111111,1.1,95,0
3370,2024-03-23,28.448,86.36,0.508,-5.61111111111111,10,1.5,38.3,NA,NA,3.6,NA,802,"CO",2024,83,3,329.411764705882,-0.700000000000003,95,0
3371,2024-03-24,27.686,86.36,1.016,-2.61111111111111,5.61111111111111,-2.5,38.9,NA,NA,3.6,NA,802,"CO",2024,84,3,320.588235294118,0.600000000000001,95,0
3372,2024-03-25,28.448,99.06,0,-7.38888888888889,-3.72222222222222,-8.77777777777778,38.3,NA,NA,3.8,NA,802,"CO",2024,85,3,287.179487179487,-0.600000000000001,95,0
3373,2024-03-26,28.448,93.98,0.254,-16.2777777777778,-3.11111111111111,-10.1111111111111,36.5,NA,NA,3.7,NA,802,"CO",2024,86,3,302.702702702703,-1.8,95,0
3374,2024-03-27,28.702,93.98,0,-11.5,0.277777777777778,-6.38888888888889,36.9,NA,NA,3.8,NA,802,"CO",2024,87,3,305.405405405405,0.399999999999999,95,0
3375,2024-03-28,28.702,93.98,0.254,-9.77777777777778,7.22222222222222,-1.11111111111111,37.2,NA,NA,3.8,NA,802,"CO",2024,88,3,305.405405405405,0.300000000000004,95,0
3376,2024-03-29,28.702,91.44,1.524,-2.22222222222222,5.88888888888889,-0.88888888888889,39.2,NA,NA,3.9,NA,802,"CO",2024,89,3,313.888888888889,2,95,0
3377,2024-03-30,29.972,104.14,0,-2.27777777777778,8.72222222222222,2.27777777777778,38.8,NA,NA,4,NA,802,"CO",2024,90,3,287.80487804878,-0.400000000000006,95,0
3378,2024-03-31,29.972,91.44,0.254,0.277777777777778,6.72222222222222,-0.277777777777778,39.2,NA,NA,3.8,NA,802,"CO",2024,91,3,327.777777777778,0.400000000000006,95,0
3379,2024-04-01,29.972,93.98,0,-5.22222222222222,4,-2.77777777777778,38.5,NA,NA,4.1,NA,802,"CO",2024,92,4,318.918918918919,-0.700000000000003,95,0
3380,2024-04-02,29.972,91.44,0,-4.88888888888889,4.11111111111111,-2.5,38.6,NA,NA,4,NA,802,"CO",2024,93,4,327.777777777778,0.100000000000001,95,0
3381,2024-04-03,30.48,91.44,0,-5.88888888888889,8.77777777777778,0.777777777777777,38.2,NA,NA,4.2,NA,802,"CO",2024,94,4,333.333333333333,-0.399999999999999,95,0
3382,2024-04-04,30.734,86.36,0,-6,13.1111111111111,3,38.4,NA,NA,4.2,NA,802,"CO",2024,95,4,355.882352941176,0.199999999999996,95,0
3383,2024-04-05,29.464,86.36,0,6.22222222222222,14.1111111111111,6.22222222222222,39.2,NA,NA,4.3,NA,802,"CO",2024,96,4,341.176470588235,0.800000000000004,95,0
3384,2024-04-06,28.448,81.28,0.762,-0.277777777777778,-0.277777777777778,-6.38888888888889,39.7,NA,NA,4.2,NA,802,"CO",2024,97,4,350,0.5,95,0
3385,2024-04-07,29.21,91.44,0,-9.27777777777778,1.22222222222222,-5.22222222222222,37.9,NA,NA,4.3,NA,802,"CO",2024,98,4,319.444444444444,-1.8,95,0
3386,2024-04-08,29.464,83.82,0,-6.77777777777778,2.22222222222222,-5.27777777777778,37.7,NA,NA,4.2,NA,802,"CO",2024,99,4,351.515151515151,-0.199999999999996,95,0
3387,2024-04-09,29.464,83.82,0.254,-11.2777777777778,5.11111111111111,-3,37,NA,NA,4.4,NA,802,"CO",2024,100,4,351.515151515151,-0.700000000000003,95,0
3388,2024-04-10,29.464,81.28,0,-3.77777777777778,3.38888888888889,-1.22222222222222,38.8,NA,NA,4.5,NA,802,"CO",2024,101,4,362.5,1.8,95,0
3389,2024-04-11,29.464,81.28,0,-5.5,9.11111111111111,-0.111111111111111,38.7,NA,NA,4.4,NA,802,"CO",2024,102,4,362.5,-0.0999999999999943,95,0
3390,2024-04-12,29.21,78.74,0,-6.5,14,3.77777777777778,38.1,NA,NA,4.8,NA,802,"CO",2024,103,4,370.967741935484,-0.600000000000001,95,0
3391,2024-04-13,25.908,73.66,0,3.22222222222222,14,5.88888888888889,39.3,NA,NA,5.6,NA,802,"CO",2024,104,4,351.724137931034,1.2,95,0
3392,2024-04-14,24.892,68.58,0,-1.61111111111111,16.3888888888889,6.5,39.2,NA,NA,8.6,NA,802,"CO",2024,105,4,362.962962962963,-0.0999999999999943,95,0
3393,2024-04-15,23.368,63.5,0.508,0.777777777777777,11.5,1.27777777777778,39.8,NA,NA,10.9,NA,802,"CO",2024,106,4,368,0.599999999999994,95,0
3394,2024-04-16,21.844,63.5,0.508,-3.11111111111111,7.11111111111111,0.111111111111113,39.5,NA,NA,12.2,NA,802,"CO",2024,107,4,344,-0.299999999999997,95,0
3395,2024-04-17,22.86,66.04,0.254,-3.77777777777778,12.2222222222222,4.61111111111111,39.5,NA,NA,13.3,NA,802,"CO",2024,108,4,346.153846153846,0,95,0
3396,2024-04-18,21.336,60.96,0.254,0.222222222222221,10.1111111111111,2.88888888888889,40,NA,NA,14,NA,802,"CO",2024,109,4,350,0.5,95,0
3397,2024-04-19,20.32,58.42,0.762,0.277777777777778,9.77777777777778,1.38888888888889,40,NA,NA,15,NA,802,"CO",2024,110,4,347.826086956522,0,95,0
3398,2024-04-20,20.32,58.42,0.254,-1.38888888888889,5.11111111111111,0.777777777777777,40,NA,NA,16.5,NA,802,"CO",2024,111,4,347.826086956522,0,95,0
3399,2024-04-21,20.32,58.42,0.254,-2.61111111111111,11.6111111111111,4.11111111111111,40.1,NA,NA,17.6,NA,802,"CO",2024,112,4,347.826086956522,0.100000000000001,95,0
3400,2024-04-22,19.558,53.34,0,6.22222222222222,13.8888888888889,8,40.2,NA,NA,18.7,NA,802,"CO",2024,113,4,366.666666666667,0.100000000000001,95,0
3401,2024-04-23,17.018,48.26,0,0.222222222222221,12.7222222222222,5.11111111111111,40.3,NA,NA,19.5,NA,802,"CO",2024,114,4,352.631578947368,0.0999999999999943,95,0
3402,2024-04-24,15.748,43.18,0,4.77777777777778,16.3888888888889,7.11111111111111,40.3,NA,NA,20,NA,802,"CO",2024,115,4,364.705882352941,0,95,0
3403,2024-04-25,13.97,38.1,0,4.38888888888889,13.6111111111111,4.38888888888889,40.4,NA,NA,20.7,NA,802,"CO",2024,116,4,366.666666666667,0.100000000000001,95,0
3404,2024-04-26,12.7,35.56,0.762,-0.611111111111112,9.72222222222222,2,40.4,NA,NA,21.2,NA,802,"CO",2024,117,4,357.142857142857,0,95,0
3405,2024-04-27,12.446,38.1,0.762,-1.22222222222222,5.22222222222222,-0.277777777777778,40.4,NA,NA,21.7,NA,802,"CO",2024,118,4,326.666666666667,0,95,0
3406,2024-04-28,12.954,35.56,0.254,-2.38888888888889,4.72222222222222,-0.777777777777777,40.4,NA,NA,21.8,NA,802,"CO",2024,119,4,364.285714285714,0,95,0
3407,2024-04-29,13.208,38.1,0,-2.38888888888889,9,2.72222222222222,40.5,NA,NA,21.9,NA,802,"CO",2024,120,4,346.666666666667,0.100000000000001,95,0
3408,2024-04-30,12.446,35.56,0,4.11111111111111,11.7777777777778,3.77777777777778,40.5,NA,NA,22.2,NA,802,"CO",2024,121,4,350,0,95,0
3409,2024-05-01,11.176,30.48,0.254,-0.388888888888889,11,2.77777777777778,40.6,NA,NA,22.9,NA,802,"CO",2024,122,5,366.666666666667,0.100000000000001,95,0
3410,2024-05-02,9.906,27.94,0,-5.27777777777778,8.11111111111111,1.38888888888889,40.6,NA,NA,23.2,NA,802,"CO",2024,123,5,354.545454545455,0,95,0
3411,2024-05-03,8.382,22.86,0.254,3.22222222222222,12.7777777777778,3.22222222222222,40.6,NA,NA,23.5,NA,802,"CO",2024,124,5,366.666666666667,0,95,0
3412,2024-05-04,6.35,17.78,0,-5.22222222222222,15.3888888888889,4.22222222222222,40.7,NA,NA,24.2,NA,802,"CO",2024,125,5,357.142857142857,0.100000000000001,95,0
3413,2024-05-05,3.556,10.16,0,2.77777777777778,15.2222222222222,8.11111111111111,40.6,NA,NA,24.9,NA,802,"CO",2024,126,5,350,-0.100000000000001,95,0
3414,2024-05-06,1.016,2.54,0.762,6.38888888888889,6.5,-2.77777777777778,40.6,NA,NA,25.2,NA,802,"CO",2024,127,5,400,0,95,0
3415,2024-05-07,1.524,5.08,1.27,-3.38888888888889,-1.77777777777778,-3.77777777777778,40.7,NA,NA,24.6,NA,802,"CO",2024,128,5,300,0.100000000000001,95,0
3416,2024-05-08,3.048,15.24,0,-7.38888888888889,-0.222222222222221,-5.72222222222222,40.7,NA,NA,24.3,NA,802,"CO",2024,129,5,200,0,95,0
3417,2024-05-09,3.048,17.78,0,-8.22222222222222,6,-0.88888888888889,40.8,NA,NA,24.1,NA,802,"CO",2024,130,5,171.428571428571,0.0999999999999943,95,0
3418,2024-05-10,3.048,10.16,0,-0.722222222222223,9,3,40.6,NA,NA,24.2,NA,802,"CO",2024,131,5,300,-0.199999999999996,95,0
3419,2024-05-11,0.762,2.54,0,-0.388888888888889,11,4.61111111111111,40.7,NA,NA,25.5,NA,802,"CO",2024,132,5,300,0.100000000000001,95,0
3420,2024-05-12,0,0,0,0.777777777777777,11.5,3.61111111111111,40.6,NA,NA,25.4,NA,802,"CO",2024,133,5,NA,-0.100000000000001,95,0
3421,2024-05-13,0,0,0,-2.27777777777778,15.8888888888889,6.38888888888889,40.7,NA,NA,25.2,NA,802,"CO",2024,134,5,NA,0.100000000000001,95,0
3422,2024-05-14,0,0,0,1.5,14.1111111111111,5.22222222222222,40.6,NA,NA,25,NA,802,"CO",2024,135,5,NA,-0.100000000000001,95,0
3423,2024-05-15,0,0,0,0.722222222222221,12.1111111111111,4.77777777777778,40.6,NA,NA,24.9,NA,802,"CO",2024,136,5,NA,0,95,0
3424,2024-05-16,0,0,0,-1.77777777777778,16.1111111111111,6.72222222222222,40.6,NA,NA,24.7,NA,802,"CO",2024,137,5,NA,0,95,0
3425,2024-05-17,0,0,0,-0.777777777777777,16.6111111111111,8.61111111111111,40.6,NA,NA,24.4,NA,802,"CO",2024,138,5,NA,0,95,0
3426,2024-05-18,0,0,0,1.61111111111111,17.2777777777778,8.11111111111111,40.6,NA,NA,24.4,NA,802,"CO",2024,139,5,NA,0,95,0
3427,2024-05-19,0,0,0,2.11111111111111,14.8888888888889,6.22222222222222,40.6,NA,NA,24.2,NA,802,"CO",2024,140,5,NA,0,95,0
3428,2024-05-20,0,0,0.254,-1.77777777777778,17.7222222222222,8.77777777777778,40.5,NA,NA,24.2,NA,802,"CO",2024,141,5,NA,-0.100000000000001,95,0
3429,2024-05-21,0,0,0.508,2,3.38888888888889,-1.38888888888889,40.6,NA,NA,24,NA,802,"CO",2024,142,5,NA,0.100000000000001,95,0
3430,2024-05-22,0,0,0,-7.77777777777778,12.6111111111111,2.38888888888889,40.6,NA,NA,24.1,NA,802,"CO",2024,143,5,NA,0,95,0
3431,2024-05-23,0,0,0.254,0.222222222222221,15.2777777777778,5.11111111111111,40.6,NA,NA,24.3,NA,802,"CO",2024,144,5,NA,0,95,0
3432,2024-05-24,0,0,0,-5.38888888888889,12.2222222222222,2.11111111111111,40.6,NA,NA,24.2,NA,802,"CO",2024,145,5,NA,0,95,0
3433,2024-05-25,0,0,1.016,-0.611111111111112,14.8888888888889,5.72222222222222,40.6,NA,NA,24.3,NA,802,"CO",2024,146,5,NA,0,95,0
3434,2024-05-26,0,0,0,-0.222222222222221,9.77777777777778,3.72222222222222,40.6,NA,NA,24.2,NA,802,"CO",2024,147,5,NA,0,95,0
3435,2024-05-27,0,0,0,1.11111111111111,17.1111111111111,7.38888888888889,40.6,NA,NA,24.8,NA,802,"CO",2024,148,5,NA,0,95,0
3436,2024-05-28,0,0,0,-0.388888888888889,19,9.11111111111111,40.6,NA,NA,24.8,NA,802,"CO",2024,149,5,NA,0,95,0
3437,2024-05-29,0,0,0,8.11111111111111,20.2222222222222,10.6111111111111,40.6,NA,NA,24.7,NA,802,"CO",2024,150,5,NA,0,95,0
3438,2024-05-30,0,0,0,1.72222222222222,18.5,8.72222222222222,40.6,NA,NA,24.6,NA,802,"CO",2024,151,5,NA,0,95,0
3439,2024-05-31,0,0,0,1.27777777777778,17.7777777777778,7.88888888888889,40.6,NA,NA,24.4,NA,802,"CO",2024,152,5,NA,0,95,0
3440,2024-06-01,0,0,0,2.22222222222222,19.7777777777778,9.61111111111111,40.5,NA,NA,24.3,NA,802,"CO",2024,153,6,NA,-0.100000000000001,95,0
3441,2024-06-02,0,0,0,2.61111111111111,20.6111111111111,10.6111111111111,40.6,NA,NA,24,NA,802,"CO",2024,154,6,NA,0.100000000000001,95,0
3442,2024-06-03,0,0,0,1.72222222222222,20.3888888888889,11.7222222222222,40.6,NA,NA,23.9,NA,802,"CO",2024,155,6,NA,0,95,0
3443,2024-06-04,0,0,0,5.5,17.6111111111111,8.88888888888889,40.6,NA,NA,23.7,NA,802,"CO",2024,156,6,NA,0,95,0
3444,2024-06-05,0,0,0,2.38888888888889,21.6111111111111,11.6111111111111,40.5,NA,NA,23.5,NA,802,"CO",2024,157,6,NA,-0.100000000000001,95,0
3445,2024-06-06,0,0,0,4.88888888888889,24.3888888888889,14.2777777777778,40.6,NA,NA,23.3,NA,802,"CO",2024,158,6,NA,0.100000000000001,95,0
3446,2024-06-07,0,0,0.254,11.2222222222222,23.1111111111111,13.2222222222222,40.6,NA,NA,23.2,NA,802,"CO",2024,159,6,NA,0,95,0
3447,2024-06-08,0,0,0,5.11111111111111,23.2222222222222,11.6111111111111,40.6,NA,NA,23.1,NA,802,"CO",2024,160,6,NA,0,95,0
3448,2024-06-09,0,0,0.508,3.72222222222222,24.6111111111111,13.2222222222222,40.5,NA,NA,22.9,NA,802,"CO",2024,161,6,NA,-0.100000000000001,95,0
3449,2024-06-10,0,0,0,5.11111111111111,22.3888888888889,10.7222222222222,40.6,NA,NA,22.7,NA,802,"CO",2024,162,6,NA,0.100000000000001,95,0
3450,2024-06-11,0,0,0,3.38888888888889,22.6111111111111,12.2777777777778,40.5,NA,NA,22.4,NA,802,"CO",2024,163,6,NA,-0.100000000000001,95,0
3451,2024-06-12,0,0,0,5.22222222222222,24.5,14,40.6,NA,NA,22.4,NA,802,"CO",2024,164,6,NA,0.100000000000001,95,0
3452,2024-06-13,0,0,0,6.77777777777778,26.3888888888889,16.7777777777778,40.6,NA,NA,22.1,NA,802,"CO",2024,165,6,NA,0,95,0
3453,2024-06-14,0,0,0,14.2777777777778,17,12,40.6,NA,NA,21.9,NA,802,"CO",2024,166,6,NA,0,95,0
3454,2024-06-15,0,0,0,3,23.2222222222222,11.8888888888889,40.5,NA,NA,21.6,NA,802,"CO",2024,167,6,NA,-0.100000000000001,95,0
3455,2024-06-16,0,0,0,6.77777777777778,25.2777777777778,14.7222222222222,40.5,NA,NA,21.4,NA,802,"CO",2024,168,6,NA,0,95,0
3456,2024-06-17,0,0,0,3.88888888888889,25,15,40.5,NA,NA,21,NA,802,"CO",2024,169,6,NA,0,95,0
3457,2024-06-18,0,0,0,5.61111111111111,18.7222222222222,8.38888888888889,40.6,NA,NA,20.5,NA,802,"CO",2024,170,6,NA,0.100000000000001,95,0
3458,2024-06-19,0,0,0.254,7.77777777777778,17.2777777777778,10.7777777777778,40.5,NA,NA,20.2,NA,802,"CO",2024,171,6,NA,-0.100000000000001,95,0
3459,2024-06-20,0,0,0,9,22.6111111111111,12.7222222222222,40.5,NA,NA,19.9,NA,802,"CO",2024,172,6,NA,0,95,0
3460,2024-06-21,0,0,0.508,7.77777777777778,19,11.8888888888889,40.5,NA,NA,19.5,NA,802,"CO",2024,173,6,NA,0,95,0
3461,2024-06-22,0,0,0,3.27777777777778,21.7777777777778,9.77777777777778,40.5,NA,NA,19.1,NA,802,"CO",2024,174,6,NA,0,95,0
3462,2024-06-23,0,0,0,2.77777777777778,23.5,13.1111111111111,40.4,NA,NA,18.8,NA,802,"CO",2024,175,6,NA,-0.100000000000001,95,0
3463,2024-06-24,0,0,0,7.11111111111111,23,13.2777777777778,40.5,NA,NA,18.5,NA,802,"CO",2024,176,6,NA,0.100000000000001,95,0
3464,2024-06-25,0,0,0,3.88888888888889,26,14.7777777777778,40.5,NA,NA,18.1,NA,802,"CO",2024,177,6,NA,0,95,0
3465,2024-06-26,0,0,0,8.61111111111111,26.7777777777778,13.8888888888889,40.6,NA,NA,17.7,NA,802,"CO",2024,178,6,NA,0.100000000000001,95,0
3466,2024-06-27,0,0,0.762,6.11111111111111,22.2222222222222,11.6111111111111,40.5,NA,NA,17.3,NA,802,"CO",2024,179,6,NA,-0.100000000000001,95,0
3467,2024-06-28,0,0,0,4.72222222222222,21,13.3888888888889,40.4,NA,NA,17.1,NA,802,"CO",2024,180,6,NA,-0.100000000000001,95,0
3468,2024-06-29,0,0,0,9.38888888888889,25,16,40.6,NA,NA,16.8,NA,802,"CO",2024,181,6,NA,0.200000000000003,95,0
3469,2024-06-30,0,0,0.508,13.2222222222222,23.7777777777778,15.3888888888889,40.6,NA,NA,16.1,NA,802,"CO",2024,182,6,NA,0,95,0
3470,2024-07-01,0,0,1.016,11.7222222222222,20.3888888888889,12,40.6,NA,NA,15.8,NA,802,"CO",2024,183,7,NA,0,95,0
3471,2024-07-02,0,0,0,8.11111111111111,18.7222222222222,10.3888888888889,40.5,NA,NA,15.9,NA,802,"CO",2024,184,7,NA,-0.100000000000001,95,0
3472,2024-07-03,0,0,0,3.61111111111111,21.2777777777778,12.7222222222222,40.3,NA,NA,15.5,NA,802,"CO",2024,185,7,NA,-0.200000000000003,95,0
3473,2024-07-04,0,0,0,4.72222222222222,20.7777777777778,11,40.5,NA,NA,14.8,NA,802,"CO",2024,186,7,NA,0.200000000000003,95,0
3474,2024-07-05,0,0,0,2.22222222222222,18,9.22222222222222,40.2,NA,NA,14.2,NA,802,"CO",2024,187,7,NA,-0.299999999999997,95,0
3475,2024-07-06,0,0,0,0.722222222222221,22.2222222222222,12.7222222222222,40.1,NA,NA,13.8,NA,802,"CO",2024,188,7,NA,-0.100000000000001,95,0
3476,2024-07-07,0,0,0,5.72222222222222,20.8888888888889,11.7222222222222,40.5,NA,NA,12.9,NA,802,"CO",2024,189,7,NA,0.399999999999999,95,0
3477,2024-07-08,0,0,0,3.38888888888889,19.7222222222222,10.7222222222222,40.3,NA,NA,12.2,NA,802,"CO",2024,190,7,NA,-0.200000000000003,95,0
3478,2024-07-09,0,0,1.016,3.5,NA,NA,40.3,NA,NA,10.9,NA,802,"CO",2024,191,7,NA,0,95,0
3479,2024-07-10,0,0,0,1.77777777777778,22.7777777777778,12.5,25.9,NA,NA,8.6,NA,802,"CO",2024,192,7,NA,-14.4,95,0
3480,2024-07-11,0,0,0,4.11111111111111,24.2777777777778,14.3888888888889,25.6,NA,41,7.2,NA,802,"CO",2024,193,7,NA,-0.299999999999997,95,0
3481,2024-07-12,0,0,0,6.61111111111111,26.1111111111111,16,25.8,NA,NA,5.4,NA,802,"CO",2024,194,7,NA,0.199999999999999,95,0
3482,2024-07-13,0,0,0,8.22222222222222,26.2777777777778,16.5,25.8,NA,NA,3.6,NA,802,"CO",2024,195,7,NA,0,95,0
3483,2024-07-14,0,0,0,9,25.1111111111111,16,25.9,NA,NA,2.6,NA,802,"CO",2024,196,7,NA,0.0999999999999979,95,0
3484,2024-07-15,0,0,0.254,12.2222222222222,24.3888888888889,13.7222222222222,25.9,NA,NA,2.3,NA,802,"CO",2024,197,7,NA,0,95,0
3485,2024-07-16,0,0,0.254,6.77777777777778,21.3888888888889,11.5,25.9,NA,29.9,2,NA,802,"CO",2024,198,7,NA,0,95,0
3486,2024-07-17,0,0,0,3.77777777777778,22,13.7777777777778,25.9,NA,29.9,1.9,NA,802,"CO",2024,199,7,NA,0,95,0
3487,2024-07-18,0,0,0,12.1111111111111,22,13,25.9,NA,29.7,1.7,NA,802,"CO",2024,200,7,NA,0,95,0
3488,2024-07-19,0,0,0,6.22222222222222,21.7222222222222,11.8888888888889,25.9,NA,29.9,1.7,NA,802,"CO",2024,201,7,NA,0,95,0
3489,2024-07-20,0,0,0,4.77777777777778,21.7222222222222,13,25.9,NA,28.6,1.5,NA,802,"CO",2024,202,7,NA,0,95,0
3490,2024-07-21,0,0,0,11,19.8888888888889,12.7777777777778,25.9,NA,NA,1.3,NA,802,"CO",2024,203,7,NA,0,95,0
3491,2024-07-22,0,0,0,3.77777777777778,20.5,11.1111111111111,25.9,NA,NA,1.1,NA,802,"CO",2024,204,7,NA,0,95,0
3492,2024-07-23,0,0,0,3.22222222222222,22.3888888888889,12.7222222222222,25.8,NA,NA,0.7,NA,802,"CO",2024,205,7,NA,-0.0999999999999979,95,0
3493,2024-07-24,0,0,0,5.88888888888889,25,14.3888888888889,25.8,NA,NA,0.5,NA,802,"CO",2024,206,7,NA,0,95,0
3494,2024-07-25,0,0,0,13.7222222222222,26.5,16.8888888888889,25.8,NA,29.1,0.3,NA,802,"CO",2024,207,7,NA,0,95,0
3495,2024-07-26,0,0,0.254,11.5,21.2777777777778,14.2222222222222,25.9,NA,27.8,0.2,NA,802,"CO",2024,208,7,NA,0.0999999999999979,95,0
3496,2024-07-27,0,0,0,8.72222222222222,23.2222222222222,14.5,25.7,NA,27.6,0.1,NA,802,"CO",2024,209,7,NA,-0.199999999999999,95,0
3497,2024-07-28,0,0,0,7.77777777777778,22.8888888888889,13.8888888888889,25.8,NA,NA,0.3,NA,802,"CO",2024,210,7,NA,0.100000000000001,95,0
3498,2024-07-29,0,0,0,6.72222222222222,25.6111111111111,15,25.7,NA,21.2,NA,NA,802,"CO",2024,211,7,NA,-0.100000000000001,95,0
3499,2024-07-30,0,0,0,5.11111111111111,25.2777777777778,14.6111111111111,25.7,NA,17.7,NA,NA,802,"CO",2024,212,7,NA,0,95,0
3500,2024-07-31,0,0,0,5.38888888888889,25.1111111111111,14.7777777777778,25.8,NA,13.7,NA,NA,802,"CO",2024,213,7,NA,0.100000000000001,95,0
3501,2024-08-01,0,0,0,5.61111111111111,26.7777777777778,16.5,25.9,NA,NA,NA,NA,802,"CO",2024,214,8,NA,0.0999999999999979,95,0
